,ACGL
2015-01-02,19.49666786193848
2015-01-05,19.3799991607666
2015-01-06,19.42333221435547
2015-01-07,19.536666870117188
2015-01-08,19.87666702270508
2015-01-09,19.703332901000977
2015-01-12,19.6433334350586
2015-01-13,19.71999931335449
2015-01-14,19.63333320617676
2015-01-15,19.706666946411133
2015-01-16,19.75
2015-01-20,19.58333206176757
2015-01-21,19.64999961853028
2015-01-22,19.88999938964844
2015-01-23,19.803333282470703
2015-01-26,19.90999984741211
2015-01-27,19.953332901000977
2015-01-28,19.753332138061523
2015-01-29,19.683332443237305
2015-01-30,19.32333374023437
2015-02-02,19.6200008392334
2015-02-03,19.8700008392334
2015-02-04,19.950000762939453
2015-02-05,20.15333366394043
2015-02-06,20.003332138061523
2015-02-09,19.92333221435547
2015-02-10,20.11000061035156
2015-02-11,20.08333206176757
2015-02-12,19.86333274841309
2015-02-13,19.983333587646484
2015-02-17,19.773332595825195
2015-02-18,20.01666641235352
2015-02-19,20.053333282470703
2015-02-20,20.01333236694336
2015-02-23,19.850000381469727
2015-02-24,19.809999465942383
2015-02-25,19.62333297729492
2015-02-26,19.63333320617676
2015-02-27,19.71999931335449
2015-03-02,19.8799991607666
2015-03-03,19.82666778564453
2015-03-04,19.78333282470703
2015-03-05,19.96999931335449
2015-03-06,19.956666946411133
2015-03-09,20.170000076293945
2015-03-10,19.933332443237305
2015-03-11,20.253332138061523
2015-03-12,20.483333587646484
2015-03-13,20.51333236694336
2015-03-16,20.696666717529297
2015-03-17,20.696666717529297
2015-03-18,20.906667709350582
2015-03-19,20.65999984741211
2015-03-20,20.89666748046875
2015-03-23,20.88666725158692
2015-03-24,20.8700008392334
2015-03-25,20.690000534057617
2015-03-26,20.64666748046875
2015-03-27,20.61333274841309
2015-03-30,20.8933334350586
2015-03-31,20.53333282470703
2015-04-01,20.606666564941406
2015-04-02,20.63666725158692
2015-04-06,20.683332443237305
2015-04-07,20.59000015258789
2015-04-08,20.68666648864746
2015-04-09,20.799999237060547
2015-04-10,20.976667404174805
2015-04-13,20.946666717529297
2015-04-14,20.976667404174805
2015-04-15,20.84333229064941
2015-04-16,20.793333053588867
2015-04-17,20.53333282470703
2015-04-20,20.68000030517578
2015-04-21,20.50666618347168
2015-04-22,20.43000030517578
2015-04-23,20.42333221435547
2015-04-24,20.413333892822266
2015-04-27,20.25
2015-04-28,20.34333229064941
2015-04-29,20.24666786193848
2015-04-30,20.226667404174805
2015-05-01,20.39666748046875
2015-05-04,20.543333053588867
2015-05-05,20.48666763305664
2015-05-06,20.56999969482422
2015-05-07,20.81333351135254
2015-05-08,20.88999938964844
2015-05-11,20.959999084472656
2015-05-12,20.83666610717773
2015-05-13,20.83666610717773
2015-05-14,21.14999961853028
2015-05-15,21.03333282470703
2015-05-18,21.406667709350582
2015-05-19,21.59666633605957
2015-05-20,21.59333229064941
2015-05-21,21.65333366394043
2015-05-22,21.49666786193848
2015-05-26,21.36000061035156
2015-05-27,21.34333229064941
2015-05-28,21.406667709350582
2015-05-29,21.296667098999023
2015-06-01,21.35333251953125
2015-06-02,21.536666870117188
2015-06-03,21.739999771118164
2015-06-04,21.40333366394043
2015-06-05,21.40999984741211
2015-06-08,21.24666786193848
2015-06-09,21.32666778564453
2015-06-10,21.61666679382324
2015-06-11,21.88333320617676
2015-06-12,21.88333320617676
2015-06-15,21.82999992370605
2015-06-16,22.203332901000977
2015-06-17,22.09666633605957
2015-06-18,22.34666633605957
2015-06-19,22.239999771118164
2015-06-22,22.38666725158692
2015-06-23,22.43666648864746
2015-06-24,22.32666778564453
2015-06-25,22.32999992370605
2015-06-26,22.483333587646484
2015-06-29,22.1299991607666
2015-06-30,22.31999969482422
2015-07-01,22.8700008392334
2015-07-02,22.793333053588867
2015-07-06,23.100000381469727
2015-07-07,23.170000076293945
2015-07-08,23.0
2015-07-09,22.87333297729492
2015-07-10,23.13333320617676
2015-07-13,22.97333335876465
2015-07-14,23.01666641235352
2015-07-15,23.003332138061523
2015-07-16,23.1299991607666
2015-07-17,23.100000381469727
2015-07-20,23.203332901000977
2015-07-21,23.26666641235352
2015-07-22,23.520000457763672
2015-07-23,23.36000061035156
2015-07-24,23.42333221435547
2015-07-27,23.36333274841309
2015-07-28,23.280000686645508
2015-07-29,23.426666259765625
2015-07-30,24.020000457763672
2015-07-31,23.786666870117188
2015-08-03,24.020000457763672
2015-08-04,24.0
2015-08-05,24.06999969482422
2015-08-06,23.920000076293945
2015-08-07,24.040000915527344
2015-08-10,24.253332138061523
2015-08-11,24.27666664123535
2015-08-12,24.106666564941406
2015-08-13,24.296667098999023
2015-08-14,24.479999542236328
2015-08-17,24.606666564941406
2015-08-18,24.6299991607666
2015-08-19,24.46999931335449
2015-08-20,24.01666641235352
2015-08-21,23.503332138061523
2015-08-24,22.3933334350586
2015-08-25,22.24333381652832
2015-08-26,22.40999984741211
2015-08-27,22.663333892822266
2015-08-28,22.72333335876465
2015-08-31,22.76000022888184
2015-09-01,22.52666664123535
2015-09-02,22.84666633605957
2015-09-03,22.979999542236328
2015-09-04,22.77666664123535
2015-09-08,23.21666717529297
2015-09-09,23.09666633605957
2015-09-10,23.196666717529297
2015-09-11,23.24666786193848
2015-09-14,23.273332595825195
2015-09-15,23.406667709350582
2015-09-16,23.46999931335449
2015-09-17,23.46999931335449
2015-09-18,22.913333892822266
2015-09-21,23.286666870117188
2015-09-22,23.196666717529297
2015-09-23,23.239999771118164
2015-09-24,23.75
2015-09-25,24.13999938964844
2015-09-28,24.18000030517578
2015-09-29,24.416667938232425
2015-09-30,24.489999771118164
2015-10-01,24.46333312988281
2015-10-02,24.780000686645508
2015-10-05,24.99333381652832
2015-10-06,24.83333206176757
2015-10-07,25.290000915527344
2015-10-08,25.440000534057617
2015-10-09,25.209999084472656
2015-10-12,25.3799991607666
2015-10-13,25.43666648864746
2015-10-14,25.203332901000977
2015-10-15,25.58666610717773
2015-10-16,25.74666786193848
2015-10-19,25.82666778564453
2015-10-20,25.8700008392334
2015-10-21,25.78333282470703
2015-10-22,25.88333320617676
2015-10-23,25.83666610717773
2015-10-26,25.86333274841309
2015-10-27,25.82666778564453
2015-10-28,25.88333320617676
2015-10-29,25.88333320617676
2015-10-30,24.96333312988281
2015-11-02,25.0
2015-11-03,24.8700008392334
2015-11-04,24.803333282470703
2015-11-05,24.84333229064941
2015-11-06,24.84333229064941
2015-11-09,24.700000762939453
2015-11-10,24.81999969482422
2015-11-11,24.76333236694336
2015-11-12,24.553333282470703
2015-11-13,24.453332901000977
2015-11-16,24.553333282470703
2015-11-17,24.43000030517578
2015-11-18,24.6299991607666
2015-11-19,24.690000534057617
2015-11-20,24.68666648864746
2015-11-23,24.6433334350586
2015-11-24,24.53333282470703
2015-11-25,24.21666717529297
2015-11-27,24.30666732788086
2015-11-30,24.156667709350582
2015-12-01,24.39999961853028
2015-12-02,24.27666664123535
2015-12-03,24.11000061035156
2015-12-04,24.540000915527344
2015-12-07,24.33666610717773
2015-12-08,24.229999542236328
2015-12-09,23.75
2015-12-10,23.50666618347168
2015-12-11,23.31333351135254
2015-12-14,23.27666664123535
2015-12-15,23.21999931335449
2015-12-16,23.38333320617676
2015-12-17,23.309999465942383
2015-12-18,23.36000061035156
2015-12-21,23.226667404174805
2015-12-22,23.38999938964844
2015-12-23,23.46333312988281
2015-12-24,23.520000457763672
2015-12-28,23.64666748046875
2015-12-29,23.74666786193848
2015-12-30,23.546667098999023
2015-12-31,23.25
2016-01-04,22.950000762939453
2016-01-05,23.03333282470703
2016-01-06,23.06999969482422
2016-01-07,23.046667098999023
2016-01-08,22.80666732788086
2016-01-11,22.76000022888184
2016-01-12,22.543333053588867
2016-01-13,22.299999237060547
2016-01-14,22.299999237060547
2016-01-15,22.15999984741211
2016-01-19,22.25
2016-01-20,21.6299991607666
2016-01-21,21.663333892822266
2016-01-22,21.770000457763672
2016-01-25,22.01333236694336
2016-01-26,22.08333206176757
2016-01-27,21.96333312988281
2016-01-28,22.200000762939453
2016-01-29,22.51666641235352
2016-02-01,22.666667938232425
2016-02-02,22.196666717529297
2016-02-03,22.196666717529297
2016-02-04,21.98666763305664
2016-02-05,21.979999542236328
2016-02-08,22.546667098999023
2016-02-09,22.62333297729492
2016-02-10,22.959999084472656
2016-02-11,22.239999771118164
2016-02-12,22.799999237060547
2016-02-16,22.8700008392334
2016-02-17,22.729999542236328
2016-02-18,22.793333053588867
2016-02-19,22.87666702270508
2016-02-22,22.906667709350582
2016-02-23,22.71999931335449
2016-02-24,22.93000030517578
2016-02-25,23.02666664123535
2016-02-26,22.733333587646484
2016-02-29,22.64666748046875
2016-03-01,22.8933334350586
2016-03-02,23.049999237060547
2016-03-03,23.14666748046875
2016-03-04,23.1299991607666
2016-03-07,22.920000076293945
2016-03-08,22.959999084472656
2016-03-09,22.933332443237305
2016-03-10,22.956666946411133
2016-03-11,23.37666702270508
2016-03-14,23.31333351135254
2016-03-15,23.303333282470703
2016-03-16,23.200000762939453
2016-03-17,23.36000061035156
2016-03-18,23.38999938964844
2016-03-21,23.48666763305664
2016-03-22,23.5
2016-03-23,23.503332138061523
2016-03-24,23.106666564941406
2016-03-28,23.39999961853028
2016-03-29,23.53333282470703
2016-03-30,23.82333374023437
2016-03-31,23.700000762939453
2016-04-01,24.049999237060547
2016-04-04,24.0
2016-04-05,23.543333053588867
2016-04-06,23.286666870117188
2016-04-07,23.293333053588867
2016-04-08,23.25
2016-04-11,23.166667938232425
2016-04-12,23.36666679382324
2016-04-13,23.46999931335449
2016-04-14,23.479999542236328
2016-04-15,23.76666641235352
2016-04-18,23.81333351135254
2016-04-19,23.71666717529297
2016-04-20,23.663333892822266
2016-04-21,23.12333297729492
2016-04-22,23.60333251953125
2016-04-25,23.690000534057617
2016-04-26,23.76666641235352
2016-04-27,23.799999237060547
2016-04-28,23.55666732788086
2016-04-29,23.49666786193848
2016-05-02,23.729999542236328
2016-05-03,23.600000381469727
2016-05-04,23.523332595825195
2016-05-05,23.56999969482422
2016-05-06,23.44333267211914
2016-05-09,23.46666717529297
2016-05-10,23.84666633605957
2016-05-11,23.97333335876465
2016-05-12,23.89999961853028
2016-05-13,23.89999961853028
2016-05-16,24.020000457763672
2016-05-17,23.6433334350586
2016-05-18,23.8799991607666
2016-05-19,23.729999542236328
2016-05-20,23.753332138061523
2016-05-23,23.57666778564453
2016-05-24,23.93666648864746
2016-05-25,23.89999961853028
2016-05-26,23.956666946411133
2016-05-27,24.053333282470703
2016-05-31,24.21999931335449
2016-06-01,24.170000076293945
2016-06-02,24.22333335876465
2016-06-03,24.046667098999023
2016-06-06,23.89666748046875
2016-06-07,23.84333229064941
2016-06-08,24.036666870117188
2016-06-09,23.953332901000977
2016-06-10,23.83333206176757
2016-06-13,23.416667938232425
2016-06-14,23.209999084472656
2016-06-15,22.940000534057617
2016-06-16,23.18666648864746
2016-06-17,22.99666786193848
2016-06-20,23.18666648864746
2016-06-21,23.28333282470703
2016-06-22,23.32666778564453
2016-06-23,23.6200008392334
2016-06-24,23.003332138061523
2016-06-27,22.51333236694336
2016-06-28,22.916667938232425
2016-06-29,23.299999237060547
2016-06-30,24.0
2016-07-01,23.84000015258789
2016-07-05,23.63333320617676
2016-07-06,23.58333206176757
2016-07-07,23.530000686645508
2016-07-08,23.59000015258789
2016-07-11,23.58333206176757
2016-07-12,23.489999771118164
2016-07-13,23.476667404174805
2016-07-14,23.416667938232425
2016-07-15,23.32333374023437
2016-07-18,23.13666725158692
2016-07-19,23.06333351135254
2016-07-20,23.049999237060547
2016-07-21,23.12333297729492
2016-07-22,23.46666717529297
2016-07-25,23.40999984741211
2016-07-26,23.22333335876465
2016-07-27,23.14999961853028
2016-07-28,24.09333229064941
2016-07-29,24.209999084472656
2016-08-01,24.3700008392334
2016-08-02,24.60333251953125
2016-08-03,24.62333297729492
2016-08-04,24.69333267211914
2016-08-05,24.81666755676269
2016-08-08,24.796667098999023
2016-08-09,24.956666946411133
2016-08-10,25.053333282470703
2016-08-11,25.036666870117188
2016-08-12,24.93000030517578
2016-08-15,25.696666717529297
2016-08-16,26.76000022888184
2016-08-17,26.61333274841309
2016-08-18,26.683332443237305
2016-08-19,26.51666641235352
2016-08-22,26.48666763305664
2016-08-23,26.3799991607666
2016-08-24,26.453332901000977
2016-08-25,26.49333381652832
2016-08-26,26.420000076293945
2016-08-29,26.5
2016-08-30,26.790000915527344
2016-08-31,26.979999542236328
2016-09-01,27.13666725158692
2016-09-02,27.25
2016-09-06,27.58666610717773
2016-09-07,27.71666717529297
2016-09-08,27.43666648864746
2016-09-09,26.86000061035156
2016-09-12,27.11333274841309
2016-09-13,27.030000686645508
2016-09-14,26.88333320617676
2016-09-15,26.913333892822266
2016-09-16,26.64999961853028
2016-09-19,26.82333374023437
2016-09-20,26.99333381652832
2016-09-21,27.18666648864746
2016-09-22,27.229999542236328
2016-09-23,26.76333236694336
2016-09-26,26.48666763305664
2016-09-27,26.753332138061523
2016-09-28,26.84666633605957
2016-09-29,26.59333229064941
2016-09-30,26.420000076293945
2016-10-03,26.30666732788086
2016-10-04,26.479999542236328
2016-10-05,25.76666641235352
2016-10-06,25.68000030517578
2016-10-07,26.406667709350582
2016-10-10,26.163333892822266
2016-10-11,25.83666610717773
2016-10-12,26.21333312988281
2016-10-13,26.34666633605957
2016-10-14,26.63999938964844
2016-10-17,26.64666748046875
2016-10-18,26.433332443237305
2016-10-19,26.28333282470703
2016-10-20,26.030000686645508
2016-10-21,25.87333297729492
2016-10-24,25.933332443237305
2016-10-25,25.946666717529297
2016-10-26,26.299999237060547
2016-10-27,25.676666259765625
2016-10-28,25.82333374023437
2016-10-31,25.989999771118164
2016-11-01,25.683332443237305
2016-11-02,25.76666641235352
2016-11-03,25.94333267211914
2016-11-04,25.726667404174805
2016-11-07,26.170000076293945
2016-11-08,26.273332595825195
2016-11-09,26.406667709350582
2016-11-10,26.670000076293945
2016-11-11,27.040000915527344
2016-11-14,27.12666702270508
2016-11-15,27.03333282470703
2016-11-16,26.799999237060547
2016-11-17,26.86666679382324
2016-11-18,26.950000762939453
2016-11-21,26.96333312988281
2016-11-22,26.98666763305664
2016-11-23,27.203332901000977
2016-11-25,27.3799991607666
2016-11-28,27.206666946411133
2016-11-29,27.46333312988281
2016-11-30,27.57333374023437
2016-12-01,27.76666641235352
2016-12-02,27.696666717529297
2016-12-05,27.983333587646484
2016-12-06,28.14666748046875
2016-12-07,28.293333053588867
2016-12-08,28.75
2016-12-09,28.729999542236328
2016-12-12,29.303333282470703
2016-12-13,29.12666702270508
2016-12-14,28.81666755676269
2016-12-15,28.87666702270508
2016-12-16,28.94333267211914
2016-12-19,29.03333282470703
2016-12-20,29.043333053588867
2016-12-21,29.030000686645508
2016-12-22,29.030000686645508
2016-12-23,29.08333206176757
2016-12-27,28.89999961853028
2016-12-28,28.666667938232425
2016-12-29,28.696666717529297
2016-12-30,28.76333236694336
2017-01-03,28.6299991607666
2017-01-04,28.83333206176757
2017-01-05,28.540000915527344
2017-01-06,28.82333374023437
2017-01-09,28.406667709350582
2017-01-10,28.770000457763672
2017-01-11,28.786666870117188
2017-01-12,29.049999237060547
2017-01-13,29.00666618347168
2017-01-17,28.916667938232425
2017-01-18,29.356666564941406
2017-01-19,29.226667404174805
2017-01-20,29.163333892822266
2017-01-23,29.226667404174805
2017-01-24,29.3799991607666
2017-01-25,29.559999465942383
2017-01-26,29.666667938232425
2017-01-27,29.656667709350582
2017-01-30,29.47333335876465
2017-01-31,29.450000762939453
2017-02-01,29.683332443237305
2017-02-02,29.979999542236328
2017-02-03,30.21333312988281
2017-02-06,30.38666725158692
2017-02-07,30.433332443237305
2017-02-08,30.670000076293945
2017-02-09,30.953332901000977
2017-02-10,30.99666786193848
2017-02-13,31.06999969482422
2017-02-14,31.0
2017-02-15,31.030000686645508
2017-02-16,31.34666633605957
2017-02-17,31.34000015258789
2017-02-21,31.21666717529297
2017-02-22,31.38999938964844
2017-02-23,31.520000457763672
2017-02-24,31.51333236694336
2017-02-27,31.36666679382324
2017-02-28,31.523332595825195
2017-03-01,31.90999984741211
2017-03-02,31.53333282470703
2017-03-03,31.553333282470703
2017-03-06,31.36000061035156
2017-03-07,31.32666778564453
2017-03-08,31.31333351135254
2017-03-09,31.39999961853028
2017-03-10,31.696666717529297
2017-03-13,31.76333236694336
2017-03-14,31.69333267211914
2017-03-15,31.8799991607666
2017-03-16,31.83333206176757
2017-03-17,31.86666679382324
2017-03-20,31.733333587646484
2017-03-21,31.203332901000977
2017-03-22,31.209999084472656
2017-03-23,31.22333335876465
2017-03-24,31.06999969482422
2017-03-27,31.09666633605957
2017-03-28,31.40999984741211
2017-03-29,31.476667404174805
2017-03-30,31.76333236694336
2017-03-31,31.59000015258789
2017-04-03,31.39666748046875
2017-04-04,31.88666725158692
2017-04-05,31.58666610717773
2017-04-06,31.459999084472656
2017-04-07,31.25666618347168
2017-04-10,31.416667938232425
2017-04-11,31.57666778564453
2017-04-12,31.30666732788086
2017-04-13,31.023332595825195
2017-04-17,31.57666778564453
2017-04-18,31.57666778564453
2017-04-19,31.71666717529297
2017-04-20,31.709999084472656
2017-04-21,31.663333892822266
2017-04-24,31.87333297729492
2017-04-25,32.16999816894531
2017-04-26,32.50333404541016
2017-04-27,32.606666564941406
2017-04-28,32.323333740234375
2017-05-01,32.33000183105469
2017-05-02,32.163333892822266
2017-05-03,32.206668853759766
2017-05-04,32.39666748046875
2017-05-05,32.40666580200195
2017-05-08,32.086666107177734
2017-05-09,31.790000915527344
2017-05-10,31.82333374023437
2017-05-11,31.773332595825195
2017-05-12,31.729999542236328
2017-05-15,31.8933334350586
2017-05-16,31.76666641235352
2017-05-17,31.476667404174805
2017-05-18,31.753332138061523
2017-05-19,31.59333229064941
2017-05-22,31.503332138061523
2017-05-23,31.59666633605957
2017-05-24,31.68666648864746
2017-05-25,31.68000030517578
2017-05-26,31.850000381469727
2017-05-30,31.65999984741211
2017-05-31,32.41666793823242
2017-06-01,32.74333190917969
2017-06-02,32.93000030517578
2017-06-05,32.776668548583984
2017-06-06,32.380001068115234
2017-06-07,31.68000030517578
2017-06-08,31.58666610717773
2017-06-09,30.933332443237305
2017-06-12,31.15333366394043
2017-06-13,31.303333282470703
2017-06-14,31.416667938232425
2017-06-15,31.43666648864746
2017-06-16,31.476667404174805
2017-06-19,31.56666755676269
2017-06-20,31.50666618347168
2017-06-21,31.440000534057617
2017-06-22,31.01333236694336
2017-06-23,30.979999542236328
2017-06-26,30.96666717529297
2017-06-27,30.99333381652832
2017-06-28,31.446666717529297
2017-06-29,31.38999938964844
2017-06-30,31.09666633605957
2017-07-03,31.559999465942383
2017-07-05,31.73666763305664
2017-07-06,31.40333366394043
2017-07-07,31.74333381652832
2017-07-10,31.82333374023437
2017-07-11,31.933332443237305
2017-07-12,32.05666732788086
2017-07-13,32.099998474121094
2017-07-14,32.0533332824707
2017-07-17,32.18000030517578
2017-07-18,32.26333236694336
2017-07-19,32.483333587646484
2017-07-20,32.663333892822266
2017-07-21,32.83333206176758
2017-07-24,32.83000183105469
2017-07-25,33.040000915527344
2017-07-26,33.0099983215332
2017-07-27,31.536666870117188
2017-07-28,31.96999931335449
2017-07-31,32.41999816894531
2017-08-01,32.529998779296875
2017-08-02,32.62666702270508
2017-08-03,32.56666564941406
2017-08-04,32.68333435058594
2017-08-07,32.42333221435547
2017-08-08,32.41999816894531
2017-08-09,32.313331604003906
2017-08-10,32.176666259765625
2017-08-11,32.04666519165039
2017-08-14,32.220001220703125
2017-08-15,32.30666732788086
2017-08-16,32.220001220703125
2017-08-17,32.12666702270508
2017-08-18,32.05666732788086
2017-08-21,32.143333435058594
2017-08-22,32.336666107177734
2017-08-23,32.33333206176758
2017-08-24,32.233333587646484
2017-08-25,32.470001220703125
2017-08-28,32.119998931884766
2017-08-29,32.133331298828125
2017-08-30,32.21666717529297
2017-08-31,32.4466667175293
2017-09-01,32.54666519165039
2017-09-05,31.71333312988281
2017-09-06,31.57666778564453
2017-09-07,30.51000022888184
2017-09-08,31.440000534057617
2017-09-11,32.3033332824707
2017-09-12,32.563331604003906
2017-09-13,32.663333892822266
2017-09-14,32.15999984741211
2017-09-15,32.13666534423828
2017-09-18,32.290000915527344
2017-09-19,32.130001068115234
2017-09-20,32.209999084472656
2017-09-21,32.6966667175293
2017-09-22,32.70000076293945
2017-09-25,32.68000030517578
2017-09-26,32.709999084472656
2017-09-27,32.90999984741211
2017-09-28,32.98666763305664
2017-09-29,32.83333206176758
2017-10-02,33.32666778564453
2017-10-03,33.36000061035156
2017-10-04,33.22999954223633
2017-10-05,33.43333435058594
2017-10-06,33.313331604003906
2017-10-09,33.16999816894531
2017-10-10,33.04999923706055
2017-10-11,32.86333465576172
2017-10-12,32.849998474121094
2017-10-13,32.779998779296875
2017-10-16,32.973331451416016
2017-10-17,33.1966667175293
2017-10-18,33.43333435058594
2017-10-19,33.720001220703125
2017-10-20,34.04999923706055
2017-10-23,34.12666702270508
2017-10-24,33.97666549682617
2017-10-25,34.03666687011719
2017-10-26,33.53666687011719
2017-10-27,33.23666763305664
2017-10-30,33.276668548583984
2017-10-31,33.21333312988281
2017-11-01,32.616668701171875
2017-11-02,31.793333053588867
2017-11-03,31.5
2017-11-06,31.850000381469727
2017-11-07,31.86666679382324
2017-11-08,31.81666755676269
2017-11-09,31.96999931335449
2017-11-10,31.78333282470703
2017-11-13,31.89999961853028
2017-11-14,31.85333251953125
2017-11-15,32.1533317565918
2017-11-16,31.89666748046875
2017-11-17,31.98666763305664
2017-11-20,31.933332443237305
2017-11-21,32.336666107177734
2017-11-22,31.86666679382324
2017-11-24,31.88666725158692
2017-11-27,32.09333419799805
2017-11-28,32.22666549682617
2017-11-29,32.07666778564453
2017-11-30,31.56333351135254
2017-12-01,31.6200008392334
2017-12-04,31.209999084472656
2017-12-05,30.90333366394043
2017-12-06,30.953332901000977
2017-12-07,30.61666679382324
2017-12-08,30.670000076293945
2017-12-11,30.856666564941406
2017-12-12,30.75
2017-12-13,30.166667938232425
2017-12-14,29.933332443237305
2017-12-15,30.670000076293945
2017-12-18,30.456666946411133
2017-12-19,30.17333221435547
2017-12-20,29.850000381469727
2017-12-21,29.83333206176757
2017-12-22,29.90333366394043
2017-12-26,30.09000015258789
2017-12-27,30.15999984741211
2017-12-28,30.28333282470703
2017-12-29,30.25666618347168
2018-01-02,29.433332443237305
2018-01-03,29.459999084472656
2018-01-04,29.56999969482422
2018-01-05,29.453332901000977
2018-01-08,29.456666946411133
2018-01-09,29.07666778564453
2018-01-10,28.916667938232425
2018-01-11,29.62333297729492
2018-01-12,30.229999542236328
2018-01-16,30.459999084472656
2018-01-17,30.32999992370605
2018-01-18,29.97333335876465
2018-01-19,30.38333320617676
2018-01-22,30.916667938232425
2018-01-23,31.12666702270508
2018-01-24,31.13666725158692
2018-01-25,30.790000915527344
2018-01-26,30.700000762939453
2018-01-29,30.433332443237305
2018-01-30,30.28333282470703
2018-01-31,30.31333351135254
2018-02-01,30.413333892822266
2018-02-02,30.31666755676269
2018-02-05,29.200000762939453
2018-02-06,28.950000762939453
2018-02-07,29.32666778564453
2018-02-08,28.670000076293945
2018-02-09,28.959999084472656
2018-02-12,28.96999931335449
2018-02-13,29.13999938964844
2018-02-14,30.01333236694336
2018-02-15,29.950000762939453
2018-02-16,29.953332901000977
2018-02-20,29.56999969482422
2018-02-21,29.606666564941406
2018-02-22,29.31333351135254
2018-02-23,29.32666778564453
2018-02-26,29.530000686645508
2018-02-27,29.68000030517578
2018-02-28,29.413333892822266
2018-03-01,28.75
2018-03-02,28.71333312988281
2018-03-05,29.71333312988281
2018-03-06,30.01666641235352
2018-03-07,29.88666725158692
2018-03-08,29.57333374023437
2018-03-09,29.356666564941406
2018-03-12,28.38333320617676
2018-03-13,28.476667404174805
2018-03-14,28.13666725158692
2018-03-15,28.09000015258789
2018-03-16,28.34666633605957
2018-03-19,28.46666717529297
2018-03-20,28.64666748046875
2018-03-21,28.606666564941406
2018-03-22,28.1200008392334
2018-03-23,27.803333282470703
2018-03-26,28.09666633605957
2018-03-27,28.156667709350582
2018-03-28,28.600000381469727
2018-03-29,28.530000686645508
2018-04-02,28.39999961853028
2018-04-03,28.666667938232425
2018-04-04,28.84000015258789
2018-04-05,28.799999237060547
2018-04-06,28.46999931335449
2018-04-09,26.790000915527344
2018-04-10,26.25666618347168
2018-04-11,26.59666633605957
2018-04-12,26.983333587646484
2018-04-13,26.97333335876465
2018-04-16,27.3799991607666
2018-04-17,27.229999542236328
2018-04-18,26.82999992370605
2018-04-19,26.86000061035156
2018-04-20,27.01666641235352
2018-04-23,27.040000915527344
2018-04-24,26.953332901000977
2018-04-25,26.87333297729492
2018-04-26,27.11000061035156
2018-04-27,27.226667404174805
2018-04-30,26.709999084472656
2018-05-01,26.87666702270508
2018-05-02,26.309999465942383
2018-05-03,25.983333587646484
2018-05-04,26.27666664123535
2018-05-07,26.37666702270508
2018-05-08,26.663333892822266
2018-05-09,26.459999084472656
2018-05-10,26.523332595825195
2018-05-11,26.549999237060547
2018-05-14,26.38999938964844
2018-05-15,26.046667098999023
2018-05-16,26.253332138061523
2018-05-17,26.273332595825195
2018-05-18,26.22333335876465
2018-05-21,26.53333282470703
2018-05-22,26.549999237060547
2018-05-23,26.24666786193848
2018-05-24,26.19333267211914
2018-05-25,26.33666610717773
2018-05-29,26.0
2018-05-30,26.36333274841309
2018-05-31,26.14999961853028
2018-06-01,26.61000061035156
2018-06-04,26.89999961853028
2018-06-05,27.02666664123535
2018-06-06,27.200000762939453
2018-06-07,27.21333312988281
2018-06-08,28.09666633605957
2018-06-11,27.82666778564453
2018-06-12,27.71333312988281
2018-06-13,27.51666641235352
2018-06-14,27.043333053588867
2018-06-15,26.83666610717773
2018-06-18,26.793333053588867
2018-06-19,26.906667709350582
2018-06-20,27.01666641235352
2018-06-21,26.36000061035156
2018-06-22,26.479999542236328
2018-06-25,26.61000061035156
2018-06-26,26.40999984741211
2018-06-27,26.270000457763672
2018-06-28,26.420000076293945
2018-06-29,26.459999084472656
2018-07-02,26.6299991607666
2018-07-03,26.76000022888184
2018-07-05,26.93000030517578
2018-07-06,27.280000686645508
2018-07-09,27.88999938964844
2018-07-10,28.239999771118164
2018-07-11,28.040000915527344
2018-07-12,28.07999992370605
2018-07-13,28.43000030517578
2018-07-16,28.530000686645508
2018-07-17,28.36000061035156
2018-07-18,28.950000762939453
2018-07-19,29.01000022888184
2018-07-20,29.049999237060547
2018-07-23,29.040000915527344
2018-07-24,29.1299991607666
2018-07-25,29.5
2018-07-26,30.0
2018-07-27,30.13999938964844
2018-07-30,30.34000015258789
2018-07-31,30.559999465942383
2018-08-01,30.059999465942383
2018-08-02,30.040000915527344
2018-08-03,29.959999084472656
2018-08-06,30.11000061035156
2018-08-07,30.209999084472656
2018-08-08,30.299999237060547
2018-08-09,30.34000015258789
2018-08-10,30.21999931335449
2018-08-13,30.100000381469727
2018-08-14,30.270000457763672
2018-08-15,30.26000022888184
2018-08-16,30.450000762939453
2018-08-17,30.6299991607666
2018-08-20,30.540000915527344
2018-08-21,30.729999542236328
2018-08-22,30.32999992370605
2018-08-23,30.57999992370605
2018-08-24,30.8700008392334
2018-08-27,31.13999938964844
2018-08-28,30.88999938964844
2018-08-29,30.8700008392334
2018-08-30,30.600000381469727
2018-08-31,30.56999969482422
2018-09-04,30.59000015258789
2018-09-05,30.59000015258789
2018-09-06,30.36000061035156
2018-09-07,30.280000686645508
2018-09-10,30.07999992370605
2018-09-11,30.229999542236328
2018-09-12,30.0
2018-09-13,30.350000381469727
2018-09-14,30.39999961853028
2018-09-17,30.18000030517578
2018-09-18,30.239999771118164
2018-09-19,30.14999961853028
2018-09-20,30.21999931335449
2018-09-21,30.200000762939453
2018-09-24,29.90999984741211
2018-09-25,29.64999961853028
2018-09-26,29.530000686645508
2018-09-27,29.59000015258789
2018-09-28,29.809999465942383
2018-10-01,29.309999465942383
2018-10-02,29.440000534057617
2018-10-03,29.290000915527344
2018-10-04,28.940000534057617
2018-10-05,28.709999084472656
2018-10-08,28.850000381469727
2018-10-09,28.8700008392334
2018-10-10,28.09000015258789
2018-10-11,27.31999969482422
2018-10-12,27.200000762939453
2018-10-15,27.36000061035156
2018-10-16,27.920000076293945
2018-10-17,28.049999237060547
2018-10-18,27.6200008392334
2018-10-19,27.709999084472656
2018-10-22,27.39999961853028
2018-10-23,26.959999084472656
2018-10-24,26.15999984741211
2018-10-25,26.56999969482422
2018-10-26,26.700000762939453
2018-10-29,26.770000457763672
2018-10-30,27.63999938964844
2018-10-31,28.3700008392334
2018-11-01,28.690000534057617
2018-11-02,28.030000686645508
2018-11-05,27.82999992370605
2018-11-06,27.8799991607666
2018-11-07,28.15999984741211
2018-11-08,28.350000381469727
2018-11-09,28.350000381469727
2018-11-12,28.01000022888184
2018-11-13,28.14999961853028
2018-11-14,27.88999938964844
2018-11-15,28.299999237060547
2018-11-16,28.26000022888184
2018-11-19,28.25
2018-11-20,27.920000076293945
2018-11-21,28.0
2018-11-23,28.0
2018-11-26,28.15999984741211
2018-11-27,27.8700008392334
2018-11-28,28.450000762939453
2018-11-29,28.3799991607666
2018-11-30,28.6200008392334
2018-12-03,28.38999938964844
2018-12-04,27.940000534057617
2018-12-06,27.75
2018-12-07,27.739999771118164
2018-12-10,27.56999969482422
2018-12-11,27.239999771118164
2018-12-12,27.18000030517578
2018-12-13,27.049999237060547
2018-12-14,26.86000061035156
2018-12-17,26.40999984741211
2018-12-18,26.790000915527344
2018-12-19,26.40999984741211
2018-12-20,25.89999961853028
2018-12-21,25.549999237060547
2018-12-24,24.799999237060547
2018-12-26,25.920000076293945
2018-12-27,26.540000915527344
2018-12-28,26.38999938964844
2018-12-31,26.71999931335449
2019-01-02,26.190000534057617
2019-01-03,25.780000686645508
2019-01-04,26.38999938964844
2019-01-07,26.32999992370605
2019-01-08,26.43000030517578
2019-01-09,26.770000457763672
2019-01-10,27.1200008392334
2019-01-11,26.68000030517578
2019-01-14,26.90999984741211
2019-01-15,27.59000015258789
2019-01-16,27.8700008392334
2019-01-17,28.239999771118164
2019-01-18,28.479999542236328
2019-01-22,28.420000076293945
2019-01-23,28.56999969482422
2019-01-24,28.799999237060547
2019-01-25,28.82999992370605
2019-01-28,28.739999771118164
2019-01-29,28.790000915527344
2019-01-30,29.25
2019-01-31,29.350000381469727
2019-02-01,29.739999771118164
2019-02-04,29.979999542236328
2019-02-05,30.280000686645508
2019-02-06,30.270000457763672
2019-02-07,30.3700008392334
2019-02-08,30.309999465942383
2019-02-11,30.32999992370605
2019-02-12,30.82999992370605
2019-02-13,31.959999084472656
2019-02-14,31.1200008392334
2019-02-15,31.5
2019-02-19,32.06999969482422
2019-02-20,32.29999923706055
2019-02-21,32.290000915527344
2019-02-22,32.29999923706055
2019-02-25,32.2599983215332
2019-02-26,32.380001068115234
2019-02-27,32.36000061035156
2019-02-28,32.66999816894531
2019-03-01,32.869998931884766
2019-03-04,32.939998626708984
2019-03-05,32.84000015258789
2019-03-06,32.58000183105469
2019-03-07,32.2400016784668
2019-03-08,32.11000061035156
2019-03-11,32.380001068115234
2019-03-12,32.40999984741211
2019-03-13,32.41999816894531
2019-03-14,32.54999923706055
2019-03-15,32.869998931884766
2019-03-18,32.84000015258789
2019-03-19,32.36000061035156
2019-03-20,31.979999542236328
2019-03-21,32.290000915527344
2019-03-22,32.060001373291016
2019-03-25,31.96999931335449
2019-03-26,31.959999084472656
2019-03-27,32.06999969482422
2019-03-28,32.0
2019-03-29,32.31999969482422
2019-04-01,32.65999984741211
2019-04-02,32.41999816894531
2019-04-03,32.47999954223633
2019-04-04,32.470001220703125
2019-04-05,32.59000015258789
2019-04-08,32.68000030517578
2019-04-09,32.11000061035156
2019-04-10,32.34000015258789
2019-04-11,32.630001068115234
2019-04-12,32.88999938964844
2019-04-15,32.4900016784668
2019-04-16,32.90999984741211
2019-04-17,32.619998931884766
2019-04-18,32.529998779296875
2019-04-22,32.189998626708984
2019-04-23,32.75
2019-04-24,32.7599983215332
2019-04-25,32.849998474121094
2019-04-26,32.959999084472656
2019-04-29,33.29999923706055
2019-04-30,33.779998779296875
2019-05-01,33.849998474121094
2019-05-02,33.86000061035156
2019-05-03,34.150001525878906
2019-05-06,34.13999938964844
2019-05-07,33.630001068115234
2019-05-08,33.540000915527344
2019-05-09,33.41999816894531
2019-05-10,33.959999084472656
2019-05-13,33.31999969482422
2019-05-14,33.88999938964844
2019-05-15,34.040000915527344
2019-05-16,34.5099983215332
2019-05-17,33.779998779296875
2019-05-20,33.86000061035156
2019-05-21,34.400001525878906
2019-05-22,34.86000061035156
2019-05-23,34.439998626708984
2019-05-24,34.400001525878906
2019-05-28,33.970001220703125
2019-05-29,34.22999954223633
2019-05-30,34.27000045776367
2019-05-31,34.43000030517578
2019-06-03,34.959999084472656
2019-06-04,34.880001068115234
2019-06-05,35.400001525878906
2019-06-06,35.58000183105469
2019-06-07,35.63999938964844
2019-06-10,35.41999816894531
2019-06-11,35.0
2019-06-12,35.040000915527344
2019-06-13,35.040000915527344
2019-06-14,35.560001373291016
2019-06-17,35.52000045776367
2019-06-18,35.779998779296875
2019-06-19,36.09999847412109
2019-06-20,36.41999816894531
2019-06-21,36.43999862670898
2019-06-24,36.18000030517578
2019-06-25,35.90999984741211
2019-06-26,35.27000045776367
2019-06-27,36.18999862670898
2019-06-28,37.08000183105469
2019-07-01,37.84000015258789
2019-07-02,37.619998931884766
2019-07-03,37.93999862670898
2019-07-05,37.97999954223633
2019-07-08,37.959999084472656
2019-07-09,38.41999816894531
2019-07-10,38.470001220703125
2019-07-11,38.36000061035156
2019-07-12,38.290000915527344
2019-07-15,38.41999816894531
2019-07-16,38.52000045776367
2019-07-17,38.119998931884766
2019-07-18,38.2400016784668
2019-07-19,37.58000183105469
2019-07-22,37.41999816894531
2019-07-23,37.560001373291016
2019-07-24,37.790000915527344
2019-07-25,38.0099983215332
2019-07-26,38.20000076293945
2019-07-29,38.20000076293945
2019-07-30,39.54999923706055
2019-07-31,38.68999862670898
2019-08-01,38.54999923706055
2019-08-02,38.720001220703125
2019-08-05,37.7599983215332
2019-08-06,38.869998931884766
2019-08-07,39.2599983215332
2019-08-08,39.459999084472656
2019-08-09,39.38999938964844
2019-08-12,39.0
2019-08-13,39.459999084472656
2019-08-14,38.33000183105469
2019-08-15,38.90999984741211
2019-08-16,39.75
2019-08-19,40.06999969482422
2019-08-20,39.77000045776367
2019-08-21,39.83000183105469
2019-08-22,39.56999969482422
2019-08-23,38.61000061035156
2019-08-26,39.02000045776367
2019-08-27,39.11000061035156
2019-08-28,39.31999969482422
2019-08-29,39.5
2019-08-30,39.5
2019-09-03,40.119998931884766
2019-09-04,40.81999969482422
2019-09-05,41.130001068115234
2019-09-06,41.310001373291016
2019-09-09,41.34000015258789
2019-09-10,40.61000061035156
2019-09-11,40.56999969482422
2019-09-12,40.43999862670898
2019-09-13,40.47999954223633
2019-09-16,40.560001373291016
2019-09-17,40.959999084472656
2019-09-18,40.90999984741211
2019-09-19,41.13999938964844
2019-09-20,41.0
2019-09-23,41.11000061035156
2019-09-24,41.34000015258789
2019-09-25,41.970001220703125
2019-09-26,42.36000061035156
2019-09-27,42.04999923706055
2019-09-30,41.97999954223633
2019-10-01,41.43000030517578
2019-10-02,40.84999847412109
2019-10-03,41.119998931884766
2019-10-04,41.86000061035156
2019-10-07,41.630001068115234
2019-10-08,40.77000045776367
2019-10-09,41.15999984741211
2019-10-10,41.15999984741211
2019-10-11,41.4900016784668
2019-10-14,41.59000015258789
2019-10-15,41.900001525878906
2019-10-16,41.959999084472656
2019-10-17,42.0
2019-10-18,42.310001373291016
2019-10-21,42.59000015258789
2019-10-22,41.36000061035156
2019-10-23,41.38999938964844
2019-10-24,41.38999938964844
2019-10-25,40.79999923706055
2019-10-28,40.70000076293945
2019-10-29,41.02999877929688
2019-10-30,42.0099983215332
2019-10-31,41.7599983215332
2019-11-01,41.81999969482422
2019-11-04,40.95000076293945
2019-11-05,40.540000915527344
2019-11-06,41.31999969482422
2019-11-07,40.459999084472656
2019-11-08,40.58000183105469
2019-11-11,40.790000915527344
2019-11-12,40.52000045776367
2019-11-13,40.58000183105469
2019-11-14,40.65999984741211
2019-11-15,40.630001068115234
2019-11-18,41.36000061035156
2019-11-19,41.5
2019-11-20,41.20000076293945
2019-11-21,40.58000183105469
2019-11-22,40.84000015258789
2019-11-25,41.20000076293945
2019-11-26,42.08000183105469
2019-11-27,42.22999954223633
2019-11-29,41.970001220703125
2019-12-02,41.52000045776367
2019-12-03,40.619998931884766
2019-12-04,41.040000915527344
2019-12-05,41.33000183105469
2019-12-06,41.15999984741211
2019-12-09,41.45000076293945
2019-12-10,41.15999984741211
2019-12-11,41.02000045776367
2019-12-12,41.65999984741211
2019-12-13,41.75
2019-12-16,42.060001373291016
2019-12-17,42.619998931884766
2019-12-18,42.34000015258789
2019-12-19,42.43000030517578
2019-12-20,42.66999816894531
2019-12-23,42.06999969482422
2019-12-24,42.0099983215332
2019-12-26,42.18000030517578
2019-12-27,42.560001373291016
2019-12-30,42.72999954223633
2019-12-31,42.88999938964844
2020-01-02,43.400001525878906
2020-01-03,43.34999847412109
2020-01-06,43.52000045776367
2020-01-07,43.15999984741211
2020-01-08,42.72999954223633
2020-01-09,43.59999847412109
2020-01-10,43.52999877929688
2020-01-13,43.68999862670898
2020-01-14,43.66999816894531
2020-01-15,44.04999923706055
2020-01-16,44.560001373291016
2020-01-17,45.16999816894531
2020-01-21,45.150001525878906
2020-01-22,45.47999954223633
2020-01-23,45.2400016784668
2020-01-24,44.9900016784668
2020-01-27,44.54999923706055
2020-01-28,44.65999984741211
2020-01-29,44.130001068115234
2020-01-30,44.47999954223633
2020-01-31,44.15999984741211
2020-02-03,44.68000030517578
2020-02-04,44.869998931884766
2020-02-05,45.720001220703125
2020-02-06,46.13999938964844
2020-02-07,46.150001525878906
2020-02-10,46.77999877929688
2020-02-11,47.75
2020-02-12,47.040000915527344
2020-02-13,47.83000183105469
2020-02-14,47.68000030517578
2020-02-18,47.88999938964844
2020-02-19,48.18000030517578
2020-02-20,47.900001525878906
2020-02-21,47.119998931884766
2020-02-24,45.650001525878906
2020-02-25,44.38999938964844
2020-02-26,43.83000183105469
2020-02-27,42.41999816894531
2020-02-28,40.43000030517578
2020-03-02,42.4900016784668
2020-03-03,41.619998931884766
2020-03-04,43.08000183105469
2020-03-05,41.16999816894531
2020-03-06,40.70000076293945
2020-03-09,36.650001525878906
2020-03-10,37.83000183105469
2020-03-11,35.880001068115234
2020-03-12,30.68000030517578
2020-03-13,32.77000045776367
2020-03-16,27.239999771118164
2020-03-17,30.21999931335449
2020-03-18,27.489999771118164
2020-03-19,27.059999465942383
2020-03-20,25.96999931335449
2020-03-23,23.26000022888184
2020-03-24,25.600000381469727
2020-03-25,25.71999931335449
2020-03-26,29.670000076293945
2020-03-27,29.06999969482422
2020-03-30,30.540000915527344
2020-03-31,28.459999084472656
2020-04-01,26.020000457763672
2020-04-02,26.31999969482422
2020-04-03,24.61000061035156
2020-04-06,27.030000686645508
2020-04-07,27.8799991607666
2020-04-08,28.690000534057617
2020-04-09,31.0
2020-04-13,29.21999931335449
2020-04-14,29.25
2020-04-15,27.350000381469727
2020-04-16,26.489999771118164
2020-04-17,27.14999961853028
2020-04-20,26.700000762939453
2020-04-21,25.290000915527344
2020-04-22,24.89999961853028
2020-04-23,24.26000022888184
2020-04-24,23.63999938964844
2020-04-27,24.64999961853028
2020-04-28,24.75
2020-04-29,25.57999992370605
2020-04-30,24.030000686645508
2020-05-01,23.11000061035156
2020-05-04,23.799999237060547
2020-05-05,23.739999771118164
2020-05-06,23.420000076293945
2020-05-07,24.709999084472656
2020-05-08,25.950000762939453
2020-05-11,25.26000022888184
2020-05-12,23.64999961853028
2020-05-13,22.239999771118164
2020-05-14,22.850000381469727
2020-05-15,22.979999542236328
2020-05-18,24.36000061035156
2020-05-19,24.280000686645508
2020-05-20,26.540000915527344
2020-05-21,27.450000762939453
2020-05-22,28.299999237060547
2020-05-26,29.38999938964844
2020-05-27,29.920000076293945
2020-05-28,29.040000915527344
2020-05-29,28.21999931335449
2020-06-01,29.100000381469727
2020-06-02,30.3799991607666
2020-06-03,32.349998474121094
2020-06-04,32.790000915527344
2020-06-05,34.97999954223633
2020-06-08,35.650001525878906
2020-06-09,34.380001068115234
2020-06-10,32.86000061035156
2020-06-11,30.299999237060547
2020-06-12,30.61000061035156
2020-06-15,30.93000030517578
2020-06-16,31.21999931335449
2020-06-17,30.709999084472656
2020-06-18,30.549999237060547
2020-06-19,29.32999992370605
2020-06-22,29.709999084472656
2020-06-23,29.559999465942383
2020-06-24,28.450000762939453
2020-06-25,28.8799991607666
2020-06-26,27.700000762939453
2020-06-29,28.3700008392334
2020-06-30,28.64999961853028
2020-07-01,28.14999961853028
2020-07-02,28.09000015258789
2020-07-06,28.5
2020-07-07,27.51000022888184
2020-07-08,27.64999961853028
2020-07-09,27.040000915527344
2020-07-10,28.229999542236328
2020-07-13,28.290000915527344
2020-07-14,28.89999961853028
2020-07-15,30.34000015258789
2020-07-16,30.81999969482422
2020-07-17,30.690000534057617
2020-07-20,30.040000915527344
2020-07-21,30.43000030517578
2020-07-22,30.739999771118164
2020-07-23,31.190000534057617
2020-07-24,30.850000381469727
2020-07-27,30.1299991607666
2020-07-28,30.100000381469727
2020-07-29,30.86000061035156
2020-07-30,31.11000061035156
2020-07-31,30.75
2020-08-03,30.950000762939453
2020-08-04,30.3700008392334
2020-08-05,30.81999969482422
2020-08-06,31.31999969482422
2020-08-07,32.4900016784668
2020-08-10,32.72999954223633
2020-08-11,32.849998474121094
2020-08-12,32.599998474121094
2020-08-13,32.36000061035156
2020-08-14,32.25
2020-08-17,31.76000022888184
2020-08-18,31.57999992370605
2020-08-19,31.39999961853028
2020-08-20,31.39999961853028
2020-08-21,30.89999961853028
2020-08-24,31.950000762939453
2020-08-25,31.46999931335449
2020-08-26,31.38999938964844
2020-08-27,32.310001373291016
2020-08-28,32.27000045776367
2020-08-31,31.540000915527344
2020-09-01,31.600000381469727
2020-09-02,32.130001068115234
2020-09-03,32.119998931884766
2020-09-04,31.8700008392334
2020-09-08,31.0
2020-09-09,31.549999237060547
2020-09-10,31.15999984741211
2020-09-11,30.729999542236328
2020-09-14,31.040000915527344
2020-09-15,30.290000915527344
2020-09-16,30.61000061035156
2020-09-17,30.420000076293945
2020-09-18,29.479999542236328
2020-09-21,28.88999938964844
2020-09-22,29.0
2020-09-23,27.93000030517578
2020-09-24,28.13999938964844
2020-09-25,28.450000762939453
2020-09-28,29.26000022888184
2020-09-29,28.8700008392334
2020-09-30,29.25
2020-10-01,29.39999961853028
2020-10-02,29.700000762939453
2020-10-05,30.63999938964844
2020-10-06,30.18000030517578
2020-10-07,30.239999771118164
2020-10-08,31.5
2020-10-09,31.530000686645508
2020-10-12,31.709999084472656
2020-10-13,30.809999465942383
2020-10-14,30.459999084472656
2020-10-15,30.88999938964844
2020-10-16,30.850000381469727
2020-10-19,29.88999938964844
2020-10-20,30.26000022888184
2020-10-21,30.86000061035156
2020-10-22,31.68000030517578
2020-10-23,31.809999465942383
2020-10-26,30.479999542236328
2020-10-27,29.209999084472656
2020-10-28,29.450000762939453
2020-10-29,30.43000030517578
2020-10-30,30.209999084472656
2020-11-02,31.3700008392334
2020-11-03,31.90999984741211
2020-11-04,31.979999542236328
2020-11-05,31.90999984741211
2020-11-06,31.549999237060547
2020-11-09,34.439998626708984
2020-11-10,35.220001220703125
2020-11-11,34.72999954223633
2020-11-12,33.72999954223633
2020-11-13,34.150001525878906
2020-11-16,35.29999923706055
2020-11-17,35.2400016784668
2020-11-18,34.88999938964844
2020-11-19,34.869998931884766
2020-11-20,33.970001220703125
2020-11-23,33.9900016784668
2020-11-24,34.54999923706055
2020-11-25,33.54999923706055
2020-11-27,33.029998779296875
2020-11-30,32.20000076293945
2020-12-01,33.02000045776367
2020-12-02,33.11000061035156
2020-12-03,32.59000015258789
2020-12-04,34.16999816894531
2020-12-07,33.25
2020-12-08,33.18000030517578
2020-12-09,33.54999923706055
2020-12-10,34.27000045776367
2020-12-11,33.75
2020-12-14,33.56999969482422
2020-12-15,34.93000030517578
2020-12-16,35.400001525878906
2020-12-17,35.54999923706055
2020-12-18,34.43000030517578
2020-12-21,34.369998931884766
2020-12-22,34.58000183105469
2020-12-23,35.08000183105469
2020-12-24,34.86000061035156
2020-12-28,35.33000183105469
2020-12-29,35.29999923706055
2020-12-30,35.58000183105469
2020-12-31,36.06999969482422
2021-01-04,34.900001525878906
2021-01-05,35.040000915527344
2021-01-06,36.58000183105469
2021-01-07,36.2400016784668
2021-01-08,36.43999862670898
2021-01-11,36.16999816894531
2021-01-12,36.369998931884766
2021-01-13,35.61000061035156
2021-01-14,35.220001220703125
2021-01-15,34.689998626708984
2021-01-19,34.18000030517578
2021-01-20,34.59000015258789
2021-01-21,34.369998931884766
2021-01-22,33.310001373291016
2021-01-25,33.369998931884766
2021-01-26,32.900001525878906
2021-01-27,31.57999992370605
2021-01-28,31.950000762939453
2021-01-29,31.40999984741211
2021-02-01,32.02000045776367
2021-02-02,33.150001525878906
2021-02-03,32.70000076293945
2021-02-04,33.38999938964844
2021-02-05,33.79999923706055
2021-02-08,34.150001525878906
2021-02-09,35.099998474121094
2021-02-10,34.88999938964844
2021-02-11,35.560001373291016
2021-02-12,35.150001525878906
2021-02-16,34.90999984741211
2021-02-17,35.349998474121094
2021-02-18,34.91999816894531
2021-02-19,35.09000015258789
2021-02-22,35.15999984741211
2021-02-23,35.150001525878906
2021-02-24,35.56999969482422
2021-02-25,35.4900016784668
2021-02-26,35.81999969482422
2021-03-01,35.90999984741211
2021-03-02,36.369998931884766
2021-03-03,36.209999084472656
2021-03-04,35.70000076293945
2021-03-05,36.369998931884766
2021-03-08,37.220001220703125
2021-03-09,36.7400016784668
2021-03-10,37.09999847412109
2021-03-11,36.9900016784668
2021-03-12,37.619998931884766
2021-03-15,38.09000015258789
2021-03-16,37.86000061035156
2021-03-17,37.59999847412109
2021-03-18,37.630001068115234
2021-03-19,36.90999984741211
2021-03-22,36.630001068115234
2021-03-23,36.77000045776367
2021-03-24,37.25
2021-03-25,38.209999084472656
2021-03-26,38.77999877929688
2021-03-29,38.84999847412109
2021-03-30,39.15999984741211
2021-03-31,38.369998931884766
2021-04-01,39.40999984741211
2021-04-05,39.619998931884766
2021-04-06,39.93000030517578
2021-04-07,40.27000045776367
2021-04-08,40.060001373291016
2021-04-09,40.060001373291016
2021-04-12,40.0
2021-04-13,39.84999847412109
2021-04-14,40.11000061035156
2021-04-15,40.310001373291016
2021-04-16,40.08000183105469
2021-04-19,39.70000076293945
2021-04-20,39.2400016784668
2021-04-21,39.88999938964844
2021-04-22,39.63999938964844
2021-04-23,39.9900016784668
2021-04-26,40.150001525878906
2021-04-27,40.4900016784668
2021-04-28,39.4900016784668
2021-04-29,40.13999938964844
2021-04-30,39.709999084472656
2021-05-03,40.13999938964844
2021-05-04,40.2599983215332
2021-05-05,40.18999862670898
2021-05-06,39.77000045776367
2021-05-07,40.790000915527344
2021-05-10,39.91999816894531
2021-05-11,39.58000183105469
2021-05-12,39.130001068115234
2021-05-13,39.91999816894531
2021-05-14,40.18999862670898
2021-05-17,40.41999816894531
2021-05-18,40.16999816894531
2021-05-19,40.0
2021-05-20,40.27000045776367
2021-05-21,39.93000030517578
2021-05-24,39.93000030517578
2021-05-25,39.16999816894531
2021-05-26,38.9900016784668
2021-05-27,39.68000030517578
2021-05-28,39.88999938964844
2021-06-01,39.86000061035156
2021-06-02,39.45000076293945
2021-06-03,39.47999954223633
2021-06-04,39.63999938964844
2021-06-07,39.709999084472656
2021-06-08,39.56999969482422
2021-06-09,39.060001373291016
2021-06-10,39.0099983215332
2021-06-11,39.290000915527344
2021-06-14,39.13999938964844
2021-06-15,39.52999877929688
2021-06-16,39.38999938964844
2021-06-17,38.5099983215332
2021-06-18,37.119998931884766
2021-06-21,37.900001525878906
2021-06-22,38.0099983215332
2021-06-23,38.38999938964844
2021-06-24,38.84000015258789
2021-06-25,39.29999923706055
2021-06-28,38.7599983215332
2021-06-29,38.88999938964844
2021-06-30,38.93999862670898
2021-07-01,39.95000076293945
2021-07-02,39.5099983215332
2021-07-06,38.79999923706055
2021-07-07,39.02000045776367
2021-07-08,37.619998931884766
2021-07-09,38.5
2021-07-12,38.380001068115234
2021-07-13,37.540000915527344
2021-07-14,37.75
2021-07-15,37.97999954223633
2021-07-16,38.08000183105469
2021-07-19,36.81999969482422
2021-07-20,37.88999938964844
2021-07-21,38.47999954223633
2021-07-22,38.130001068115234
2021-07-23,38.52999877929688
2021-07-26,38.709999084472656
2021-07-27,38.52999877929688
2021-07-28,38.060001373291016
2021-07-29,38.5
2021-07-30,39.0
2021-08-02,39.209999084472656
2021-08-03,39.34000015258789
2021-08-04,39.41999816894531
2021-08-05,39.9900016784668
2021-08-06,40.58000183105469
2021-08-09,40.540000915527344
2021-08-10,40.77999877929688
2021-08-11,41.52000045776367
2021-08-12,41.65999984741211
2021-08-13,41.77999877929688
2021-08-16,41.810001373291016
2021-08-17,41.900001525878906
2021-08-18,41.68000030517578
2021-08-19,41.65999984741211
2021-08-20,42.09999847412109
2021-08-23,42.09999847412109
2021-08-24,42.040000915527344
2021-08-25,42.08000183105469
2021-08-26,41.38999938964844
2021-08-27,41.75
2021-08-30,41.25
2021-08-31,41.09999847412109
2021-09-01,40.470001220703125
2021-09-02,39.61000061035156
2021-09-03,39.43000030517578
2021-09-07,39.0
2021-09-08,39.970001220703125
2021-09-09,39.52000045776367
2021-09-10,38.93999862670898
2021-09-13,39.88999938964844
2021-09-14,39.2599983215332
2021-09-15,39.34000015258789
2021-09-16,39.15999984741211
2021-09-17,39.29999923706055
2021-09-20,38.84999847412109
2021-09-21,38.72999954223633
2021-09-22,39.02000045776367
2021-09-23,39.0
2021-09-24,39.18000030517578
2021-09-27,39.36000061035156
2021-09-28,38.38999938964844
2021-09-29,38.84000015258789
2021-09-30,38.18000030517578
2021-10-01,38.18000030517578
2021-10-04,38.18999862670898
2021-10-05,39.59999847412109
2021-10-06,39.9900016784668
2021-10-07,40.709999084472656
2021-10-08,40.95000076293945
2021-10-11,40.16999816894531
2021-10-12,40.84999847412109
2021-10-13,41.810001373291016
2021-10-14,42.79999923706055
2021-10-15,42.470001220703125
2021-10-18,42.34999847412109
2021-10-19,42.06999969482422
2021-10-20,42.63999938964844
2021-10-21,42.90999984741211
2021-10-22,43.209999084472656
2021-10-25,43.34000015258789
2021-10-26,43.150001525878906
2021-10-27,42.33000183105469
2021-10-28,42.040000915527344
2021-10-29,41.81999969482422
2021-11-01,42.56999969482422
2021-11-02,43.15999984741211
2021-11-03,43.25
2021-11-04,42.18000030517578
2021-11-05,43.36000061035156
2021-11-08,42.619998931884766
2021-11-09,42.02000045776367
2021-11-10,41.7599983215332
2021-11-11,41.470001220703125
2021-11-12,42.02000045776367
2021-11-15,42.36000061035156
2021-11-16,42.68999862670898
2021-11-17,42.150001525878906
2021-11-18,41.66999816894531
2021-11-19,42.060001373291016
2021-11-22,43.11000061035156
2021-11-23,43.7400016784668
2021-11-24,43.790000915527344
2021-11-26,41.88999938964844
2021-11-29,41.72999954223633
2021-11-30,40.380001068115234
2021-12-01,40.72999954223633
2021-12-02,42.290000915527344
2021-12-03,42.25
2021-12-06,43.13999938964844
2021-12-07,43.36000061035156
2021-12-08,43.38999938964844
2021-12-09,43.470001220703125
2021-12-10,43.43000030517578
2021-12-13,43.34999847412109
2021-12-14,43.75
2021-12-15,43.93999862670898
2021-12-16,44.09000015258789
2021-12-17,43.220001220703125
2021-12-20,42.43000030517578
2021-12-21,42.93000030517578
2021-12-22,43.29999923706055
2021-12-23,43.47999954223633
2021-12-27,43.93000030517578
2021-12-28,44.27000045776367
2021-12-29,44.59999847412109
2021-12-30,44.33000183105469
2021-12-31,44.45000076293945
2022-01-03,44.54999923706055
2022-01-04,45.130001068115234
2022-01-05,44.59999847412109
2022-01-06,44.86000061035156
2022-01-07,45.06999969482422
2022-01-10,46.02000045776367
2022-01-11,46.369998931884766
2022-01-12,46.470001220703125
2022-01-13,46.7400016784668
2022-01-14,47.40999984741211
2022-01-18,46.59000015258789
2022-01-19,45.91999816894531
2022-01-20,45.630001068115234
2022-01-21,45.18999862670898
2022-01-24,45.70000076293945
2022-01-25,45.25
2022-01-26,45.02999877929688
2022-01-27,44.77999877929688
2022-01-28,45.380001068115234
2022-01-31,46.31999969482422
2022-02-01,47.31999969482422
2022-02-02,47.93999862670898
2022-02-03,47.790000915527344
2022-02-04,47.63999938964844
2022-02-07,47.59000015258789
2022-02-08,48.20000076293945
2022-02-09,48.2599983215332
2022-02-10,47.38999938964844
2022-02-11,46.560001373291016
2022-02-14,46.41999816894531
2022-02-15,47.68000030517578
2022-02-16,47.650001525878906
2022-02-17,46.970001220703125
2022-02-18,47.09999847412109
2022-02-22,46.83000183105469
2022-02-23,46.290000915527344
2022-02-24,45.93000030517578
2022-02-25,47.540000915527344
2022-02-28,47.11000061035156
2022-03-01,45.83000183105469
2022-03-02,47.119998931884766
2022-03-03,46.560001373291016
2022-03-04,46.02000045776367
2022-03-07,44.27000045776367
2022-03-08,44.06999969482422
2022-03-09,45.560001373291016
2022-03-10,45.20000076293945
2022-03-11,45.72999954223633
2022-03-14,46.33000183105469
2022-03-15,46.810001373291016
2022-03-16,46.650001525878906
2022-03-17,46.5
2022-03-18,45.84000015258789
2022-03-21,47.150001525878906
2022-03-22,47.11000061035156
2022-03-23,46.59999847412109
2022-03-24,47.130001068115234
2022-03-25,47.66999816894531
2022-03-28,47.59999847412109
2022-03-29,48.560001373291016
2022-03-30,48.43999862670898
2022-03-31,48.41999816894531
2022-04-01,48.619998931884766
2022-04-04,47.08000183105469
2022-04-05,47.4900016784668
2022-04-06,47.29999923706055
2022-04-07,47.36000061035156
2022-04-08,48.31999969482422
2022-04-11,48.02000045776367
2022-04-12,47.68999862670898
2022-04-13,47.83000183105469
2022-04-14,48.97999954223633
2022-04-18,48.63999938964844
2022-04-19,48.91999816894531
2022-04-20,49.959999084472656
2022-04-21,49.25
2022-04-22,47.310001373291016
2022-04-25,46.72999954223633
2022-04-26,46.5099983215332
2022-04-27,47.93000030517578
2022-04-28,46.7599983215332
2022-04-29,45.66999816894531
2022-05-02,45.880001068115234
2022-05-03,46.43000030517578
2022-05-04,47.310001373291016
2022-05-05,46.45000076293945
2022-05-06,46.540000915527344
2022-05-09,45.220001220703125
2022-05-10,45.790000915527344
2022-05-11,45.72999954223633
2022-05-12,45.2400016784668
2022-05-13,46.02000045776367
2022-05-16,46.11000061035156
2022-05-17,46.880001068115234
2022-05-18,45.81999969482422
2022-05-19,45.220001220703125
2022-05-20,45.41999816894531
2022-05-23,46.310001373291016
2022-05-24,46.130001068115234
2022-05-25,46.40999984741211
2022-05-26,47.06999969482422
2022-05-27,47.459999084472656
2022-05-31,47.459999084472656
2022-06-01,46.77000045776367
2022-06-02,47.470001220703125
2022-06-03,46.720001220703125
2022-06-06,47.09999847412109
2022-06-07,47.41999816894531
2022-06-08,46.810001373291016
2022-06-09,45.810001373291016
2022-06-10,45.22999954223633
2022-06-13,43.9900016784668
2022-06-14,44.54999923706055
2022-06-15,43.9900016784668
2022-06-16,42.22999954223633
2022-06-17,43.400001525878906
2022-06-21,43.72999954223633
2022-06-22,43.5099983215332
2022-06-23,43.58000183105469
2022-06-24,44.86000061035156
2022-06-27,44.970001220703125
2022-06-28,44.72999954223633
2022-06-29,44.630001068115234
2022-06-30,45.4900016784668
2022-07-01,45.95000076293945
2022-07-05,44.43999862670898
2022-07-06,44.7400016784668
2022-07-07,44.79999923706055
2022-07-08,44.470001220703125
2022-07-11,44.59000015258789
2022-07-12,44.18000030517578
2022-07-13,44.209999084472656
2022-07-14,42.470001220703125
2022-07-15,43.130001068115234
2022-07-18,43.09000015258789
2022-07-19,43.880001068115234
2022-07-20,43.7599983215332
2022-07-21,43.84999847412109
2022-07-22,43.66999816894531
2022-07-25,44.08000183105469
2022-07-26,44.2400016784668
2022-07-27,44.27999877929688
2022-07-28,43.290000915527344
2022-07-29,44.400001525878906
2022-08-01,43.4900016784668
2022-08-02,43.43000030517578
2022-08-03,43.5
2022-08-04,43.54999923706055
2022-08-05,43.810001373291016
2022-08-08,44.150001525878906
2022-08-09,44.650001525878906
2022-08-10,45.22999954223633
2022-08-11,45.97999954223633
2022-08-12,47.040000915527344
2022-08-15,46.9900016784668
2022-08-16,47.5099983215332
2022-08-17,47.52000045776367
2022-08-18,47.83000183105469
2022-08-19,47.27999877929688
2022-08-22,46.43000030517578
2022-08-23,46.4900016784668
2022-08-24,46.68000030517578
2022-08-25,47.290000915527344
2022-08-26,46.5
2022-08-29,46.2400016784668
2022-08-30,45.7400016784668
2022-08-31,45.720001220703125
2022-09-01,45.720001220703125
2022-09-02,45.5
2022-09-06,45.040000915527344
2022-09-07,46.13999938964844
2022-09-08,46.470001220703125
2022-09-09,46.52000045776367
2022-09-12,47.09000015258789
2022-09-13,47.04999923706055
2022-09-14,47.02000045776367
2022-09-15,47.27999877929688
2022-09-16,46.52000045776367
2022-09-19,47.47999954223633
2022-09-20,46.43000030517578
2022-09-21,44.79999923706055
2022-09-22,43.93000030517578
2022-09-23,43.09999847412109
2022-09-26,41.66999816894531
2022-09-27,43.09999847412109
2022-09-28,44.470001220703125
2022-09-29,45.83000183105469
2022-09-30,45.540000915527344
2022-10-03,46.33000183105469
2022-10-04,48.68999862670898
2022-10-05,47.959999084472656
2022-10-06,48.0
2022-10-07,45.66999816894531
2022-10-10,46.63999938964844
2022-10-11,46.59000015258789
2022-10-12,45.560001373291016
2022-10-13,47.52999877929688
2022-10-14,47.0
2022-10-17,48.08000183105469
2022-10-18,48.63999938964844
2022-10-19,48.720001220703125
2022-10-20,47.52000045776367
2022-10-21,48.22999954223633
2022-10-24,49.34000015258789
2022-10-25,49.220001220703125
2022-10-26,48.790000915527344
2022-10-27,51.68999862670898
2022-10-28,56.68000030517578
2022-10-31,57.5
2022-11-01,55.43999862670898
2022-11-02,56.220001220703125
2022-11-03,56.52999877929688
2022-11-04,56.86000061035156
2022-11-07,58.0099983215332
2022-11-08,57.720001220703125
2022-11-09,57.560001373291016
2022-11-10,58.400001525878906
2022-11-11,56.77000045776367
2022-11-14,56.36000061035156
2022-11-15,56.209999084472656
2022-11-16,56.52000045776367
2022-11-17,56.54999923706055
2022-11-18,57.66999816894531
2022-11-21,57.15999984741211
2022-11-22,57.77999877929688
2022-11-23,58.04999923706055
2022-11-25,58.72999954223633
2022-11-28,58.02000045776367
2022-11-29,58.97999954223633
2022-11-30,59.90999984741211
2022-12-01,59.7599983215332
2022-12-02,60.59999847412109
2022-12-05,59.16999816894531
2022-12-06,60.540000915527344
2022-12-07,60.150001525878906
2022-12-08,60.560001373291016
2022-12-09,60.040000915527344
2022-12-12,60.0
2022-12-13,59.900001525878906
2022-12-14,60.31999969482422
2022-12-15,60.75
2022-12-16,61.02999877929688
2022-12-19,60.540000915527344
2022-12-20,62.2400016784668
2022-12-21,63.36000061035156
2022-12-22,62.84999847412109
2022-12-23,63.380001068115234
2022-12-27,63.619998931884766
2022-12-28,62.59999847412109
2022-12-29,63.11000061035156
2022-12-30,62.77999877929688
2023-01-03,62.459999084472656
2023-01-04,62.77000045776367
2023-01-05,62.93999862670898
2023-01-06,63.900001525878906
2023-01-09,62.66999816894531
2023-01-10,63.06999969482422
2023-01-11,62.84999847412109
2023-01-12,63.06999969482422
2023-01-13,63.7599983215332
2023-01-17,64.0
2023-01-18,63.52000045776367
2023-01-19,63.38999938964844
2023-01-20,62.459999084472656
2023-01-23,63.130001068115234
2023-01-24,64.04000091552734
2023-01-25,64.80000305175781
2023-01-26,64.75
2023-01-27,64.05999755859375
2023-01-30,63.9900016784668
2023-01-31,64.3499984741211
2023-02-01,64.18000030517578
2023-02-02,61.34999847412109
2023-02-03,61.2599983215332
2023-02-06,62.15999984741211
2023-02-07,63.369998931884766
2023-02-08,64.16999816894531
2023-02-09,64.0999984741211
2023-02-10,64.22000122070312
2023-02-13,65.25
2023-02-14,66.27999877929688
2023-02-15,67.9800033569336
2023-02-16,67.0999984741211
2023-02-17,67.80999755859375
2023-02-21,67.55000305175781
2023-02-22,67.94000244140625
2023-02-23,68.37999725341797
2023-02-24,69.16999816894531
2023-02-27,69.20999908447266
2023-02-28,70.0
2023-03-01,70.97000122070312
2023-03-02,70.9000015258789
2023-03-03,71.30000305175781
2023-03-06,71.69999694824219
2023-03-07,70.98999786376953
2023-03-08,70.29000091552734
2023-03-09,68.37999725341797
2023-03-10,66.61000061035156
2023-03-13,65.18000030517578
2023-03-14,67.33999633789062
2023-03-15,62.7400016784668
2023-03-16,66.06999969482422
2023-03-17,63.150001525878906
2023-03-20,65.61000061035156
2023-03-21,67.20999908447266
2023-03-22,65.87000274658203
2023-03-23,65.5999984741211
2023-03-24,66.05000305175781
2023-03-27,66.37999725341797
2023-03-28,66.80999755859375
2023-03-29,67.80000305175781
2023-03-30,67.86000061035156
2023-03-31,67.87000274658203
2023-04-03,68.61000061035156
2023-04-04,67.88999938964844
2023-04-05,68.58999633789062
2023-04-06,68.94000244140625
2023-04-10,68.6500015258789
2023-04-11,69.01000213623047
2023-04-12,70.2300033569336
2023-04-13,70.5
2023-04-14,70.25
2023-04-17,70.94999694824219
2023-04-18,72.25
2023-04-19,72.12999725341797
2023-04-20,72.19000244140625
2023-04-21,71.68000030517578
2023-04-24,72.51000213623047
2023-04-25,72.58999633789062
2023-04-26,72.29000091552734
2023-04-27,73.87999725341797
2023-04-28,75.06999969482422
2023-05-01,75.9000015258789
2023-05-02,76.02999877929688
2023-05-03,75.62000274658203
2023-05-04,72.91999816894531
2023-05-05,74.80999755859375
2023-05-08,76.13999938964844
2023-05-09,76.61000061035156
2023-05-10,77.22000122070312
2023-05-11,77.30999755859375
2023-05-12,76.9000015258789
2023-05-15,75.0999984741211
2023-05-16,74.5199966430664
2023-05-17,73.04000091552734
2023-05-18,75.30000305175781
2023-05-19,76.0199966430664
2023-05-22,73.5
2023-05-23,73.16999816894531
2023-05-24,71.7699966430664
2023-05-25,72.37999725341797
2023-05-26,71.0
2023-05-30,71.19999694824219
2023-05-31,69.69999694824219
2023-06-01,69.66999816894531
2023-06-02,70.9000015258789
2023-06-05,71.30000305175781
2023-06-06,71.19999694824219
2023-06-07,71.25
2023-06-08,70.98999786376953
2023-06-09,71.44000244140625
2023-06-12,70.44999694824219
2023-06-13,70.56999969482422
2023-06-14,70.08000183105469
2023-06-15,70.1500015258789
2023-06-16,71.16000366210938
2023-06-20,70.79000091552734
2023-06-21,71.7699966430664
2023-06-22,72.61000061035156
2023-06-23,72.41000366210938
2023-06-26,71.22000122070312
2023-06-27,71.13999938964844
2023-06-28,71.68000030517578
2023-06-29,73.02999877929688
2023-06-30,74.8499984741211
2023-07-03,73.98999786376953
2023-07-05,73.62000274658203
2023-07-06,73.87000274658203
2023-07-07,74.79000091552734
2023-07-10,74.70999908447266
2023-07-11,75.91999816894531
2023-07-12,76.37999725341797
2023-07-13,76.87999725341797
2023-07-14,77.0
2023-07-17,80.61000061035156
2023-07-18,80.83999633789062
2023-07-19,80.25
2023-07-20,81.5
2023-07-21,82.2699966430664
2023-07-24,81.19000244140625
2023-07-25,81.36000061035156
2023-07-26,82.08000183105469
2023-07-27,79.66999816894531
2023-07-28,77.25
2023-07-31,77.69000244140625
2023-08-01,77.0999984741211
2023-08-02,77.36000061035156
2023-08-03,77.38999938964844
2023-08-04,76.72000122070312
2023-08-07,78.2300033569336
2023-08-08,76.3499984741211
2023-08-09,77.05000305175781
2023-08-10,76.58000183105469
2023-08-11,76.5999984741211
2023-08-14,77.3499984741211
2023-08-15,77.36000061035156
2023-08-16,76.94999694824219
2023-08-17,74.29000091552734
2023-08-18,75.23999786376953
2023-08-21,74.94999694824219
2023-08-22,74.56999969482422
2023-08-23,75.4000015258789
2023-08-24,75.41000366210938
2023-08-25,74.62000274658203
2023-08-28,74.19000244140625
2023-08-29,75.75
2023-08-30,77.08999633789062
2023-08-31,76.86000061035156
2023-09-01,77.01000213623047
2023-09-05,75.86000061035156
2023-09-06,76.44000244140625
2023-09-07,77.87000274658203
2023-09-08,77.26000213623047
2023-09-11,78.80000305175781
2023-09-12,78.80000305175781
2023-09-13,78.33000183105469
2023-09-14,79.05999755859375
2023-09-15,79.0
2023-09-18,80.56999969482422
2023-09-19,81.19999694824219
2023-09-20,81.31999969482422
2023-09-21,80.29000091552734
2023-09-22,80.95999908447266
2023-09-25,81.1500015258789
2023-09-26,81.26000213623047
2023-09-27,81.08000183105469
2023-09-28,81.63999938964844
2023-09-29,79.70999908447266
2023-10-02,79.37000274658203
2023-10-03,77.95999908447266
2023-10-04,80.45999908447266
2023-10-05,81.63999938964844
2023-10-06,82.18000030517578
2023-10-09,82.06999969482422
2023-10-10,81.86000061035156
2023-10-11,83.0199966430664
2023-10-12,83.05000305175781
2023-10-13,84.16000366210938
2023-10-16,85.69999694824219
2023-10-17,86.62000274658203
2023-10-18,85.44999694824219
2023-10-19,83.77999877929688
2023-10-20,82.76000213623047
2023-10-23,81.86000061035156
2023-10-24,83.41999816894531
2023-10-25,83.48999786376953
2023-10-26,82.44999694824219
2023-10-27,81.36000061035156
2023-10-30,82.87999725341797
2023-10-31,86.68000030517578
2023-11-01,90.0
2023-11-02,85.94000244140625
2023-11-03,85.55000305175781
2023-11-06,85.16000366210938
2023-11-07,85.41000366210938
2023-11-08,84.12000274658203
2023-11-09,84.66999816894531
2023-11-10,85.94999694824219
2023-11-13,86.56999969482422
2023-11-14,85.5
2023-11-15,82.66000366210938
2023-11-16,83.70999908447266
2023-11-17,83.5999984741211
2023-11-20,84.45999908447266
2023-11-21,86.12999725341797
2023-11-22,85.94999694824219
2023-11-24,86.5999984741211
2023-11-27,87.0
2023-11-28,84.44999694824219
2023-11-29,82.37999725341797
2023-11-30,83.69000244140625
2023-12-01,82.62999725341797
2023-12-04,81.98999786376953
2023-12-05,81.8499984741211
2023-12-06,79.97000122070312
2023-12-07,78.33999633789062
2023-12-08,79.30000305175781
2023-12-11,79.61000061035156
2023-12-12,80.27999877929688
2023-12-13,78.37999725341797
2023-12-14,74.66999816894531
2023-12-15,73.41999816894531
2023-12-18,74.6500015258789
2023-12-19,74.83000183105469
2023-12-20,73.61000061035156
2023-12-21,74.16000366210938
2023-12-22,73.83999633789062
2023-12-26,73.51000213623047
2023-12-27,73.54000091552734
2023-12-28,74.05999755859375
2023-12-29,74.2699966430664
2024-01-02,75.55000305175781
2024-01-03,76.94000244140625
2024-01-04,77.47000122070312
2024-01-05,76.80999755859375
2024-01-08,77.12000274658203
2024-01-09,76.1500015258789
2024-01-10,76.95999908447266
2024-01-11,77.62000274658203
2024-01-12,77.69000244140625
2024-01-16,78.16999816894531
2024-01-17,78.66999816894531
2024-01-18,78.95999908447266
2024-01-19,80.87999725341797
2024-01-22,80.47000122070312
2024-01-23,80.33999633789062
2024-01-24,80.12999725341797
2024-01-25,79.5999984741211
2024-01-26,79.9000015258789
2024-01-29,79.7300033569336
2024-01-30,80.58000183105469
2024-01-31,82.43000030517578
2024-02-01,82.08999633789062
2024-02-02,83.30000305175781
2024-02-05,83.66000366210938
2024-02-06,83.30000305175781
2024-02-07,84.41999816894531
2024-02-08,82.76000213623047
2024-02-09,83.45999908447266
2024-02-12,83.0999984741211
2024-02-13,84.05999755859375
2024-02-14,84.87000274658203
2024-02-15,87.4000015258789
2024-02-16,86.11000061035156
2024-02-20,85.37000274658203
2024-02-21,84.70999908447266
2024-02-22,85.81999969482422
2024-02-23,87.29000091552734
2024-02-26,87.27999877929688
2024-02-27,87.22000122070312
2024-02-28,88.27999877929688
2024-02-29,87.58999633789062
2024-03-01,87.16999816894531
2024-03-04,87.13999938964844
2024-03-05,87.38999938964844
2024-03-06,88.81999969482422
2024-03-07,87.69000244140625
2024-03-08,87.61000061035156
2024-03-11,90.30999755859376
2024-03-12,90.91999816894533
2024-03-13,91.0
2024-03-14,91.02999877929688
2024-03-15,91.87999725341795
2024-03-18,91.4000015258789
2024-03-19,91.66999816894533
2024-03-20,92.2300033569336
2024-03-21,90.69000244140624
2024-03-22,90.68000030517578
2024-03-25,90.98999786376952
2024-03-26,90.58999633789062
2024-03-27,91.4800033569336
2024-03-28,92.44000244140624
2024-04-01,92.30999755859376
2024-04-02,91.48999786376952
2024-04-03,92.2300033569336
2024-04-04,91.08999633789062
2024-04-05,94.9000015258789
2024-04-08,94.5500030517578
2024-04-09,91.22000122070312
2024-04-10,92.19000244140624
2024-04-11,91.30999755859376
2024-04-12,89.9800033569336
2024-04-15,89.76000213623047
2024-04-16,90.86000061035156
2024-04-17,90.62999725341795
2024-04-18,91.38999938964844
2024-04-19,92.93000030517578
2024-04-22,93.8499984741211
2024-04-23,93.77999877929688
2024-04-24,93.19000244140624
2024-04-25,93.0500030517578
2024-04-26,90.9000015258789
2024-04-29,91.25
2024-04-30,93.54000091552734
2024-05-01,95.8000030517578
2024-05-02,95.16999816894533
2024-05-03,94.41000366210938
2024-05-06,97.13999938964844
2024-05-07,98.20999908447266
2024-05-08,98.93000030517578
2024-05-09,99.62999725341795
2024-05-10,100.0500030517578
2024-05-13,97.91000366210938
2024-05-14,97.9000015258789
2024-05-15,97.87000274658205
2024-05-16,98.81999969482422
2024-05-17,100.98999786376952
2024-05-20,100.16999816894533
2024-05-21,101.6500015258789
2024-05-22,102.6999969482422
2024-05-23,101.93000030517578
2024-05-24,103.36000061035156
2024-05-28,102.25
2024-05-29,101.5500030517578
2024-05-30,101.41000366210938
2024-05-31,102.62999725341795
2024-06-03,101.6999969482422
2024-06-04,100.86000061035156
2024-06-05,99.68000030517578
2024-06-06,100.08000183105467
2024-06-07,100.56999969482422
2024-06-10,100.58000183105467
2024-06-11,99.58000183105467
2024-06-12,99.16000366210938
2024-06-13,99.1500015258789
2024-06-14,97.26000213623048
2024-06-17,99.20999908447266
2024-06-18,100.8000030517578
2024-06-20,102.4499969482422
2024-06-21,101.88999938964844
2024-06-24,102.43000030517578
2024-06-25,102.1500015258789
2024-06-26,99.7699966430664
2024-06-27,101.0199966430664
2024-06-28,100.88999938964844
2024-07-01,100.6500015258789
2024-07-02,100.0
2024-07-03,97.6500015258789
2024-07-05,98.1500015258789
2024-07-08,98.26000213623048
2024-07-09,98.0
2024-07-10,97.5
2024-07-11,97.0
2024-07-12,96.5
2024-07-15,97.16000366210938
2024-07-16,97.11000061035156
2024-07-17,97.87000274658205
2024-07-18,98.23999786376952
2024-07-19,96.0999984741211
2024-07-22,96.56999969482422
2024-07-23,96.2300033569336
2024-07-24,96.4000015258789
2024-07-25,94.47000122070312
2024-07-26,96.91000366210938
2024-07-29,97.01000213623048
2024-07-30,98.1999969482422
2024-07-31,95.77999877929688
2024-08-01,97.0999984741211
2024-08-02,98.66999816894533
2024-08-05,96.05999755859376
2024-08-06,96.63999938964844
2024-08-07,96.8000030517578
2024-08-08,98.4000015258789
2024-08-09,98.79000091552734
2024-08-12,97.97000122070312
2024-08-13,97.7300033569336
2024-08-14,100.9000015258789
2024-08-15,101.6500015258789
2024-08-16,102.5500030517578
2024-08-19,103.0
2024-08-20,102.8000030517578
2024-08-21,104.5999984741211
2024-08-22,106.51000213623048
2024-08-23,109.0199966430664
2024-08-26,109.48999786376952
2024-08-27,110.68000030517578
2024-08-28,111.01000213623048
2024-08-29,112.80999755859376
2024-08-30,113.08999633789062
2024-09-03,113.25
2024-09-04,113.31999969482422
2024-09-05,112.19000244140624
2024-09-06,110.4499969482422
2024-09-09,111.7300033569336
2024-09-10,111.27999877929688
2024-09-11,109.75
2024-09-12,110.26000213623048
2024-09-13,112.0199966430664
2024-09-16,114.22000122070312
2024-09-17,113.95999908447266
2024-09-18,113.04000091552734
2024-09-19,111.41999816894533
2024-09-20,113.23999786376952
2024-09-23,113.66000366210938
2024-09-24,113.3499984741211
2024-09-25,113.06999969482422
2024-09-26,112.56999969482422
2024-09-27,113.41000366210938
2024-09-30,111.87999725341795
2024-10-01,113.51000213623048
2024-10-02,113.73999786376952
2024-10-03,112.8499984741211
2024-10-04,114.86000061035156
2024-10-07,107.79000091552734
2024-10-08,109.91000366210938
2024-10-09,113.08999633789062
2024-10-10,113.9000015258789
2024-10-11,114.4000015258789
2024-10-14,111.08999633789062
2024-10-15,108.05999755859376
2024-10-16,107.47000122070312
2024-10-17,108.25
2024-10-18,108.52999877929688
2024-10-21,108.5
2024-10-22,107.79000091552734
2024-10-23,107.0
2024-10-24,107.04000091552734
2024-10-25,105.3000030517578
2024-10-28,105.66000366210938
2024-10-29,104.8000030517578
2024-10-30,105.13999938964844
2024-10-31,98.55999755859376
2024-11-01,96.0199966430664
2024-11-04,95.0
2024-11-05,96.5
2024-11-06,101.6999969482422
2024-11-07,99.8000030517578
2024-11-08,101.8499984741211
2024-11-11,100.5
2024-11-12,101.12000274658205
2024-11-13,101.18000030517578
2024-11-14,100.0500030517578
2024-11-15,101.83000183105467
2024-11-18,96.9800033569336
2024-11-19,95.69000244140624
2024-11-20,95.70999908447266
2024-11-21,98.58999633789062
2024-11-22,99.69000244140624
2024-11-25,100.05999755859376
2024-11-26,100.41000366210938
2024-11-27,100.73999786376952
2024-11-29,100.72000122070312
2024-12-02,99.3000030517578
2024-12-03,99.52999877929688
2024-12-04,98.4800033569336
2024-12-05,98.48999786376952
2024-12-06,97.83000183105467
2024-12-09,95.9000015258789
2024-12-10,93.3499984741211
2024-12-11,94.06999969482422
2024-12-12,93.91999816894533
2024-12-13,93.41999816894533
2024-12-16,91.33999633789062
2024-12-17,90.52999877929688
2024-12-18,88.70999908447266
2024-12-19,88.98999786376953
2024-12-20,90.98999786376952
2024-12-23,92.08999633789062
2024-12-24,92.66999816894533
2024-12-26,92.93000030517578
2024-12-27,92.33999633789062
2024-12-30,91.88999938964844
2024-12-31,92.3499984741211
2025-01-02,91.37999725341795
2025-01-03,91.4000015258789
2025-01-06,90.73999786376952
2025-01-07,92.25
2025-01-08,92.66000366210938
2025-01-10,90.16999816894533
2025-01-13,90.83000183105467
2025-01-14,91.98999786376952
2025-01-15,93.62000274658205
2025-01-16,96.0999984741211
2025-01-17,95.51000213623048
2025-01-21,94.87999725341795
2025-01-22,93.20999908447266
2025-01-23,93.0199966430664
2025-01-24,92.76000213623048
2025-01-27,96.5199966430664
2025-01-28,95.20999908447266
2025-01-29,93.81999969482422
2025-01-30,94.58000183105467
2025-01-31,93.06999969482422
2025-02-03,93.0999984741211
2025-02-04,92.7699966430664
2025-02-05,93.05999755859376
2025-02-06,93.87999725341795
2025-02-07,93.5
2025-02-10,91.45999908447266
2025-02-11,89.5999984741211
2025-02-12,88.26000213623047
2025-02-13,90.16000366210938
2025-02-14,88.19999694824219
2025-02-18,88.33000183105469
2025-02-19,88.69000244140625
2025-02-20,89.05000305175781
2025-02-21,88.12999725341797
2025-02-24,89.55000305175781
2025-02-25,90.3499984741211
2025-02-26,89.56999969482422
2025-02-27,92.0999984741211
2025-02-28,92.91000366210938
2025-03-03,92.9800033569336
2025-03-04,91.87000274658205
2025-03-05,91.3499984741211
2025-03-06,91.37999725341795
2025-03-07,91.0
2025-03-10,90.72000122070312
2025-03-11,90.08999633789062
2025-03-12,89.16000366210938
2025-03-13,90.41000366210938
2025-03-14,92.56999969482422
2025-03-17,95.27999877929688
2025-03-18,93.3000030517578
2025-03-19,93.19000244140624
2025-03-20,92.4499969482422
2025-03-21,91.9800033569336
2025-03-24,94.01000213623048
2025-03-25,94.58000183105467
2025-03-26,95.93000030517578
2025-03-27,96.94000244140624
2025-03-28,95.05999755859376
2025-03-31,96.18000030517578
2025-04-01,96.13999938964844
2025-04-02,96.81999969482422
2025-04-03,96.27999877929688
2025-04-04,87.83000183105469
2025-04-07,84.98999786376953
2025-04-08,86.41999816894531
2025-04-09,91.4800033569336
2025-04-10,90.58000183105467
2025-04-11,92.12999725341795
2025-04-14,92.87000274658205
2025-04-15,92.45999908447266
2025-04-16,92.37999725341795
2025-04-17,92.56999969482422
2025-04-21,89.79000091552734
2025-04-22,92.9499969482422
2025-04-23,92.51000213623048
2025-04-24,92.0999984741211
2025-04-25,90.68000030517578
2025-04-28,91.19000244140624
2025-04-29,92.38999938964844
2025-04-30,90.68000030517578
2025-05-01,89.66999816894531
2025-05-02,92.4800033569336
2025-05-05,92.58000183105467
2025-05-06,93.0
2025-05-07,92.69000244140624
2025-05-08,94.55999755859376
2025-05-09,94.54000091552734
2025-05-12,94.62999725341795
2025-05-13,93.41999816894533
2025-05-14,90.8499984741211
2025-05-15,93.54000091552734
2025-05-16,94.58999633789062
2025-05-19,95.16000366210938
2025-05-20,94.19000244140624
2025-05-21,92.8499984741211
2025-05-22,91.97000122070312
2025-05-23,92.06999969482422
2025-05-27,94.62000274658205
2025-05-28,92.9800033569336
2025-05-29,94.1999969482422
2025-05-30,95.04000091552734
2025-06-02,96.2699966430664
2025-06-03,95.81999969482422
2025-06-04,94.75
2025-06-05,94.56999969482422
2025-06-06,95.52999877929688
2025-06-09,92.3499984741211
2025-06-10,89.7699966430664
2025-06-11,89.38999938964844
2025-06-12,91.91000366210938
2025-06-13,90.98999786376952
2025-06-16,91.13999938964844
2025-06-17,90.1500015258789
2025-06-18,90.3000030517578
2025-06-20,90.16999816894533
2025-06-23,91.11000061035156
2025-06-24,90.97000122070312
2025-06-25,89.2300033569336
2025-06-26,90.29000091552734
2025-06-27,90.31999969482422
2025-06-30,91.0500030517578
2025-07-01,91.5
2025-07-02,88.37999725341797
2025-07-03,89.19000244140625
2025-07-07,89.41999816894531
2025-07-08,90.20999908447266
2025-07-09,87.91999816894531
2025-07-10,88.55999755859375
2025-07-11,87.83999633789062
2025-07-14,90.58999633789062
2025-07-15,88.19000244140625
2025-07-16,89.06999969482422
2025-07-17,88.66000366210938
2025-07-18,88.3499984741211
2025-07-21,87.55000305175781
2025-07-22,89.0
2025-07-23,88.62000274658203
2025-07-24,88.0
2025-07-25,88.88999938964844
2025-07-28,86.5
2025-07-29,86.12000274658203
2025-07-30,85.61000061035156
2025-07-31,86.05999755859375
2025-08-01,88.0
2025-08-04,88.51000213623047
2025-08-05,88.66000366210938
2025-08-06,89.76000213623047
2025-08-07,88.86000061035156
2025-08-08,88.83000183105469
2025-08-11,89.87999725341797
2025-08-12,87.77999877929688
2025-08-13,89.94999694824219
2025-08-14,91.45999908447266
2025-08-15,90.72000122070312
2025-08-18,90.3499984741211
2025-08-19,91.83999633789062
2025-08-20,92.83999633789062
2025-08-21,93.54000091552734
2025-08-22,93.41000366210938
2025-08-25,91.87999725341795
2025-08-26,90.9000015258789
2025-08-27,91.70999908447266
2025-08-28,91.1999969482422
2025-08-29,91.52999877929688
2025-09-02,91.31999969482422
2025-09-03,92.9000015258789
2025-09-04,92.22000122070312
2025-09-05,91.29000091552734
2025-09-08,90.9000015258789
2025-09-09,89.61000061035156
2025-09-10,90.5999984741211
2025-09-11,92.29000091552734
2025-09-12,92.26000213623048
2025-09-15,89.86000061035156
2025-09-16,87.37999725341797
2025-09-17,87.3499984741211
2025-09-18,88.19000244140625
2025-09-19,88.4000015258789
2025-09-22,88.02999877929688
2025-09-23,88.45999908447266
2025-09-24,90.76000213623048
2025-09-25,89.56999969482422
2025-09-26,90.87999725341795
2025-09-29,89.83000183105469
2025-09-30,90.7300033569336
2025-10-01,90.30999755859376
2025-10-02,89.08000183105469
2025-10-03,90.79000091552734
2025-10-06,91.3499984741211
2025-10-07,94.0999984741211
2025-10-08,93.0999984741211
2025-10-09,92.2300033569336
2025-10-10,92.47000122070312
2025-10-13,92.25
2025-10-14,92.2300033569336
2025-10-15,89.56999969482422
2025-10-16,86.2300033569336
2025-10-17,86.51000213623047
2025-10-20,86.97000122070312
2025-10-21,87.69999694824219
2025-10-22,87.87999725341797
2025-10-23,87.45999908447266
2025-10-24,87.1500015258789
2025-10-27,85.94000244140625
2025-10-28,84.72000122070312
2025-10-29,85.8499984741211
2025-10-30,86.63999938964844
2025-10-31,86.30999755859375
2025-11-03,86.0
2025-11-04,87.47000122070312
2025-11-05,87.55000305175781
2025-11-06,87.76000213623047
2025-11-07,89.56999969482422
2025-11-10,89.79000091552734
2025-11-11,90.66000366210938
2025-11-12,91.77999877929688
2025-11-13,92.76000213623048
2025-11-14,92.5199966430664
2025-11-17,91.80999755859376
2025-11-18,91.79000091552734
2025-11-19,91.16999816894533
2025-11-20,91.87999725341795
2025-11-21,92.45999908447266
2025-11-24,91.94000244140624
2025-11-25,93.61000061035156
2025-11-26,94.4000015258789
2025-11-28,93.91999816894533
2025-12-01,93.16000366210938
2025-12-02,92.69000244140624
2025-12-03,92.72000122070312
2025-12-04,92.38999938964844
2025-12-05,91.72000122070312
2025-12-08,90.94000244140624
2025-12-09,91.91999816894533
2025-12-10,91.7699966430664
2025-12-11,93.63999938964844
2025-12-12,93.91999816894533
2025-12-15,95.72000122070312
2025-12-16,95.58000183105467
2025-12-17,95.88999938964844
2025-12-18,96.4499969482422
2025-12-19,96.1999969482422
2025-12-22,97.12000274658205
2025-12-23,96.95999908447266
2025-12-24,96.4000015258789
2025-12-26,95.87000274658205
2025-12-29,96.38999938964844
2025-12-30,96.66000366210938
2025-12-31,95.91999816894533
2026-01-02,93.86000061035156
2026-01-05,94.44000244140624
2026-01-06,93.91999816894533
2026-01-07,95.16000366210938
2026-01-08,96.37999725341795
2026-01-09,95.18000030517578
2026-01-12,93.23999786376952
2026-01-13,90.7699966430664
2026-01-14,91.29000091552734
2026-01-15,90.94000244140624
2026-01-16,90.6500015258789
2026-01-20,91.8000030517578
2026-01-21,92.27999877929688
2026-01-22,92.51000213623048
2026-01-23,92.95999908447266
2026-01-26,93.6999969482422
2026-01-27,93.45999908447266
2026-01-28,94.16999816894533
2026-01-29,95.72000122070312
2026-01-30,96.04000091552734
2026-02-02,96.70999908447266
2026-02-03,96.81999969482422
2026-02-04,100.12999725341795
2026-02-05,101.9800033569336
2026-02-06,100.9499969482422
2026-02-09,96.05999755859376
2026-02-10,97.8499984741211
2026-02-11,98.61000061035156
2026-02-12,99.8499984741211
2026-02-13,98.37999725341795
2026-02-17,98.87999725341795
2026-02-18,98.05999755859376
2026-02-19,98.33999633789062
2026-02-20,98.48999786376952
2026-02-23,98.6999969482422
2026-02-24,99.18000030517578
2026-02-25,99.36000061035156
2026-02-26,99.6500015258789
2026-02-27,100.1500015258789
2026-03-02,101.05999755859376
2026-03-03,100.4800033569336
2026-03-04,98.41999816894533
2026-03-05,97.06999969482422
2026-03-06,97.20999908447266
2026-03-09,95.62000274658205
2026-03-10,96.19000244140624
2026-03-11,94.80999755859376
2026-03-12,94.22000122070312
2026-03-13,93.47000122070312
2026-03-16,93.6999969482422
2026-03-17,94.4000015258789
2026-03-18,92.87000274658205
2026-03-19,92.16999816894533
2026-03-20,92.3000030517578
2026-03-23,93.66000366210938
2026-03-24,93.5999984741211
2026-03-25,93.31999969482422
2026-03-26,94.12000274658205
2026-03-27,93.41999816894533
2026-03-30,95.62000274658205
2026-03-31,95.98999786376952
2026-04-01,95.48999786376952
2026-04-02,96.73999786376952
2026-04-06,96.79000091552734
2026-04-07,96.91999816894533
2026-04-08,98.5999984741211
2026-04-09,98.83999633789062
2026-04-10,95.97000122070312
2026-04-13,97.0999984741211
2026-04-14,96.1999969482422
2026-04-15,97.47000122070312
2026-04-16,97.0999984741211
2026-04-17,97.58999633789062
2026-04-20,97.48999786376952
2026-04-21,98.8499984741211
2026-04-22,96.7699966430664
2026-04-23,98.06999969482422
2026-04-24,96.19000244140624
2026-04-27,96.3499984741211
2026-04-28,97.05999755859376
2026-04-29,92.72000122070312
2026-04-30,94.45999908447266
2026-05-01,93.81999969482422
2026-05-04,93.6500015258789
2026-05-05,94.13999938964844
2026-05-06,94.6999969482422
2026-05-07,94.5199966430664
2026-05-08,93.8000030517578
2026-05-11,93.83000183105467
2026-05-12,94.30999755859376
2026-05-13,93.31999969482422
2026-05-14,93.45999908447266
2026-05-15,93.9800033569336
2026-05-18,95.87000274658205
2026-05-19,96.38999938964844
2026-05-20,96.83999633789062
2026-05-21,96.12999725341795
2026-05-22,96.3000030517578
2026-05-26,95.37000274658205
2026-05-27,91.4000015258789
2026-05-28,90.66999816894533
2026-05-29,89.33999633789062
2026-06-01,88.73999786376953
2026-06-02,87.62000274658203
2026-06-03,87.88999938964844
2026-06-04,88.33999633789062
2026-06-05,91.19000244140624
2026-06-08,89.61000061035156
2026-06-09,90.41000366210938
2026-06-10,91.30999755859376
2026-06-11,91.12999725341795
2026-06-12,91.66000366210938
2026-06-15,91.5
2026-06-16,92.58000183105467
2026-06-17,92.37000274658205
2026-06-18,91.18000030517578
2026-06-22,92.04000091552734
2026-06-23,93.70999908447266
2026-06-24,94.91999816894531
2026-06-25,94.33000183105469
2026-06-26,97.54000091552734
