,AMCR
2015-01-02,56.0
2015-01-05,56.0
2015-01-06,56.0
2015-01-07,53.59999847412109
2015-01-08,53.59999847412109
2015-01-09,53.59999847412109
2015-01-12,53.59999847412109
2015-01-13,53.59999847412109
2015-01-14,53.59999847412109
2015-01-15,53.59999847412109
2015-01-16,53.59999847412109
2015-01-20,53.59999847412109
2015-01-21,53.59999847412109
2015-01-22,53.59999847412109
2015-01-23,53.59999847412109
2015-01-26,53.59999847412109
2015-01-27,53.59999847412109
2015-01-28,49.900001525878906
2015-01-29,49.150001525878906
2015-01-30,49.150001525878906
2015-02-02,49.150001525878906
2015-02-03,49.150001525878906
2015-02-04,49.900001525878906
2015-02-05,49.900001525878906
2015-02-06,49.900001525878906
2015-02-09,50.95000076293945
2015-02-10,51.20000076293945
2015-02-11,51.20000076293945
2015-02-12,51.20000076293945
2015-02-13,51.20000076293945
2015-02-17,51.20000076293945
2015-02-18,51.20000076293945
2015-02-19,51.20000076293945
2015-02-20,51.20000076293945
2015-02-23,51.20000076293945
2015-02-24,51.20000076293945
2015-02-25,51.20000076293945
2015-02-26,51.20000076293945
2015-02-27,51.20000076293945
2015-03-02,51.20000076293945
2015-03-03,51.20000076293945
2015-03-04,51.20000076293945
2015-03-05,51.20000076293945
2015-03-06,51.20000076293945
2015-03-09,51.20000076293945
2015-03-10,51.20000076293945
2015-03-11,51.20000076293945
2015-03-12,51.20000076293945
2015-03-13,51.20000076293945
2015-03-16,51.20000076293945
2015-03-17,54.0
2015-03-18,54.0
2015-03-19,54.0
2015-03-20,54.0
2015-03-23,54.0
2015-03-24,54.0
2015-03-25,54.0
2015-03-26,54.0
2015-03-27,54.0
2015-03-30,54.0
2015-03-31,53.04999923706055
2015-04-01,53.04999923706055
2015-04-02,53.04999923706055
2015-04-06,53.04999923706055
2015-04-07,53.04999923706055
2015-04-08,53.04999923706055
2015-04-09,53.04999923706055
2015-04-10,53.04999923706055
2015-04-13,53.04999923706055
2015-04-14,53.04999923706055
2015-04-15,53.04999923706055
2015-04-16,53.04999923706055
2015-04-17,53.04999923706055
2015-04-20,53.04999923706055
2015-04-21,53.04999923706055
2015-04-22,53.04999923706055
2015-04-23,53.04999923706055
2015-04-24,53.04999923706055
2015-04-27,53.04999923706055
2015-04-28,53.04999923706055
2015-04-29,53.04999923706055
2015-04-30,53.04999923706055
2015-05-01,53.04999923706055
2015-05-04,53.04999923706055
2015-05-05,53.04999923706055
2015-05-06,53.04999923706055
2015-05-07,52.25
2015-05-08,53.04999923706055
2015-05-11,53.04999923706055
2015-05-12,53.04999923706055
2015-05-13,53.04999923706055
2015-05-14,53.04999923706055
2015-05-15,53.04999923706055
2015-05-18,53.04999923706055
2015-05-19,53.04999923706055
2015-05-20,53.04999923706055
2015-05-21,53.04999923706055
2015-05-22,53.04999923706055
2015-05-26,53.04999923706055
2015-05-27,53.04999923706055
2015-05-28,53.04999923706055
2015-05-29,53.04999923706055
2015-06-01,53.04999923706055
2015-06-02,53.04999923706055
2015-06-03,53.04999923706055
2015-06-04,53.04999923706055
2015-06-05,53.04999923706055
2015-06-08,53.04999923706055
2015-06-09,53.04999923706055
2015-06-10,53.04999923706055
2015-06-11,53.04999923706055
2015-06-12,53.04999923706055
2015-06-15,53.04999923706055
2015-06-16,53.04999923706055
2015-06-17,53.04999923706055
2015-06-18,53.04999923706055
2015-06-19,53.04999923706055
2015-06-22,53.04999923706055
2015-06-23,53.04999923706055
2015-06-24,53.04999923706055
2015-06-25,53.04999923706055
2015-06-26,53.04999923706055
2015-06-29,53.04999923706055
2015-06-30,53.04999923706055
2015-07-01,53.04999923706055
2015-07-02,53.04999923706055
2015-07-06,53.04999923706055
2015-07-07,53.04999923706055
2015-07-08,53.04999923706055
2015-07-09,53.04999923706055
2015-07-10,53.04999923706055
2015-07-13,53.04999923706055
2015-07-14,53.04999923706055
2015-07-15,53.04999923706055
2015-07-16,53.04999923706055
2015-07-17,53.04999923706055
2015-07-20,53.04999923706055
2015-07-21,53.04999923706055
2015-07-22,52.400001525878906
2015-07-23,52.400001525878906
2015-07-24,52.400001525878906
2015-07-27,52.400001525878906
2015-07-28,52.0
2015-07-29,52.0
2015-07-30,52.0
2015-07-31,52.0
2015-08-03,51.5
2015-08-04,51.5
2015-08-05,51.5
2015-08-06,51.5
2015-08-07,51.5
2015-08-10,51.5
2015-08-11,51.5
2015-08-12,51.5
2015-08-13,51.5
2015-08-14,51.5
2015-08-17,51.5
2015-08-18,51.5
2015-08-19,51.5
2015-08-20,51.5
2015-08-21,51.5
2015-08-24,51.5
2015-08-25,51.5
2015-08-26,51.5
2015-08-27,47.0
2015-08-28,47.0
2015-08-31,47.0
2015-09-01,47.0
2015-09-02,47.0
2015-09-03,47.0
2015-09-04,47.0
2015-09-08,47.0
2015-09-09,47.0
2015-09-10,47.0
2015-09-11,47.0
2015-09-14,47.0
2015-09-15,47.0
2015-09-16,47.0
2015-09-17,47.0
2015-09-18,47.0
2015-09-21,47.0
2015-09-22,47.0
2015-09-23,47.0
2015-09-24,47.0
2015-09-25,47.0
2015-09-28,47.0
2015-09-29,47.0
2015-09-30,47.0
2015-10-01,47.0
2015-10-02,47.0
2015-10-05,47.0
2015-10-06,47.0
2015-10-07,47.0
2015-10-08,47.0
2015-10-09,47.0
2015-10-12,47.0
2015-10-13,47.0
2015-10-14,47.0
2015-10-15,47.20000076293945
2015-10-16,47.20000076293945
2015-10-19,47.20000076293945
2015-10-20,47.20000076293945
2015-10-21,47.20000076293945
2015-10-22,47.20000076293945
2015-10-23,47.20000076293945
2015-10-26,47.20000076293945
2015-10-27,47.20000076293945
2015-10-28,47.20000076293945
2015-10-29,47.20000076293945
2015-10-30,47.20000076293945
2015-11-02,47.20000076293945
2015-11-03,47.20000076293945
2015-11-04,47.20000076293945
2015-11-05,47.150001525878906
2015-11-06,47.150001525878906
2015-11-09,47.150001525878906
2015-11-10,47.150001525878906
2015-11-11,47.150001525878906
2015-11-12,48.29999923706055
2015-11-13,48.29999923706055
2015-11-16,48.29999923706055
2015-11-17,48.29999923706055
2015-11-18,48.29999923706055
2015-11-19,48.29999923706055
2015-11-20,48.29999923706055
2015-11-23,48.29999923706055
2015-11-24,48.29999923706055
2015-11-25,48.29999923706055
2015-11-27,48.29999923706055
2015-11-30,48.29999923706055
2015-12-01,48.29999923706055
2015-12-02,48.29999923706055
2015-12-03,48.29999923706055
2015-12-04,48.29999923706055
2015-12-07,48.29999923706055
2015-12-08,48.29999923706055
2015-12-09,47.650001525878906
2015-12-10,47.650001525878906
2015-12-11,47.650001525878906
2015-12-14,47.650001525878906
2015-12-15,47.650001525878906
2015-12-16,47.650001525878906
2015-12-17,47.650001525878906
2015-12-18,47.650001525878906
2015-12-21,46.79999923706055
2015-12-22,47.650001525878906
2015-12-23,47.650001525878906
2015-12-24,47.650001525878906
2015-12-28,47.650001525878906
2015-12-29,47.650001525878906
2015-12-30,47.650001525878906
2015-12-31,48.25
2016-01-04,48.25
2016-01-05,47.20000076293945
2016-01-06,47.20000076293945
2016-01-07,47.20000076293945
2016-01-08,47.20000076293945
2016-01-11,45.25
2016-01-12,43.5
2016-01-13,43.5
2016-01-14,43.5
2016-01-15,43.5
2016-01-19,43.5
2016-01-20,43.5
2016-01-21,43.5
2016-01-22,43.5
2016-01-25,43.5
2016-01-26,43.5
2016-01-27,43.5
2016-01-28,43.5
2016-01-29,43.5
2016-02-01,43.5
2016-02-02,43.5
2016-02-03,43.5
2016-02-04,43.5
2016-02-05,43.5
2016-02-08,43.5
2016-02-09,43.5
2016-02-10,43.5
2016-02-11,43.5
2016-02-12,43.5
2016-02-16,43.5
2016-02-17,43.5
2016-02-18,43.5
2016-02-19,43.5
2016-02-22,43.5
2016-02-23,43.5
2016-02-24,43.5
2016-02-25,43.5
2016-02-26,43.5
2016-02-29,43.5
2016-03-01,43.5
2016-03-02,43.5
2016-03-03,43.5
2016-03-04,43.5
2016-03-07,43.5
2016-03-08,43.5
2016-03-09,43.5
2016-03-10,52.34999847412109
2016-03-11,52.34999847412109
2016-03-14,52.34999847412109
2016-03-15,52.34999847412109
2016-03-16,52.34999847412109
2016-03-17,52.34999847412109
2016-03-18,52.34999847412109
2016-03-21,52.34999847412109
2016-03-22,52.34999847412109
2016-03-23,52.34999847412109
2016-03-24,52.34999847412109
2016-03-28,52.34999847412109
2016-03-29,52.34999847412109
2016-03-30,52.34999847412109
2016-03-31,52.34999847412109
2016-04-01,52.34999847412109
2016-04-04,52.34999847412109
2016-04-05,52.34999847412109
2016-04-06,52.34999847412109
2016-04-07,54.25
2016-04-08,54.25
2016-04-11,55.0
2016-04-12,55.0
2016-04-13,55.0
2016-04-14,55.0
2016-04-15,55.0
2016-04-18,55.0
2016-04-19,55.0
2016-04-20,55.0
2016-04-21,55.0
2016-04-22,55.0
2016-04-25,55.0
2016-04-26,55.0
2016-04-27,55.0
2016-04-28,55.0
2016-04-29,55.0
2016-05-02,55.0
2016-05-03,55.0
2016-05-04,58.79999923706055
2016-05-05,58.79999923706055
2016-05-06,58.79999923706055
2016-05-09,58.79999923706055
2016-05-10,58.79999923706055
2016-05-11,58.79999923706055
2016-05-12,58.79999923706055
2016-05-13,58.79999923706055
2016-05-16,58.79999923706055
2016-05-17,58.79999923706055
2016-05-18,58.79999923706055
2016-05-19,58.79999923706055
2016-05-20,58.79999923706055
2016-05-23,58.79999923706055
2016-05-24,58.79999923706055
2016-05-25,58.79999923706055
2016-05-26,58.79999923706055
2016-05-27,58.79999923706055
2016-05-31,58.79999923706055
2016-06-01,58.79999923706055
2016-06-02,58.79999923706055
2016-06-03,58.79999923706055
2016-06-06,58.79999923706055
2016-06-07,59.59999847412109
2016-06-08,59.59999847412109
2016-06-09,55.900001525878906
2016-06-10,55.900001525878906
2016-06-13,55.900001525878906
2016-06-14,55.900001525878906
2016-06-15,55.900001525878906
2016-06-16,55.900001525878906
2016-06-17,55.900001525878906
2016-06-20,55.900001525878906
2016-06-21,55.900001525878906
2016-06-22,55.900001525878906
2016-06-23,55.900001525878906
2016-06-24,55.900001525878906
2016-06-27,55.900001525878906
2016-06-28,55.900001525878906
2016-06-29,55.900001525878906
2016-06-30,55.900001525878906
2016-07-01,55.5
2016-07-05,55.5
2016-07-06,55.5
2016-07-07,55.5
2016-07-08,55.5
2016-07-11,55.5
2016-07-12,55.5
2016-07-13,55.5
2016-07-14,55.5
2016-07-15,55.5
2016-07-18,55.5
2016-07-19,55.5
2016-07-20,55.5
2016-07-21,55.5
2016-07-22,55.5
2016-07-25,55.5
2016-07-26,55.5
2016-07-27,55.5
2016-07-28,56.25
2016-07-29,56.25
2016-08-01,56.25
2016-08-02,56.25
2016-08-03,56.25
2016-08-04,56.25
2016-08-05,56.25
2016-08-08,56.25
2016-08-09,56.25
2016-08-10,56.25
2016-08-11,56.25
2016-08-12,56.25
2016-08-15,56.25
2016-08-16,56.25
2016-08-17,58.54999923706055
2016-08-18,58.54999923706055
2016-08-19,58.54999923706055
2016-08-22,58.54999923706055
2016-08-23,58.54999923706055
2016-08-24,58.54999923706055
2016-08-25,58.54999923706055
2016-08-26,58.54999923706055
2016-08-29,58.54999923706055
2016-08-30,58.54999923706055
2016-08-31,58.54999923706055
2016-09-01,58.54999923706055
2016-09-02,58.54999923706055
2016-09-06,58.54999923706055
2016-09-07,58.54999923706055
2016-09-08,58.54999923706055
2016-09-09,58.54999923706055
2016-09-12,58.54999923706055
2016-09-13,58.54999923706055
2016-09-14,58.54999923706055
2016-09-15,58.54999923706055
2016-09-16,58.54999923706055
2016-09-19,58.54999923706055
2016-09-20,58.54999923706055
2016-09-21,58.54999923706055
2016-09-22,58.54999923706055
2016-09-23,58.54999923706055
2016-09-26,58.54999923706055
2016-09-27,58.54999923706055
2016-09-28,58.54999923706055
2016-09-29,58.54999923706055
2016-09-30,58.54999923706055
2016-10-03,58.54999923706055
2016-10-04,58.54999923706055
2016-10-05,58.54999923706055
2016-10-06,58.54999923706055
2016-10-07,58.54999923706055
2016-10-10,58.54999923706055
2016-10-11,58.54999923706055
2016-10-12,58.54999923706055
2016-10-13,58.54999923706055
2016-10-14,58.54999923706055
2016-10-17,58.54999923706055
2016-10-18,58.54999923706055
2016-10-19,58.54999923706055
2016-10-20,58.54999923706055
2016-10-21,58.54999923706055
2016-10-24,58.54999923706055
2016-10-25,58.54999923706055
2016-10-26,58.54999923706055
2016-10-27,58.54999923706055
2016-10-28,58.54999923706055
2016-10-31,58.54999923706055
2016-11-01,58.54999923706055
2016-11-02,58.54999923706055
2016-11-03,58.54999923706055
2016-11-04,58.54999923706055
2016-11-07,58.54999923706055
2016-11-08,58.54999923706055
2016-11-09,58.54999923706055
2016-11-10,58.54999923706055
2016-11-11,58.54999923706055
2016-11-14,58.54999923706055
2016-11-15,58.54999923706055
2016-11-16,58.54999923706055
2016-11-17,58.54999923706055
2016-11-18,58.54999923706055
2016-11-21,58.54999923706055
2016-11-22,58.54999923706055
2016-11-23,58.54999923706055
2016-11-25,58.54999923706055
2016-11-28,58.54999923706055
2016-11-29,58.54999923706055
2016-11-30,58.54999923706055
2016-12-01,58.54999923706055
2016-12-02,58.54999923706055
2016-12-05,58.54999923706055
2016-12-06,58.54999923706055
2016-12-07,58.54999923706055
2016-12-08,58.54999923706055
2016-12-09,54.20000076293945
2016-12-12,54.20000076293945
2016-12-13,53.150001525878906
2016-12-14,53.150001525878906
2016-12-15,53.150001525878906
2016-12-16,53.150001525878906
2016-12-19,53.150001525878906
2016-12-20,53.150001525878906
2016-12-21,53.150001525878906
2016-12-22,53.150001525878906
2016-12-23,53.150001525878906
2016-12-27,53.150001525878906
2016-12-28,53.150001525878906
2016-12-29,53.150001525878906
2016-12-30,53.150001525878906
2017-01-03,53.150001525878906
2017-01-04,53.150001525878906
2017-01-05,53.150001525878906
2017-01-06,53.150001525878906
2017-01-09,53.150001525878906
2017-01-10,53.150001525878906
2017-01-11,53.150001525878906
2017-01-12,53.150001525878906
2017-01-13,53.150001525878906
2017-01-17,53.150001525878906
2017-01-18,53.150001525878906
2017-01-19,53.150001525878906
2017-01-20,53.150001525878906
2017-01-23,53.150001525878906
2017-01-24,53.150001525878906
2017-01-25,53.150001525878906
2017-01-26,53.150001525878906
2017-01-27,53.150001525878906
2017-01-30,53.150001525878906
2017-01-31,53.150001525878906
2017-02-01,53.150001525878906
2017-02-02,53.150001525878906
2017-02-03,53.150001525878906
2017-02-06,53.150001525878906
2017-02-07,53.150001525878906
2017-02-08,53.150001525878906
2017-02-09,53.150001525878906
2017-02-10,53.150001525878906
2017-02-13,53.150001525878906
2017-02-14,53.150001525878906
2017-02-15,53.150001525878906
2017-02-16,53.150001525878906
2017-02-17,53.150001525878906
2017-02-21,53.150001525878906
2017-02-22,53.150001525878906
2017-02-23,53.150001525878906
2017-02-24,53.150001525878906
2017-02-27,53.150001525878906
2017-02-28,53.150001525878906
2017-03-01,53.150001525878906
2017-03-02,53.150001525878906
2017-03-03,53.150001525878906
2017-03-06,53.150001525878906
2017-03-07,53.650001525878906
2017-03-08,53.650001525878906
2017-03-09,52.84999847412109
2017-03-10,52.84999847412109
2017-03-13,52.84999847412109
2017-03-14,52.84999847412109
2017-03-15,52.84999847412109
2017-03-16,54.5
2017-03-17,54.5
2017-03-20,54.5
2017-03-21,55.95000076293945
2017-03-22,55.95000076293945
2017-03-23,55.95000076293945
2017-03-24,55.95000076293945
2017-03-27,57.5
2017-03-28,57.5
2017-03-29,57.5
2017-03-30,57.75
2017-03-31,57.75
2017-04-03,57.75
2017-04-04,57.75
2017-04-05,57.75
2017-04-06,56.25
2017-04-07,56.25
2017-04-10,56.25
2017-04-11,56.25
2017-04-12,56.25
2017-04-13,56.25
2017-04-17,56.25
2017-04-18,56.25
2017-04-19,56.25
2017-04-20,56.25
2017-04-21,56.25
2017-04-24,56.25
2017-04-25,56.25
2017-04-26,58.54999923706055
2017-04-27,58.54999923706055
2017-04-28,58.0
2017-05-01,58.0
2017-05-02,58.0
2017-05-03,58.0
2017-05-04,58.0
2017-05-05,58.0
2017-05-08,58.0
2017-05-09,58.0
2017-05-10,56.54999923706055
2017-05-11,56.54999923706055
2017-05-12,56.54999923706055
2017-05-15,56.54999923706055
2017-05-16,56.54999923706055
2017-05-17,56.54999923706055
2017-05-18,55.0
2017-05-19,55.0
2017-05-22,55.0
2017-05-23,55.0
2017-05-24,55.0
2017-05-25,55.0
2017-05-26,55.0
2017-05-30,55.0
2017-05-31,55.0
2017-06-01,57.5
2017-06-02,58.75
2017-06-05,58.75
2017-06-06,58.75
2017-06-07,59.0
2017-06-08,59.0
2017-06-09,59.0
2017-06-12,59.0
2017-06-13,59.0
2017-06-14,59.0
2017-06-15,60.25
2017-06-16,60.25
2017-06-19,60.25
2017-06-20,60.25
2017-06-21,60.25
2017-06-22,60.25
2017-06-23,60.25
2017-06-26,60.25
2017-06-27,60.25
2017-06-28,60.25
2017-06-29,62.150001525878906
2017-06-30,62.150001525878906
2017-07-03,62.150001525878906
2017-07-05,62.150001525878906
2017-07-06,62.150001525878906
2017-07-07,62.150001525878906
2017-07-10,62.150001525878906
2017-07-11,62.150001525878906
2017-07-12,62.150001525878906
2017-07-13,60.75
2017-07-14,60.75
2017-07-17,60.75
2017-07-18,60.75
2017-07-19,60.75
2017-07-20,60.75
2017-07-21,60.75
2017-07-24,60.75
2017-07-25,60.75
2017-07-26,60.75
2017-07-27,61.5
2017-07-28,61.5
2017-07-31,61.5
2017-08-01,61.5
2017-08-02,61.5
2017-08-03,61.5
2017-08-04,61.5
2017-08-07,61.5
2017-08-08,61.5
2017-08-09,61.5
2017-08-10,61.5
2017-08-11,61.5
2017-08-14,61.5
2017-08-15,61.5
2017-08-16,61.5
2017-08-17,61.5
2017-08-18,63.0
2017-08-21,62.5
2017-08-22,63.84999847412109
2017-08-23,63.84999847412109
2017-08-24,63.84999847412109
2017-08-25,63.84999847412109
2017-08-28,63.84999847412109
2017-08-29,63.84999847412109
2017-08-30,63.84999847412109
2017-08-31,63.84999847412109
2017-09-01,63.84999847412109
2017-09-05,63.84999847412109
2017-09-06,63.84999847412109
2017-09-07,63.84999847412109
2017-09-08,63.84999847412109
2017-09-11,63.84999847412109
2017-09-12,63.84999847412109
2017-09-13,63.84999847412109
2017-09-14,63.84999847412109
2017-09-15,63.84999847412109
2017-09-18,63.84999847412109
2017-09-19,63.84999847412109
2017-09-20,63.84999847412109
2017-09-21,63.84999847412109
2017-09-22,63.84999847412109
2017-09-25,63.84999847412109
2017-09-26,63.84999847412109
2017-09-27,60.25
2017-09-28,60.25
2017-09-29,60.25
2017-10-02,60.25
2017-10-03,60.25
2017-10-04,60.25
2017-10-05,60.25
2017-10-06,60.25
2017-10-09,60.25
2017-10-10,60.25
2017-10-11,60.25
2017-10-12,60.25
2017-10-13,60.25
2017-10-16,60.25
2017-10-17,60.25
2017-10-18,60.25
2017-10-19,60.25
2017-10-20,60.25
2017-10-23,60.25
2017-10-24,60.25
2017-10-25,60.25
2017-10-26,60.25
2017-10-27,60.25
2017-10-30,60.25
2017-10-31,60.25
2017-11-01,60.25
2017-11-02,60.25
2017-11-03,60.25
2017-11-06,60.25
2017-11-07,60.25
2017-11-08,60.25
2017-11-09,60.25
2017-11-10,60.25
2017-11-13,60.25
2017-11-14,60.25
2017-11-15,60.25
2017-11-16,56.84999847412109
2017-11-17,56.84999847412109
2017-11-20,56.84999847412109
2017-11-21,56.84999847412109
2017-11-22,56.84999847412109
2017-11-24,56.84999847412109
2017-11-27,56.84999847412109
2017-11-28,56.84999847412109
2017-11-29,56.5
2017-11-30,56.5
2017-12-01,56.5
2017-12-04,56.5
2017-12-05,56.5
2017-12-06,56.5
2017-12-07,56.5
2017-12-08,56.5
2017-12-11,56.5
2017-12-12,56.5
2017-12-13,56.5
2017-12-14,56.5
2017-12-15,56.5
2017-12-18,56.5
2017-12-19,56.5
2017-12-20,56.5
2017-12-21,56.5
2017-12-22,56.5
2017-12-26,59.0
2017-12-27,59.0
2017-12-28,59.0
2017-12-29,59.0
2018-01-02,59.0
2018-01-03,59.0
2018-01-04,59.0
2018-01-05,59.0
2018-01-08,59.0
2018-01-09,59.0
2018-01-10,59.0
2018-01-11,59.0
2018-01-12,59.0
2018-01-16,59.0
2018-01-17,58.0
2018-01-18,58.0
2018-01-19,58.0
2018-01-22,58.0
2018-01-23,57.95000076293945
2018-01-24,58.75
2018-01-25,58.75
2018-01-26,58.75
2018-01-29,58.75
2018-01-30,58.75
2018-01-31,58.75
2018-02-01,58.75
2018-02-02,58.75
2018-02-05,58.75
2018-02-06,58.75
2018-02-07,58.75
2018-02-08,58.75
2018-02-09,58.75
2018-02-12,58.75
2018-02-13,57.20000076293945
2018-02-14,57.20000076293945
2018-02-15,55.25
2018-02-16,54.5
2018-02-20,54.5
2018-02-21,54.5
2018-02-22,54.5
2018-02-23,55.54999923706055
2018-02-26,55.54999923706055
2018-02-27,55.54999923706055
2018-02-28,55.54999923706055
2018-03-01,55.54999923706055
2018-03-02,53.70000076293945
2018-03-05,53.70000076293945
2018-03-06,53.70000076293945
2018-03-07,53.70000076293945
2018-03-08,53.70000076293945
2018-03-09,53.70000076293945
2018-03-12,53.70000076293945
2018-03-13,53.70000076293945
2018-03-14,53.70000076293945
2018-03-15,53.70000076293945
2018-03-16,55.09999847412109
2018-03-19,55.09999847412109
2018-03-20,55.09999847412109
2018-03-21,55.09999847412109
2018-03-22,55.09999847412109
2018-03-23,55.09999847412109
2018-03-26,55.09999847412109
2018-03-27,55.09999847412109
2018-03-28,53.75
2018-03-29,53.75
2018-04-02,53.75
2018-04-03,53.75
2018-04-04,53.75
2018-04-05,53.75
2018-04-06,52.75
2018-04-09,52.75
2018-04-10,53.75
2018-04-11,53.75
2018-04-12,53.75
2018-04-13,53.75
2018-04-16,53.75
2018-04-17,54.59999847412109
2018-04-18,54.25
2018-04-19,54.25
2018-04-20,54.25
2018-04-23,54.25
2018-04-24,54.25
2018-04-25,54.25
2018-04-26,54.25
2018-04-27,54.25
2018-04-30,54.25
2018-05-01,51.0
2018-05-02,51.0
2018-05-03,51.0
2018-05-04,51.0
2018-05-07,51.0
2018-05-08,51.0
2018-05-09,52.150001525878906
2018-05-10,52.150001525878906
2018-05-11,52.09999847412109
2018-05-14,52.09999847412109
2018-05-15,52.09999847412109
2018-05-16,52.09999847412109
2018-05-17,52.09999847412109
2018-05-18,52.09999847412109
2018-05-21,52.09999847412109
2018-05-22,52.09999847412109
2018-05-23,52.09999847412109
2018-05-24,52.09999847412109
2018-05-25,52.09999847412109
2018-05-29,52.09999847412109
2018-05-30,52.09999847412109
2018-05-31,52.09999847412109
2018-06-01,52.09999847412109
2018-06-04,52.09999847412109
2018-06-05,52.09999847412109
2018-06-06,52.09999847412109
2018-06-07,52.5
2018-06-08,52.5
2018-06-11,52.5
2018-06-12,52.5
2018-06-13,52.900001525878906
2018-06-14,52.900001525878906
2018-06-15,50.75
2018-06-18,50.75
2018-06-19,50.0
2018-06-20,50.0
2018-06-21,50.0
2018-06-22,50.0
2018-06-25,50.0
2018-06-26,50.0
2018-06-27,53.5
2018-06-28,52.5
2018-06-29,52.5
2018-07-02,52.5
2018-07-03,50.75
2018-07-05,51.900001525878906
2018-07-06,52.25
2018-07-09,52.25
2018-07-10,52.25
2018-07-11,52.25
2018-07-12,52.70000076293945
2018-07-13,52.70000076293945
2018-07-16,52.70000076293945
2018-07-17,52.70000076293945
2018-07-18,52.70000076293945
2018-07-19,52.70000076293945
2018-07-20,52.70000076293945
2018-07-23,52.70000076293945
2018-07-24,52.70000076293945
2018-07-25,52.70000076293945
2018-07-26,52.70000076293945
2018-07-27,52.70000076293945
2018-07-30,52.70000076293945
2018-07-31,55.5
2018-08-01,55.5
2018-08-02,55.5
2018-08-03,55.5
2018-08-06,55.5
2018-08-07,55.5
2018-08-08,53.0
2018-08-09,53.0
2018-08-10,51.5
2018-08-13,51.5
2018-08-14,51.5
2018-08-15,51.5
2018-08-16,51.5
2018-08-17,51.5
2018-08-20,51.5
2018-08-21,52.0
2018-08-22,52.0
2018-08-23,52.0
2018-08-24,52.0
2018-08-27,52.0
2018-08-28,51.650001525878906
2018-08-29,51.650001525878906
2018-08-30,51.650001525878906
2018-08-31,51.650001525878906
2018-09-04,51.650001525878906
2018-09-05,51.650001525878906
2018-09-06,51.650001525878906
2018-09-07,51.650001525878906
2018-09-10,51.650001525878906
2018-09-11,49.25
2018-09-12,50.150001525878906
2018-09-13,50.150001525878906
2018-09-14,50.150001525878906
2018-09-17,50.150001525878906
2018-09-18,50.150001525878906
2018-09-19,48.75
2018-09-20,48.75
2018-09-21,48.75
2018-09-24,48.75
2018-09-25,48.75
2018-09-26,49.5
2018-09-27,49.75
2018-09-28,49.75
2018-10-01,49.5
2018-10-02,49.5
2018-10-03,47.75
2018-10-04,47.75
2018-10-05,47.0
2018-10-08,47.0
2018-10-09,47.0
2018-10-10,46.04999923706055
2018-10-11,46.04999923706055
2018-10-12,46.04999923706055
2018-10-15,46.5
2018-10-16,46.5
2018-10-17,46.5
2018-10-18,46.5
2018-10-19,45.0
2018-10-22,45.0
2018-10-23,45.0
2018-10-24,45.0
2018-10-25,45.0
2018-10-26,45.0
2018-10-29,45.0
2018-10-30,45.0
2018-10-31,45.0
2018-11-01,45.0
2018-11-02,45.0
2018-11-05,45.0
2018-11-06,47.95000076293945
2018-11-07,47.95000076293945
2018-11-08,48.75
2018-11-09,48.5
2018-11-12,48.0
2018-11-13,48.75
2018-11-14,48.79999923706055
2018-11-15,49.75
2018-11-16,49.75
2018-11-19,49.75
2018-11-20,48.5
2018-11-21,48.5
2018-11-23,48.5
2018-11-26,48.5
2018-11-27,48.5
2018-11-28,47.84999847412109
2018-11-29,49.29999923706055
2018-11-30,49.29999923706055
2018-12-03,49.29999923706055
2018-12-04,49.29999923706055
2018-12-06,49.29999923706055
2018-12-07,49.29999923706055
2018-12-10,49.29999923706055
2018-12-11,47.79999923706055
2018-12-12,48.0
2018-12-13,48.0
2018-12-14,48.0
2018-12-17,47.5
2018-12-18,47.5
2018-12-19,47.5
2018-12-20,46.25
2018-12-21,45.0
2018-12-24,45.0
2018-12-26,43.75
2018-12-27,43.75
2018-12-28,46.5
2018-12-31,46.5
2019-01-02,46.5
2019-01-03,46.5
2019-01-04,46.5
2019-01-07,47.5
2019-01-08,47.20000076293945
2019-01-09,47.25
2019-01-10,47.54999923706055
2019-01-11,47.54999923706055
2019-01-14,47.54999923706055
2019-01-15,46.75
2019-01-16,46.75
2019-01-17,47.84999847412109
2019-01-18,47.75
2019-01-22,47.75
2019-01-23,48.45000076293945
2019-01-24,48.45000076293945
2019-01-25,48.45000076293945
2019-01-28,48.45000076293945
2019-01-29,48.45000076293945
2019-01-30,48.45000076293945
2019-01-31,48.45000076293945
2019-02-01,48.45000076293945
2019-02-04,48.45000076293945
2019-02-05,50.45000076293945
2019-02-06,50.45000076293945
2019-02-07,51.5
2019-02-08,51.5
2019-02-11,51.34999847412109
2019-02-12,51.34999847412109
2019-02-13,51.34999847412109
2019-02-14,51.34999847412109
2019-02-15,51.34999847412109
2019-02-19,51.34999847412109
2019-02-20,51.34999847412109
2019-02-21,51.34999847412109
2019-02-22,51.34999847412109
2019-02-25,53.5
2019-02-26,53.5
2019-02-27,53.5
2019-02-28,53.5
2019-03-01,53.5
2019-03-04,53.5
2019-03-05,51.5
2019-03-06,51.70000076293945
2019-03-07,51.70000076293945
2019-03-08,51.70000076293945
2019-03-11,51.70000076293945
2019-03-12,52.45000076293945
2019-03-13,52.34999847412109
2019-03-14,52.34999847412109
2019-03-15,52.34999847412109
2019-03-18,52.34999847412109
2019-03-19,52.34999847412109
2019-03-20,52.34999847412109
2019-03-21,53.45000076293945
2019-03-22,54.0
2019-03-25,53.900001525878906
2019-03-26,53.900001525878906
2019-03-27,54.0
2019-03-28,53.75
2019-03-29,53.75
2019-04-01,55.400001525878906
2019-04-02,55.400001525878906
2019-04-03,55.400001525878906
2019-04-04,55.400001525878906
2019-04-05,54.150001525878906
2019-04-08,55.09999847412109
2019-04-09,56.25
2019-04-10,56.25
2019-04-11,56.25
2019-04-12,56.25
2019-04-15,56.25
2019-04-16,55.75
2019-04-17,55.04999923706055
2019-04-18,55.04999923706055
2019-04-22,54.650001525878906
2019-04-23,55.5
2019-04-24,55.5
2019-04-25,55.0
2019-04-26,55.0
2019-04-29,55.0
2019-04-30,55.0
2019-05-01,55.0
2019-05-02,55.0
2019-05-03,58.45000076293945
2019-05-06,58.45000076293945
2019-05-07,58.45000076293945
2019-05-08,58.45000076293945
2019-05-09,58.45000076293945
2019-05-10,58.45000076293945
2019-05-13,58.45000076293945
2019-05-14,58.45000076293945
2019-05-15,58.45000076293945
2019-05-16,58.45000076293945
2019-05-17,58.45000076293945
2019-05-20,58.45000076293945
2019-05-21,58.45000076293945
2019-05-22,58.45000076293945
2019-05-23,58.45000076293945
2019-05-24,58.45000076293945
2019-05-28,58.45000076293945
2019-05-29,58.45000076293945
2019-05-30,58.45000076293945
2019-05-31,55.75
2019-06-03,55.75
2019-06-04,55.75
2019-06-05,55.75
2019-06-06,55.75
2019-06-07,55.75
2019-06-10,55.75
2019-06-11,55.900001525878906
2019-06-12,56.09999847412109
2019-06-13,54.900001525878906
2019-06-14,54.650001525878906
2019-06-17,53.25
2019-06-18,54.0
2019-06-19,52.95000076293945
2019-06-20,54.34999847412109
2019-06-21,55.09999847412109
2019-06-24,55.70000076293945
2019-06-25,57.29999923706055
2019-06-26,57.54999923706055
2019-06-27,57.45000076293945
2019-06-28,57.45000076293945
2019-07-01,57.150001525878906
2019-07-02,57.900001525878906
2019-07-03,58.400001525878906
2019-07-05,58.04999923706055
2019-07-08,57.20000076293945
2019-07-09,55.09999847412109
2019-07-10,54.79999923706055
2019-07-11,55.400001525878906
2019-07-12,55.75
2019-07-15,55.400001525878906
2019-07-16,54.5
2019-07-17,55.900001525878906
2019-07-18,56.400001525878906
2019-07-19,56.34999847412109
2019-07-22,53.70000076293945
2019-07-23,54.29999923706055
2019-07-24,53.95000076293945
2019-07-25,54.900001525878906
2019-07-26,54.79999923706055
2019-07-29,54.34999847412109
2019-07-30,53.04999923706055
2019-07-31,53.0
2019-08-01,52.54999923706055
2019-08-02,52.70000076293945
2019-08-05,51.5
2019-08-06,51.20000076293945
2019-08-07,52.150001525878906
2019-08-08,53.04999923706055
2019-08-09,52.34999847412109
2019-08-12,51.34999847412109
2019-08-13,52.150001525878906
2019-08-14,49.75
2019-08-15,48.5
2019-08-16,49.59999847412109
2019-08-19,50.54999923706055
2019-08-20,49.84999847412109
2019-08-21,48.25
2019-08-22,47.70000076293945
2019-08-23,47.20000076293945
2019-08-26,48.59999847412109
2019-08-27,48.900001525878906
2019-08-28,48.54999923706055
2019-08-29,48.70000076293945
2019-08-30,49.09999847412109
2019-09-03,48.54999923706055
2019-09-04,48.54999923706055
2019-09-05,48.84999847412109
2019-09-06,49.34999847412109
2019-09-09,49.04999923706055
2019-09-10,50.29999923706055
2019-09-11,50.70000076293945
2019-09-12,50.5
2019-09-13,51.09999847412109
2019-09-16,48.34999847412109
2019-09-17,48.79999923706055
2019-09-18,49.09999847412109
2019-09-19,48.95000076293945
2019-09-20,48.29999923706055
2019-09-23,48.25
2019-09-24,48.0
2019-09-25,48.25
2019-09-26,48.04999923706055
2019-09-27,48.650001525878906
2019-09-30,48.75
2019-10-01,47.75
2019-10-02,47.09999847412109
2019-10-03,47.75
2019-10-04,47.45000076293945
2019-10-07,46.95000076293945
2019-10-08,46.150001525878906
2019-10-09,46.59999847412109
2019-10-10,46.59999847412109
2019-10-11,48.0
2019-10-14,47.95000076293945
2019-10-15,47.95000076293945
2019-10-16,46.95000076293945
2019-10-17,47.95000076293945
2019-10-18,47.95000076293945
2019-10-21,48.400001525878906
2019-10-22,48.29999923706055
2019-10-23,48.54999923706055
2019-10-24,47.34999847412109
2019-10-25,48.59999847412109
2019-10-28,47.900001525878906
2019-10-29,47.400001525878906
2019-10-30,47.79999923706055
2019-10-31,47.59999847412109
2019-11-01,48.650001525878906
2019-11-04,49.45000076293945
2019-11-05,50.0
2019-11-06,49.84999847412109
2019-11-07,48.900001525878906
2019-11-08,48.84999847412109
2019-11-11,49.04999923706055
2019-11-12,49.150001525878906
2019-11-13,49.29999923706055
2019-11-14,49.75
2019-11-15,50.09999847412109
2019-11-18,50.09999847412109
2019-11-19,50.70000076293945
2019-11-20,49.150001525878906
2019-11-21,49.5
2019-11-22,50.29999923706055
2019-11-25,50.54999923706055
2019-11-26,50.75
2019-11-27,51.5
2019-11-29,51.29999923706055
2019-12-02,50.84999847412109
2019-12-03,50.34999847412109
2019-12-04,50.900001525878906
2019-12-05,51.650001525878906
2019-12-06,52.34999847412109
2019-12-09,52.150001525878906
2019-12-10,51.75
2019-12-11,52.400001525878906
2019-12-12,53.400001525878906
2019-12-13,52.79999923706055
2019-12-16,53.79999923706055
2019-12-17,54.04999923706055
2019-12-18,53.84999847412109
2019-12-19,54.0
2019-12-20,53.84999847412109
2019-12-23,54.54999923706055
2019-12-24,53.95000076293945
2019-12-26,54.25
2019-12-27,54.75
2019-12-30,54.25
2019-12-31,54.20000076293945
2020-01-02,53.150001525878906
2020-01-03,52.45000076293945
2020-01-06,52.09999847412109
2020-01-07,51.650001525878906
2020-01-08,51.84999847412109
2020-01-09,52.0
2020-01-10,52.25
2020-01-13,53.45000076293945
2020-01-14,53.09999847412109
2020-01-15,53.34999847412109
2020-01-16,54.09999847412109
2020-01-17,54.5
2020-01-21,53.5
2020-01-22,53.650001525878906
2020-01-23,53.650001525878906
2020-01-24,52.45000076293945
2020-01-27,53.84999847412109
2020-01-28,54.45000076293945
2020-01-29,54.25
2020-01-30,54.150001525878906
2020-01-31,52.95000076293945
2020-02-03,53.400001525878906
2020-02-04,54.34999847412109
2020-02-05,55.09999847412109
2020-02-06,55.04999923706055
2020-02-07,54.09999847412109
2020-02-10,54.04999923706055
2020-02-11,54.84999847412109
2020-02-12,52.34999847412109
2020-02-13,50.79999923706055
2020-02-14,51.04999923706055
2020-02-18,51.04999923706055
2020-02-19,50.900001525878906
2020-02-20,51.34999847412109
2020-02-21,51.20000076293945
2020-02-24,49.650001525878906
2020-02-25,48.34999847412109
2020-02-26,48.79999923706055
2020-02-27,47.29999923706055
2020-02-28,46.59999847412109
2020-03-02,48.95000076293945
2020-03-03,47.95000076293945
2020-03-04,48.84999847412109
2020-03-05,46.95000076293945
2020-03-06,46.59999847412109
2020-03-09,44.400001525878906
2020-03-10,44.84999847412109
2020-03-11,39.95000076293945
2020-03-12,33.5
2020-03-13,34.099998474121094
2020-03-16,29.75
2020-03-17,31.14999961853028
2020-03-18,31.950000762939453
2020-03-19,37.150001525878906
2020-03-20,36.5
2020-03-23,33.099998474121094
2020-03-24,37.59999847412109
2020-03-25,38.54999923706055
2020-03-26,40.650001525878906
2020-03-27,39.0
2020-03-30,41.400001525878906
2020-03-31,40.59999847412109
2020-04-01,39.29999923706055
2020-04-02,40.900001525878906
2020-04-03,39.20000076293945
2020-04-06,41.09999847412109
2020-04-07,40.650001525878906
2020-04-08,42.54999923706055
2020-04-09,45.79999923706055
2020-04-13,44.5
2020-04-14,45.20000076293945
2020-04-15,43.25
2020-04-16,42.29999923706055
2020-04-17,43.900001525878906
2020-04-20,43.20000076293945
2020-04-21,41.29999923706055
2020-04-22,41.79999923706055
2020-04-23,41.04999923706055
2020-04-24,42.09999847412109
2020-04-27,43.400001525878906
2020-04-28,45.09999847412109
2020-04-29,46.20000076293945
2020-04-30,44.84999847412109
2020-05-01,43.400001525878906
2020-05-04,43.45000076293945
2020-05-05,42.900001525878906
2020-05-06,42.400001525878906
2020-05-07,43.04999923706055
2020-05-08,44.84999847412109
2020-05-11,44.150001525878906
2020-05-12,45.54999923706055
2020-05-13,45.54999923706055
2020-05-14,45.45000076293945
2020-05-15,45.5
2020-05-18,48.20000076293945
2020-05-19,47.0
2020-05-20,47.25
2020-05-21,47.400001525878906
2020-05-22,48.0
2020-05-26,50.0
2020-05-27,49.29999923706055
2020-05-28,50.0
2020-05-29,51.04999923706055
2020-06-01,50.900001525878906
2020-06-02,51.650001525878906
2020-06-03,52.5
2020-06-04,52.650001525878906
2020-06-05,54.400001525878906
2020-06-08,52.5
2020-06-09,51.0
2020-06-10,49.09999847412109
2020-06-11,45.95000076293945
2020-06-12,49.04999923706055
2020-06-15,51.0
2020-06-16,51.29999923706055
2020-06-17,51.34999847412109
2020-06-18,51.400001525878906
2020-06-19,51.54999923706055
2020-06-22,51.34999847412109
2020-06-23,51.20000076293945
2020-06-24,49.79999923706055
2020-06-25,50.04999923706055
2020-06-26,48.34999847412109
2020-06-29,49.75
2020-06-30,51.04999923706055
2020-07-01,51.650001525878906
2020-07-02,53.0
2020-07-06,53.75
2020-07-07,53.09999847412109
2020-07-08,52.25
2020-07-09,51.84999847412109
2020-07-10,52.54999923706055
2020-07-13,52.04999923706055
2020-07-14,53.04999923706055
2020-07-15,53.5
2020-07-16,53.75
2020-07-17,53.84999847412109
2020-07-20,53.650001525878906
2020-07-21,54.25
2020-07-22,54.5
2020-07-23,53.70000076293945
2020-07-24,53.34999847412109
2020-07-27,54.09999847412109
2020-07-28,53.54999923706055
2020-07-29,53.09999847412109
2020-07-30,51.79999923706055
2020-07-31,51.5
2020-08-03,52.20000076293945
2020-08-04,53.5
2020-08-05,53.45000076293945
2020-08-06,54.0
2020-08-07,54.04999923706055
2020-08-10,55.5
2020-08-11,55.400001525878906
2020-08-12,55.95000076293945
2020-08-13,56.0
2020-08-14,56.0
2020-08-17,56.54999923706055
2020-08-18,55.400001525878906
2020-08-19,56.45000076293945
2020-08-20,56.400001525878906
2020-08-21,55.54999923706055
2020-08-24,54.34999847412109
2020-08-25,54.34999847412109
2020-08-26,54.75
2020-08-27,55.34999847412109
2020-08-28,56.25
2020-08-31,55.29999923706055
2020-09-01,56.20000076293945
2020-09-02,57.150001525878906
2020-09-03,55.400001525878906
2020-09-04,55.09999847412109
2020-09-08,53.84999847412109
2020-09-09,55.04999923706055
2020-09-10,55.54999923706055
2020-09-11,55.29999923706055
2020-09-14,55.75
2020-09-15,56.04999923706055
2020-09-16,55.95000076293945
2020-09-17,56.59999847412109
2020-09-18,56.25
2020-09-21,55.04999923706055
2020-09-22,55.20000076293945
2020-09-23,52.900001525878906
2020-09-24,52.900001525878906
2020-09-25,54.09999847412109
2020-09-28,54.54999923706055
2020-09-29,54.25
2020-09-30,55.25
2020-10-01,55.04999923706055
2020-10-02,55.04999923706055
2020-10-05,55.650001525878906
2020-10-06,55.04999923706055
2020-10-07,56.150001525878906
2020-10-08,56.70000076293945
2020-10-09,57.09999847412109
2020-10-12,57.150001525878906
2020-10-13,57.04999923706055
2020-10-14,57.0
2020-10-15,57.34999847412109
2020-10-16,57.5
2020-10-19,56.400001525878906
2020-10-20,55.95000076293945
2020-10-21,55.400001525878906
2020-10-22,55.20000076293945
2020-10-23,54.84999847412109
2020-10-26,53.150001525878906
2020-10-27,52.84999847412109
2020-10-28,51.59999847412109
2020-10-29,52.5
2020-10-30,52.150001525878906
2020-11-02,54.25
2020-11-03,55.70000076293945
2020-11-04,55.45000076293945
2020-11-05,57.54999923706055
2020-11-06,57.59999847412109
2020-11-09,60.20000076293945
2020-11-10,59.29999923706055
2020-11-11,59.650001525878906
2020-11-12,57.75
2020-11-13,58.95000076293945
2020-11-16,60.75
2020-11-17,59.650001525878906
2020-11-18,59.20000076293945
2020-11-19,59.59999847412109
2020-11-20,59.650001525878906
2020-11-23,57.84999847412109
2020-11-24,59.0
2020-11-25,57.95000076293945
2020-11-27,57.400001525878906
2020-11-30,56.650001525878906
2020-12-01,57.650001525878906
2020-12-02,57.34999847412109
2020-12-03,57.20000076293945
2020-12-04,57.70000076293945
2020-12-07,56.75
2020-12-08,57.70000076293945
2020-12-09,58.04999923706055
2020-12-10,57.650001525878906
2020-12-11,57.20000076293945
2020-12-14,56.34999847412109
2020-12-15,57.70000076293945
2020-12-16,57.0
2020-12-17,57.79999923706055
2020-12-18,58.29999923706055
2020-12-21,57.34999847412109
2020-12-22,57.5
2020-12-23,57.79999923706055
2020-12-24,58.20000076293945
2020-12-28,57.95000076293945
2020-12-29,58.0
2020-12-30,58.70000076293945
2020-12-31,58.84999847412109
2021-01-04,56.900001525878906
2021-01-05,57.29999923706055
2021-01-06,58.900001525878906
2021-01-07,58.400001525878906
2021-01-08,57.5
2021-01-11,57.70000076293945
2021-01-12,58.150001525878906
2021-01-13,57.150001525878906
2021-01-14,56.95000076293945
2021-01-15,55.25
2021-01-19,54.75
2021-01-20,56.150001525878906
2021-01-21,56.25
2021-01-22,55.45000076293945
2021-01-25,54.84999847412109
2021-01-26,56.04999923706055
2021-01-27,55.29999923706055
2021-01-28,55.900001525878906
2021-01-29,54.70000076293945
2021-02-01,54.45000076293945
2021-02-02,54.650001525878906
2021-02-03,55.04999923706055
2021-02-04,55.900001525878906
2021-02-05,57.34999847412109
2021-02-08,57.34999847412109
2021-02-09,56.20000076293945
2021-02-10,57.150001525878906
2021-02-11,56.5
2021-02-12,57.5
2021-02-16,56.25
2021-02-17,56.5
2021-02-18,57.09999847412109
2021-02-19,57.09999847412109
2021-02-22,57.09999847412109
2021-02-23,56.84999847412109
2021-02-24,57.04999923706055
2021-02-25,56.70000076293945
2021-02-26,54.70000076293945
2021-03-01,56.45000076293945
2021-03-02,57.150001525878906
2021-03-03,57.34999847412109
2021-03-04,56.34999847412109
2021-03-05,58.04999923706055
2021-03-08,58.79999923706055
2021-03-09,58.75
2021-03-10,59.650001525878906
2021-03-11,58.650001525878906
2021-03-12,58.84999847412109
2021-03-15,58.79999923706055
2021-03-16,57.5
2021-03-17,58.20000076293945
2021-03-18,56.79999923706055
2021-03-19,56.5
2021-03-22,57.04999923706055
2021-03-23,56.84999847412109
2021-03-24,56.54999923706055
2021-03-25,57.900001525878906
2021-03-26,58.900001525878906
2021-03-29,59.0
2021-03-30,58.70000076293945
2021-03-31,58.400001525878906
2021-04-01,58.29999923706055
2021-04-05,59.45000076293945
2021-04-06,59.900001525878906
2021-04-07,58.150001525878906
2021-04-08,57.84999847412109
2021-04-09,58.650001525878906
2021-04-12,58.59999847412109
2021-04-13,58.900001525878906
2021-04-14,58.70000076293945
2021-04-15,59.45000076293945
2021-04-16,59.75
2021-04-19,59.29999923706055
2021-04-20,59.29999923706055
2021-04-21,59.70000076293945
2021-04-22,58.25
2021-04-23,58.650001525878906
2021-04-26,58.70000076293945
2021-04-27,58.34999847412109
2021-04-28,58.45000076293945
2021-04-29,59.45000076293945
2021-04-30,58.75
2021-05-03,58.95000076293945
2021-05-04,62.150001525878906
2021-05-05,61.400001525878906
2021-05-06,62.45000076293945
2021-05-07,62.25
2021-05-10,62.25
2021-05-11,62.0
2021-05-12,60.75
2021-05-13,61.900001525878906
2021-05-14,61.84999847412109
2021-05-17,61.45000076293945
2021-05-18,60.95000076293945
2021-05-19,60.04999923706055
2021-05-20,59.95000076293945
2021-05-21,59.900001525878906
2021-05-24,59.70000076293945
2021-05-25,58.59999847412109
2021-05-26,58.900001525878906
2021-05-27,59.400001525878906
2021-05-28,59.0
2021-06-01,59.45000076293945
2021-06-02,59.29999923706055
2021-06-03,59.70000076293945
2021-06-04,60.75
2021-06-07,60.5
2021-06-08,60.400001525878906
2021-06-09,60.34999847412109
2021-06-10,60.34999847412109
2021-06-11,61.20000076293945
2021-06-14,60.75
2021-06-15,60.04999923706055
2021-06-16,59.09999847412109
2021-06-17,57.70000076293945
2021-06-18,56.79999923706055
2021-06-21,57.34999847412109
2021-06-22,57.70000076293945
2021-06-23,57.45000076293945
2021-06-24,57.59999847412109
2021-06-25,58.04999923706055
2021-06-28,57.75
2021-06-29,57.29999923706055
2021-06-30,57.29999923706055
2021-07-01,57.79999923706055
2021-07-02,57.70000076293945
2021-07-06,57.20000076293945
2021-07-07,57.75
2021-07-08,56.95000076293945
2021-07-09,57.54999923706055
2021-07-12,57.54999923706055
2021-07-13,57.79999923706055
2021-07-14,57.70000076293945
2021-07-15,57.84999847412109
2021-07-16,57.20000076293945
2021-07-19,56.25
2021-07-20,56.29999923706055
2021-07-21,56.79999923706055
2021-07-22,56.84999847412109
2021-07-23,56.5
2021-07-26,57.45000076293945
2021-07-27,57.650001525878906
2021-07-28,57.900001525878906
2021-07-29,58.20000076293945
2021-07-30,57.79999923706055
2021-08-02,57.59999847412109
2021-08-03,58.34999847412109
2021-08-04,58.0
2021-08-05,58.400001525878906
2021-08-06,58.650001525878906
2021-08-09,59.09999847412109
2021-08-10,59.75
2021-08-11,60.900001525878906
2021-08-12,60.25
2021-08-13,60.75
2021-08-16,61.09999847412109
2021-08-17,60.5
2021-08-18,60.70000076293945
2021-08-19,62.0
2021-08-20,63.95000076293945
2021-08-23,63.400001525878906
2021-08-24,63.09999847412109
2021-08-25,64.0
2021-08-26,63.25
2021-08-27,63.900001525878906
2021-08-30,63.95000076293945
2021-08-31,64.25
2021-09-01,63.45000076293945
2021-09-02,63.75
2021-09-03,63.400001525878906
2021-09-07,61.09999847412109
2021-09-08,61.59999847412109
2021-09-09,60.650001525878906
2021-09-10,61.5
2021-09-13,61.5
2021-09-14,61.59999847412109
2021-09-15,62.0
2021-09-16,60.650001525878906
2021-09-17,59.25
2021-09-20,58.900001525878906
2021-09-21,58.45000076293945
2021-09-22,58.70000076293945
2021-09-23,59.09999847412109
2021-09-24,58.95000076293945
2021-09-27,59.34999847412109
2021-09-28,58.5
2021-09-29,58.650001525878906
2021-09-30,57.95000076293945
2021-10-01,58.45000076293945
2021-10-04,58.150001525878906
2021-10-05,59.0
2021-10-06,58.75
2021-10-07,59.20000076293945
2021-10-08,58.54999923706055
2021-10-11,58.09999847412109
2021-10-12,58.20000076293945
2021-10-13,58.34999847412109
2021-10-14,59.54999923706055
2021-10-15,59.75
2021-10-18,59.54999923706055
2021-10-19,60.09999847412109
2021-10-20,60.20000076293945
2021-10-21,60.150001525878906
2021-10-22,60.79999923706055
2021-10-25,60.400001525878906
2021-10-26,60.04999923706055
2021-10-27,60.150001525878906
2021-10-28,60.75
2021-10-29,60.34999847412109
2021-11-01,59.70000076293945
2021-11-02,60.400001525878906
2021-11-03,61.5
2021-11-04,60.79999923706055
2021-11-05,60.70000076293945
2021-11-08,61.0
2021-11-09,61.54999923706055
2021-11-10,61.70000076293945
2021-11-11,61.79999923706055
2021-11-12,61.900001525878906
2021-11-15,61.95000076293945
2021-11-16,61.54999923706055
2021-11-17,60.75
2021-11-18,60.09999847412109
2021-11-19,59.5
2021-11-22,59.79999923706055
2021-11-23,58.84999847412109
2021-11-24,58.29999923706055
2021-11-26,57.70000076293945
2021-11-29,57.900001525878906
2021-11-30,56.59999847412109
2021-12-01,56.29999923706055
2021-12-02,57.400001525878906
2021-12-03,56.54999923706055
2021-12-06,57.84999847412109
2021-12-07,57.95000076293945
2021-12-08,58.09999847412109
2021-12-09,57.79999923706055
2021-12-10,58.0
2021-12-13,58.34999847412109
2021-12-14,58.34999847412109
2021-12-15,59.75
2021-12-16,60.20000076293945
2021-12-17,58.95000076293945
2021-12-20,58.0
2021-12-21,58.70000076293945
2021-12-22,58.04999923706055
2021-12-23,58.29999923706055
2021-12-27,59.04999923706055
2021-12-28,59.29999923706055
2021-12-29,59.75
2021-12-30,59.79999923706055
2021-12-31,60.04999923706055
2022-01-03,59.400001525878906
2022-01-04,60.34999847412109
2022-01-05,60.45000076293945
2022-01-06,59.95000076293945
2022-01-07,60.59999847412109
2022-01-10,60.75
2022-01-11,60.54999923706055
2022-01-12,60.70000076293945
2022-01-13,61.400001525878906
2022-01-14,61.84999847412109
2022-01-18,61.400001525878906
2022-01-19,62.04999923706055
2022-01-20,60.650001525878906
2022-01-21,59.75
2022-01-24,59.59999847412109
2022-01-25,58.95000076293945
2022-01-26,58.79999923706055
2022-01-27,59.0
2022-01-28,59.70000076293945
2022-01-31,60.04999923706055
2022-02-01,61.0
2022-02-02,60.650001525878906
2022-02-03,58.79999923706055
2022-02-04,57.79999923706055
2022-02-07,57.45000076293945
2022-02-08,58.09999847412109
2022-02-09,58.900001525878906
2022-02-10,58.09999847412109
2022-02-11,57.95000076293945
2022-02-14,57.84999847412109
2022-02-15,59.04999923706055
2022-02-16,58.84999847412109
2022-02-17,58.95000076293945
2022-02-18,59.400001525878906
2022-02-22,58.5
2022-02-23,58.150001525878906
2022-02-24,57.400001525878906
2022-02-25,59.0
2022-02-28,58.150001525878906
2022-03-01,56.29999923706055
2022-03-02,57.09999847412109
2022-03-03,56.75
2022-03-04,56.45000076293945
2022-03-07,53.95000076293945
2022-03-08,54.70000076293945
2022-03-09,55.45000076293945
2022-03-10,54.5
2022-03-11,54.5
2022-03-14,56.45000076293945
2022-03-15,56.20000076293945
2022-03-16,57.29999923706055
2022-03-17,58.04999923706055
2022-03-18,58.34999847412109
2022-03-21,57.29999923706055
2022-03-22,57.25
2022-03-23,56.09999847412109
2022-03-24,56.400001525878906
2022-03-25,56.70000076293945
2022-03-28,56.75
2022-03-29,57.84999847412109
2022-03-30,57.650001525878906
2022-03-31,56.650001525878906
2022-04-01,57.70000076293945
2022-04-04,57.400001525878906
2022-04-05,57.400001525878906
2022-04-06,57.5
2022-04-07,57.650001525878906
2022-04-08,58.59999847412109
2022-04-11,58.650001525878906
2022-04-12,58.29999923706055
2022-04-13,58.5
2022-04-14,58.34999847412109
2022-04-18,57.650001525878906
2022-04-19,58.79999923706055
2022-04-20,60.04999923706055
2022-04-21,59.650001525878906
2022-04-22,57.900001525878906
2022-04-25,58.25
2022-04-26,58.04999923706055
2022-04-27,60.09999847412109
2022-04-28,60.70000076293945
2022-04-29,59.29999923706055
2022-05-02,58.5
2022-05-03,59.84999847412109
2022-05-04,65.5999984741211
2022-05-05,63.20000076293945
2022-05-06,64.05000305175781
2022-05-09,63.04999923706055
2022-05-10,62.79999923706055
2022-05-11,62.54999923706055
2022-05-12,62.84999847412109
2022-05-13,63.84999847412109
2022-05-16,64.69999694824219
2022-05-17,66.6500015258789
2022-05-18,63.650001525878906
2022-05-19,64.80000305175781
2022-05-20,64.6500015258789
2022-05-23,65.25
2022-05-24,64.80000305175781
2022-05-25,64.8499984741211
2022-05-26,65.5
2022-05-27,66.55000305175781
2022-05-31,65.5
2022-06-01,65.94999694824219
2022-06-02,67.25
2022-06-03,66.94999694824219
2022-06-06,67.44999694824219
2022-06-07,67.4000015258789
2022-06-08,66.75
2022-06-09,65.8499984741211
2022-06-10,63.79999923706055
2022-06-13,61.45000076293945
2022-06-14,60.45000076293945
2022-06-15,60.5
2022-06-16,58.54999923706055
2022-06-17,58.59999847412109
2022-06-21,59.59999847412109
2022-06-22,59.29999923706055
2022-06-23,59.70000076293945
2022-06-24,62.04999923706055
2022-06-27,61.84999847412109
2022-06-28,61.650001525878906
2022-06-29,62.75
2022-06-30,62.150001525878906
2022-07-01,62.650001525878906
2022-07-05,62.20000076293945
2022-07-06,63.25
2022-07-07,63.29999923706055
2022-07-08,62.20000076293945
2022-07-11,63.0
2022-07-12,62.29999923706055
2022-07-13,61.900001525878906
2022-07-14,61.95000076293945
2022-07-15,62.400001525878906
2022-07-18,61.650001525878906
2022-07-19,63.150001525878906
2022-07-20,62.400001525878906
2022-07-21,63.20000076293945
2022-07-22,63.0
2022-07-25,63.70000076293945
2022-07-26,64.5
2022-07-27,64.4000015258789
2022-07-28,65.19999694824219
2022-07-29,64.75
2022-08-01,65.19999694824219
2022-08-02,63.75
2022-08-03,63.59999847412109
2022-08-04,62.95000076293945
2022-08-05,61.34999847412109
2022-08-08,61.95000076293945
2022-08-09,62.0
2022-08-10,63.54999923706055
2022-08-11,63.150001525878906
2022-08-12,64.05000305175781
2022-08-15,65.1500015258789
2022-08-16,66.44999694824219
2022-08-17,65.05000305175781
2022-08-18,63.59999847412109
2022-08-19,62.400001525878906
2022-08-22,62.400001525878906
2022-08-23,62.900001525878906
2022-08-24,63.34999847412109
2022-08-25,64.5999984741211
2022-08-26,62.09999847412109
2022-08-29,61.29999923706055
2022-08-30,60.900001525878906
2022-08-31,60.04999923706055
2022-09-01,60.0
2022-09-02,60.09999847412109
2022-09-06,59.25
2022-09-07,60.5
2022-09-08,60.900001525878906
2022-09-09,61.45000076293945
2022-09-12,61.84999847412109
2022-09-13,59.70000076293945
2022-09-14,58.70000076293945
2022-09-15,58.95000076293945
2022-09-16,58.29999923706055
2022-09-19,58.79999923706055
2022-09-20,57.20000076293945
2022-09-21,56.09999847412109
2022-09-22,55.75
2022-09-23,54.900001525878906
2022-09-26,54.0
2022-09-27,53.34999847412109
2022-09-28,54.5
2022-09-29,53.75
2022-09-30,53.650001525878906
2022-10-03,55.150001525878906
2022-10-04,56.400001525878906
2022-10-05,55.45000076293945
2022-10-06,55.34999847412109
2022-10-07,53.900001525878906
2022-10-10,54.45000076293945
2022-10-11,53.900001525878906
2022-10-12,52.95000076293945
2022-10-13,55.29999923706055
2022-10-14,54.20000076293945
2022-10-17,54.95000076293945
2022-10-18,56.0
2022-10-19,55.29999923706055
2022-10-20,54.45000076293945
2022-10-21,56.5
2022-10-24,56.5
2022-10-25,57.34999847412109
2022-10-26,57.400001525878906
2022-10-27,57.70000076293945
2022-10-28,58.75
2022-10-31,57.900001525878906
2022-11-01,57.95000076293945
2022-11-02,54.20000076293945
2022-11-03,53.84999847412109
2022-11-04,55.79999923706055
2022-11-07,56.09999847412109
2022-11-08,56.09999847412109
2022-11-09,55.09999847412109
2022-11-10,58.09999847412109
2022-11-11,58.20000076293945
2022-11-14,58.95000076293945
2022-11-15,58.84999847412109
2022-11-16,58.45000076293945
2022-11-17,58.95000076293945
2022-11-18,59.09999847412109
2022-11-21,59.95000076293945
2022-11-22,59.95000076293945
2022-11-23,60.400001525878906
2022-11-25,60.400001525878906
2022-11-28,59.95000076293945
2022-11-29,60.54999923706055
2022-11-30,61.75
2022-12-01,61.900001525878906
2022-12-02,62.5
2022-12-05,61.34999847412109
2022-12-06,60.75
2022-12-07,60.650001525878906
2022-12-08,62.150001525878906
2022-12-09,61.84999847412109
2022-12-12,62.400001525878906
2022-12-13,62.79999923706055
2022-12-14,62.400001525878906
2022-12-15,61.29999923706055
2022-12-16,60.400001525878906
2022-12-19,60.09999847412109
2022-12-20,60.25
2022-12-21,60.5
2022-12-22,59.900001525878906
2022-12-23,60.29999923706055
2022-12-27,60.400001525878906
2022-12-28,59.54999923706055
2022-12-29,60.09999847412109
2022-12-30,59.54999923706055
2023-01-03,59.59999847412109
2023-01-04,60.150001525878906
2023-01-05,59.59999847412109
2023-01-06,61.0
2023-01-09,61.0
2023-01-10,60.59999847412109
2023-01-11,60.900001525878906
2023-01-12,61.0
2023-01-13,60.650001525878906
2023-01-17,60.75
2023-01-18,59.400001525878906
2023-01-19,58.75
2023-01-20,59.400001525878906
2023-01-23,60.0
2023-01-24,58.70000076293945
2023-01-25,58.900001525878906
2023-01-26,59.150001525878906
2023-01-27,59.75
2023-01-30,58.900001525878906
2023-01-31,60.29999923706055
2023-02-01,60.34999847412109
2023-02-02,61.0
2023-02-03,60.150001525878906
2023-02-06,59.650001525878906
2023-02-07,59.45000076293945
2023-02-08,56.29999923706055
2023-02-09,56.09999847412109
2023-02-10,56.650001525878906
2023-02-13,57.25
2023-02-14,57.0
2023-02-15,57.54999923706055
2023-02-16,57.04999923706055
2023-02-17,57.09999847412109
2023-02-21,55.400001525878906
2023-02-22,55.70000076293945
2023-02-23,56.5
2023-02-24,56.400001525878906
2023-02-27,56.650001525878906
2023-02-28,55.70000076293945
2023-03-01,55.75
2023-03-02,56.04999923706055
2023-03-03,56.150001525878906
2023-03-06,55.25
2023-03-07,54.59999847412109
2023-03-08,54.75
2023-03-09,54.25
2023-03-10,53.70000076293945
2023-03-13,53.75
2023-03-14,54.45000076293945
2023-03-15,53.70000076293945
2023-03-16,53.95000076293945
2023-03-17,53.5
2023-03-20,54.59999847412109
2023-03-21,54.95000076293945
2023-03-22,54.04999923706055
2023-03-23,54.20000076293945
2023-03-24,54.650001525878906
2023-03-27,54.84999847412109
2023-03-28,55.150001525878906
2023-03-29,55.54999923706055
2023-03-30,55.70000076293945
2023-03-31,56.900001525878906
2023-04-03,56.5
2023-04-04,56.09999847412109
2023-04-05,56.54999923706055
2023-04-06,56.25
2023-04-10,55.45000076293945
2023-04-11,54.95000076293945
2023-04-12,55.09999847412109
2023-04-13,55.95000076293945
2023-04-14,55.5
2023-04-17,55.5
2023-04-18,55.79999923706055
2023-04-19,55.400001525878906
2023-04-20,55.09999847412109
2023-04-21,55.29999923706055
2023-04-24,55.34999847412109
2023-04-25,54.09999847412109
2023-04-26,53.59999847412109
2023-04-27,54.59999847412109
2023-04-28,54.84999847412109
2023-05-01,55.29999923706055
2023-05-02,54.59999847412109
2023-05-03,50.04999923706055
2023-05-04,51.04999923706055
2023-05-05,52.09999847412109
2023-05-08,52.29999923706055
2023-05-09,51.54999923706055
2023-05-10,51.95000076293945
2023-05-11,51.79999923706055
2023-05-12,51.5
2023-05-15,51.79999923706055
2023-05-16,51.09999847412109
2023-05-17,51.25
2023-05-18,51.09999847412109
2023-05-19,51.150001525878906
2023-05-22,51.34999847412109
2023-05-23,50.59999847412109
2023-05-24,49.70000076293945
2023-05-25,49.04999923706055
2023-05-26,48.95000076293945
2023-05-30,48.70000076293945
2023-05-31,48.20000076293945
2023-06-01,48.59999847412109
2023-06-02,49.84999847412109
2023-06-05,50.0
2023-06-06,50.0
2023-06-07,50.54999923706055
2023-06-08,50.400001525878906
2023-06-09,50.04999923706055
2023-06-12,50.150001525878906
2023-06-13,50.79999923706055
2023-06-14,50.79999923706055
2023-06-15,51.400001525878906
2023-06-16,51.75
2023-06-20,50.95000076293945
2023-06-21,50.75
2023-06-22,50.34999847412109
2023-06-23,49.34999847412109
2023-06-26,49.79999923706055
2023-06-27,50.34999847412109
2023-06-28,49.04999923706055
2023-06-29,49.5
2023-06-30,49.900001525878906
2023-07-03,50.400001525878906
2023-07-05,48.79999923706055
2023-07-06,49.150001525878906
2023-07-07,49.70000076293945
2023-07-10,48.54999923706055
2023-07-11,49.34999847412109
2023-07-12,49.45000076293945
2023-07-13,49.900001525878906
2023-07-14,49.650001525878906
2023-07-17,49.400001525878906
2023-07-18,49.75
2023-07-19,49.900001525878906
2023-07-20,49.75
2023-07-21,50.09999847412109
2023-07-24,50.54999923706055
2023-07-25,50.900001525878906
2023-07-26,50.75
2023-07-27,50.900001525878906
2023-07-28,51.09999847412109
2023-07-31,51.29999923706055
2023-08-01,50.04999923706055
2023-08-02,49.25
2023-08-03,48.84999847412109
2023-08-04,49.25
2023-08-07,49.54999923706055
2023-08-08,48.54999923706055
2023-08-09,48.5
2023-08-10,48.59999847412109
2023-08-11,48.45000076293945
2023-08-14,48.25
2023-08-15,47.400001525878906
2023-08-16,47.04999923706055
2023-08-17,47.84999847412109
2023-08-18,47.84999847412109
2023-08-21,47.25
2023-08-22,46.54999923706055
2023-08-23,46.84999847412109
2023-08-24,47.0
2023-08-25,47.09999847412109
2023-08-28,47.650001525878906
2023-08-29,48.54999923706055
2023-08-30,48.75
2023-08-31,48.70000076293945
2023-09-01,48.900001525878906
2023-09-05,47.400001525878906
2023-09-06,46.400001525878906
2023-09-07,45.75
2023-09-08,46.25
2023-09-11,47.150001525878906
2023-09-12,47.20000076293945
2023-09-13,46.04999923706055
2023-09-14,47.650001525878906
2023-09-15,46.75
2023-09-18,46.400001525878906
2023-09-19,45.95000076293945
2023-09-20,46.29999923706055
2023-09-21,45.54999923706055
2023-09-22,45.25
2023-09-25,45.95000076293945
2023-09-26,45.5
2023-09-27,45.150001525878906
2023-09-28,45.84999847412109
2023-09-29,45.79999923706055
2023-10-02,45.29999923706055
2023-10-03,44.650001525878906
2023-10-04,45.25
2023-10-05,44.650001525878906
2023-10-06,44.25
2023-10-09,44.900001525878906
2023-10-10,44.95000076293945
2023-10-11,44.75
2023-10-12,43.45000076293945
2023-10-13,43.54999923706055
2023-10-16,44.45000076293945
2023-10-17,44.25
2023-10-18,43.29999923706055
2023-10-19,43.09999847412109
2023-10-20,42.54999923706055
2023-10-23,42.25
2023-10-24,43.150001525878906
2023-10-25,42.79999923706055
2023-10-26,43.400001525878906
2023-10-27,43.29999923706055
2023-10-30,44.29999923706055
2023-10-31,44.45000076293945
2023-11-01,43.54999923706055
2023-11-02,44.04999923706055
2023-11-03,45.54999923706055
2023-11-06,45.29999923706055
2023-11-07,45.25
2023-11-08,45.34999847412109
2023-11-09,44.95000076293945
2023-11-10,45.34999847412109
2023-11-13,44.75
2023-11-14,46.29999923706055
2023-11-15,46.75
2023-11-16,46.400001525878906
2023-11-17,46.84999847412109
2023-11-20,46.84999847412109
2023-11-21,46.20000076293945
2023-11-22,46.400001525878906
2023-11-24,46.79999923706055
2023-11-27,46.75
2023-11-28,46.5
2023-11-29,47.45000076293945
2023-11-30,47.400001525878906
2023-12-01,47.79999923706055
2023-12-04,47.400001525878906
2023-12-05,46.84999847412109
2023-12-06,47.04999923706055
2023-12-07,48.20000076293945
2023-12-08,48.25
2023-12-11,47.84999847412109
2023-12-12,47.20000076293945
2023-12-13,48.70000076293945
2023-12-14,48.54999923706055
2023-12-15,48.0
2023-12-18,48.400001525878906
2023-12-19,48.70000076293945
2023-12-20,48.09999847412109
2023-12-21,48.54999923706055
2023-12-22,48.400001525878906
2023-12-26,48.400001525878906
2023-12-27,48.59999847412109
2023-12-28,48.54999923706055
2023-12-29,48.20000076293945
2024-01-02,48.75
2024-01-03,48.0
2024-01-04,48.20000076293945
2024-01-05,48.70000076293945
2024-01-08,49.04999923706055
2024-01-09,48.84999847412109
2024-01-10,48.79999923706055
2024-01-11,49.20000076293945
2024-01-12,48.75
2024-01-16,47.900001525878906
2024-01-17,47.29999923706055
2024-01-18,47.25
2024-01-19,47.34999847412109
2024-01-22,47.29999923706055
2024-01-23,47.34999847412109
2024-01-24,46.54999923706055
2024-01-25,47.34999847412109
2024-01-26,47.70000076293945
2024-01-29,47.900001525878906
2024-01-30,47.79999923706055
2024-01-31,47.150001525878906
2024-02-01,47.29999923706055
2024-02-02,46.95000076293945
2024-02-05,46.09999847412109
2024-02-06,45.900001525878906
2024-02-07,46.900001525878906
2024-02-08,45.79999923706055
2024-02-09,45.5
2024-02-12,45.900001525878906
2024-02-13,44.400001525878906
2024-02-14,44.75
2024-02-15,44.95000076293945
2024-02-16,45.20000076293945
2024-02-20,45.59999847412109
2024-02-21,46.04999923706055
2024-02-22,46.29999923706055
2024-02-23,46.34999847412109
2024-02-26,45.70000076293945
2024-02-27,44.75
2024-02-28,44.34999847412109
2024-02-29,45.29999923706055
2024-03-01,45.45000076293945
2024-03-04,45.84999847412109
2024-03-05,45.84999847412109
2024-03-06,46.0
2024-03-07,47.09999847412109
2024-03-08,46.79999923706055
2024-03-11,47.34999847412109
2024-03-12,47.45000076293945
2024-03-13,47.59999847412109
2024-03-14,47.150001525878906
2024-03-15,47.400001525878906
2024-03-18,47.09999847412109
2024-03-19,46.900001525878906
2024-03-20,45.75
2024-03-21,46.400001525878906
2024-03-22,46.150001525878906
2024-03-25,46.45000076293945
2024-03-26,45.95000076293945
2024-03-27,47.400001525878906
2024-03-28,47.54999923706055
2024-04-01,47.25
2024-04-02,46.54999923706055
2024-04-03,45.900001525878906
2024-04-04,45.84999847412109
2024-04-05,46.04999923706055
2024-04-08,45.75
2024-04-09,46.900001525878906
2024-04-10,45.54999923706055
2024-04-11,45.34999847412109
2024-04-12,44.54999923706055
2024-04-15,44.70000076293945
2024-04-16,44.150001525878906
2024-04-17,44.150001525878906
2024-04-18,44.5
2024-04-19,44.84999847412109
2024-04-22,45.150001525878906
2024-04-23,44.900001525878906
2024-04-24,45.29999923706055
2024-04-25,44.75
2024-04-26,44.84999847412109
2024-04-29,45.25
2024-04-30,44.70000076293945
2024-05-01,49.0
2024-05-02,49.34999847412109
2024-05-03,50.04999923706055
2024-05-06,50.45000076293945
2024-05-07,50.59999847412109
2024-05-08,51.09999847412109
2024-05-09,51.59999847412109
2024-05-10,51.79999923706055
2024-05-13,51.84999847412109
2024-05-14,52.150001525878906
2024-05-15,51.70000076293945
2024-05-16,51.79999923706055
2024-05-17,51.34999847412109
2024-05-20,50.34999847412109
2024-05-21,50.34999847412109
2024-05-22,50.34999847412109
2024-05-23,49.400001525878906
2024-05-24,49.70000076293945
2024-05-28,49.150001525878906
2024-05-29,48.650001525878906
2024-05-30,49.400001525878906
2024-05-31,50.84999847412109
2024-06-03,51.04999923706055
2024-06-04,50.900001525878906
2024-06-05,51.04999923706055
2024-06-06,50.79999923706055
2024-06-07,50.04999923706055
2024-06-10,49.54999923706055
2024-06-11,49.900001525878906
2024-06-12,50.25
2024-06-13,50.20000076293945
2024-06-14,49.79999923706055
2024-06-17,49.79999923706055
2024-06-18,49.84999847412109
2024-06-20,49.400001525878906
2024-06-21,49.75
2024-06-24,50.04999923706055
2024-06-25,49.400001525878906
2024-06-26,49.20000076293945
2024-06-27,49.04999923706055
2024-06-28,48.900001525878906
2024-07-01,48.0
2024-07-02,47.900001525878906
2024-07-03,48.09999847412109
2024-07-05,47.5
2024-07-08,48.150001525878906
2024-07-09,47.79999923706055
2024-07-10,48.75
2024-07-11,49.04999923706055
2024-07-12,49.54999923706055
2024-07-15,49.20000076293945
2024-07-16,50.34999847412109
2024-07-17,51.650001525878906
2024-07-18,51.59999847412109
2024-07-19,50.54999923706055
2024-07-22,50.75
2024-07-23,50.34999847412109
2024-07-24,50.400001525878906
2024-07-25,50.75
2024-07-26,51.900001525878906
2024-07-29,52.09999847412109
2024-07-30,52.400001525878906
2024-07-31,52.650001525878906
2024-08-01,52.5
2024-08-02,52.59999847412109
2024-08-05,51.45000076293945
2024-08-06,52.45000076293945
2024-08-07,51.95000076293945
2024-08-08,53.04999923706055
2024-08-09,52.79999923706055
2024-08-12,52.5
2024-08-13,53.5
2024-08-14,53.29999923706055
2024-08-15,54.25
2024-08-16,52.25
2024-08-19,53.09999847412109
2024-08-20,53.95000076293945
2024-08-21,54.650001525878906
2024-08-22,54.650001525878906
2024-08-23,55.5
2024-08-26,55.84999847412109
2024-08-27,55.79999923706055
2024-08-28,56.20000076293945
2024-08-29,56.54999923706055
2024-08-30,57.20000076293945
2024-09-03,56.54999923706055
2024-09-04,56.650001525878906
2024-09-05,56.09999847412109
2024-09-06,55.400001525878906
2024-09-09,55.5
2024-09-10,55.150001525878906
2024-09-11,54.5
2024-09-12,54.400001525878906
2024-09-13,54.95000076293945
2024-09-16,55.59999847412109
2024-09-17,54.95000076293945
2024-09-18,55.04999923706055
2024-09-19,55.54999923706055
2024-09-20,54.5
2024-09-23,55.400001525878906
2024-09-24,55.95000076293945
2024-09-25,55.400001525878906
2024-09-26,56.75
2024-09-27,56.75
2024-09-30,56.650001525878906
2024-10-01,56.59999847412109
2024-10-02,56.150001525878906
2024-10-03,55.75
2024-10-04,56.0
2024-10-07,55.54999923706055
2024-10-08,55.400001525878906
2024-10-09,55.25
2024-10-10,55.5
2024-10-11,55.95000076293945
2024-10-14,56.70000076293945
2024-10-15,56.84999847412109
2024-10-16,56.5
2024-10-17,56.25
2024-10-18,56.20000076293945
2024-10-21,55.59999847412109
2024-10-22,54.95000076293945
2024-10-23,55.20000076293945
2024-10-24,55.34999847412109
2024-10-25,55.0
2024-10-28,55.400001525878906
2024-10-29,54.650001525878906
2024-10-30,55.29999923706055
2024-10-31,55.650001525878906
2024-11-01,51.29999923706055
2024-11-04,51.0
2024-11-05,51.29999923706055
2024-11-06,51.0
2024-11-07,51.04999923706055
2024-11-08,51.09999847412109
2024-11-11,51.54999923706055
2024-11-12,50.95000076293945
2024-11-13,50.54999923706055
2024-11-14,50.900001525878906
2024-11-15,51.09999847412109
2024-11-18,50.75
2024-11-19,49.45000076293945
2024-11-20,51.70000076293945
2024-11-21,52.34999847412109
2024-11-22,52.45000076293945
2024-11-25,52.400001525878906
2024-11-26,51.95000076293945
2024-11-27,52.5
2024-11-29,53.20000076293945
2024-12-02,52.84999847412109
2024-12-03,52.79999923706055
2024-12-04,52.34999847412109
2024-12-05,51.20000076293945
2024-12-06,50.900001525878906
2024-12-09,51.0
2024-12-10,50.650001525878906
2024-12-11,50.09999847412109
2024-12-12,49.95000076293945
2024-12-13,49.5
2024-12-16,49.20000076293945
2024-12-17,48.650001525878906
2024-12-18,47.20000076293945
2024-12-19,47.0
2024-12-20,47.0
2024-12-23,47.150001525878906
2024-12-24,47.45000076293945
2024-12-26,47.29999923706055
2024-12-27,47.20000076293945
2024-12-30,46.70000076293945
2024-12-31,47.04999923706055
2025-01-02,46.75
2025-01-03,46.650001525878906
2025-01-06,47.150001525878906
2025-01-07,47.5
2025-01-08,47.75
2025-01-10,47.04999923706055
2025-01-13,47.59999847412109
2025-01-14,47.59999847412109
2025-01-15,48.04999923706055
2025-01-16,48.5
2025-01-17,48.5
2025-01-21,48.95000076293945
2025-01-22,48.59999847412109
2025-01-23,48.84999847412109
2025-01-24,48.79999923706055
2025-01-27,49.45000076293945
2025-01-28,49.04999923706055
2025-01-29,48.75
2025-01-30,48.75
2025-01-31,48.59999847412109
2025-02-03,47.79999923706055
2025-02-04,50.25
2025-02-05,51.09999847412109
2025-02-06,50.150001525878906
2025-02-07,50.09999847412109
2025-02-10,50.20000076293945
2025-02-11,50.150001525878906
2025-02-12,49.95000076293945
2025-02-13,50.5
2025-02-14,50.34999847412109
2025-02-18,50.84999847412109
2025-02-19,51.0
2025-02-20,51.95000076293945
2025-02-21,51.25
2025-02-24,51.29999923706055
2025-02-25,51.59999847412109
2025-02-26,50.45000076293945
2025-02-27,50.29999923706055
2025-02-28,50.59999847412109
2025-03-03,50.650001525878906
2025-03-04,49.79999923706055
2025-03-05,50.34999847412109
2025-03-06,50.54999923706055
2025-03-07,51.45000076293945
2025-03-10,51.29999923706055
2025-03-11,50.0
2025-03-12,49.650001525878906
2025-03-13,48.150001525878906
2025-03-14,48.900001525878906
2025-03-17,49.20000076293945
2025-03-18,49.59999847412109
2025-03-19,49.20000076293945
2025-03-20,48.59999847412109
2025-03-21,47.20000076293945
2025-03-24,47.75
2025-03-25,47.20000076293945
2025-03-26,48.0
2025-03-27,48.54999923706055
2025-03-28,48.20000076293945
2025-03-31,48.5
2025-04-01,49.04999923706055
2025-04-02,49.0
2025-04-03,47.84999847412109
2025-04-04,46.09999847412109
2025-04-07,44.59999847412109
2025-04-08,42.84999847412109
2025-04-09,45.09999847412109
2025-04-10,45.09999847412109
2025-04-11,46.650001525878906
2025-04-14,47.70000076293945
2025-04-15,46.79999923706055
2025-04-16,46.25
2025-04-17,46.95000076293945
2025-04-21,46.54999923706055
2025-04-22,47.79999923706055
2025-04-23,47.59999847412109
2025-04-24,48.29999923706055
2025-04-25,47.70000076293945
2025-04-28,48.150001525878906
2025-04-29,46.650001525878906
2025-04-30,46.0
2025-05-01,45.400001525878906
2025-05-02,46.59999847412109
2025-05-05,46.54999923706055
2025-05-06,45.900001525878906
2025-05-07,45.54999923706055
2025-05-08,45.84999847412109
2025-05-09,45.59999847412109
2025-05-12,46.70000076293945
2025-05-13,45.84999847412109
2025-05-14,45.900001525878906
2025-05-15,46.54999923706055
2025-05-16,47.20000076293945
2025-05-19,47.20000076293945
2025-05-20,46.5
2025-05-21,45.900001525878906
2025-05-22,45.150001525878906
2025-05-23,44.79999923706055
2025-05-27,45.84999847412109
2025-05-28,45.150001525878906
2025-05-29,45.400001525878906
2025-05-30,45.54999923706055
2025-06-02,45.150001525878906
2025-06-03,45.5
2025-06-04,45.34999847412109
2025-06-05,45.20000076293945
2025-06-06,45.54999923706055
2025-06-09,45.900001525878906
2025-06-10,46.20000076293945
2025-06-11,45.79999923706055
2025-06-12,46.20000076293945
2025-06-13,45.5
2025-06-16,45.95000076293945
2025-06-17,45.34999847412109
2025-06-18,45.25
2025-06-20,44.84999847412109
2025-06-23,45.34999847412109
2025-06-24,45.900001525878906
2025-06-25,45.25
2025-06-26,46.04999923706055
2025-06-27,45.95000076293945
2025-06-30,45.95000076293945
2025-07-01,47.34999847412109
2025-07-02,48.45000076293945
2025-07-03,48.150001525878906
2025-07-07,48.400001525878906
2025-07-08,49.09999847412109
2025-07-09,49.0
2025-07-10,49.150001525878906
2025-07-11,48.29999923706055
2025-07-14,48.09999847412109
2025-07-15,47.20000076293945
2025-07-16,47.29999923706055
2025-07-17,47.54999923706055
2025-07-18,47.70000076293945
2025-07-21,47.04999923706055
2025-07-22,48.45000076293945
2025-07-23,49.04999923706055
2025-07-24,48.79999923706055
2025-07-25,48.70000076293945
2025-07-28,48.150001525878906
2025-07-29,48.29999923706055
2025-07-30,47.650001525878906
2025-07-31,46.75
2025-08-01,46.5
2025-08-04,47.0
2025-08-05,46.900001525878906
2025-08-06,47.04999923706055
2025-08-07,48.20000076293945
2025-08-08,48.34999847412109
2025-08-11,48.20000076293945
2025-08-12,48.84999847412109
2025-08-13,49.70000076293945
2025-08-14,43.79999923706055
2025-08-15,43.650001525878906
2025-08-18,42.400001525878906
2025-08-19,42.650001525878906
2025-08-20,42.84999847412109
2025-08-21,43.25
2025-08-22,43.54999923706055
2025-08-25,42.650001525878906
2025-08-26,42.25
2025-08-27,42.54999923706055
2025-08-28,42.75
2025-08-29,43.150001525878906
2025-09-02,42.09999847412109
2025-09-03,41.75
2025-09-04,41.75
2025-09-05,41.5
2025-09-08,41.09999847412109
2025-09-09,40.95000076293945
2025-09-10,41.150001525878906
2025-09-11,41.650001525878906
2025-09-12,41.400001525878906
2025-09-15,41.400001525878906
2025-09-16,41.95000076293945
2025-09-17,41.400001525878906
2025-09-18,41.54999923706055
2025-09-19,41.29999923706055
2025-09-22,41.25
2025-09-23,40.45000076293945
2025-09-24,39.900001525878906
2025-09-25,39.84999847412109
2025-09-26,40.25
2025-09-29,40.70000076293945
2025-09-30,40.900001525878906
2025-10-01,40.95000076293945
2025-10-02,41.150001525878906
2025-10-03,40.900001525878906
2025-10-06,40.34999847412109
2025-10-07,39.79999923706055
2025-10-08,39.84999847412109
2025-10-09,39.09999847412109
2025-10-10,39.650001525878906
2025-10-13,39.900001525878906
2025-10-14,40.5
2025-10-15,40.25
2025-10-16,40.70000076293945
2025-10-17,40.75
2025-10-20,40.75
2025-10-21,40.70000076293945
2025-10-22,40.70000076293945
2025-10-23,41.150001525878906
2025-10-24,40.70000076293945
2025-10-27,41.34999847412109
2025-10-28,41.75
2025-10-29,40.0
2025-10-30,39.25
2025-10-31,39.5
2025-11-03,39.29999923706055
2025-11-04,39.34999847412109
2025-11-05,40.34999847412109
2025-11-06,41.09999847412109
2025-11-07,41.84999847412109
2025-11-10,42.150001525878906
2025-11-11,42.29999923706055
2025-11-12,42.04999923706055
2025-11-13,42.900001525878906
2025-11-14,42.400001525878906
2025-11-17,42.25
2025-11-18,42.29999923706055
2025-11-19,42.09999847412109
2025-11-20,41.79999923706055
2025-11-21,42.5
2025-11-24,42.34999847412109
2025-11-25,42.54999923706055
2025-11-26,43.09999847412109
2025-11-28,42.59999847412109
2025-12-01,42.70000076293945
2025-12-02,42.0
2025-12-03,42.29999923706055
2025-12-04,41.59999847412109
2025-12-05,41.5
2025-12-08,41.25
2025-12-09,40.54999923706055
2025-12-10,41.0
2025-12-11,41.650001525878906
2025-12-12,41.150001525878906
2025-12-15,41.25
2025-12-16,41.59999847412109
2025-12-17,41.84999847412109
2025-12-18,41.70000076293945
2025-12-19,41.45000076293945
2025-12-22,41.59999847412109
2025-12-23,41.34999847412109
2025-12-24,41.29999923706055
2025-12-26,41.59999847412109
2025-12-29,42.25
2025-12-30,41.95000076293945
2025-12-31,41.70000076293945
2026-01-02,42.04999923706055
2026-01-05,42.29999923706055
2026-01-06,42.84999847412109
2026-01-07,42.0
2026-01-08,43.34999847412109
2026-01-09,43.25
2026-01-12,43.04999923706055
2026-01-13,43.75
2026-01-14,44.09999847412109
2026-01-15,44.15999984741211
2026-01-16,40.93999862670898
2026-01-20,41.16999816894531
2026-01-21,42.400001525878906
2026-01-22,42.77000045776367
2026-01-23,44.27999877929688
2026-01-26,44.52999877929688
2026-01-27,44.720001220703125
2026-01-28,44.18999862670898
2026-01-29,43.88999938964844
2026-01-30,44.25
2026-02-02,43.75
2026-02-03,44.91999816894531
2026-02-04,48.560001373291016
2026-02-05,46.77999877929688
2026-02-06,48.16999816894531
2026-02-09,48.40999984741211
2026-02-10,48.52999877929688
2026-02-11,50.09000015258789
2026-02-12,49.7400016784668
2026-02-13,50.09000015258789
2026-02-17,49.560001373291016
2026-02-18,49.59000015258789
2026-02-19,49.52999877929688
2026-02-20,50.4900016784668
2026-02-23,50.58000183105469
2026-02-24,50.18000030517578
2026-02-25,48.81999969482422
2026-02-26,48.2400016784668
2026-02-27,48.43000030517578
2026-03-02,48.150001525878906
2026-03-03,47.16999816894531
2026-03-04,45.880001068115234
2026-03-05,43.68999862670898
2026-03-06,43.27999877929688
2026-03-09,42.29999923706055
2026-03-10,42.09999847412109
2026-03-11,42.5
2026-03-12,40.33000183105469
2026-03-13,40.56999969482422
2026-03-16,40.59999847412109
2026-03-17,40.709999084472656
2026-03-18,39.84999847412109
2026-03-19,38.68999862670898
2026-03-20,38.27999877929688
2026-03-23,39.36000061035156
2026-03-24,39.130001068115234
2026-03-25,40.54999923706055
2026-03-26,39.869998931884766
2026-03-27,38.619998931884766
2026-03-30,38.11000061035156
2026-03-31,39.75
2026-04-01,40.70000076293945
2026-04-02,39.93000030517578
2026-04-06,39.810001373291016
2026-04-07,39.040000915527344
2026-04-08,42.369998931884766
2026-04-09,41.7599983215332
2026-04-10,41.15999984741211
2026-04-13,40.959999084472656
2026-04-14,41.0099983215332
2026-04-15,40.59999847412109
2026-04-16,40.18000030517578
2026-04-17,41.93999862670898
2026-04-20,41.650001525878906
2026-04-21,41.099998474121094
2026-04-22,40.27000045776367
2026-04-23,39.63999938964844
2026-04-24,38.95000076293945
2026-04-27,39.04999923706055
2026-04-28,38.540000915527344
2026-04-29,37.349998474121094
2026-04-30,38.040000915527344
2026-05-01,37.75
2026-05-04,36.90999984741211
2026-05-05,37.63999938964844
2026-05-06,40.209999084472656
2026-05-07,39.91999816894531
2026-05-08,39.93000030517578
2026-05-11,40.20000076293945
2026-05-12,39.220001220703125
2026-05-13,39.099998474121094
2026-05-14,38.59000015258789
2026-05-15,36.689998626708984
2026-05-18,37.4900016784668
2026-05-19,36.689998626708984
2026-05-20,38.09000015258789
2026-05-21,38.5
2026-05-22,38.380001068115234
2026-05-26,38.95000076293945
2026-05-27,39.66999816894531
2026-05-28,39.25
2026-05-29,38.81999969482422
2026-06-01,37.72999954223633
2026-06-02,38.40999984741211
2026-06-03,37.880001068115234
2026-06-04,37.63999938964844
2026-06-05,38.130001068115234
