,APO
2015-01-02,23.56999969482422
2015-01-05,22.850000381469727
2015-01-06,22.1299991607666
2015-01-07,22.780000686645508
2015-01-08,23.81999969482422
2015-01-09,23.8700008392334
2015-01-12,23.440000534057617
2015-01-13,23.959999084472656
2015-01-14,24.100000381469727
2015-01-15,23.520000457763672
2015-01-16,23.950000762939453
2015-01-20,23.920000076293945
2015-01-21,24.229999542236328
2015-01-22,24.790000915527344
2015-01-23,24.6200008392334
2015-01-26,25.15999984741211
2015-01-27,25.26000022888184
2015-01-28,25.209999084472656
2015-01-29,25.049999237060547
2015-01-30,24.8700008392334
2015-02-02,24.84000015258789
2015-02-03,25.690000534057617
2015-02-04,25.15999984741211
2015-02-05,24.549999237060547
2015-02-06,24.299999237060547
2015-02-09,23.93000030517578
2015-02-10,23.76000022888184
2015-02-11,24.030000686645508
2015-02-12,23.34000015258789
2015-02-13,23.700000762939453
2015-02-17,23.68000030517578
2015-02-18,23.32999992370605
2015-02-19,23.479999542236328
2015-02-20,23.5
2015-02-23,23.01000022888184
2015-02-24,23.1200008392334
2015-02-25,23.530000686645508
2015-02-26,23.100000381469727
2015-02-27,23.31999969482422
2015-03-02,23.190000534057617
2015-03-03,23.200000762939453
2015-03-04,22.84000015258789
2015-03-05,22.700000762939453
2015-03-06,22.280000686645508
2015-03-09,21.84000015258789
2015-03-10,21.6200008392334
2015-03-11,22.01000022888184
2015-03-12,22.280000686645508
2015-03-13,22.530000686645508
2015-03-16,22.75
2015-03-17,22.290000915527344
2015-03-18,22.06999969482422
2015-03-19,22.190000534057617
2015-03-20,22.239999771118164
2015-03-23,22.09000015258789
2015-03-24,22.01000022888184
2015-03-25,21.76000022888184
2015-03-26,21.270000457763672
2015-03-27,21.06999969482422
2015-03-30,21.5
2015-03-31,21.600000381469727
2015-04-01,21.489999771118164
2015-04-02,21.489999771118164
2015-04-06,21.489999771118164
2015-04-07,21.40999984741211
2015-04-08,21.01000022888184
2015-04-09,21.040000915527344
2015-04-10,21.25
2015-04-13,21.3700008392334
2015-04-14,21.690000534057617
2015-04-15,21.93000030517578
2015-04-16,22.07999992370605
2015-04-17,22.059999465942383
2015-04-20,22.11000061035156
2015-04-21,21.920000076293945
2015-04-22,21.75
2015-04-23,21.75
2015-04-24,22.020000457763672
2015-04-27,22.270000457763672
2015-04-28,22.36000061035156
2015-04-29,22.559999465942383
2015-04-30,22.86000061035156
2015-05-01,22.8799991607666
2015-05-04,23.14999961853028
2015-05-05,22.729999542236328
2015-05-06,22.59000015258789
2015-05-07,22.200000762939453
2015-05-08,21.950000762939453
2015-05-11,21.68000030517578
2015-05-12,21.59000015258789
2015-05-13,21.64999961853028
2015-05-14,21.65999984741211
2015-05-15,21.8700008392334
2015-05-18,21.71999931335449
2015-05-19,21.559999465942383
2015-05-20,21.799999237060547
2015-05-21,21.68000030517578
2015-05-22,21.75
2015-05-26,21.799999237060547
2015-05-27,21.96999931335449
2015-05-28,22.239999771118164
2015-05-29,22.200000762939453
2015-06-01,22.280000686645508
2015-06-02,22.39999961853028
2015-06-03,22.88999938964844
2015-06-04,22.729999542236328
2015-06-05,22.420000076293945
2015-06-08,22.200000762939453
2015-06-09,21.440000534057617
2015-06-10,21.489999771118164
2015-06-11,21.540000915527344
2015-06-12,21.40999984741211
2015-06-15,21.299999237060547
2015-06-16,21.290000915527344
2015-06-17,21.309999465942383
2015-06-18,21.6299991607666
2015-06-19,21.670000076293945
2015-06-22,22.280000686645508
2015-06-23,22.64999961853028
2015-06-24,22.57999992370605
2015-06-25,22.6299991607666
2015-06-26,22.40999984741211
2015-06-29,22.14999961853028
2015-06-30,22.14999961853028
2015-07-01,22.030000686645508
2015-07-02,22.14999961853028
2015-07-06,21.96999931335449
2015-07-07,21.84000015258789
2015-07-08,21.26000022888184
2015-07-09,21.479999542236328
2015-07-10,21.850000381469727
2015-07-13,22.0
2015-07-14,22.36000061035156
2015-07-15,22.290000915527344
2015-07-16,22.100000381469727
2015-07-17,22.15999984741211
2015-07-20,21.790000915527344
2015-07-21,21.850000381469727
2015-07-22,21.209999084472656
2015-07-23,20.700000762939453
2015-07-24,20.36000061035156
2015-07-27,20.18000030517578
2015-07-28,20.36000061035156
2015-07-29,20.43000030517578
2015-07-30,20.670000076293945
2015-07-31,20.56999969482422
2015-08-03,20.350000381469727
2015-08-04,20.540000915527344
2015-08-05,20.21999931335449
2015-08-06,20.13999938964844
2015-08-07,21.18000030517578
2015-08-10,21.89999961853028
2015-08-11,20.920000076293945
2015-08-12,20.82999992370605
2015-08-13,21.0
2015-08-14,20.709999084472656
2015-08-17,20.520000457763672
2015-08-18,20.01000022888184
2015-08-19,19.479999542236328
2015-08-20,18.850000381469727
2015-08-21,18.84000015258789
2015-08-24,18.07999992370605
2015-08-25,17.709999084472656
2015-08-26,18.020000457763672
2015-08-27,18.790000915527344
2015-08-28,19.049999237060547
2015-08-31,18.57999992370605
2015-09-01,18.309999465942383
2015-09-02,18.89999961853028
2015-09-03,19.01000022888184
2015-09-04,18.809999465942383
2015-09-08,19.520000457763672
2015-09-09,19.14999961853028
2015-09-10,19.040000915527344
2015-09-11,18.88999938964844
2015-09-14,18.670000076293945
2015-09-15,18.979999542236328
2015-09-16,19.270000457763672
2015-09-17,18.93000030517578
2015-09-18,18.65999984741211
2015-09-21,18.700000762939453
2015-09-22,18.200000762939453
2015-09-23,17.959999084472656
2015-09-24,17.75
2015-09-25,17.690000534057617
2015-09-28,17.329999923706055
2015-09-29,16.719999313354492
2015-09-30,17.18000030517578
2015-10-01,17.600000381469727
2015-10-02,17.899999618530273
2015-10-05,18.280000686645508
2015-10-06,18.39999961853028
2015-10-07,18.600000381469727
2015-10-08,18.65999984741211
2015-10-09,18.6200008392334
2015-10-12,18.57999992370605
2015-10-13,18.51000022888184
2015-10-14,18.39999961853028
2015-10-15,18.59000015258789
2015-10-16,18.56999969482422
2015-10-19,18.57999992370605
2015-10-20,18.59000015258789
2015-10-21,18.059999465942383
2015-10-22,18.600000381469727
2015-10-23,18.59000015258789
2015-10-26,18.3799991607666
2015-10-27,18.450000762939453
2015-10-28,18.21999931335449
2015-10-29,18.38999938964844
2015-10-30,18.270000457763672
2015-11-02,18.799999237060547
2015-11-03,18.959999084472656
2015-11-04,18.96999931335449
2015-11-05,18.540000915527344
2015-11-06,18.479999542236328
2015-11-09,18.13999938964844
2015-11-10,17.989999771118164
2015-11-11,18.229999542236328
2015-11-12,17.920000076293945
2015-11-13,17.760000228881836
2015-11-16,17.65999984741211
2015-11-17,16.639999389648438
2015-11-18,16.829999923706055
2015-11-19,17.0
2015-11-20,16.56999969482422
2015-11-23,16.479999542236328
2015-11-24,16.3799991607666
2015-11-25,16.290000915527344
2015-11-27,16.34000015258789
2015-11-30,16.329999923706055
2015-12-01,16.1299991607666
2015-12-02,16.049999237060547
2015-12-03,15.670000076293944
2015-12-04,15.850000381469728
2015-12-07,15.699999809265137
2015-12-08,15.479999542236328
2015-12-09,15.270000457763672
2015-12-10,15.449999809265137
2015-12-11,15.079999923706056
2015-12-14,14.5
2015-12-15,15.5
2015-12-16,15.5600004196167
2015-12-17,15.489999771118164
2015-12-18,14.760000228881836
2015-12-21,14.989999771118164
2015-12-22,15.0
2015-12-23,15.890000343322754
2015-12-24,15.600000381469728
2015-12-28,15.279999732971191
2015-12-29,15.380000114440918
2015-12-30,15.25
2015-12-31,15.18000030517578
2016-01-04,15.470000267028809
2016-01-05,15.229999542236328
2016-01-06,14.850000381469728
2016-01-07,14.5600004196167
2016-01-08,14.0
2016-01-11,14.020000457763672
2016-01-12,14.119999885559082
2016-01-13,13.93000030517578
2016-01-14,13.390000343322754
2016-01-15,13.380000114440918
2016-01-19,13.199999809265137
2016-01-20,13.0
2016-01-21,13.149999618530272
2016-01-22,13.800000190734863
2016-01-25,13.239999771118164
2016-01-26,13.729999542236328
2016-01-27,13.600000381469728
2016-01-28,13.43000030517578
2016-01-29,13.579999923706056
2016-02-01,13.579999923706056
2016-02-02,12.9399995803833
2016-02-03,12.729999542236328
2016-02-04,13.399999618530272
2016-02-05,13.600000381469728
2016-02-08,12.9399995803833
2016-02-09,13.170000076293944
2016-02-10,12.949999809265137
2016-02-11,12.600000381469728
2016-02-12,13.399999618530272
2016-02-16,14.119999885559082
2016-02-17,14.65999984741211
2016-02-18,15.600000381469728
2016-02-19,14.90999984741211
2016-02-22,15.0
2016-02-23,14.699999809265137
2016-02-24,14.579999923706056
2016-02-25,14.770000457763672
2016-02-26,15.06999969482422
2016-02-29,15.550000190734863
2016-03-01,15.75
2016-03-02,15.890000343322754
2016-03-03,16.56999969482422
2016-03-04,16.850000381469727
2016-03-07,17.079999923706055
2016-03-08,16.799999237060547
2016-03-09,16.809999465942383
2016-03-10,16.799999237060547
2016-03-11,16.90999984741211
2016-03-14,16.979999542236328
2016-03-15,16.850000381469727
2016-03-16,16.940000534057617
2016-03-17,17.260000228881836
2016-03-18,17.149999618530273
2016-03-21,17.079999923706055
2016-03-22,17.469999313354492
2016-03-23,17.059999465942383
2016-03-24,16.729999542236328
2016-03-28,16.610000610351562
2016-03-29,16.860000610351562
2016-03-30,17.040000915527344
2016-03-31,17.1200008392334
2016-04-01,17.350000381469727
2016-04-04,17.229999542236328
2016-04-05,16.84000015258789
2016-04-06,16.309999465942383
2016-04-07,16.0
2016-04-08,15.829999923706056
2016-04-11,16.100000381469727
2016-04-12,16.389999389648438
2016-04-13,16.799999237060547
2016-04-14,16.959999084472656
2016-04-15,16.920000076293945
2016-04-18,17.34000015258789
2016-04-19,17.450000762939453
2016-04-20,17.350000381469727
2016-04-21,17.329999923706055
2016-04-22,17.31999969482422
2016-04-25,17.110000610351562
2016-04-26,17.290000915527344
2016-04-27,17.719999313354492
2016-04-28,17.40999984741211
2016-04-29,16.90999984741211
2016-05-02,17.31999969482422
2016-05-03,16.989999771118164
2016-05-04,16.760000228881836
2016-05-05,16.639999389648438
2016-05-06,17.06999969482422
2016-05-09,17.059999465942383
2016-05-10,17.209999084472656
2016-05-11,16.899999618530273
2016-05-12,17.100000381469727
2016-05-13,16.6299991607666
2016-05-16,16.399999618530273
2016-05-17,16.469999313354492
2016-05-18,16.6299991607666
2016-05-19,15.979999542236328
2016-05-20,16.0
2016-05-23,16.18000030517578
2016-05-24,16.299999237060547
2016-05-25,16.639999389648438
2016-05-26,16.389999389648438
2016-05-27,16.56999969482422
2016-05-31,16.420000076293945
2016-06-01,16.530000686645508
2016-06-02,16.639999389648438
2016-06-03,16.239999771118164
2016-06-06,16.389999389648438
2016-06-07,16.280000686645508
2016-06-08,16.350000381469727
2016-06-09,16.239999771118164
2016-06-10,16.100000381469727
2016-06-13,15.8100004196167
2016-06-14,15.489999771118164
2016-06-15,15.4399995803833
2016-06-16,15.529999732971191
2016-06-17,15.380000114440918
2016-06-20,15.390000343322754
2016-06-21,15.359999656677246
2016-06-22,15.289999961853027
2016-06-23,15.6899995803833
2016-06-24,15.010000228881836
2016-06-27,14.479999542236328
2016-06-28,15.039999961853027
2016-06-29,15.149999618530272
2016-06-30,15.149999618530272
2016-07-01,15.010000228881836
2016-07-05,14.579999923706056
2016-07-06,14.739999771118164
2016-07-07,14.989999771118164
2016-07-08,15.449999809265137
2016-07-11,15.43000030517578
2016-07-12,15.59000015258789
2016-07-13,15.710000038146973
2016-07-14,15.75
2016-07-15,15.90999984741211
2016-07-18,16.020000457763672
2016-07-19,15.989999771118164
2016-07-20,16.25
2016-07-21,16.459999084472656
2016-07-22,16.549999237060547
2016-07-25,16.489999771118164
2016-07-26,16.700000762939453
2016-07-27,16.989999771118164
2016-07-28,17.010000228881836
2016-07-29,17.149999618530273
2016-08-01,17.149999618530273
2016-08-02,16.959999084472656
2016-08-03,17.610000610351562
2016-08-04,18.11000061035156
2016-08-05,18.420000076293945
2016-08-08,18.39999961853028
2016-08-09,18.64999961853028
2016-08-10,18.5
2016-08-11,18.690000534057617
2016-08-12,18.690000534057617
2016-08-15,18.8799991607666
2016-08-16,18.549999237060547
2016-08-17,18.6200008392334
2016-08-18,18.63999938964844
2016-08-19,18.26000022888184
2016-08-22,18.299999237060547
2016-08-23,18.32999992370605
2016-08-24,18.440000534057617
2016-08-25,18.46999931335449
2016-08-26,18.459999084472656
2016-08-29,18.65999984741211
2016-08-30,18.71999931335449
2016-08-31,18.6200008392334
2016-09-01,18.76000022888184
2016-09-02,18.89999961853028
2016-09-06,18.51000022888184
2016-09-07,18.59000015258789
2016-09-08,18.520000457763672
2016-09-09,18.36000061035156
2016-09-12,18.65999984741211
2016-09-13,18.450000762939453
2016-09-14,18.059999465942383
2016-09-15,18.13999938964844
2016-09-16,17.959999084472656
2016-09-19,17.940000534057617
2016-09-20,17.940000534057617
2016-09-21,18.049999237060547
2016-09-22,17.969999313354492
2016-09-23,17.93000030517578
2016-09-26,17.6200008392334
2016-09-27,17.65999984741211
2016-09-28,17.829999923706055
2016-09-29,17.780000686645508
2016-09-30,17.959999084472656
2016-10-03,18.200000762939453
2016-10-04,18.14999961853028
2016-10-05,18.51000022888184
2016-10-06,18.770000457763672
2016-10-07,18.63999938964844
2016-10-10,18.799999237060547
2016-10-11,18.63999938964844
2016-10-12,18.690000534057617
2016-10-13,18.13999938964844
2016-10-14,17.899999618530273
2016-10-17,17.489999771118164
2016-10-18,17.610000610351562
2016-10-19,17.510000228881836
2016-10-20,17.700000762939453
2016-10-21,17.75
2016-10-24,17.899999618530273
2016-10-25,18.170000076293945
2016-10-26,18.11000061035156
2016-10-27,18.25
2016-10-28,18.18000030517578
2016-10-31,18.280000686645508
2016-11-01,17.979999542236328
2016-11-02,17.93000030517578
2016-11-03,17.8799991607666
2016-11-04,17.670000076293945
2016-11-07,17.940000534057617
2016-11-08,18.059999465942383
2016-11-09,18.059999465942383
2016-11-10,19.09000015258789
2016-11-11,19.239999771118164
2016-11-14,19.049999237060547
2016-11-15,19.280000686645508
2016-11-16,19.18000030517578
2016-11-17,18.989999771118164
2016-11-18,19.3799991607666
2016-11-21,19.479999542236328
2016-11-22,19.51000022888184
2016-11-23,19.739999771118164
2016-11-25,20.0
2016-11-28,19.43000030517578
2016-11-29,19.290000915527344
2016-11-30,19.26000022888184
2016-12-01,19.43000030517578
2016-12-02,19.309999465942383
2016-12-05,19.25
2016-12-06,19.280000686645508
2016-12-07,20.0
2016-12-08,20.489999771118164
2016-12-09,20.86000061035156
2016-12-12,20.18000030517578
2016-12-13,20.049999237060547
2016-12-14,19.65999984741211
2016-12-15,19.75
2016-12-16,19.71999931335449
2016-12-19,19.5
2016-12-20,19.64999961853028
2016-12-21,19.520000457763672
2016-12-22,19.26000022888184
2016-12-23,19.14999961853028
2016-12-27,19.13999938964844
2016-12-28,19.170000076293945
2016-12-29,19.309999465942383
2016-12-30,19.36000061035156
2017-01-03,19.68000030517578
2017-01-04,20.459999084472656
2017-01-05,20.5
2017-01-06,21.420000076293945
2017-01-09,21.31999969482422
2017-01-10,21.13999938964844
2017-01-11,21.440000534057617
2017-01-12,21.43000030517578
2017-01-13,21.420000076293945
2017-01-17,21.040000915527344
2017-01-18,21.200000762939453
2017-01-19,20.799999237060547
2017-01-20,20.799999237060547
2017-01-23,20.700000762939453
2017-01-24,20.82999992370605
2017-01-25,21.3799991607666
2017-01-26,21.68000030517578
2017-01-27,21.18000030517578
2017-01-30,21.030000686645508
2017-01-31,21.239999771118164
2017-02-01,21.43000030517578
2017-02-02,21.700000762939453
2017-02-03,22.1299991607666
2017-02-06,22.13999938964844
2017-02-07,22.809999465942383
2017-02-08,22.90999984741211
2017-02-09,23.549999237060547
2017-02-10,23.6200008392334
2017-02-13,23.34000015258789
2017-02-14,23.34000015258789
2017-02-15,23.07999992370605
2017-02-16,22.209999084472656
2017-02-17,22.100000381469727
2017-02-21,22.200000762939453
2017-02-22,22.25
2017-02-23,21.809999465942383
2017-02-24,21.979999542236328
2017-02-27,22.3700008392334
2017-02-28,22.739999771118164
2017-03-01,22.93000030517578
2017-03-02,22.309999465942383
2017-03-03,22.71999931335449
2017-03-06,22.89999961853028
2017-03-07,22.75
2017-03-08,22.670000076293945
2017-03-09,22.440000534057617
2017-03-10,22.81999969482422
2017-03-13,23.350000381469727
2017-03-14,23.31999969482422
2017-03-15,23.709999084472656
2017-03-16,23.18000030517578
2017-03-17,22.989999771118164
2017-03-20,23.350000381469727
2017-03-21,23.309999465942383
2017-03-22,23.65999984741211
2017-03-23,23.5
2017-03-24,23.39999961853028
2017-03-27,23.440000534057617
2017-03-28,23.489999771118164
2017-03-29,23.489999771118164
2017-03-30,23.989999771118164
2017-03-31,24.31999969482422
2017-04-03,24.63999938964844
2017-04-04,24.700000762939453
2017-04-05,24.96999931335449
2017-04-06,25.39999961853028
2017-04-07,25.299999237060547
2017-04-10,25.51000022888184
2017-04-11,25.700000762939453
2017-04-12,25.799999237060547
2017-04-13,25.6200008392334
2017-04-17,26.09000015258789
2017-04-18,25.600000381469727
2017-04-19,25.459999084472656
2017-04-20,25.600000381469727
2017-04-21,25.01000022888184
2017-04-24,25.09000015258789
2017-04-25,25.84000015258789
2017-04-26,26.3700008392334
2017-04-27,27.200000762939453
2017-04-28,26.770000457763672
2017-05-01,26.850000381469727
2017-05-02,26.700000762939453
2017-05-03,26.420000076293945
2017-05-04,26.15999984741211
2017-05-05,26.450000762939453
2017-05-08,26.63999938964844
2017-05-09,27.170000076293945
2017-05-10,27.020000457763672
2017-05-11,27.059999465942383
2017-05-12,26.979999542236328
2017-05-15,27.11000061035156
2017-05-16,27.32999992370605
2017-05-17,26.450000762939453
2017-05-18,26.21999931335449
2017-05-19,26.100000381469727
2017-05-22,26.959999084472656
2017-05-23,27.59000015258789
2017-05-24,27.51000022888184
2017-05-25,27.64999961853028
2017-05-26,27.559999465942383
2017-05-30,27.450000762939453
2017-05-31,27.030000686645508
2017-06-01,27.39999961853028
2017-06-02,27.46999931335449
2017-06-05,26.93000030517578
2017-06-06,26.940000534057617
2017-06-07,27.21999931335449
2017-06-08,27.959999084472656
2017-06-09,27.43000030517578
2017-06-12,27.3799991607666
2017-06-13,27.850000381469727
2017-06-14,27.5
2017-06-15,27.5
2017-06-16,27.51000022888184
2017-06-19,28.420000076293945
2017-06-20,27.51000022888184
2017-06-21,27.520000457763672
2017-06-22,27.489999771118164
2017-06-23,27.299999237060547
2017-06-26,26.229999542236328
2017-06-27,25.89999961853028
2017-06-28,26.520000457763672
2017-06-29,26.3799991607666
2017-06-30,26.450000762939453
2017-07-03,26.420000076293945
2017-07-05,26.36000061035156
2017-07-06,26.700000762939453
2017-07-07,26.34000015258789
2017-07-10,26.90999984741211
2017-07-11,27.09000015258789
2017-07-12,27.01000022888184
2017-07-13,27.190000534057617
2017-07-14,27.26000022888184
2017-07-17,27.25
2017-07-18,26.89999961853028
2017-07-19,27.700000762939453
2017-07-20,27.8700008392334
2017-07-21,27.93000030517578
2017-07-24,28.0
2017-07-25,28.11000061035156
2017-07-26,28.18000030517578
2017-07-27,28.059999465942383
2017-07-28,27.739999771118164
2017-07-31,28.100000381469727
2017-08-01,28.34000015258789
2017-08-02,28.13999938964844
2017-08-03,28.82999992370605
2017-08-04,29.0
2017-08-07,29.920000076293945
2017-08-08,29.8799991607666
2017-08-09,30.020000457763672
2017-08-10,29.5
2017-08-11,29.38999938964844
2017-08-14,29.75
2017-08-15,30.39999961853028
2017-08-16,30.209999084472656
2017-08-17,28.93000030517578
2017-08-18,29.280000686645508
2017-08-21,28.979999542236328
2017-08-22,29.459999084472656
2017-08-23,29.34000015258789
2017-08-24,29.170000076293945
2017-08-25,29.229999542236328
2017-08-28,28.90999984741211
2017-08-29,28.84000015258789
2017-08-30,29.38999938964844
2017-08-31,29.530000686645508
2017-09-01,29.459999084472656
2017-09-05,28.61000061035156
2017-09-06,28.57999992370605
2017-09-07,28.520000457763672
2017-09-08,28.450000762939453
2017-09-11,28.88999938964844
2017-09-12,28.959999084472656
2017-09-13,28.600000381469727
2017-09-14,29.43000030517578
2017-09-15,29.6299991607666
2017-09-18,30.059999465942383
2017-09-19,30.0
2017-09-20,30.07999992370605
2017-09-21,30.32999992370605
2017-09-22,31.049999237060547
2017-09-25,30.690000534057617
2017-09-26,30.1200008392334
2017-09-27,30.01000022888184
2017-09-28,30.38999938964844
2017-09-29,30.100000381469727
2017-10-02,30.1200008392334
2017-10-03,30.040000915527344
2017-10-04,30.3799991607666
2017-10-05,30.540000915527344
2017-10-06,30.459999084472656
2017-10-09,30.559999465942383
2017-10-10,30.82999992370605
2017-10-11,30.90999984741211
2017-10-12,30.84000015258789
2017-10-13,31.1299991607666
2017-10-16,31.3799991607666
2017-10-17,31.75
2017-10-18,31.729999542236328
2017-10-19,31.86000061035156
2017-10-20,32.029998779296875
2017-10-23,32.150001525878906
2017-10-24,32.849998474121094
2017-10-25,32.279998779296875
2017-10-26,31.959999084472656
2017-10-27,32.27000045776367
2017-10-30,31.450000762939453
2017-10-31,31.57999992370605
2017-11-01,31.6299991607666
2017-11-02,30.63999938964844
2017-11-03,31.290000915527344
2017-11-06,31.11000061035156
2017-11-07,31.39999961853028
2017-11-08,31.13999938964844
2017-11-09,30.5
2017-11-10,30.38999938964844
2017-11-13,29.190000534057617
2017-11-14,29.6200008392334
2017-11-15,29.01000022888184
2017-11-16,29.32999992370605
2017-11-17,29.280000686645508
2017-11-20,29.920000076293945
2017-11-21,30.15999984741211
2017-11-22,30.43000030517578
2017-11-24,30.299999237060547
2017-11-27,30.350000381469727
2017-11-28,30.559999465942383
2017-11-29,30.920000076293945
2017-11-30,31.309999465942383
2017-12-01,30.950000762939453
2017-12-04,31.049999237060547
2017-12-05,30.940000534057617
2017-12-06,30.290000915527344
2017-12-07,30.71999931335449
2017-12-08,31.89999961853028
2017-12-11,32.380001068115234
2017-12-12,32.619998931884766
2017-12-13,32.16999816894531
2017-12-14,32.09000015258789
2017-12-15,32.310001373291016
2017-12-18,32.630001068115234
2017-12-19,32.5
2017-12-20,32.61000061035156
2017-12-21,33.65999984741211
2017-12-22,34.0099983215332
2017-12-26,33.63999938964844
2017-12-27,33.41999816894531
2017-12-28,33.290000915527344
2017-12-29,33.470001220703125
2018-01-02,33.599998474121094
2018-01-03,34.27000045776367
2018-01-04,34.310001373291016
2018-01-05,34.47999954223633
2018-01-08,34.91999816894531
2018-01-09,35.689998626708984
2018-01-10,35.560001373291016
2018-01-11,35.88999938964844
2018-01-12,36.18999862670898
2018-01-16,35.08000183105469
2018-01-17,35.41999816894531
2018-01-18,35.06999969482422
2018-01-19,34.7400016784668
2018-01-22,34.65999984741211
2018-01-23,35.38999938964844
2018-01-24,35.540000915527344
2018-01-25,36.400001525878906
2018-01-26,36.41999816894531
2018-01-29,35.599998474121094
2018-01-30,35.5
2018-01-31,35.75
2018-02-01,36.77999877929688
2018-02-02,35.900001525878906
2018-02-05,34.0
2018-02-06,33.59000015258789
2018-02-07,33.75
2018-02-08,32.029998779296875
2018-02-09,32.33000183105469
2018-02-12,33.02000045776367
2018-02-13,33.56999969482422
2018-02-14,34.279998779296875
2018-02-15,34.52000045776367
2018-02-16,34.0099983215332
2018-02-20,33.599998474121094
2018-02-21,33.84000015258789
2018-02-22,33.900001525878906
2018-02-23,34.25
2018-02-26,34.150001525878906
2018-02-27,32.70000076293945
2018-02-28,32.79999923706055
2018-03-01,31.989999771118164
2018-03-02,32.04999923706055
2018-03-05,32.45000076293945
2018-03-06,32.849998474121094
2018-03-07,32.75
2018-03-08,33.0099983215332
2018-03-09,33.560001373291016
2018-03-12,33.540000915527344
2018-03-13,33.0099983215332
2018-03-14,32.83000183105469
2018-03-15,32.369998931884766
2018-03-16,32.04999923706055
2018-03-19,31.270000457763672
2018-03-20,31.76000022888184
2018-03-21,31.989999771118164
2018-03-22,30.520000457763672
2018-03-23,30.15999984741211
2018-03-26,30.51000022888184
2018-03-27,30.229999542236328
2018-03-28,29.6200008392334
2018-03-29,29.6200008392334
2018-04-02,29.780000686645508
2018-04-03,30.13999938964844
2018-04-04,30.190000534057617
2018-04-05,30.209999084472656
2018-04-06,29.6200008392334
2018-04-09,29.76000022888184
2018-04-10,30.729999542236328
2018-04-11,29.809999465942383
2018-04-12,29.790000915527344
2018-04-13,29.1299991607666
2018-04-16,29.299999237060547
2018-04-17,29.440000534057617
2018-04-18,29.209999084472656
2018-04-19,29.43000030517578
2018-04-20,29.26000022888184
2018-04-23,28.88999938964844
2018-04-24,28.420000076293945
2018-04-25,28.100000381469727
2018-04-26,28.51000022888184
2018-04-27,28.46999931335449
2018-04-30,28.84000015258789
2018-05-01,28.600000381469727
2018-05-02,29.63999938964844
2018-05-03,30.670000076293945
2018-05-04,31.14999961853028
2018-05-07,31.38999938964844
2018-05-08,30.729999542236328
2018-05-09,30.32999992370605
2018-05-10,30.559999465942383
2018-05-11,30.280000686645508
2018-05-14,30.030000686645508
2018-05-15,29.71999931335449
2018-05-16,30.06999969482422
2018-05-17,29.809999465942383
2018-05-18,29.280000686645508
2018-05-21,30.65999984741211
2018-05-22,30.64999961853028
2018-05-23,30.799999237060547
2018-05-24,31.270000457763672
2018-05-25,31.6200008392334
2018-05-29,31.39999961853028
2018-05-30,31.479999542236328
2018-05-31,31.31999969482422
2018-06-01,32.33000183105469
2018-06-04,32.18000030517578
2018-06-05,32.290000915527344
2018-06-06,32.22999954223633
2018-06-07,32.189998626708984
2018-06-08,32.2400016784668
2018-06-11,32.33000183105469
2018-06-12,32.0
2018-06-13,32.11000061035156
2018-06-14,32.279998779296875
2018-06-15,32.09000015258789
2018-06-18,32.189998626708984
2018-06-19,31.64999961853028
2018-06-20,31.82999992370605
2018-06-21,31.690000534057617
2018-06-22,31.770000457763672
2018-06-25,30.46999931335449
2018-06-26,30.8799991607666
2018-06-27,30.76000022888184
2018-06-28,31.13999938964844
2018-06-29,31.8700008392334
2018-07-02,33.09000015258789
2018-07-03,33.849998474121094
2018-07-05,34.7599983215332
2018-07-06,34.869998931884766
2018-07-09,35.290000915527344
2018-07-10,35.38999938964844
2018-07-11,35.40999984741211
2018-07-12,35.880001068115234
2018-07-13,36.119998931884766
2018-07-16,35.91999816894531
2018-07-17,36.02000045776367
2018-07-18,36.29999923706055
2018-07-19,35.599998474121094
2018-07-20,35.400001525878906
2018-07-23,35.720001220703125
2018-07-24,35.849998474121094
2018-07-25,35.380001068115234
2018-07-26,34.86000061035156
2018-07-27,35.029998779296875
2018-07-30,34.900001525878906
2018-07-31,35.5
2018-08-01,35.08000183105469
2018-08-02,34.11000061035156
2018-08-03,34.75
2018-08-06,35.2599983215332
2018-08-07,35.90999984741211
2018-08-08,35.75
2018-08-09,35.09000015258789
2018-08-10,34.540000915527344
2018-08-13,34.029998779296875
2018-08-14,34.38999938964844
2018-08-15,34.189998626708984
2018-08-16,33.630001068115234
2018-08-17,33.720001220703125
2018-08-20,34.209999084472656
2018-08-21,34.349998474121094
2018-08-22,34.619998931884766
2018-08-23,34.5
2018-08-24,34.70000076293945
2018-08-27,34.720001220703125
2018-08-28,34.75
2018-08-29,34.75
2018-08-30,34.40999984741211
2018-08-31,34.529998779296875
2018-09-04,34.720001220703125
2018-09-05,34.36000061035156
2018-09-06,33.9900016784668
2018-09-07,33.470001220703125
2018-09-10,33.849998474121094
2018-09-11,34.279998779296875
2018-09-12,34.20000076293945
2018-09-13,34.08000183105469
2018-09-14,34.400001525878906
2018-09-17,34.06999969482422
2018-09-18,34.349998474121094
2018-09-19,34.439998626708984
2018-09-20,35.209999084472656
2018-09-21,36.06999969482422
2018-09-24,35.900001525878906
2018-09-25,36.119998931884766
2018-09-26,35.560001373291016
2018-09-27,34.93000030517578
2018-09-28,34.54999923706055
2018-10-01,35.4900016784668
2018-10-02,35.43000030517578
2018-10-03,36.209999084472656
2018-10-04,35.150001525878906
2018-10-05,33.83000183105469
2018-10-08,33.06999969482422
2018-10-09,32.849998474121094
2018-10-10,31.39999961853028
2018-10-11,30.670000076293945
2018-10-12,31.059999465942383
2018-10-15,31.14999961853028
2018-10-16,31.739999771118164
2018-10-17,31.68000030517578
2018-10-18,30.3700008392334
2018-10-19,29.489999771118164
2018-10-22,29.489999771118164
2018-10-23,29.46999931335449
2018-10-24,28.350000381469727
2018-10-25,29.86000061035156
2018-10-26,30.309999465942383
2018-10-29,29.530000686645508
2018-10-30,29.920000076293945
2018-10-31,29.420000076293945
2018-11-01,30.59000015258789
2018-11-02,29.559999465942383
2018-11-05,30.040000915527344
2018-11-06,30.6200008392334
2018-11-07,31.75
2018-11-08,31.76000022888184
2018-11-09,30.59000015258789
2018-11-12,29.450000762939453
2018-11-13,29.06999969482422
2018-11-14,28.239999771118164
2018-11-15,28.26000022888184
2018-11-16,28.14999961853028
2018-11-19,26.59000015258789
2018-11-20,26.190000534057617
2018-11-21,28.0
2018-11-23,28.700000762939453
2018-11-26,28.8799991607666
2018-11-27,28.11000061035156
2018-11-28,28.350000381469727
2018-11-29,28.59000015258789
2018-11-30,28.190000534057617
2018-12-03,28.65999984741211
2018-12-04,26.450000762939453
2018-12-06,26.739999771118164
2018-12-07,26.09000015258789
2018-12-10,25.3700008392334
2018-12-11,24.86000061035156
2018-12-12,25.3799991607666
2018-12-13,24.96999931335449
2018-12-14,24.280000686645508
2018-12-17,24.01000022888184
2018-12-18,24.0
2018-12-19,23.40999984741211
2018-12-20,22.8799991607666
2018-12-21,23.75
2018-12-24,23.75
2018-12-26,24.479999542236328
2018-12-27,24.459999084472656
2018-12-28,24.15999984741211
2018-12-31,24.540000915527344
2019-01-02,24.81999969482422
2019-01-03,23.8799991607666
2019-01-04,25.3700008392334
2019-01-07,26.26000022888184
2019-01-08,26.76000022888184
2019-01-09,26.90999984741211
2019-01-10,26.5
2019-01-11,26.350000381469727
2019-01-14,26.729999542236328
2019-01-15,27.299999237060547
2019-01-16,27.600000381469727
2019-01-17,27.8799991607666
2019-01-18,28.549999237060547
2019-01-22,27.13999938964844
2019-01-23,27.26000022888184
2019-01-24,27.200000762939453
2019-01-25,27.90999984741211
2019-01-28,27.729999542236328
2019-01-29,27.690000534057617
2019-01-30,27.68000030517578
2019-01-31,29.280000686645508
2019-02-01,29.350000381469727
2019-02-04,30.36000061035156
2019-02-05,30.61000061035156
2019-02-06,30.309999465942383
2019-02-07,30.01000022888184
2019-02-08,29.82999992370605
2019-02-11,29.690000534057617
2019-02-12,30.200000762939453
2019-02-13,30.13999938964844
2019-02-14,29.850000381469727
2019-02-15,30.239999771118164
2019-02-19,30.07999992370605
2019-02-20,29.440000534057617
2019-02-21,29.100000381469727
2019-02-22,29.15999984741211
2019-02-25,29.059999465942383
2019-02-26,28.989999771118164
2019-02-27,29.350000381469727
2019-02-28,29.299999237060547
2019-03-01,29.239999771118164
2019-03-04,29.34000015258789
2019-03-05,29.059999465942383
2019-03-06,28.93000030517578
2019-03-07,28.530000686645508
2019-03-08,27.989999771118164
2019-03-11,28.57999992370605
2019-03-12,28.34000015258789
2019-03-13,28.809999465942383
2019-03-14,28.940000534057617
2019-03-15,29.11000061035156
2019-03-18,29.780000686645508
2019-03-19,29.26000022888184
2019-03-20,28.809999465942383
2019-03-21,29.59000015258789
2019-03-22,28.0
2019-03-25,27.93000030517578
2019-03-26,28.309999465942383
2019-03-27,27.89999961853028
2019-03-28,28.0
2019-03-29,28.25
2019-04-01,28.64999961853028
2019-04-02,28.31999969482422
2019-04-03,28.68000030517578
2019-04-04,28.40999984741211
2019-04-05,28.600000381469727
2019-04-08,28.520000457763672
2019-04-09,28.1200008392334
2019-04-10,28.64999961853028
2019-04-11,28.68000030517578
2019-04-12,29.14999961853028
2019-04-15,28.979999542236328
2019-04-16,29.65999984741211
2019-04-17,29.950000762939453
2019-04-18,31.64999961853028
2019-04-22,32.40999984741211
2019-04-23,32.33000183105469
2019-04-24,32.41999816894531
2019-04-25,32.38999938964844
2019-04-26,32.88999938964844
2019-04-29,33.16999816894531
2019-04-30,32.689998626708984
2019-05-01,32.779998779296875
2019-05-02,33.040000915527344
2019-05-03,33.380001068115234
2019-05-06,32.77000045776367
2019-05-07,31.89999961853028
2019-05-08,32.4900016784668
2019-05-09,32.459999084472656
2019-05-10,32.790000915527344
2019-05-13,31.549999237060547
2019-05-14,32.70000076293945
2019-05-15,32.77000045776367
2019-05-16,33.15999984741211
2019-05-17,32.790000915527344
2019-05-20,32.130001068115234
2019-05-21,32.880001068115234
2019-05-22,32.880001068115234
2019-05-23,31.940000534057617
2019-05-24,31.809999465942383
2019-05-28,31.06999969482422
2019-05-29,30.64999961853028
2019-05-30,30.65999984741211
2019-05-31,29.40999984741211
2019-06-03,29.920000076293945
2019-06-04,30.8799991607666
2019-06-05,31.530000686645508
2019-06-06,31.84000015258789
2019-06-07,32.650001525878906
2019-06-10,32.86000061035156
2019-06-11,32.95000076293945
2019-06-12,32.77000045776367
2019-06-13,33.349998474121094
2019-06-14,33.36000061035156
2019-06-17,33.2599983215332
2019-06-18,33.459999084472656
2019-06-19,34.119998931884766
2019-06-20,34.18000030517578
2019-06-21,34.02000045776367
2019-06-24,33.31999969482422
2019-06-25,33.369998931884766
2019-06-26,33.52000045776367
2019-06-27,34.25
2019-06-28,34.29999923706055
2019-07-01,35.279998779296875
2019-07-02,35.689998626708984
2019-07-03,35.65999984741211
2019-07-05,35.779998779296875
2019-07-08,35.150001525878906
2019-07-09,35.75
2019-07-10,35.86000061035156
2019-07-11,35.86000061035156
2019-07-12,35.810001373291016
2019-07-15,35.380001068115234
2019-07-16,35.58000183105469
2019-07-17,34.939998626708984
2019-07-18,34.25
2019-07-19,34.22999954223633
2019-07-22,35.150001525878906
2019-07-23,35.16999816894531
2019-07-24,36.09999847412109
2019-07-25,36.04999923706055
2019-07-26,36.13999938964844
2019-07-29,35.31999969482422
2019-07-30,35.04999923706055
2019-07-31,33.0
2019-08-01,31.64999961853028
2019-08-02,31.530000686645508
2019-08-05,31.43000030517578
2019-08-06,33.2599983215332
2019-08-07,33.880001068115234
2019-08-08,34.0
2019-08-09,32.84000015258789
2019-08-12,33.06999969482422
2019-08-13,33.59000015258789
2019-08-14,32.119998931884766
2019-08-15,31.11000061035156
2019-08-16,32.0
2019-08-19,33.65999984741211
2019-08-20,34.79999923706055
2019-08-21,35.54999923706055
2019-08-22,36.560001373291016
2019-08-23,35.75
2019-08-26,36.290000915527344
2019-08-27,36.59999847412109
2019-08-28,37.11000061035156
2019-08-29,37.43999862670898
2019-08-30,37.72999954223633
2019-09-03,36.900001525878906
2019-09-04,38.86000061035156
2019-09-05,40.95000076293945
2019-09-06,40.68000030517578
2019-09-09,40.959999084472656
2019-09-10,39.72999954223633
2019-09-11,40.29999923706055
2019-09-12,40.58000183105469
2019-09-13,40.18000030517578
2019-09-16,40.560001373291016
2019-09-17,40.630001068115234
2019-09-18,40.70000076293945
2019-09-19,40.880001068115234
2019-09-20,40.060001373291016
2019-09-23,40.130001068115234
2019-09-24,40.20000076293945
2019-09-25,40.36000061035156
2019-09-26,40.54999923706055
2019-09-27,38.880001068115234
2019-09-30,37.81999969482422
2019-10-01,37.08000183105469
2019-10-02,35.709999084472656
2019-10-03,36.880001068115234
2019-10-04,37.59000015258789
2019-10-07,37.9900016784668
2019-10-08,37.84999847412109
2019-10-09,38.68999862670898
2019-10-10,38.93000030517578
2019-10-11,38.720001220703125
2019-10-14,38.66999816894531
2019-10-15,39.400001525878906
2019-10-16,39.45000076293945
2019-10-17,40.02999877929688
2019-10-18,39.970001220703125
2019-10-21,39.970001220703125
2019-10-22,39.81999969482422
2019-10-23,41.27999877929688
2019-10-24,41.15999984741211
2019-10-25,41.209999084472656
2019-10-28,41.25
2019-10-29,41.220001220703125
2019-10-30,41.0
2019-10-31,41.15999984741211
2019-11-01,43.25
2019-11-04,43.720001220703125
2019-11-05,43.709999084472656
2019-11-06,42.869998931884766
2019-11-07,42.56999969482422
2019-11-08,42.27000045776367
2019-11-11,42.43000030517578
2019-11-12,42.900001525878906
2019-11-13,43.16999816894531
2019-11-14,43.70000076293945
2019-11-15,43.93000030517578
2019-11-18,43.70000076293945
2019-11-19,42.81999969482422
2019-11-20,42.83000183105469
2019-11-21,42.369998931884766
2019-11-22,42.43999862670898
2019-11-25,43.22999954223633
2019-11-26,43.2599983215332
2019-11-27,44.20000076293945
2019-11-29,43.79999923706055
2019-12-02,43.08000183105469
2019-12-03,42.81999969482422
2019-12-04,43.7400016784668
2019-12-05,44.540000915527344
2019-12-06,44.650001525878906
2019-12-09,43.83000183105469
2019-12-10,44.290000915527344
2019-12-11,44.959999084472656
2019-12-12,44.470001220703125
2019-12-13,44.40999984741211
2019-12-16,46.47999954223633
2019-12-17,46.38999938964844
2019-12-18,46.810001373291016
2019-12-19,47.720001220703125
2019-12-20,48.25
2019-12-23,47.310001373291016
2019-12-24,47.70000076293945
2019-12-26,47.880001068115234
2019-12-27,48.06999969482422
2019-12-30,47.70000076293945
2019-12-31,47.709999084472656
2020-01-02,47.65999984741211
2020-01-03,47.310001373291016
2020-01-06,47.58000183105469
2020-01-07,47.630001068115234
2020-01-08,48.650001525878906
2020-01-09,49.810001373291016
2020-01-10,49.869998931884766
2020-01-13,50.11000061035156
2020-01-14,48.970001220703125
2020-01-15,48.810001373291016
2020-01-16,49.08000183105469
2020-01-17,50.36000061035156
2020-01-21,50.7599983215332
2020-01-22,52.0099983215332
2020-01-23,52.13999938964844
2020-01-24,51.0099983215332
2020-01-27,49.84999847412109
2020-01-28,50.75
2020-01-29,51.15999984741211
2020-01-30,46.630001068115234
2020-01-31,47.31999969482422
2020-02-03,45.93999862670898
2020-02-04,47.060001373291016
2020-02-05,47.959999084472656
2020-02-06,47.04999923706055
2020-02-07,47.36000061035156
2020-02-10,46.619998931884766
2020-02-11,46.84000015258789
2020-02-12,46.34000015258789
2020-02-13,45.790000915527344
2020-02-14,45.709999084472656
2020-02-18,45.66999816894531
2020-02-19,46.56999969482422
2020-02-20,46.45000076293945
2020-02-21,45.68999862670898
2020-02-24,44.91999816894531
2020-02-25,43.16999816894531
2020-02-26,43.20000076293945
2020-02-27,42.310001373291016
2020-02-28,41.65999984741211
2020-03-02,43.38999938964844
2020-03-03,42.810001373291016
2020-03-04,42.93999862670898
2020-03-05,42.7400016784668
2020-03-06,40.5
2020-03-09,34.060001373291016
2020-03-10,35.439998626708984
2020-03-11,33.91999816894531
2020-03-12,30.100000381469727
2020-03-13,35.95000076293945
2020-03-16,31.14999961853028
2020-03-17,31.200000762939453
2020-03-18,30.0
2020-03-19,29.88999938964844
2020-03-20,26.84000015258789
2020-03-23,23.799999237060547
2020-03-24,27.479999542236328
2020-03-25,34.689998626708984
2020-03-26,37.70000076293945
2020-03-27,35.459999084472656
2020-03-30,35.45000076293945
2020-03-31,33.5
2020-04-01,29.959999084472656
2020-04-02,30.96999931335449
2020-04-03,31.920000076293945
2020-04-06,35.91999816894531
2020-04-07,35.08000183105469
2020-04-08,37.27000045776367
2020-04-09,39.15999984741211
2020-04-13,36.130001068115234
2020-04-14,36.36000061035156
2020-04-15,34.02000045776367
2020-04-16,36.33000183105469
2020-04-17,38.869998931884766
2020-04-20,37.27000045776367
2020-04-21,35.5
2020-04-22,36.119998931884766
2020-04-23,38.04999923706055
2020-04-24,38.93999862670898
2020-04-27,41.380001068115234
2020-04-28,40.619998931884766
2020-04-29,42.97999954223633
2020-04-30,40.4900016784668
2020-05-01,39.560001373291016
2020-05-04,39.95000076293945
2020-05-05,40.900001525878906
2020-05-06,41.68000030517578
2020-05-07,43.0
2020-05-08,43.93000030517578
2020-05-11,45.08000183105469
2020-05-12,44.15999984741211
2020-05-13,41.65999984741211
2020-05-14,41.77000045776367
2020-05-15,40.68999862670898
2020-05-18,43.5099983215332
2020-05-19,43.25
2020-05-20,44.9900016784668
2020-05-21,44.959999084472656
2020-05-22,45.209999084472656
2020-05-26,47.61000061035156
2020-05-27,47.68000030517578
2020-05-28,47.20000076293945
2020-05-29,47.59999847412109
2020-06-01,48.25
2020-06-02,49.83000183105469
2020-06-03,51.59999847412109
2020-06-04,51.31999969482422
2020-06-05,53.150001525878906
2020-06-08,52.81999969482422
2020-06-09,52.06999969482422
2020-06-10,50.81999969482422
2020-06-11,47.06999969482422
2020-06-12,49.220001220703125
2020-06-15,51.290000915527344
2020-06-16,52.970001220703125
2020-06-17,53.02000045776367
2020-06-18,54.33000183105469
2020-06-19,53.08000183105469
2020-06-22,51.66999816894531
2020-06-23,51.310001373291016
2020-06-24,49.5099983215332
2020-06-25,49.540000915527344
2020-06-26,46.2400016784668
2020-06-29,47.880001068115234
2020-06-30,49.91999816894531
2020-07-01,50.15999984741211
2020-07-02,49.90999984741211
2020-07-06,50.13999938964844
2020-07-07,49.02000045776367
2020-07-08,50.34999847412109
2020-07-09,49.900001525878906
2020-07-10,50.09000015258789
2020-07-13,49.20000076293945
2020-07-14,50.709999084472656
2020-07-15,51.84999847412109
2020-07-16,51.220001220703125
2020-07-17,51.81999969482422
2020-07-20,51.619998931884766
2020-07-21,53.45000076293945
2020-07-22,53.18999862670898
2020-07-23,52.59999847412109
2020-07-24,52.02000045776367
2020-07-27,52.130001068115234
2020-07-28,52.130001068115234
2020-07-29,54.02999877929688
2020-07-30,50.540000915527344
2020-07-31,49.09999847412109
2020-08-03,49.65999984741211
2020-08-04,49.060001373291016
2020-08-05,49.38999938964844
2020-08-06,48.58000183105469
2020-08-07,48.77999877929688
2020-08-10,48.77000045776367
2020-08-11,47.77000045776367
2020-08-12,48.09999847412109
2020-08-13,48.4900016784668
2020-08-14,47.869998931884766
2020-08-17,48.540000915527344
2020-08-18,47.900001525878906
2020-08-19,47.68999862670898
2020-08-20,46.650001525878906
2020-08-21,47.02999877929688
2020-08-24,45.560001373291016
2020-08-25,45.68999862670898
2020-08-26,46.900001525878906
2020-08-27,47.29999923706055
2020-08-28,46.59000015258789
2020-08-31,46.869998931884766
2020-09-01,48.16999816894531
2020-09-02,48.470001220703125
2020-09-03,46.40999984741211
2020-09-04,46.61000061035156
2020-09-08,44.63999938964844
2020-09-09,45.33000183105469
2020-09-10,45.0099983215332
2020-09-11,44.72999954223633
2020-09-14,45.41999816894531
2020-09-15,45.34999847412109
2020-09-16,45.52999877929688
2020-09-17,44.470001220703125
2020-09-18,44.66999816894531
2020-09-21,43.70000076293945
2020-09-22,44.33000183105469
2020-09-23,43.93000030517578
2020-09-24,42.84999847412109
2020-09-25,44.720001220703125
2020-09-28,46.29999923706055
2020-09-29,45.34999847412109
2020-09-30,44.75
2020-10-01,47.02999877929688
2020-10-02,47.34000015258789
2020-10-05,48.09000015258789
2020-10-06,46.52000045776367
2020-10-07,46.0
2020-10-08,46.95000076293945
2020-10-09,46.54999923706055
2020-10-12,43.900001525878906
2020-10-13,43.130001068115234
2020-10-14,42.97999954223633
2020-10-15,43.040000915527344
2020-10-16,40.459999084472656
2020-10-19,38.97999954223633
2020-10-20,40.209999084472656
2020-10-21,41.2599983215332
2020-10-22,40.63999938964844
2020-10-23,41.150001525878906
2020-10-26,40.15999984741211
2020-10-27,40.18999862670898
2020-10-28,38.88999938964844
2020-10-29,37.86000061035156
2020-10-30,36.86000061035156
2020-11-02,38.41999816894531
2020-11-03,39.31999969482422
2020-11-04,40.72999954223633
2020-11-05,41.70000076293945
2020-11-06,41.65999984741211
2020-11-09,44.0
2020-11-10,43.959999084472656
2020-11-11,42.869998931884766
2020-11-12,42.81999969482422
2020-11-13,44.2400016784668
2020-11-16,45.34999847412109
2020-11-17,45.77000045776367
2020-11-18,45.369998931884766
2020-11-19,44.70000076293945
2020-11-20,43.18000030517578
2020-11-23,44.400001525878906
2020-11-24,45.58000183105469
2020-11-25,43.86000061035156
2020-11-27,43.869998931884766
2020-11-30,43.619998931884766
2020-12-01,45.310001373291016
2020-12-02,46.0
2020-12-03,46.630001068115234
2020-12-04,48.5
2020-12-07,48.290000915527344
2020-12-08,48.31999969482422
2020-12-09,46.95000076293945
2020-12-10,47.52999877929688
2020-12-11,47.900001525878906
2020-12-14,47.83000183105469
2020-12-15,48.31999969482422
2020-12-16,49.33000183105469
2020-12-17,49.040000915527344
2020-12-18,47.77999877929688
2020-12-21,46.7599983215332
2020-12-22,47.93000030517578
2020-12-23,48.15999984741211
2020-12-24,49.09000015258789
2020-12-28,48.36000061035156
2020-12-29,48.06999969482422
2020-12-30,48.58000183105469
2020-12-31,48.97999954223633
2021-01-04,47.77000045776367
2021-01-05,48.13999938964844
2021-01-06,47.5
2021-01-07,46.900001525878906
2021-01-08,46.959999084472656
2021-01-11,47.459999084472656
2021-01-12,46.97999954223633
2021-01-13,47.13999938964844
2021-01-14,48.209999084472656
2021-01-15,47.95000076293945
2021-01-19,48.18999862670898
2021-01-20,48.04999923706055
2021-01-21,47.810001373291016
2021-01-22,46.43000030517578
2021-01-25,45.880001068115234
2021-01-26,49.18000030517578
2021-01-27,47.58000183105469
2021-01-28,48.060001373291016
2021-01-29,45.93999862670898
2021-02-01,47.63999938964844
2021-02-02,48.88999938964844
2021-02-03,50.119998931884766
2021-02-04,50.95000076293945
2021-02-05,50.68999862670898
2021-02-08,50.93999862670898
2021-02-09,50.59999847412109
2021-02-10,51.86000061035156
2021-02-11,50.4900016784668
2021-02-12,51.459999084472656
2021-02-16,51.52000045776367
2021-02-17,51.95000076293945
2021-02-18,51.119998931884766
2021-02-19,51.83000183105469
2021-02-22,51.0
2021-02-23,50.470001220703125
2021-02-24,51.0099983215332
2021-02-25,48.880001068115234
2021-02-26,49.459999084472656
2021-03-01,50.380001068115234
2021-03-02,49.93000030517578
2021-03-03,50.40999984741211
2021-03-04,49.560001373291016
2021-03-05,49.560001373291016
2021-03-08,47.459999084472656
2021-03-09,45.77000045776367
2021-03-10,45.52999877929688
2021-03-11,47.83000183105469
2021-03-12,48.08000183105469
2021-03-15,48.79999923706055
2021-03-16,48.06999969482422
2021-03-17,48.18999862670898
2021-03-18,47.43999862670898
2021-03-19,47.290000915527344
2021-03-22,49.41999816894531
2021-03-23,49.119998931884766
2021-03-24,47.66999816894531
2021-03-25,46.970001220703125
2021-03-26,46.68999862670898
2021-03-29,46.4900016784668
2021-03-30,47.150001525878906
2021-03-31,47.0099983215332
2021-04-01,48.0099983215332
2021-04-05,47.68000030517578
2021-04-06,47.79999923706055
2021-04-07,47.04999923706055
2021-04-08,46.560001373291016
2021-04-09,47.02999877929688
2021-04-12,47.560001373291016
2021-04-13,47.369998931884766
2021-04-14,49.470001220703125
2021-04-15,50.2400016784668
2021-04-16,51.56999969482422
2021-04-19,51.4900016784668
2021-04-20,51.31999969482422
2021-04-21,52.29999923706055
2021-04-22,52.709999084472656
2021-04-23,53.18999862670898
2021-04-26,54.52999877929688
2021-04-27,55.16999816894531
2021-04-28,55.40999984741211
2021-04-29,55.52999877929688
2021-04-30,55.369998931884766
2021-05-03,55.06999969482422
2021-05-04,55.0
2021-05-05,56.63999938964844
2021-05-06,57.18999862670898
2021-05-07,58.220001220703125
2021-05-10,57.630001068115234
2021-05-11,57.790000915527344
2021-05-12,55.7599983215332
2021-05-13,56.20000076293945
2021-05-14,57.41999816894531
2021-05-17,57.380001068115234
2021-05-18,56.9900016784668
2021-05-19,56.9900016784668
2021-05-20,56.77000045776367
2021-05-21,57.43000030517578
2021-05-24,57.43999862670898
2021-05-25,56.619998931884766
2021-05-26,57.29999923706055
2021-05-27,57.869998931884766
2021-05-28,57.34000015258789
2021-06-01,56.630001068115234
2021-06-02,56.68999862670898
2021-06-03,57.52999877929688
2021-06-04,57.40999984741211
2021-06-07,57.7400016784668
2021-06-08,57.52000045776367
2021-06-09,57.20000076293945
2021-06-10,57.29999923706055
2021-06-11,57.790000915527344
2021-06-14,57.5099983215332
2021-06-15,58.0099983215332
2021-06-16,58.56999969482422
2021-06-17,58.43000030517578
2021-06-18,57.369998931884766
2021-06-21,58.470001220703125
2021-06-22,58.25
2021-06-23,58.290000915527344
2021-06-24,59.119998931884766
2021-06-25,61.58000183105469
2021-06-28,61.52999877929688
2021-06-29,62.40999984741211
2021-06-30,62.20000076293945
2021-07-01,63.0099983215332
2021-07-02,64.2300033569336
2021-07-06,63.709999084472656
2021-07-07,63.290000915527344
2021-07-08,60.5099983215332
2021-07-09,61.16999816894531
2021-07-12,61.31999969482422
2021-07-13,59.88999938964844
2021-07-14,60.0099983215332
2021-07-15,59.43999862670898
2021-07-16,56.7400016784668
2021-07-19,56.209999084472656
2021-07-20,57.43000030517578
2021-07-21,58.130001068115234
2021-07-22,58.5099983215332
2021-07-23,59.43999862670898
2021-07-26,59.33000183105469
2021-07-27,59.22999954223633
2021-07-28,58.83000183105469
2021-07-29,59.52000045776367
2021-07-30,58.86000061035156
2021-08-02,59.20000076293945
2021-08-03,60.65999984741211
2021-08-04,60.88999938964844
2021-08-05,61.13999938964844
2021-08-06,61.63999938964844
2021-08-09,61.290000915527344
2021-08-10,60.09999847412109
2021-08-11,59.33000183105469
2021-08-12,58.790000915527344
2021-08-13,59.369998931884766
2021-08-16,59.45000076293945
2021-08-17,58.31999969482422
2021-08-18,57.02999877929688
2021-08-19,55.970001220703125
2021-08-20,56.27000045776367
2021-08-23,57.40999984741211
2021-08-24,57.70000076293945
2021-08-25,58.150001525878906
2021-08-26,57.91999816894531
2021-08-27,58.650001525878906
2021-08-30,58.869998931884766
2021-08-31,59.77999877929688
2021-09-01,60.970001220703125
2021-09-02,61.20000076293945
2021-09-03,61.810001373291016
2021-09-07,61.900001525878906
2021-09-08,61.27999877929688
2021-09-09,61.13999938964844
2021-09-10,60.720001220703125
2021-09-13,62.0
2021-09-14,61.02000045776367
2021-09-15,63.02000045776367
2021-09-16,62.709999084472656
2021-09-17,62.79999923706055
2021-09-20,58.43000030517578
2021-09-21,59.130001068115234
2021-09-22,59.40999984741211
2021-09-23,61.2599983215332
2021-09-24,62.40999984741211
2021-09-27,62.9900016784668
2021-09-28,61.43999862670898
2021-09-29,62.34999847412109
2021-09-30,61.59000015258789
2021-10-01,61.869998931884766
2021-10-04,58.790000915527344
2021-10-05,61.54999923706055
2021-10-06,62.61000061035156
2021-10-07,63.59000015258789
2021-10-08,65.36000061035156
2021-10-11,65.41999816894531
2021-10-12,65.91000366210938
2021-10-13,66.04000091552734
2021-10-14,67.80000305175781
2021-10-15,67.41999816894531
2021-10-18,68.30000305175781
2021-10-19,73.18000030517578
2021-10-20,74.30000305175781
2021-10-21,77.29000091552734
2021-10-22,79.72000122070312
2021-10-25,79.95999908447266
2021-10-26,79.76000213623047
2021-10-27,77.47000122070312
2021-10-28,78.33000183105469
2021-10-29,76.94999694824219
2021-11-01,76.33000183105469
2021-11-02,76.41999816894531
2021-11-03,77.97000122070312
2021-11-04,77.29000091552734
2021-11-05,76.94000244140625
2021-11-08,77.04000091552734
2021-11-09,76.29000091552734
2021-11-10,74.0
2021-11-11,74.91999816894531
2021-11-12,74.98999786376953
2021-11-15,76.0999984741211
2021-11-16,75.79000091552734
2021-11-17,75.5
2021-11-18,75.4000015258789
2021-11-19,74.94999694824219
2021-11-22,75.8499984741211
2021-11-23,73.80999755859375
2021-11-24,73.94999694824219
2021-11-26,71.73999786376953
2021-11-29,73.3499984741211
2021-11-30,70.77999877929688
2021-12-01,70.6500015258789
2021-12-02,71.80000305175781
2021-12-03,70.11000061035156
2021-12-06,70.1500015258789
2021-12-07,70.98999786376953
2021-12-08,71.05000305175781
2021-12-09,70.48999786376953
2021-12-10,69.6500015258789
2021-12-13,69.61000061035156
2021-12-14,68.52999877929688
2021-12-15,70.16000366210938
2021-12-16,69.80000305175781
2021-12-17,70.33999633789062
2021-12-20,68.58000183105469
2021-12-21,71.9000015258789
2021-12-22,72.2699966430664
2021-12-23,74.2699966430664
2021-12-27,74.0199966430664
2021-12-28,73.47000122070312
2021-12-29,72.80000305175781
2021-12-30,73.04000091552734
2021-12-31,72.43000030517578
2022-01-03,71.52999877929688
2022-01-04,73.55999755859375
2022-01-05,69.5999984741211
2022-01-06,69.56999969482422
2022-01-07,68.95999908447266
2022-01-10,68.3499984741211
2022-01-11,70.58000183105469
2022-01-12,70.76000213623047
2022-01-13,69.55000305175781
2022-01-14,68.83000183105469
2022-01-18,67.6500015258789
2022-01-19,67.05000305175781
2022-01-20,67.0
2022-01-21,65.9000015258789
2022-01-24,65.3499984741211
2022-01-25,64.1500015258789
2022-01-26,63.54999923706055
2022-01-27,66.2300033569336
2022-01-28,68.16000366210938
2022-01-31,70.0
2022-02-01,70.6500015258789
2022-02-02,71.02999877929688
2022-02-03,68.9800033569336
2022-02-04,70.33000183105469
2022-02-07,70.87999725341797
2022-02-08,67.5999984741211
2022-02-09,69.87000274658203
2022-02-10,69.66999816894531
2022-02-11,65.66999816894531
2022-02-14,65.62999725341797
2022-02-15,67.58000183105469
2022-02-16,67.95999908447266
2022-02-17,65.2300033569336
2022-02-18,64.16999816894531
2022-02-22,63.20000076293945
2022-02-23,62.09999847412109
2022-02-24,62.15999984741211
2022-02-25,65.66999816894531
2022-02-28,65.26000213623047
2022-03-01,62.400001525878906
2022-03-02,64.93000030517578
2022-03-03,64.56999969482422
2022-03-04,63.47999954223633
2022-03-07,58.290000915527344
2022-03-08,60.02000045776367
2022-03-09,63.290000915527344
2022-03-10,62.06999969482422
2022-03-11,63.04999923706055
2022-03-14,59.40999984741211
2022-03-15,59.54999923706055
2022-03-16,62.27999877929688
2022-03-17,61.58000183105469
2022-03-18,62.58000183105469
2022-03-21,62.5
2022-03-22,64.68000030517578
2022-03-23,62.77999877929688
2022-03-24,63.88999938964844
2022-03-25,62.5
2022-03-28,63.209999084472656
2022-03-29,65.70999908447266
2022-03-30,63.040000915527344
2022-03-31,61.9900016784668
2022-04-01,62.33000183105469
2022-04-04,63.36000061035156
2022-04-05,61.130001068115234
2022-04-06,59.02999877929688
2022-04-07,57.66999816894531
2022-04-08,57.560001373291016
2022-04-11,56.869998931884766
2022-04-12,55.5099983215332
2022-04-13,57.75
2022-04-14,57.4900016784668
2022-04-18,56.7599983215332
2022-04-19,58.59000015258789
2022-04-20,59.15999984741211
2022-04-21,56.15999984741211
2022-04-22,53.93000030517578
2022-04-25,54.38999938964844
2022-04-26,51.150001525878906
2022-04-27,50.91999816894531
2022-04-28,52.310001373291016
2022-04-29,49.7599983215332
2022-05-02,51.91999816894531
2022-05-03,51.72999954223633
2022-05-04,53.65999984741211
2022-05-05,53.369998931884766
2022-05-06,52.900001525878906
2022-05-09,49.54999923706055
2022-05-10,50.43999862670898
2022-05-11,51.0099983215332
2022-05-12,51.56999969482422
2022-05-13,54.20000076293945
2022-05-16,53.5099983215332
2022-05-17,54.79999923706055
2022-05-18,54.34000015258789
2022-05-19,53.95000076293945
2022-05-20,54.47999954223633
2022-05-23,55.220001220703125
2022-05-24,53.58000183105469
2022-05-25,55.77999877929688
2022-05-26,58.11000061035156
2022-05-27,60.31999969482422
2022-05-31,57.63999938964844
2022-06-01,57.77000045776367
2022-06-02,58.52999877929688
2022-06-03,57.77999877929688
2022-06-06,59.16999816894531
2022-06-07,59.08000183105469
2022-06-08,57.31999969482422
2022-06-09,56.65999984741211
2022-06-10,54.45000076293945
2022-06-13,50.08000183105469
2022-06-14,49.36000061035156
2022-06-15,50.54999923706055
2022-06-16,46.77999877929688
2022-06-17,48.25
2022-06-21,49.84999847412109
2022-06-22,50.18999862670898
2022-06-23,49.93999862670898
2022-06-24,52.0
2022-06-27,52.380001068115234
2022-06-28,51.27000045776367
2022-06-29,49.68000030517578
2022-06-30,48.47999954223633
2022-07-01,49.2599983215332
2022-07-05,51.06999969482422
2022-07-06,50.2400016784668
2022-07-07,52.310001373291016
2022-07-08,51.560001373291016
2022-07-11,50.70000076293945
2022-07-12,50.709999084472656
2022-07-13,50.29999923706055
2022-07-14,48.66999816894531
2022-07-15,50.84999847412109
2022-07-18,51.29999923706055
2022-07-19,53.06999969482422
2022-07-20,54.18999862670898
2022-07-21,54.58000183105469
2022-07-22,53.93999862670898
2022-07-25,54.040000915527344
2022-07-26,53.54999923706055
2022-07-27,54.83000183105469
2022-07-28,56.5099983215332
2022-07-29,57.09999847412109
2022-08-01,57.119998931884766
2022-08-02,56.40999984741211
2022-08-03,57.22999954223633
2022-08-04,57.9900016784668
2022-08-05,57.52999877929688
2022-08-08,57.41999816894531
2022-08-09,57.900001525878906
2022-08-10,59.9900016784668
2022-08-11,60.88999938964844
2022-08-12,61.0
2022-08-15,61.47999954223633
2022-08-16,60.72999954223633
2022-08-17,59.2400016784668
2022-08-18,59.54999923706055
2022-08-19,58.130001068115234
2022-08-22,57.08000183105469
2022-08-23,58.09000015258789
2022-08-24,58.959999084472656
2022-08-25,60.310001373291016
2022-08-26,56.369998931884766
2022-08-29,55.66999816894531
2022-08-30,54.95000076293945
2022-08-31,55.58000183105469
2022-09-01,54.83000183105469
2022-09-02,55.0
2022-09-06,55.619998931884766
2022-09-07,56.7400016784668
2022-09-08,56.86000061035156
2022-09-09,58.11000061035156
2022-09-12,58.93999862670898
2022-09-13,56.65999984741211
2022-09-14,57.41999816894531
2022-09-15,57.150001525878906
2022-09-16,54.810001373291016
2022-09-19,55.45000076293945
2022-09-20,53.86000061035156
2022-09-21,52.65999984741211
2022-09-22,51.5099983215332
2022-09-23,49.59999847412109
2022-09-26,48.869998931884766
2022-09-27,48.84999847412109
2022-09-28,50.04999923706055
2022-09-29,47.630001068115234
2022-09-30,46.5
2022-10-03,48.93000030517578
2022-10-04,51.93000030517578
2022-10-05,51.630001068115234
2022-10-06,51.0099983215332
2022-10-07,48.77000045776367
2022-10-10,48.54999923706055
2022-10-11,47.68000030517578
2022-10-12,48.29999923706055
2022-10-13,48.560001373291016
2022-10-14,47.36000061035156
2022-10-17,48.91999816894531
2022-10-18,50.25
2022-10-19,49.459999084472656
2022-10-20,49.150001525878906
2022-10-21,51.20000076293945
2022-10-24,51.72999954223633
2022-10-25,54.310001373291016
2022-10-26,54.13999938964844
2022-10-27,54.290000915527344
2022-10-28,55.630001068115234
2022-10-31,55.36000061035156
2022-11-01,57.16999816894531
2022-11-02,59.43000030517578
2022-11-03,60.52999877929688
2022-11-04,62.58000183105469
2022-11-07,63.150001525878906
2022-11-08,63.709999084472656
2022-11-09,61.0099983215332
2022-11-10,64.2300033569336
2022-11-11,65.22000122070312
2022-11-14,62.56999969482422
2022-11-15,64.54000091552734
2022-11-16,62.36000061035156
2022-11-17,61.59000015258789
2022-11-18,61.93999862670898
2022-11-21,62.63999938964844
2022-11-22,64.76000213623047
2022-11-23,65.31999969482422
2022-11-25,66.45999908447266
2022-11-28,65.01000213623047
2022-11-29,65.8499984741211
2022-11-30,69.38999938964844
2022-12-01,69.22000122070312
2022-12-02,68.25
2022-12-05,64.5
2022-12-06,63.2400016784668
2022-12-07,61.38999938964844
2022-12-08,62.83000183105469
2022-12-09,62.880001068115234
2022-12-12,64.06999969482422
2022-12-13,65.44000244140625
2022-12-14,66.08000183105469
2022-12-15,64.05999755859375
2022-12-16,62.5099983215332
2022-12-19,62.33000183105469
2022-12-20,62.70000076293945
2022-12-21,64.54000091552734
2022-12-22,63.77000045776367
2022-12-23,64.25
2022-12-27,63.40999984741211
2022-12-28,62.52000045776367
2022-12-29,63.56999969482422
2022-12-30,63.790000915527344
2023-01-03,62.810001373291016
2023-01-04,64.36000061035156
2023-01-05,62.95000076293945
2023-01-06,64.33000183105469
2023-01-09,65.31999969482422
2023-01-10,66.5199966430664
2023-01-11,67.68000030517578
2023-01-12,68.44000244140625
2023-01-13,69.70999908447266
2023-01-17,69.08999633789062
2023-01-18,68.02999877929688
2023-01-19,65.77999877929688
2023-01-20,67.06999969482422
2023-01-23,68.83999633789062
2023-01-24,67.69999694824219
2023-01-25,67.5999984741211
2023-01-26,70.43000030517578
2023-01-27,70.81999969482422
2023-01-30,69.26000213623047
2023-01-31,70.77999877929688
2023-02-01,72.5199966430664
2023-02-02,72.1500015258789
2023-02-03,73.4000015258789
2023-02-06,72.13999938964844
2023-02-07,73.3499984741211
2023-02-08,73.88999938964844
2023-02-09,68.4000015258789
2023-02-10,70.66000366210938
2023-02-13,71.06999969482422
2023-02-14,71.66000366210938
2023-02-15,72.43000030517578
2023-02-16,72.08999633789062
2023-02-17,71.44000244140625
2023-02-21,69.3499984741211
2023-02-22,70.2699966430664
2023-02-23,71.20999908447266
2023-02-24,70.87000274658203
2023-02-27,70.41999816894531
2023-02-28,70.9000015258789
2023-03-01,71.94000244140625
2023-03-02,72.37999725341797
2023-03-03,73.11000061035156
2023-03-06,72.54000091552734
2023-03-07,71.19999694824219
2023-03-08,71.2300033569336
2023-03-09,67.37000274658203
2023-03-10,60.290000915527344
2023-03-13,58.470001220703125
2023-03-14,59.7599983215332
2023-03-15,57.61000061035156
2023-03-16,58.75
2023-03-17,56.52999877929688
2023-03-20,56.810001373291016
2023-03-21,60.709999084472656
2023-03-22,58.93000030517578
2023-03-23,57.70000076293945
2023-03-24,57.540000915527344
2023-03-27,58.95000076293945
2023-03-28,59.09999847412109
2023-03-29,60.65999984741211
2023-03-30,61.45000076293945
2023-03-31,63.15999984741211
2023-04-03,62.400001525878906
2023-04-04,62.13999938964844
2023-04-05,61.400001525878906
2023-04-06,60.869998931884766
2023-04-10,61.84999847412109
2023-04-11,63.130001068115234
2023-04-12,62.58000183105469
2023-04-13,64.80000305175781
2023-04-14,65.01000213623047
2023-04-17,65.25
2023-04-18,65.33999633789062
2023-04-19,65.80000305175781
2023-04-20,64.29000091552734
2023-04-21,63.540000915527344
2023-04-24,63.29999923706055
2023-04-25,61.630001068115234
2023-04-26,61.380001068115234
2023-04-27,62.68999862670898
2023-04-28,63.38999938964844
2023-05-01,63.720001220703125
2023-05-02,61.2599983215332
2023-05-03,60.93000030517578
2023-05-04,58.040000915527344
2023-05-05,60.52999877929688
2023-05-08,61.83000183105469
2023-05-09,62.2599983215332
2023-05-10,63.63999938964844
2023-05-11,63.720001220703125
2023-05-12,62.5099983215332
2023-05-15,63.18000030517578
2023-05-16,62.040000915527344
2023-05-17,63.41999816894531
2023-05-18,63.7400016784668
2023-05-19,63.84999847412109
2023-05-22,66.0
2023-05-23,64.31999969482422
2023-05-24,62.970001220703125
2023-05-25,64.2300033569336
2023-05-26,65.41999816894531
2023-05-30,66.77999877929688
2023-05-31,66.8499984741211
2023-06-01,68.0
2023-06-02,69.69999694824219
2023-06-05,70.5
2023-06-06,70.93000030517578
2023-06-07,71.58000183105469
2023-06-08,72.75
2023-06-09,72.9800033569336
2023-06-12,73.63999938964844
2023-06-13,76.01000213623047
2023-06-14,76.1500015258789
2023-06-15,77.38999938964844
2023-06-16,77.08000183105469
2023-06-20,76.4000015258789
2023-06-21,76.41000366210938
2023-06-22,74.87000274658203
2023-06-23,73.0
2023-06-26,73.66999816894531
2023-06-27,74.76000213623047
2023-06-28,75.13999938964844
2023-06-29,75.80999755859375
2023-06-30,76.80999755859375
2023-07-03,77.06999969482422
2023-07-05,76.02999877929688
2023-07-06,74.51000213623047
2023-07-07,76.01000213623047
2023-07-10,75.80000305175781
2023-07-11,77.95999908447266
2023-07-12,77.98999786376953
2023-07-13,80.55000305175781
2023-07-14,80.29000091552734
2023-07-17,80.94000244140625
2023-07-18,82.45999908447266
2023-07-19,81.87000274658203
2023-07-20,81.58000183105469
2023-07-21,80.79000091552734
2023-07-24,80.83999633789062
2023-07-25,81.16000366210938
2023-07-26,81.44000244140625
2023-07-27,80.70999908447266
2023-07-28,81.80999755859375
2023-07-31,81.70999908447266
2023-08-01,81.95999908447266
2023-08-02,81.33000183105469
2023-08-03,85.93000030517578
2023-08-04,86.13999938964844
2023-08-07,86.2699966430664
2023-08-08,82.4800033569336
2023-08-09,81.69999694824219
2023-08-10,81.5999984741211
2023-08-11,81.41000366210938
2023-08-14,81.95999908447266
2023-08-15,80.5199966430664
2023-08-16,80.26000213623047
2023-08-17,79.19999694824219
2023-08-18,81.16000366210938
2023-08-21,81.55000305175781
2023-08-22,81.52999877929688
2023-08-23,83.05999755859375
2023-08-24,82.5199966430664
2023-08-25,83.1500015258789
2023-08-28,83.63999938964844
2023-08-29,84.95999908447266
2023-08-30,85.0999984741211
2023-08-31,87.33999633789062
2023-09-01,86.44000244140625
2023-09-05,88.7699966430664
2023-09-06,87.05999755859375
2023-09-07,87.12000274658203
2023-09-08,87.86000061035156
2023-09-11,88.5999984741211
2023-09-12,90.16000366210938
2023-09-13,90.5999984741211
2023-09-14,91.16999816894533
2023-09-15,91.77999877929688
2023-09-18,92.05999755859376
2023-09-19,91.66000366210938
2023-09-20,92.0199966430664
2023-09-21,90.41000366210938
2023-09-22,90.80999755859376
2023-09-25,92.4800033569336
2023-09-26,89.87999725341797
2023-09-27,89.55000305175781
2023-09-28,91.0999984741211
2023-09-29,89.76000213623047
2023-10-02,89.5999984741211
2023-10-03,86.55999755859375
2023-10-04,87.97000122070312
2023-10-05,88.58000183105469
2023-10-06,90.56999969482422
2023-10-09,89.18000030517578
2023-10-10,89.79000091552734
2023-10-11,89.29000091552734
2023-10-12,87.94999694824219
2023-10-13,87.55999755859375
2023-10-16,87.25
2023-10-17,88.11000061035156
2023-10-18,87.25
2023-10-19,83.37999725341797
2023-10-20,82.36000061035156
2023-10-23,82.81999969482422
2023-10-24,84.0
2023-10-25,81.4000015258789
2023-10-26,81.0199966430664
2023-10-27,80.3499984741211
2023-10-30,80.16000366210938
2023-10-31,77.44000244140625
2023-11-01,83.6500015258789
2023-11-02,84.12000274658203
2023-11-03,85.02999877929688
2023-11-06,83.1500015258789
2023-11-07,84.3499984741211
2023-11-08,84.7699966430664
2023-11-09,84.25
2023-11-10,84.95999908447266
2023-11-13,85.72000122070312
2023-11-14,87.68000030517578
2023-11-15,86.97000122070312
2023-11-16,86.4000015258789
2023-11-17,86.83999633789062
2023-11-20,88.31999969482422
2023-11-21,87.95999908447266
2023-11-22,90.1999969482422
2023-11-24,91.13999938964844
2023-11-27,90.51000213623048
2023-11-28,90.62999725341795
2023-11-29,92.2699966430664
2023-11-30,92.0
2023-12-01,92.6999969482422
2023-12-04,89.86000061035156
2023-12-05,90.7300033569336
2023-12-06,90.56999969482422
2023-12-07,90.8000030517578
2023-12-08,92.08999633789062
2023-12-11,91.94000244140624
2023-12-12,93.2300033569336
2023-12-13,92.26000213623048
2023-12-14,93.12999725341795
2023-12-15,94.4800033569336
2023-12-18,94.08000183105467
2023-12-19,94.76000213623048
2023-12-20,91.66999816894533
2023-12-21,91.8000030517578
2023-12-22,91.58000183105467
2023-12-26,92.58999633789062
2023-12-27,93.16000366210938
2023-12-28,94.2699966430664
2023-12-29,93.19000244140624
2024-01-02,91.33000183105467
2024-01-03,92.16999816894533
2024-01-04,94.8000030517578
2024-01-05,94.93000030517578
2024-01-08,96.29000091552734
2024-01-09,95.66000366210938
2024-01-10,96.72000122070312
2024-01-11,95.33999633789062
2024-01-12,95.41000366210938
2024-01-16,95.45999908447266
2024-01-17,96.05999755859376
2024-01-18,96.58000183105467
2024-01-19,98.94000244140624
2024-01-22,97.4499969482422
2024-01-23,95.30999755859376
2024-01-24,98.08000183105467
2024-01-25,99.9800033569336
2024-01-26,100.30999755859376
2024-01-29,101.20999908447266
2024-01-30,101.5999984741211
2024-01-31,100.4000015258789
2024-02-01,100.5500030517578
2024-02-02,103.12999725341795
2024-02-05,103.0
2024-02-06,104.47000122070312
2024-02-07,105.9000015258789
2024-02-08,107.41000366210938
2024-02-09,109.93000030517578
2024-02-12,108.87999725341795
2024-02-13,109.87000274658205
2024-02-14,112.56999969482422
2024-02-15,114.0500030517578
2024-02-16,112.70999908447266
2024-02-20,109.5999984741211
2024-02-21,109.27999877929688
2024-02-22,111.51000213623048
2024-02-23,111.61000061035156
2024-02-26,110.87999725341795
2024-02-27,110.81999969482422
2024-02-28,111.79000091552734
2024-02-29,111.8000030517578
2024-03-01,111.01000213623048
2024-03-04,111.36000061035156
2024-03-05,109.41000366210938
2024-03-06,108.8000030517578
2024-03-07,110.91000366210938
2024-03-08,108.75
2024-03-11,108.76000213623048
2024-03-12,109.94000244140624
2024-03-13,109.9800033569336
2024-03-14,110.01000213623048
2024-03-15,110.41000366210938
2024-03-18,110.27999877929688
2024-03-19,110.73999786376952
2024-03-20,112.63999938964844
2024-03-21,114.52999877929688
2024-03-22,112.58000183105467
2024-03-25,113.41999816894533
2024-03-26,113.88999938964844
2024-03-27,113.58000183105467
2024-03-28,112.4499969482422
2024-04-01,112.47000122070312
2024-04-02,110.55999755859376
2024-04-03,112.58999633789062
2024-04-04,111.08000183105467
2024-04-05,114.66999816894533
2024-04-08,116.05999755859376
2024-04-09,111.87000274658205
2024-04-10,114.22000122070312
2024-04-11,113.0199966430664
2024-04-12,110.12999725341795
2024-04-15,107.58000183105467
2024-04-16,107.83000183105467
2024-04-17,107.48999786376952
2024-04-18,107.3000030517578
2024-04-19,107.62999725341795
2024-04-22,110.5999984741211
2024-04-23,113.7699966430664
2024-04-24,112.72000122070312
2024-04-25,111.87999725341795
2024-04-26,112.22000122070312
2024-04-29,110.91000366210938
2024-04-30,108.37999725341795
2024-05-01,107.7699966430664
2024-05-02,112.06999969482422
2024-05-03,109.45999908447266
2024-05-06,111.4800033569336
2024-05-07,113.18000030517578
2024-05-08,113.31999969482422
2024-05-09,112.19000244140624
2024-05-10,112.05999755859376
2024-05-13,109.77999877929688
2024-05-14,110.87000274658205
2024-05-15,115.31999969482422
2024-05-16,112.7300033569336
2024-05-17,113.08000183105467
2024-05-20,112.9499969482422
2024-05-21,114.6999969482422
2024-05-22,113.83999633789062
2024-05-23,112.87999725341795
2024-05-24,115.5199966430664
2024-05-28,115.5999984741211
2024-05-29,113.16999816894533
2024-05-30,116.7699966430664
2024-05-31,116.16000366210938
2024-06-03,116.5500030517578
2024-06-04,113.87999725341795
2024-06-05,116.27999877929688
2024-06-06,112.97000122070312
2024-06-07,112.36000061035156
2024-06-10,118.7699966430664
2024-06-11,116.70999908447266
2024-06-12,118.37999725341795
2024-06-13,116.27999877929688
2024-06-14,115.87000274658205
2024-06-17,116.29000091552734
2024-06-18,117.31999969482422
2024-06-20,118.43000030517578
2024-06-21,117.77999877929688
2024-06-24,118.27999877929688
2024-06-25,118.47000122070312
2024-06-26,118.05999755859376
2024-06-27,118.0
2024-06-28,118.06999969482422
2024-07-01,118.73999786376952
2024-07-02,120.04000091552734
2024-07-03,119.8000030517578
2024-07-05,118.73999786376952
2024-07-08,115.91999816894533
2024-07-09,116.68000030517578
2024-07-10,119.20999908447266
2024-07-11,121.0999984741211
2024-07-12,120.54000091552734
2024-07-15,122.5
2024-07-16,124.0
2024-07-17,121.18000030517578
2024-07-18,120.33000183105467
2024-07-19,120.51000213623048
2024-07-22,123.98999786376952
2024-07-23,124.83999633789062
2024-07-24,121.72000122070312
2024-07-25,121.66000366210938
2024-07-26,122.16000366210938
2024-07-29,122.05999755859376
2024-07-30,122.63999938964844
2024-07-31,125.30999755859376
2024-08-01,115.97000122070312
2024-08-02,103.52999877929688
2024-08-05,99.16000366210938
2024-08-06,103.45999908447266
2024-08-07,103.12000274658205
2024-08-08,103.19000244140624
2024-08-09,104.6999969482422
2024-08-12,103.02999877929688
2024-08-13,104.61000061035156
2024-08-14,105.9800033569336
2024-08-15,110.83000183105467
2024-08-16,111.0
2024-08-19,111.61000061035156
2024-08-20,109.8499984741211
2024-08-21,109.27999877929688
2024-08-22,108.47000122070312
2024-08-23,111.51000213623048
2024-08-26,111.88999938964844
2024-08-27,113.58000183105467
2024-08-28,113.38999938964844
2024-08-29,113.26000213623048
2024-08-30,115.7300033569336
2024-09-03,111.31999969482422
2024-09-04,109.52999877929688
2024-09-05,108.8499984741211
2024-09-06,108.0
2024-09-09,107.58999633789062
2024-09-10,106.73999786376952
2024-09-11,108.66999816894533
2024-09-12,112.37000274658205
2024-09-13,114.38999938964844
2024-09-16,117.16000366210938
2024-09-17,117.79000091552734
2024-09-18,117.5500030517578
2024-09-19,121.62000274658205
2024-09-20,124.4800033569336
2024-09-23,125.2300033569336
2024-09-24,125.12999725341795
2024-09-25,124.52999877929688
2024-09-26,125.5
2024-09-27,125.80999755859376
2024-09-30,124.91000366210938
2024-10-01,132.00999450683594
2024-10-02,132.6999969482422
2024-10-03,131.36000061035156
2024-10-04,135.3300018310547
2024-10-07,134.22000122070312
2024-10-08,136.10000610351562
2024-10-09,138.02000427246094
2024-10-10,137.9199981689453
2024-10-11,140.2100067138672
2024-10-14,141.3699951171875
2024-10-15,141.5500030517578
2024-10-16,142.85000610351562
2024-10-17,145.19000244140625
2024-10-18,145.00999450683594
2024-10-21,144.75999450683594
2024-10-22,143.94000244140625
2024-10-23,143.5399932861328
2024-10-24,146.2899932861328
2024-10-25,143.08999633789062
2024-10-28,144.83999633789062
2024-10-29,146.02000427246094
2024-10-30,145.86000061035156
2024-10-31,143.25999450683594
2024-11-01,141.0
2024-11-04,139.42999267578125
2024-11-05,149.27000427246094
2024-11-06,163.6699981689453
2024-11-07,159.82000732421875
2024-11-08,162.0
2024-11-11,166.75
2024-11-12,163.75
2024-11-13,164.33999633789062
2024-11-14,164.30999755859375
2024-11-15,163.6300048828125
2024-11-18,164.30999755859375
2024-11-19,168.25
2024-11-20,162.88999938964844
2024-11-21,165.02000427246094
2024-11-22,167.55999755859375
2024-11-25,174.6999969482422
2024-11-26,175.63999938964844
2024-11-27,173.85000610351562
2024-11-29,175.02999877929688
2024-12-02,172.33999633789062
2024-12-03,173.0
2024-12-04,174.72999572753906
2024-12-05,175.72999572753906
2024-12-06,177.85000610351562
2024-12-09,172.47000122070312
2024-12-10,174.7100067138672
2024-12-11,178.61000061035156
2024-12-12,176.41000366210938
2024-12-13,176.42999267578125
2024-12-16,178.14999389648438
2024-12-17,176.32000732421875
2024-12-18,167.44000244140625
2024-12-19,169.6300048828125
2024-12-20,171.02999877929688
2024-12-23,171.6300048828125
2024-12-24,174.85000610351562
2024-12-26,174.3699951171875
2024-12-27,170.27999877929688
2024-12-30,166.50999450683594
2024-12-31,165.16000366210938
2025-01-02,165.86000061035156
2025-01-03,169.05999755859375
2025-01-06,169.10000610351562
2025-01-07,162.4499969482422
2025-01-08,161.97999572753906
2025-01-10,155.38999938964844
2025-01-13,154.8000030517578
2025-01-14,159.3300018310547
2025-01-15,164.85000610351562
2025-01-16,165.9199981689453
2025-01-17,166.99000549316406
2025-01-21,169.24000549316406
2025-01-22,168.89999389648438
2025-01-23,169.75
2025-01-24,172.05999755859375
2025-01-27,167.25999450683594
2025-01-28,169.30999755859375
2025-01-29,171.10000610351562
2025-01-30,171.75999450683594
2025-01-31,170.97999572753906
2025-02-03,167.1199951171875
2025-02-04,162.58999633789062
2025-02-05,165.75
2025-02-06,164.8800048828125
2025-02-07,163.4499969482422
2025-02-10,162.1699981689453
2025-02-11,158.0800018310547
2025-02-12,157.44000244140625
2025-02-13,157.9199981689453
2025-02-14,162.80999755859375
2025-02-18,162.05999755859375
2025-02-19,160.27000427246094
2025-02-20,156.7899932861328
2025-02-21,150.5500030517578
2025-02-24,147.8699951171875
2025-02-25,145.3000030517578
2025-02-26,147.64999389648438
2025-02-27,147.44000244140625
2025-02-28,149.27000427246094
2025-03-03,144.5800018310547
2025-03-04,137.9199981689453
2025-03-05,140.52999877929688
2025-03-06,134.77999877929688
2025-03-07,132.39999389648438
2025-03-10,126.01000213623048
2025-03-11,130.4199981689453
2025-03-12,134.9199981689453
2025-03-13,130.24000549316406
2025-03-14,134.32000732421875
2025-03-17,138.6999969482422
2025-03-18,137.44000244140625
2025-03-19,143.39999389648438
2025-03-20,144.77000427246094
2025-03-21,143.41000366210938
2025-03-24,148.39999389648438
2025-03-25,147.89999389648438
2025-03-26,144.63999938964844
2025-03-27,142.02999877929688
2025-03-28,136.9600067138672
2025-03-31,136.94000244140625
2025-04-01,138.3699951171875
2025-04-02,141.52000427246094
2025-04-03,123.4499969482422
2025-04-04,108.68000030517578
2025-04-07,112.36000061035156
2025-04-08,110.41000366210938
2025-04-09,128.4499969482422
2025-04-10,123.93000030517578
2025-04-11,125.91999816894533
2025-04-14,125.5199966430664
2025-04-15,127.83999633789062
2025-04-16,125.20999908447266
2025-04-17,126.77999877929688
2025-04-21,119.62999725341795
2025-04-22,123.70999908447266
2025-04-23,126.5500030517578
2025-04-24,133.32000732421875
2025-04-25,133.39999389648438
2025-04-28,136.36000061035156
2025-04-29,137.5500030517578
2025-04-30,136.47999572753906
2025-05-01,137.88999938964844
2025-05-02,135.3699951171875
2025-05-05,133.97999572753906
2025-05-06,129.30999755859375
2025-05-07,129.33999633789062
2025-05-08,133.19000244140625
2025-05-09,132.4600067138672
2025-05-12,143.4499969482422
2025-05-13,145.07000732421875
2025-05-14,144.24000549316406
2025-05-15,143.99000549316406
2025-05-16,143.83999633789062
2025-05-19,142.61000061035156
2025-05-20,139.2899932861328
2025-05-21,130.67999267578125
2025-05-22,130.80999755859375
2025-05-23,130.8699951171875
2025-05-27,133.1699981689453
2025-05-28,131.50999450683594
2025-05-29,131.6999969482422
2025-05-30,130.69000244140625
2025-06-02,130.52000427246094
2025-06-03,131.10000610351562
2025-06-04,130.3000030517578
2025-06-05,130.27999877929688
2025-06-06,133.4499969482422
2025-06-09,133.50999450683594
2025-06-10,135.6199951171875
2025-06-11,138.02999877929688
2025-06-12,138.11000061035156
2025-06-13,132.11000061035156
2025-06-16,134.10000610351562
2025-06-17,132.36000061035156
2025-06-18,133.08999633789062
2025-06-20,134.52000427246094
2025-06-23,134.02999877929688
2025-06-24,139.91000366210938
2025-06-25,137.72999572753906
2025-06-26,139.35000610351562
2025-06-27,142.9199981689453
2025-06-30,141.8699951171875
2025-07-01,141.6300048828125
2025-07-02,142.77999877929688
2025-07-03,144.47000122070312
2025-07-07,141.52999877929688
2025-07-08,145.00999450683594
2025-07-09,146.64999389648438
2025-07-10,148.2100067138672
2025-07-11,147.17999267578125
2025-07-14,148.52999877929688
2025-07-15,145.72000122070312
2025-07-16,152.7100067138672
2025-07-17,156.0500030517578
2025-07-18,152.0
2025-07-21,148.69000244140625
2025-07-22,149.64999389648438
2025-07-23,151.85000610351562
2025-07-24,151.63999938964844
2025-07-25,151.1300048828125
2025-07-28,148.6999969482422
2025-07-29,147.82000732421875
2025-07-30,145.4600067138672
2025-07-31,145.32000732421875
2025-08-01,138.2899932861328
2025-08-04,142.02000427246094
2025-08-05,145.5399932861328
2025-08-06,145.8699951171875
2025-08-07,141.11000061035156
2025-08-08,141.97000122070312
2025-08-11,142.1199951171875
2025-08-12,144.60000610351562
2025-08-13,140.9499969482422
2025-08-14,140.67999267578125
2025-08-15,139.38999938964844
2025-08-18,139.38999938964844
2025-08-19,137.0800018310547
2025-08-20,135.33999633789062
2025-08-21,134.00999450683594
2025-08-22,134.1999969482422
2025-08-25,133.88999938964844
2025-08-26,134.39999389648438
2025-08-27,135.72000122070312
2025-08-28,136.38999938964844
2025-08-29,136.22999572753906
2025-09-02,135.83999633789062
2025-09-03,132.6300048828125
2025-09-04,134.75999450683594
2025-09-05,131.5500030517578
2025-09-08,134.44000244140625
2025-09-09,134.4199981689453
2025-09-10,133.63999938964844
2025-09-11,136.39999389648438
2025-09-12,138.02999877929688
2025-09-15,138.47999572753906
2025-09-16,140.0500030517578
2025-09-17,138.82000732421875
2025-09-18,143.49000549316406
2025-09-19,144.75
2025-09-22,143.9600067138672
2025-09-23,144.88999938964844
2025-09-24,137.16000366210938
2025-09-25,136.1300048828125
2025-09-26,137.6300048828125
2025-09-29,138.44000244140625
2025-09-30,133.27000427246094
2025-10-01,129.9499969482422
2025-10-02,127.2300033569336
2025-10-03,125.88999938964844
2025-10-06,126.6999969482422
2025-10-07,126.0500030517578
2025-10-08,124.8000030517578
2025-10-09,123.54000091552734
2025-10-10,118.22000122070312
2025-10-13,122.44000244140624
2025-10-14,127.63999938964844
2025-10-15,127.6999969482422
2025-10-16,120.83999633789062
2025-10-17,121.37999725341795
2025-10-20,125.19000244140624
2025-10-21,125.9800033569336
2025-10-22,126.52999877929688
2025-10-23,123.0500030517578
2025-10-24,125.0
2025-10-27,126.37000274658205
2025-10-28,124.47000122070312
2025-10-29,124.87999725341795
2025-10-30,123.4499969482422
2025-10-31,124.30999755859376
2025-11-03,123.9499969482422
2025-11-04,130.50999450683594
2025-11-05,133.75
2025-11-06,128.97999572753906
2025-11-07,132.3699951171875
2025-11-10,130.9199981689453
2025-11-11,132.8800048828125
2025-11-12,133.5800018310547
2025-11-13,128.7100067138672
2025-11-14,130.60000610351562
2025-11-17,124.33999633789062
2025-11-18,124.31999969482422
2025-11-19,127.1999969482422
2025-11-20,126.76000213623048
2025-11-21,130.02000427246094
2025-11-24,130.10000610351562
2025-11-25,130.6199951171875
2025-11-26,130.27000427246094
2025-11-28,131.85000610351562
2025-12-01,131.38999938964844
2025-12-02,132.0800018310547
2025-12-03,134.5
2025-12-04,136.75
2025-12-05,138.1300048828125
2025-12-08,137.3800048828125
2025-12-09,143.88999938964844
2025-12-10,149.0800018310547
2025-12-11,150.3300018310547
2025-12-12,148.0500030517578
2025-12-15,146.8300018310547
2025-12-16,147.14999389648438
2025-12-17,146.39999389648438
2025-12-18,146.3000030517578
2025-12-19,146.33999633789062
2025-12-22,148.88999938964844
2025-12-23,148.3699951171875
2025-12-24,148.85000610351562
2025-12-26,148.52000427246094
2025-12-29,147.27000427246094
2025-12-30,146.05999755859375
2025-12-31,144.75999450683594
2026-01-02,146.61000061035156
2026-01-05,149.75999450683594
2026-01-06,152.6999969482422
2026-01-07,144.27999877929688
2026-01-08,146.19000244140625
2026-01-09,145.82000732421875
2026-01-12,143.91000366210938
2026-01-13,143.24000549316406
2026-01-14,144.05999755859375
2026-01-15,144.14999389648438
2026-01-16,143.8800048828125
2026-01-20,138.63999938964844
2026-01-21,139.52999877929688
2026-01-22,139.72999572753906
2026-01-23,136.30999755859375
2026-01-26,131.55999755859375
2026-01-27,131.72000122070312
2026-01-28,132.88999938964844
2026-01-29,134.49000549316406
2026-01-30,134.5399932861328
2026-02-02,133.19000244140625
2026-02-03,126.8499984741211
2026-02-04,132.8000030517578
2026-02-05,126.08000183105467
2026-02-06,133.02999877929688
2026-02-09,133.9499969482422
2026-02-10,132.42999267578125
2026-02-11,126.9499969482422
2026-02-12,125.37000274658205
2026-02-13,125.06999969482422
2026-02-17,125.1500015258789
2026-02-18,125.36000061035156
2026-02-19,118.33999633789062
2026-02-20,119.72000122070312
2026-02-23,113.7300033569336
2026-02-24,114.12999725341795
2026-02-25,117.20999908447266
2026-02-26,114.4000015258789
2026-02-27,104.5999984741211
2026-03-02,106.4499969482422
2026-03-03,107.08000183105467
2026-03-04,109.79000091552734
2026-03-05,111.23999786376952
2026-03-06,108.6999969482422
2026-03-09,108.13999938964844
2026-03-10,108.16999816894533
2026-03-11,106.0999984741211
2026-03-12,100.3000030517578
2026-03-13,104.44000244140624
2026-03-16,103.4499969482422
2026-03-17,108.88999938964844
2026-03-18,111.1999969482422
2026-03-19,111.37000274658205
2026-03-20,112.0
2026-03-23,110.4499969482422
2026-03-24,111.25
2026-03-25,109.8000030517578
2026-03-26,109.9800033569336
2026-03-27,108.41999816894533
2026-03-30,109.9499969482422
2026-03-31,111.41999816894533
2026-04-01,110.25
2026-04-02,107.04000091552734
2026-04-06,106.11000061035156
2026-04-07,105.36000061035156
2026-04-08,107.0500030517578
2026-04-09,106.9800033569336
2026-04-10,104.27999877929688
2026-04-13,109.9499969482422
2026-04-14,114.81999969482422
2026-04-15,120.54000091552734
2026-04-16,120.80999755859376
2026-04-17,124.62000274658205
2026-04-20,127.33000183105467
2026-04-21,127.26000213623048
2026-04-22,129.05999755859375
2026-04-23,124.7699966430664
2026-04-24,124.26000213623048
2026-04-27,123.33000183105467
2026-04-28,123.56999969482422
2026-04-29,122.27999877929688
2026-04-30,128.72000122070312
2026-05-01,130.4600067138672
2026-05-04,129.19000244140625
2026-05-05,130.3000030517578
2026-05-06,129.52999877929688
2026-05-07,127.79000091552734
2026-05-08,133.1999969482422
2026-05-11,130.4600067138672
2026-05-12,131.92999267578125
2026-05-13,131.60000610351562
2026-05-14,135.52000427246094
2026-05-15,135.3800048828125
2026-05-18,134.07000732421875
2026-05-19,131.14999389648438
2026-05-20,132.24000549316406
2026-05-21,130.89999389648438
2026-05-22,128.50999450683594
2026-05-26,129.91000366210938
2026-05-27,130.27000427246094
2026-05-28,127.51000213623048
2026-05-29,128.7100067138672
2026-06-01,128.22000122070312
2026-06-02,128.75999450683594
2026-06-03,124.3499984741211
2026-06-04,128.41000366210938
2026-06-05,128.02999877929688
