,BKR
2015-01-02,56.16999816894531
2015-01-05,55.15999984741211
2015-01-06,54.9900016784668
2015-01-07,56.470001220703125
2015-01-08,57.02999877929688
2015-01-09,56.470001220703125
2015-01-12,55.09000015258789
2015-01-13,55.2400016784668
2015-01-14,54.810001373291016
2015-01-15,53.52999877929688
2015-01-16,56.560001373291016
2015-01-20,57.2599983215332
2015-01-21,58.33000183105469
2015-01-22,58.209999084472656
2015-01-23,58.400001525878906
2015-01-26,58.93000030517578
2015-01-27,59.290000915527344
2015-01-28,56.95000076293945
2015-01-29,57.08000183105469
2015-01-30,57.9900016784668
2015-02-02,59.72999954223633
2015-02-03,61.77000045776367
2015-02-04,60.97999954223633
2015-02-05,62.27999877929688
2015-02-06,62.66999816894531
2015-02-09,62.86000061035156
2015-02-10,62.060001373291016
2015-02-11,61.59000015258789
2015-02-12,62.380001068115234
2015-02-13,64.30999755859375
2015-02-17,65.04000091552734
2015-02-18,64.44999694824219
2015-02-19,64.2699966430664
2015-02-20,63.4900016784668
2015-02-23,62.91999816894531
2015-02-24,63.02999877929688
2015-02-25,63.68000030517578
2015-02-26,62.5
2015-02-27,62.5099983215332
2015-03-02,62.54999923706055
2015-03-03,62.650001525878906
2015-03-04,62.459999084472656
2015-03-05,62.09999847412109
2015-03-06,60.91999816894531
2015-03-09,60.61000061035156
2015-03-10,60.06999969482422
2015-03-11,60.16999816894531
2015-03-12,59.72999954223633
2015-03-13,58.869998931884766
2015-03-16,59.93999862670898
2015-03-17,59.25
2015-03-18,60.7599983215332
2015-03-19,60.93000030517578
2015-03-20,62.470001220703125
2015-03-23,62.04999923706055
2015-03-24,62.29999923706055
2015-03-25,63.29999923706055
2015-03-26,62.84000015258789
2015-03-27,62.790000915527344
2015-03-30,63.47999954223633
2015-03-31,63.58000183105469
2015-04-01,63.83000183105469
2015-04-02,63.7599983215332
2015-04-06,65.66000366210938
2015-04-07,64.33000183105469
2015-04-08,64.22000122070312
2015-04-09,65.87999725341797
2015-04-10,66.54000091552734
2015-04-13,65.5999984741211
2015-04-14,66.62999725341797
2015-04-15,68.91999816894531
2015-04-16,68.2300033569336
2015-04-17,66.9800033569336
2015-04-20,68.33999633789062
2015-04-21,67.3499984741211
2015-04-22,67.06999969482422
2015-04-23,68.37000274658203
2015-04-24,68.08999633789062
2015-04-27,68.4000015258789
2015-04-28,68.43000030517578
2015-04-29,68.75
2015-04-30,68.45999908447266
2015-05-01,69.0199966430664
2015-05-04,69.12999725341797
2015-05-05,67.66000366210938
2015-05-06,67.2300033569336
2015-05-07,66.0999984741211
2015-05-08,67.69999694824219
2015-05-11,66.41999816894531
2015-05-12,66.98999786376953
2015-05-13,66.5
2015-05-14,65.5
2015-05-15,65.8499984741211
2015-05-18,66.0199966430664
2015-05-19,64.44999694824219
2015-05-20,64.26000213623047
2015-05-21,65.87999725341797
2015-05-22,65.52999877929688
2015-05-26,64.5999984741211
2015-05-27,64.9000015258789
2015-05-28,64.5199966430664
2015-05-29,64.45999908447266
2015-06-01,64.31999969482422
2015-06-02,65.22000122070312
2015-06-03,64.69000244140625
2015-06-04,63.63999938964844
2015-06-05,64.68000030517578
2015-06-08,64.01000213623047
2015-06-09,64.02999877929688
2015-06-10,65.08999633789062
2015-06-11,64.4000015258789
2015-06-12,64.12999725341797
2015-06-15,63.77999877929688
2015-06-16,63.59999847412109
2015-06-17,63.810001373291016
2015-06-18,62.310001373291016
2015-06-19,61.93000030517578
2015-06-22,62.40999984741211
2015-06-23,62.88999938964844
2015-06-24,62.63999938964844
2015-06-25,62.060001373291016
2015-06-26,61.900001525878906
2015-06-29,61.11000061035156
2015-06-30,61.70000076293945
2015-07-01,60.0099983215332
2015-07-02,60.34999847412109
2015-07-06,59.29999923706055
2015-07-07,60.68000030517578
2015-07-08,59.7400016784668
2015-07-09,60.150001525878906
2015-07-10,59.709999084472656
2015-07-13,60.29999923706055
2015-07-14,61.130001068115234
2015-07-15,59.5
2015-07-16,58.869998931884766
2015-07-17,58.31999969482422
2015-07-20,59.459999084472656
2015-07-21,60.63999938964844
2015-07-22,58.27999877929688
2015-07-23,59.2599983215332
2015-07-24,58.65999984741211
2015-07-27,57.7400016784668
2015-07-28,58.54999923706055
2015-07-29,59.66999816894531
2015-07-30,58.68999862670898
2015-07-31,58.150001525878906
2015-08-03,55.54999923706055
2015-08-04,55.29999923706055
2015-08-05,56.33000183105469
2015-08-06,56.560001373291016
2015-08-07,55.720001220703125
2015-08-10,57.83000183105469
2015-08-11,57.540000915527344
2015-08-12,58.59999847412109
2015-08-13,56.900001525878906
2015-08-14,57.33000183105469
2015-08-17,56.7599983215332
2015-08-18,56.650001525878906
2015-08-19,54.09000015258789
2015-08-20,51.36000061035156
2015-08-21,49.52000045776367
2015-08-24,45.7599983215332
2015-08-25,47.7400016784668
2015-08-26,49.20000076293945
2015-08-27,53.75
2015-08-28,54.720001220703125
2015-08-31,56.0
2015-09-01,54.380001068115234
2015-09-02,54.7400016784668
2015-09-03,54.81999969482422
2015-09-04,53.2599983215332
2015-09-08,54.0099983215332
2015-09-09,52.9900016784668
2015-09-10,53.68000030517578
2015-09-11,53.08000183105469
2015-09-14,53.18000030517578
2015-09-15,53.41999816894531
2015-09-16,55.65999984741211
2015-09-17,55.290000915527344
2015-09-18,53.470001220703125
2015-09-21,54.72999954223633
2015-09-22,54.290000915527344
2015-09-23,54.0
2015-09-24,53.209999084472656
2015-09-25,52.5
2015-09-28,50.5
2015-09-29,50.470001220703125
2015-09-30,52.040000915527344
2015-10-01,51.18000030517578
2015-10-02,53.34999847412109
2015-10-05,54.630001068115234
2015-10-06,55.310001373291016
2015-10-07,56.68000030517578
2015-10-08,57.33000183105469
2015-10-09,56.43999862670898
2015-10-12,55.68000030517578
2015-10-13,55.02000045776367
2015-10-14,55.0099983215332
2015-10-15,56.18999862670898
2015-10-16,53.83000183105469
2015-10-19,53.33000183105469
2015-10-20,53.16999816894531
2015-10-21,54.40999984741211
2015-10-22,55.59000015258789
2015-10-23,53.93000030517578
2015-10-26,52.459999084472656
2015-10-27,51.5
2015-10-28,52.79999923706055
2015-10-29,52.59000015258789
2015-10-30,52.68000030517578
2015-11-02,53.290000915527344
2015-11-03,54.459999084472656
2015-11-04,51.560001373291016
2015-11-05,49.880001068115234
2015-11-06,52.08000183105469
2015-11-09,51.65999984741211
2015-11-10,49.83000183105469
2015-11-11,49.0
2015-11-12,48.13999938964844
2015-11-13,47.65999984741211
2015-11-16,49.38999938964844
2015-11-17,49.470001220703125
2015-11-18,51.68000030517578
2015-11-19,50.869998931884766
2015-11-20,51.0099983215332
2015-11-23,51.41999816894531
2015-11-24,53.09000015258789
2015-11-25,52.5
2015-11-27,52.77999877929688
2015-11-30,54.06999969482422
2015-12-01,54.7599983215332
2015-12-02,53.84999847412109
2015-12-03,52.619998931884766
2015-12-04,52.619998931884766
2015-12-07,49.86000061035156
2015-12-08,49.369998931884766
2015-12-09,53.02999877929688
2015-12-10,51.68000030517578
2015-12-11,47.79999923706055
2015-12-14,46.77999877929688
2015-12-15,46.5
2015-12-16,44.7599983215332
2015-12-17,43.36000061035156
2015-12-18,43.91999816894531
2015-12-21,43.7599983215332
2015-12-22,45.16999816894531
2015-12-23,47.630001068115234
2015-12-24,47.720001220703125
2015-12-28,45.68999862670898
2015-12-29,46.4900016784668
2015-12-30,45.7599983215332
2015-12-31,46.150001525878906
2016-01-04,47.25
2016-01-05,45.91999816894531
2016-01-06,43.650001525878906
2016-01-07,42.52000045776367
2016-01-08,41.58000183105469
2016-01-11,41.5099983215332
2016-01-12,41.040000915527344
2016-01-13,39.25
2016-01-14,41.16999816894531
2016-01-15,39.88999938964844
2016-01-19,39.790000915527344
2016-01-20,38.880001068115234
2016-01-21,40.72999954223633
2016-01-22,42.040000915527344
2016-01-25,39.18000030517578
2016-01-26,39.970001220703125
2016-01-27,40.83000183105469
2016-01-28,43.119998931884766
2016-01-29,43.5099983215332
2016-02-01,43.290000915527344
2016-02-02,42.0
2016-02-03,44.40999984741211
2016-02-04,44.2400016784668
2016-02-05,44.84999847412109
2016-02-08,42.81999969482422
2016-02-09,41.75
2016-02-10,41.5099983215332
2016-02-11,39.77999877929688
2016-02-12,39.900001525878906
2016-02-16,41.20000076293945
2016-02-17,42.4900016784668
2016-02-18,41.9900016784668
2016-02-19,42.13999938964844
2016-02-22,43.4900016784668
2016-02-23,42.4900016784668
2016-02-24,41.90999984741211
2016-02-25,43.25
2016-02-26,44.25
2016-02-29,42.869998931884766
2016-03-01,44.2599983215332
2016-03-02,45.40999984741211
2016-03-03,46.54999923706055
2016-03-04,46.20000076293945
2016-03-07,46.58000183105469
2016-03-08,44.04999923706055
2016-03-09,44.310001373291016
2016-03-10,43.52999877929688
2016-03-11,45.790000915527344
2016-03-14,43.880001068115234
2016-03-15,44.209999084472656
2016-03-16,45.900001525878906
2016-03-17,46.810001373291016
2016-03-18,47.43999862670898
2016-03-21,47.040000915527344
2016-03-22,46.43000030517578
2016-03-23,44.959999084472656
2016-03-24,44.68000030517578
2016-03-28,43.869998931884766
2016-03-29,42.720001220703125
2016-03-30,43.369998931884766
2016-03-31,43.83000183105469
2016-04-01,42.95000076293945
2016-04-04,41.470001220703125
2016-04-05,39.36000061035156
2016-04-06,42.83000183105469
2016-04-07,41.93000030517578
2016-04-08,43.11000061035156
2016-04-11,41.7400016784668
2016-04-12,41.22999954223633
2016-04-13,41.29999923706055
2016-04-14,43.18000030517578
2016-04-15,43.79999923706055
2016-04-18,45.70000076293945
2016-04-19,46.5
2016-04-20,47.0
2016-04-21,46.68999862670898
2016-04-22,46.43000030517578
2016-04-25,45.040000915527344
2016-04-26,45.79999923706055
2016-04-27,46.93999862670898
2016-04-28,47.86000061035156
2016-04-29,48.36000061035156
2016-05-02,47.400001525878906
2016-05-03,45.540000915527344
2016-05-04,44.4900016784668
2016-05-05,45.04999923706055
2016-05-06,45.880001068115234
2016-05-09,44.25
2016-05-10,45.22999954223633
2016-05-11,44.81999969482422
2016-05-12,45.470001220703125
2016-05-13,44.630001068115234
2016-05-16,45.880001068115234
2016-05-17,46.79999923706055
2016-05-18,45.95000076293945
2016-05-19,45.2400016784668
2016-05-20,45.33000183105469
2016-05-23,44.88999938964844
2016-05-24,43.959999084472656
2016-05-25,45.54999923706055
2016-05-26,45.56999969482422
2016-05-27,46.040000915527344
2016-05-31,46.380001068115234
2016-06-01,46.33000183105469
2016-06-02,45.900001525878906
2016-06-03,46.2400016784668
2016-06-06,49.52000045776367
2016-06-07,48.900001525878906
2016-06-08,47.93000030517578
2016-06-09,47.54999923706055
2016-06-10,45.93999862670898
2016-06-13,45.5
2016-06-14,45.61000061035156
2016-06-15,45.9900016784668
2016-06-16,45.95000076293945
2016-06-17,46.810001373291016
2016-06-20,45.869998931884766
2016-06-21,46.59999847412109
2016-06-22,46.060001373291016
2016-06-23,47.16999816894531
2016-06-24,45.220001220703125
2016-06-27,42.060001373291016
2016-06-28,43.68999862670898
2016-06-29,45.11000061035156
2016-06-30,45.130001068115234
2016-07-01,45.83000183105469
2016-07-05,44.04999923706055
2016-07-06,44.209999084472656
2016-07-07,43.540000915527344
2016-07-08,43.68999862670898
2016-07-11,43.59999847412109
2016-07-12,45.81999969482422
2016-07-13,45.2599983215332
2016-07-14,46.18000030517578
2016-07-15,45.91999816894531
2016-07-18,46.86000061035156
2016-07-19,45.7400016784668
2016-07-20,45.709999084472656
2016-07-21,44.4900016784668
2016-07-22,44.54999923706055
2016-07-25,43.709999084472656
2016-07-26,44.77999877929688
2016-07-27,44.52999877929688
2016-07-28,46.04999923706055
2016-07-29,47.83000183105469
2016-08-01,45.75
2016-08-02,46.68000030517578
2016-08-03,47.130001068115234
2016-08-04,47.08000183105469
2016-08-05,47.060001373291016
2016-08-08,47.9900016784668
2016-08-09,47.84999847412109
2016-08-10,47.7400016784668
2016-08-11,48.61000061035156
2016-08-12,49.7599983215332
2016-08-15,50.63999938964844
2016-08-16,51.20000076293945
2016-08-17,50.720001220703125
2016-08-18,52.04999923706055
2016-08-19,52.70000076293945
2016-08-22,51.79999923706055
2016-08-23,51.86000061035156
2016-08-24,51.22999954223633
2016-08-25,51.650001525878906
2016-08-26,50.86000061035156
2016-08-29,50.650001525878906
2016-08-30,50.0
2016-08-31,49.130001068115234
2016-09-01,49.83000183105469
2016-09-02,49.77999877929688
2016-09-06,49.959999084472656
2016-09-07,49.900001525878906
2016-09-08,51.290000915527344
2016-09-09,49.13999938964844
2016-09-12,49.70000076293945
2016-09-13,48.34000015258789
2016-09-14,48.41999816894531
2016-09-15,49.18000030517578
2016-09-16,48.400001525878906
2016-09-19,48.5
2016-09-20,48.47999954223633
2016-09-21,50.18999862670898
2016-09-22,50.150001525878906
2016-09-23,49.2400016784668
2016-09-26,49.15999984741211
2016-09-27,48.060001373291016
2016-09-28,49.81999969482422
2016-09-29,50.209999084472656
2016-09-30,50.470001220703125
2016-10-03,50.02999877929688
2016-10-04,49.959999084472656
2016-10-05,51.220001220703125
2016-10-06,52.290000915527344
2016-10-07,52.84000015258789
2016-10-10,53.34999847412109
2016-10-11,52.52000045776367
2016-10-12,52.20000076293945
2016-10-13,52.5
2016-10-14,51.75
2016-10-17,51.34999847412109
2016-10-18,51.59999847412109
2016-10-19,52.83000183105469
2016-10-20,52.25
2016-10-21,52.34999847412109
2016-10-24,52.150001525878906
2016-10-25,54.38999938964844
2016-10-26,54.7599983215332
2016-10-27,54.54999923706055
2016-10-28,59.119998931884766
2016-10-31,55.400001525878906
2016-11-01,55.34000015258789
2016-11-02,54.459999084472656
2016-11-03,55.209999084472656
2016-11-04,58.11000061035156
2016-11-07,58.709999084472656
2016-11-08,58.86000061035156
2016-11-09,59.0
2016-11-10,59.369998931884766
2016-11-11,58.63999938964844
2016-11-14,58.9900016784668
2016-11-15,61.02000045776367
2016-11-16,61.16999816894531
2016-11-17,61.22999954223633
2016-11-18,60.86000061035156
2016-11-21,62.02000045776367
2016-11-22,61.56999969482422
2016-11-23,62.0
2016-11-25,61.880001068115234
2016-11-28,61.27000045776367
2016-11-29,60.47999954223633
2016-11-30,64.33000183105469
2016-12-01,64.0
2016-12-02,65.30000305175781
2016-12-05,66.30999755859375
2016-12-06,66.88999938964844
2016-12-07,66.13999938964844
2016-12-08,65.80999755859375
2016-12-09,66.31999969482422
2016-12-12,66.33999633789062
2016-12-13,66.2300033569336
2016-12-14,64.73999786376953
2016-12-15,65.3499984741211
2016-12-16,66.38999938964844
2016-12-19,65.7300033569336
2016-12-20,65.1500015258789
2016-12-21,64.88999938964844
2016-12-22,65.61000061035156
2016-12-23,64.93000030517578
2016-12-27,65.55000305175781
2016-12-28,64.70999908447266
2016-12-29,64.72000122070312
2016-12-30,64.97000122070312
2017-01-03,65.02999877929688
2017-01-04,64.75
2017-01-05,64.3499984741211
2017-01-06,63.959999084472656
2017-01-09,63.2400016784668
2017-01-10,62.380001068115234
2017-01-11,63.380001068115234
2017-01-12,62.41999816894531
2017-01-13,60.91999816894531
2017-01-17,61.900001525878906
2017-01-18,61.7400016784668
2017-01-19,61.959999084472656
2017-01-20,61.97999954223633
2017-01-23,61.41999816894531
2017-01-24,62.68000030517578
2017-01-25,63.59999847412109
2017-01-26,63.09999847412109
2017-01-27,63.09000015258789
2017-01-30,61.81999969482422
2017-01-31,63.08000183105469
2017-02-01,62.58000183105469
2017-02-02,62.40999984741211
2017-02-03,61.84999847412109
2017-02-06,61.68000030517578
2017-02-07,61.36000061035156
2017-02-08,61.15999984741211
2017-02-09,61.060001373291016
2017-02-10,61.150001525878906
2017-02-13,61.060001373291016
2017-02-14,61.5
2017-02-15,61.5
2017-02-16,61.20000076293945
2017-02-17,60.7599983215332
2017-02-21,60.54999923706055
2017-02-22,60.54999923706055
2017-02-23,59.970001220703125
2017-02-24,59.79999923706055
2017-02-27,60.25
2017-02-28,60.27999877929688
2017-03-01,61.83000183105469
2017-03-02,60.720001220703125
2017-03-03,59.88999938964844
2017-03-06,59.970001220703125
2017-03-07,59.40999984741211
2017-03-08,57.709999084472656
2017-03-09,57.400001525878906
2017-03-10,56.27999877929688
2017-03-13,56.68000030517578
2017-03-14,56.470001220703125
2017-03-15,57.709999084472656
2017-03-16,58.2400016784668
2017-03-17,58.93000030517578
2017-03-20,60.40999984741211
2017-03-21,60.22999954223633
2017-03-22,60.540000915527344
2017-03-23,59.15999984741211
2017-03-24,58.9900016784668
2017-03-27,58.06999969482422
2017-03-28,59.06999969482422
2017-03-29,60.02000045776367
2017-03-30,59.310001373291016
2017-03-31,59.81999969482422
2017-04-03,59.68999862670898
2017-04-04,60.150001525878906
2017-04-05,60.36000061035156
2017-04-06,60.93999862670898
2017-04-07,61.27999877929688
2017-04-10,61.709999084472656
2017-04-11,60.869998931884766
2017-04-12,60.34000015258789
2017-04-13,59.459999084472656
2017-04-17,59.619998931884766
2017-04-18,60.0099983215332
2017-04-19,59.470001220703125
2017-04-20,59.5
2017-04-21,57.68000030517578
2017-04-24,58.650001525878906
2017-04-25,59.290000915527344
2017-04-26,59.459999084472656
2017-04-27,59.650001525878906
2017-04-28,59.369998931884766
2017-05-01,59.709999084472656
2017-05-02,59.56999969482422
2017-05-03,59.04999923706055
2017-05-04,57.40999984741211
2017-05-05,59.33000183105469
2017-05-08,59.47999954223633
2017-05-09,58.59999847412109
2017-05-10,60.06999969482422
2017-05-11,59.33000183105469
2017-05-12,58.2599983215332
2017-05-15,58.0099983215332
2017-05-16,57.5
2017-05-17,57.43000030517578
2017-05-18,57.130001068115234
2017-05-19,58.220001220703125
2017-05-22,58.0
2017-05-23,57.66999816894531
2017-05-24,56.93000030517578
2017-05-25,54.84000015258789
2017-05-26,55.45000076293945
2017-05-30,55.06999969482422
2017-05-31,55.150001525878906
2017-06-01,55.52999877929688
2017-06-02,54.95000076293945
2017-06-05,54.72999954223633
2017-06-06,55.59999847412109
2017-06-07,54.27999877929688
2017-06-08,54.34000015258789
2017-06-09,55.52999877929688
2017-06-12,56.15999984741211
2017-06-13,57.06999969482422
2017-06-14,56.11000061035156
2017-06-15,56.31999969482422
2017-06-16,57.290000915527344
2017-06-19,56.54999923706055
2017-06-20,55.470001220703125
2017-06-21,54.84999847412109
2017-06-22,54.52000045776367
2017-06-23,53.9900016784668
2017-06-26,53.70000076293945
2017-06-27,53.369998931884766
2017-06-28,53.5
2017-06-29,53.52000045776367
2017-06-30,54.5099983215332
2017-07-03,57.68000030517578
2017-07-05,37.25
2017-07-06,37.0099983215332
2017-07-07,37.90999984741211
2017-07-10,37.22999954223633
2017-07-11,37.34999847412109
2017-07-12,37.369998931884766
2017-07-13,36.84000015258789
2017-07-14,37.34999847412109
2017-07-17,37.63999938964844
2017-07-18,36.75
2017-07-19,36.540000915527344
2017-07-20,34.970001220703125
2017-07-21,34.119998931884766
2017-07-24,34.36000061035156
2017-07-25,35.25
2017-07-26,36.04999923706055
2017-07-27,36.15999984741211
2017-07-28,37.09999847412109
2017-07-31,36.88999938964844
2017-08-01,35.70000076293945
2017-08-02,35.349998474121094
2017-08-03,35.310001373291016
2017-08-04,35.22999954223633
2017-08-07,34.560001373291016
2017-08-08,34.939998626708984
2017-08-09,35.02000045776367
2017-08-10,34.70000076293945
2017-08-11,34.290000915527344
2017-08-14,34.2599983215332
2017-08-15,34.310001373291016
2017-08-16,33.83000183105469
2017-08-17,32.79999923706055
2017-08-18,32.77000045776367
2017-08-21,32.540000915527344
2017-08-22,32.689998626708984
2017-08-23,33.040000915527344
2017-08-24,32.81999969482422
2017-08-25,33.2599983215332
2017-08-28,33.25
2017-08-29,33.75
2017-08-30,33.5099983215332
2017-08-31,33.900001525878906
2017-09-01,34.29999923706055
2017-09-05,34.970001220703125
2017-09-06,34.7400016784668
2017-09-07,34.75
2017-09-08,34.41999816894531
2017-09-11,35.47999954223633
2017-09-12,35.959999084472656
2017-09-13,36.09000015258789
2017-09-14,36.380001068115234
2017-09-15,36.900001525878906
2017-09-18,37.36000061035156
2017-09-19,37.38999938964844
2017-09-20,37.5
2017-09-21,36.58000183105469
2017-09-22,36.66999816894531
2017-09-25,37.52000045776367
2017-09-26,37.040000915527344
2017-09-27,36.93000030517578
2017-09-28,37.02999877929688
2017-09-29,36.619998931884766
2017-10-02,36.86000061035156
2017-10-03,36.66999816894531
2017-10-04,36.709999084472656
2017-10-05,36.47999954223633
2017-10-06,36.52999877929688
2017-10-09,35.84000015258789
2017-10-10,34.970001220703125
2017-10-11,34.38999938964844
2017-10-12,33.91999816894531
2017-10-13,33.72999954223633
2017-10-16,33.70000076293945
2017-10-17,33.790000915527344
2017-10-18,33.79999923706055
2017-10-19,33.150001525878906
2017-10-20,33.2599983215332
2017-10-23,31.46999931335449
2017-10-24,30.690000534057617
2017-10-25,30.06999969482422
2017-10-26,29.940000534057617
2017-10-27,31.299999237060547
2017-10-30,31.5
2017-10-31,31.43000030517578
2017-11-01,31.850000381469727
2017-11-02,31.280000686645508
2017-11-03,31.18000030517578
2017-11-06,33.91999816894531
2017-11-07,33.400001525878906
2017-11-08,32.84000015258789
2017-11-09,32.7400016784668
2017-11-10,32.95000076293945
2017-11-13,31.8799991607666
2017-11-14,30.51000022888184
2017-11-15,30.600000381469727
2017-11-16,30.14999961853028
2017-11-17,30.90999984741211
2017-11-20,30.440000534057617
2017-11-21,30.65999984741211
2017-11-22,30.709999084472656
2017-11-24,30.799999237060547
2017-11-27,30.309999465942383
2017-11-28,30.07999992370605
2017-11-29,29.979999542236328
2017-11-30,29.729999542236328
2017-12-01,30.700000762939453
2017-12-04,31.709999084472656
2017-12-05,30.809999465942383
2017-12-06,30.51000022888184
2017-12-07,30.3700008392334
2017-12-08,30.26000022888184
2017-12-11,30.59000015258789
2017-12-12,30.950000762939453
2017-12-13,30.32999992370605
2017-12-14,30.59000015258789
2017-12-15,30.26000022888184
2017-12-18,31.030000686645508
2017-12-19,31.82999992370605
2017-12-20,32.7400016784668
2017-12-21,32.29999923706055
2017-12-22,32.22999954223633
2017-12-26,32.060001373291016
2017-12-27,32.029998779296875
2017-12-28,31.39999961853028
2017-12-29,31.63999938964844
2018-01-02,32.22999954223633
2018-01-03,33.529998779296875
2018-01-04,34.630001068115234
2018-01-05,34.439998626708984
2018-01-08,34.5099983215332
2018-01-09,35.029998779296875
2018-01-10,35.470001220703125
2018-01-11,36.5
2018-01-12,37.20000076293945
2018-01-16,36.27999877929688
2018-01-17,36.290000915527344
2018-01-18,34.7400016784668
2018-01-19,34.7400016784668
2018-01-22,35.54999923706055
2018-01-23,35.81999969482422
2018-01-24,33.779998779296875
2018-01-25,32.310001373291016
2018-01-26,32.7400016784668
2018-01-29,31.39999961853028
2018-01-30,31.86000061035156
2018-01-31,32.150001525878906
2018-02-01,32.45000076293945
2018-02-02,31.049999237060547
2018-02-05,29.3799991607666
2018-02-06,29.21999931335449
2018-02-07,28.809999465942383
2018-02-08,27.5
2018-02-09,26.5
2018-02-12,26.850000381469727
2018-02-13,25.940000534057617
2018-02-14,26.420000076293945
2018-02-15,26.13999938964844
2018-02-16,26.530000686645508
2018-02-20,26.440000534057617
2018-02-21,26.76000022888184
2018-02-22,28.040000915527344
2018-02-23,28.030000686645508
2018-02-26,27.6299991607666
2018-02-27,27.0
2018-02-28,26.39999961853028
2018-03-01,27.1299991607666
2018-03-02,27.450000762939453
2018-03-05,28.020000457763672
2018-03-06,28.549999237060547
2018-03-07,28.920000076293945
2018-03-08,29.309999465942383
2018-03-09,30.239999771118164
2018-03-12,30.790000915527344
2018-03-13,30.350000381469727
2018-03-14,30.600000381469727
2018-03-15,29.88999938964844
2018-03-16,30.920000076293945
2018-03-19,30.56999969482422
2018-03-20,29.850000381469727
2018-03-21,30.959999084472656
2018-03-22,29.780000686645508
2018-03-23,29.200000762939453
2018-03-26,29.90999984741211
2018-03-27,29.200000762939453
2018-03-28,28.06999969482422
2018-03-29,27.770000457763672
2018-04-02,27.770000457763672
2018-04-03,28.920000076293945
2018-04-04,29.959999084472656
2018-04-05,29.709999084472656
2018-04-06,29.57999992370605
2018-04-09,29.39999961853028
2018-04-10,30.88999938964844
2018-04-11,31.21999931335449
2018-04-12,32.130001068115234
2018-04-13,32.56999969482422
2018-04-16,32.84000015258789
2018-04-17,32.810001373291016
2018-04-18,33.7599983215332
2018-04-19,33.709999084472656
2018-04-20,33.9900016784668
2018-04-23,34.95000076293945
2018-04-24,34.630001068115234
2018-04-25,35.11000061035156
2018-04-26,35.97999954223633
2018-04-27,36.0
2018-04-30,36.11000061035156
2018-05-01,35.63999938964844
2018-05-02,35.599998474121094
2018-05-03,35.599998474121094
2018-05-04,36.0
2018-05-07,35.630001068115234
2018-05-08,36.02999877929688
2018-05-09,36.369998931884766
2018-05-10,36.18000030517578
2018-05-11,35.7599983215332
2018-05-14,35.68000030517578
2018-05-15,36.06999969482422
2018-05-16,36.84999847412109
2018-05-17,36.63999938964844
2018-05-18,35.869998931884766
2018-05-21,36.290000915527344
2018-05-22,36.400001525878906
2018-05-23,36.040000915527344
2018-05-24,35.66999816894531
2018-05-25,34.70000076293945
2018-05-29,34.869998931884766
2018-05-30,35.689998626708984
2018-05-31,34.59000015258789
2018-06-01,34.93000030517578
2018-06-04,32.66999816894531
2018-06-05,33.61000061035156
2018-06-06,34.63999938964844
2018-06-07,34.689998626708984
2018-06-08,34.70000076293945
2018-06-11,34.150001525878906
2018-06-12,34.540000915527344
2018-06-13,34.060001373291016
2018-06-14,33.68000030517578
2018-06-15,32.56999969482422
2018-06-18,32.540000915527344
2018-06-19,32.75
2018-06-20,33.06999969482422
2018-06-21,32.31999969482422
2018-06-22,32.720001220703125
2018-06-25,32.439998626708984
2018-06-26,33.130001068115234
2018-06-27,33.599998474121094
2018-06-28,32.95000076293945
2018-06-29,33.029998779296875
2018-07-02,32.939998626708984
2018-07-03,33.290000915527344
2018-07-05,33.25
2018-07-06,33.66999816894531
2018-07-09,34.439998626708984
2018-07-10,34.27000045776367
2018-07-11,32.91999816894531
2018-07-12,32.77000045776367
2018-07-13,32.630001068115234
2018-07-16,32.33000183105469
2018-07-17,32.63999938964844
2018-07-18,32.54999923706055
2018-07-19,31.780000686645508
2018-07-20,32.0
2018-07-23,32.5
2018-07-24,32.9900016784668
2018-07-25,33.27000045776367
2018-07-26,34.02000045776367
2018-07-27,34.72999954223633
2018-07-30,34.689998626708984
2018-07-31,34.58000183105469
2018-08-01,34.27000045776367
2018-08-02,33.939998626708984
2018-08-03,33.880001068115234
2018-08-06,34.900001525878906
2018-08-07,35.18000030517578
2018-08-08,35.04999923706055
2018-08-09,34.66999816894531
2018-08-10,34.75
2018-08-13,34.119998931884766
2018-08-14,33.93000030517578
2018-08-15,31.809999465942383
2018-08-16,31.57999992370605
2018-08-17,31.01000022888184
2018-08-20,32.0099983215332
2018-08-21,32.290000915527344
2018-08-22,32.52000045776367
2018-08-23,32.310001373291016
2018-08-24,32.779998779296875
2018-08-27,33.279998779296875
2018-08-28,33.40999984741211
2018-08-29,34.0
2018-08-30,33.97999954223633
2018-08-31,32.970001220703125
2018-09-04,32.380001068115234
2018-09-05,31.670000076293945
2018-09-06,30.989999771118164
2018-09-07,31.420000076293945
2018-09-10,31.93000030517578
2018-09-11,32.59000015258789
2018-09-12,32.400001525878906
2018-09-13,32.279998779296875
2018-09-14,31.559999465942383
2018-09-17,31.61000061035156
2018-09-18,32.25
2018-09-19,32.869998931884766
2018-09-20,32.459999084472656
2018-09-21,32.900001525878906
2018-09-24,32.84000015258789
2018-09-25,33.470001220703125
2018-09-26,33.81999969482422
2018-09-27,33.83000183105469
2018-09-28,33.83000183105469
2018-10-01,32.97999954223633
2018-10-02,32.25
2018-10-03,32.029998779296875
2018-10-04,32.349998474121094
2018-10-05,31.89999961853028
2018-10-08,31.88999938964844
2018-10-09,32.630001068115234
2018-10-10,31.920000076293945
2018-10-11,30.65999984741211
2018-10-12,30.850000381469727
2018-10-15,30.690000534057617
2018-10-16,30.84000015258789
2018-10-17,30.790000915527344
2018-10-18,30.459999084472656
2018-10-19,29.940000534057617
2018-10-22,29.989999771118164
2018-10-23,28.8799991607666
2018-10-24,27.38999938964844
2018-10-25,27.549999237060547
2018-10-26,27.36000061035156
2018-10-29,26.59000015258789
2018-10-30,27.26000022888184
2018-10-31,26.690000534057617
2018-11-01,25.88999938964844
2018-11-02,26.06999969482422
2018-11-05,26.850000381469727
2018-11-06,27.15999984741211
2018-11-07,27.049999237060547
2018-11-08,26.75
2018-11-09,25.51000022888184
2018-11-12,23.63999938964844
2018-11-13,23.799999237060547
2018-11-14,23.14999961853028
2018-11-15,23.280000686645508
2018-11-16,23.3700008392334
2018-11-19,23.0
2018-11-20,22.40999984741211
2018-11-21,22.520000457763672
2018-11-23,22.459999084472656
2018-11-26,22.65999984741211
2018-11-27,22.3799991607666
2018-11-28,22.940000534057617
2018-11-29,23.11000061035156
2018-11-30,22.81999969482422
2018-12-03,23.25
2018-12-04,22.13999938964844
2018-12-06,21.46999931335449
2018-12-07,21.65999984741211
2018-12-10,21.270000457763672
2018-12-11,21.290000915527344
2018-12-12,21.56999969482422
2018-12-13,22.030000686645508
2018-12-14,21.450000762939453
2018-12-17,21.6200008392334
2018-12-18,21.21999931335449
2018-12-19,21.040000915527344
2018-12-20,20.81999969482422
2018-12-21,20.8700008392334
2018-12-24,20.479999542236328
2018-12-26,21.520000457763672
2018-12-27,21.479999542236328
2018-12-28,21.440000534057617
2018-12-31,21.5
2019-01-02,21.049999237060547
2019-01-03,20.90999984741211
2019-01-04,21.959999084472656
2019-01-07,22.549999237060547
2019-01-08,23.209999084472656
2019-01-09,23.170000076293945
2019-01-10,23.350000381469727
2019-01-11,23.100000381469727
2019-01-14,23.239999771118164
2019-01-15,23.020000457763672
2019-01-16,23.14999961853028
2019-01-17,23.64999961853028
2019-01-18,24.1200008392334
2019-01-22,23.770000457763672
2019-01-23,22.979999542236328
2019-01-24,23.040000915527344
2019-01-25,23.489999771118164
2019-01-28,22.979999542236328
2019-01-29,23.15999984741211
2019-01-30,23.940000534057617
2019-01-31,23.56999969482422
2019-02-01,24.350000381469727
2019-02-04,24.57999992370605
2019-02-05,25.030000686645508
2019-02-06,24.8799991607666
2019-02-07,24.38999938964844
2019-02-08,24.61000061035156
2019-02-11,24.81999969482422
2019-02-12,24.739999771118164
2019-02-13,25.1299991607666
2019-02-14,25.63999938964844
2019-02-15,25.82999992370605
2019-02-19,26.09000015258789
2019-02-20,26.57999992370605
2019-02-21,26.270000457763672
2019-02-22,26.350000381469727
2019-02-25,26.75
2019-02-26,26.75
2019-02-27,26.670000076293945
2019-02-28,26.3799991607666
2019-03-01,27.100000381469727
2019-03-04,27.09000015258789
2019-03-05,27.11000061035156
2019-03-06,26.309999465942383
2019-03-07,26.049999237060547
2019-03-08,25.729999542236328
2019-03-11,26.5
2019-03-12,26.81999969482422
2019-03-13,27.25
2019-03-14,27.709999084472656
2019-03-15,27.850000381469727
2019-03-18,28.18000030517578
2019-03-19,27.81999969482422
2019-03-20,28.25
2019-03-21,28.459999084472656
2019-03-22,27.15999984741211
2019-03-25,27.43000030517578
2019-03-26,27.68000030517578
2019-03-27,27.280000686645508
2019-03-28,27.15999984741211
2019-03-29,27.71999931335449
2019-04-01,27.84000015258789
2019-04-02,26.989999771118164
2019-04-03,26.46999931335449
2019-04-04,26.770000457763672
2019-04-05,26.780000686645508
2019-04-08,26.81999969482422
2019-04-09,26.68000030517578
2019-04-10,26.8700008392334
2019-04-11,26.65999984741211
2019-04-12,26.3799991607666
2019-04-15,25.950000762939453
2019-04-16,25.84000015258789
2019-04-17,25.780000686645508
2019-04-18,25.600000381469727
2019-04-22,26.600000381469727
2019-04-23,25.96999931335449
2019-04-24,25.61000061035156
2019-04-25,25.56999969482422
2019-04-26,25.57999992370605
2019-04-29,25.96999931335449
2019-04-30,24.020000457763672
2019-05-01,23.549999237060547
2019-05-02,23.520000457763672
2019-05-03,24.1299991607666
2019-05-06,23.940000534057617
2019-05-07,23.209999084472656
2019-05-08,22.950000762939453
2019-05-09,22.61000061035156
2019-05-10,22.31999969482422
2019-05-13,21.739999771118164
2019-05-14,22.280000686645508
2019-05-15,22.739999771118164
2019-05-16,22.979999542236328
2019-05-17,22.90999984741211
2019-05-20,23.290000915527344
2019-05-21,23.61000061035156
2019-05-22,23.36000061035156
2019-05-23,23.059999465942383
2019-05-24,22.209999084472656
2019-05-28,22.170000076293945
2019-05-29,21.700000762939453
2019-05-30,21.170000076293945
2019-05-31,21.40999984741211
2019-06-03,21.84000015258789
2019-06-04,22.040000915527344
2019-06-05,22.229999542236328
2019-06-06,22.950000762939453
2019-06-07,23.31999969482422
2019-06-10,23.40999984741211
2019-06-11,23.15999984741211
2019-06-12,22.299999237060547
2019-06-13,22.780000686645508
2019-06-14,22.14999961853028
2019-06-17,22.39999961853028
2019-06-18,23.09000015258789
2019-06-19,23.31999969482422
2019-06-20,24.36000061035156
2019-06-21,25.170000076293945
2019-06-24,24.71999931335449
2019-06-25,24.6200008392334
2019-06-26,24.75
2019-06-27,24.690000534057617
2019-06-28,24.6299991607666
2019-07-01,25.18000030517578
2019-07-02,24.520000457763672
2019-07-03,24.51000022888184
2019-07-05,24.549999237060547
2019-07-08,25.190000534057617
2019-07-09,25.0
2019-07-10,25.3799991607666
2019-07-11,25.239999771118164
2019-07-12,25.01000022888184
2019-07-15,24.690000534057617
2019-07-16,24.09000015258789
2019-07-17,23.190000534057617
2019-07-18,23.309999465942383
2019-07-19,23.559999465942383
2019-07-22,23.959999084472656
2019-07-23,24.309999465942383
2019-07-24,24.86000061035156
2019-07-25,24.6200008392334
2019-07-26,24.84000015258789
2019-07-29,24.09000015258789
2019-07-30,24.51000022888184
2019-07-31,25.38999938964844
2019-08-01,25.270000457763672
2019-08-02,24.07999992370605
2019-08-05,23.809999465942383
2019-08-06,23.690000534057617
2019-08-07,23.36000061035156
2019-08-08,24.13999938964844
2019-08-09,23.68000030517578
2019-08-12,23.420000076293945
2019-08-13,23.56999969482422
2019-08-14,22.01000022888184
2019-08-15,20.709999084472656
2019-08-16,21.059999465942383
2019-08-19,21.420000076293945
2019-08-20,21.11000061035156
2019-08-21,21.239999771118164
2019-08-22,21.43000030517578
2019-08-23,20.8799991607666
2019-08-26,21.299999237060547
2019-08-27,21.290000915527344
2019-08-28,21.63999938964844
2019-08-29,21.8799991607666
2019-08-30,21.690000534057617
2019-09-03,22.14999961853028
2019-09-04,22.61000061035156
2019-09-05,23.520000457763672
2019-09-06,23.530000686645508
2019-09-09,24.18000030517578
2019-09-10,24.11000061035156
2019-09-11,22.290000915527344
2019-09-12,22.63999938964844
2019-09-13,22.71999931335449
2019-09-16,23.809999465942383
2019-09-17,23.3799991607666
2019-09-18,23.229999542236328
2019-09-19,23.209999084472656
2019-09-20,23.59000015258789
2019-09-23,23.89999961853028
2019-09-24,23.64999961853028
2019-09-25,24.290000915527344
2019-09-26,23.93000030517578
2019-09-27,24.040000915527344
2019-09-30,23.200000762939453
2019-10-01,22.670000076293945
2019-10-02,22.13999938964844
2019-10-03,22.690000534057617
2019-10-04,22.46999931335449
2019-10-07,21.89999961853028
2019-10-08,21.3799991607666
2019-10-09,21.61000061035156
2019-10-10,21.799999237060547
2019-10-11,22.229999542236328
2019-10-14,22.31999969482422
2019-10-15,22.299999237060547
2019-10-16,21.989999771118164
2019-10-17,22.07999992370605
2019-10-18,22.07999992370605
2019-10-21,22.1200008392334
2019-10-22,22.6299991607666
2019-10-23,23.1200008392334
2019-10-24,22.32999992370605
2019-10-25,22.3799991607666
2019-10-28,21.989999771118164
2019-10-29,21.89999961853028
2019-10-30,21.6200008392334
2019-10-31,21.39999961853028
2019-11-01,21.89999961853028
2019-11-04,22.350000381469727
2019-11-05,22.6299991607666
2019-11-06,21.950000762939453
2019-11-07,22.07999992370605
2019-11-08,22.25
2019-11-11,22.209999084472656
2019-11-12,22.09000015258789
2019-11-13,21.63999938964844
2019-11-14,21.88999938964844
2019-11-15,22.690000534057617
2019-11-18,22.170000076293945
2019-11-19,22.01000022888184
2019-11-20,22.420000076293945
2019-11-21,22.59000015258789
2019-11-22,22.420000076293945
2019-11-25,22.540000915527344
2019-11-26,22.61000061035156
2019-11-27,22.549999237060547
2019-11-29,22.420000076293945
2019-12-02,22.13999938964844
2019-12-03,21.31999969482422
2019-12-04,22.170000076293945
2019-12-05,22.13999938964844
2019-12-06,22.209999084472656
2019-12-09,22.25
2019-12-10,22.34000015258789
2019-12-11,22.68000030517578
2019-12-12,23.76000022888184
2019-12-13,23.63999938964844
2019-12-16,23.950000762939453
2019-12-17,24.3700008392334
2019-12-18,24.729999542236328
2019-12-19,24.96999931335449
2019-12-20,25.09000015258789
2019-12-23,25.51000022888184
2019-12-24,25.479999542236328
2019-12-26,25.559999465942383
2019-12-27,25.489999771118164
2019-12-30,25.6299991607666
2019-12-31,25.6299991607666
2020-01-02,25.61000061035156
2020-01-03,25.63999938964844
2020-01-06,25.520000457763672
2020-01-07,25.09000015258789
2020-01-08,24.770000457763672
2020-01-09,25.040000915527344
2020-01-10,24.86000061035156
2020-01-13,24.40999984741211
2020-01-14,24.020000457763672
2020-01-15,23.31999969482422
2020-01-16,23.51000022888184
2020-01-17,23.61000061035156
2020-01-21,22.729999542236328
2020-01-22,22.68000030517578
2020-01-23,22.959999084472656
2020-01-24,22.86000061035156
2020-01-27,22.049999237060547
2020-01-28,21.89999961853028
2020-01-29,21.479999542236328
2020-01-30,22.350000381469727
2020-01-31,21.65999984741211
2020-02-03,21.51000022888184
2020-02-04,21.309999465942383
2020-02-05,21.850000381469727
2020-02-06,22.229999542236328
2020-02-07,22.450000762939453
2020-02-10,22.14999961853028
2020-02-11,22.13999938964844
2020-02-12,22.15999984741211
2020-02-13,22.07999992370605
2020-02-14,21.979999542236328
2020-02-18,20.90999984741211
2020-02-19,20.809999465942383
2020-02-20,20.65999984741211
2020-02-21,20.530000686645508
2020-02-24,19.479999542236328
2020-02-25,18.6200008392334
2020-02-26,17.760000228881836
2020-02-27,16.670000076293945
2020-02-28,16.09000015258789
2020-03-02,17.170000076293945
2020-03-03,16.530000686645508
2020-03-04,17.280000686645508
2020-03-05,16.959999084472656
2020-03-06,16.079999923706055
2020-03-09,12.5
2020-03-10,13.760000228881836
2020-03-11,12.710000038146973
2020-03-12,10.699999809265137
2020-03-13,12.729999542236328
2020-03-16,11.609999656677246
2020-03-17,11.25
2020-03-18,9.699999809265137
2020-03-19,10.140000343322754
2020-03-20,10.0
2020-03-23,9.329999923706056
2020-03-24,11.25
2020-03-25,11.619999885559082
2020-03-26,12.399999618530272
2020-03-27,11.880000114440918
2020-03-30,10.960000038146973
2020-03-31,10.5
2020-04-01,9.800000190734863
2020-04-02,10.359999656677246
2020-04-03,10.399999618530272
2020-04-06,11.75
2020-04-07,12.40999984741211
2020-04-08,12.899999618530272
2020-04-09,12.859999656677246
2020-04-13,13.289999961853027
2020-04-14,13.350000381469728
2020-04-15,12.90999984741211
2020-04-16,12.59000015258789
2020-04-17,13.029999732971191
2020-04-20,12.979999542236328
2020-04-21,12.75
2020-04-22,12.989999771118164
2020-04-23,13.56999969482422
2020-04-24,13.420000076293944
2020-04-27,13.600000381469728
2020-04-28,14.199999809265137
2020-04-29,14.8100004196167
2020-04-30,13.949999809265137
2020-05-01,13.699999809265137
2020-05-04,13.970000267028809
2020-05-05,13.600000381469728
2020-05-06,12.93000030517578
2020-05-07,14.020000457763672
2020-05-08,15.010000228881836
2020-05-11,14.619999885559082
2020-05-12,14.56999969482422
2020-05-13,13.609999656677246
2020-05-14,14.0
2020-05-15,13.760000228881836
2020-05-18,15.34000015258789
2020-05-19,14.510000228881836
2020-05-20,15.609999656677246
2020-05-21,15.420000076293944
2020-05-22,15.119999885559082
2020-05-26,16.010000228881836
2020-05-27,16.559999465942383
2020-05-28,16.389999389648438
2020-05-29,16.510000228881836
2020-06-01,16.329999923706055
2020-06-02,17.110000610351562
2020-06-03,17.329999923706055
2020-06-04,17.149999618530273
2020-06-05,17.75
2020-06-08,19.059999465942383
2020-06-09,18.670000076293945
2020-06-10,17.260000228881836
2020-06-11,15.630000114440918
2020-06-12,15.9399995803833
2020-06-15,16.350000381469727
2020-06-16,16.84000015258789
2020-06-17,16.100000381469727
2020-06-18,16.110000610351562
2020-06-19,15.489999771118164
2020-06-22,15.350000381469728
2020-06-23,15.539999961853027
2020-06-24,14.3100004196167
2020-06-25,14.949999809265137
2020-06-26,14.699999809265137
2020-06-29,14.850000381469728
2020-06-30,15.390000343322754
2020-07-01,15.40999984741211
2020-07-02,15.40999984741211
2020-07-06,15.510000228881836
2020-07-07,15.220000267028809
2020-07-08,15.520000457763672
2020-07-09,14.649999618530272
2020-07-10,15.050000190734863
2020-07-13,15.0600004196167
2020-07-14,15.5600004196167
2020-07-15,15.600000381469728
2020-07-16,15.390000343322754
2020-07-17,15.270000457763672
2020-07-20,15.050000190734863
2020-07-21,16.309999465942383
2020-07-22,16.459999084472656
2020-07-23,16.690000534057617
2020-07-24,16.3700008392334
2020-07-27,16.329999923706055
2020-07-28,15.869999885559082
2020-07-29,15.8100004196167
2020-07-30,15.329999923706056
2020-07-31,15.489999771118164
2020-08-03,15.630000114440918
2020-08-04,16.190000534057617
2020-08-05,16.760000228881836
2020-08-06,16.770000457763672
2020-08-07,16.56999969482422
2020-08-10,17.260000228881836
2020-08-11,17.18000030517578
2020-08-12,17.530000686645508
2020-08-13,17.1200008392334
2020-08-14,17.229999542236328
2020-08-17,16.670000076293945
2020-08-18,16.459999084472656
2020-08-19,16.329999923706055
2020-08-20,15.729999542236328
2020-08-21,15.449999809265137
2020-08-24,15.90999984741211
2020-08-25,15.649999618530272
2020-08-26,15.050000190734863
2020-08-27,14.729999542236328
2020-08-28,14.800000190734863
2020-08-31,14.279999732971191
2020-09-01,13.880000114440918
2020-09-02,14.109999656677246
2020-09-03,14.550000190734863
2020-09-04,14.529999732971191
2020-09-08,13.989999771118164
2020-09-09,14.119999885559082
2020-09-10,13.869999885559082
2020-09-11,13.949999809265137
2020-09-14,14.630000114440918
2020-09-15,14.710000038146973
2020-09-16,15.010000228881836
2020-09-17,15.1899995803833
2020-09-18,15.170000076293944
2020-09-21,14.329999923706056
2020-09-22,14.399999618530272
2020-09-23,13.529999732971191
2020-09-24,13.31999969482422
2020-09-25,13.130000114440918
2020-09-28,13.470000267028809
2020-09-29,13.130000114440918
2020-09-30,13.289999961853027
2020-10-01,12.760000228881836
2020-10-02,12.649999618530272
2020-10-05,12.960000038146973
2020-10-06,12.760000228881836
2020-10-07,12.970000267028809
2020-10-08,13.380000114440918
2020-10-09,13.199999809265137
2020-10-12,13.130000114440918
2020-10-13,12.859999656677246
2020-10-14,13.149999618530272
2020-10-15,13.449999809265137
2020-10-16,13.140000343322754
2020-10-19,13.109999656677246
2020-10-20,13.630000114440918
2020-10-21,14.039999961853027
2020-10-22,14.460000038146973
2020-10-23,14.289999961853027
2020-10-26,13.899999618530272
2020-10-27,14.170000076293944
2020-10-28,13.699999809265137
2020-10-29,14.350000381469728
2020-10-30,14.770000457763672
2020-11-02,15.710000038146973
2020-11-03,15.880000114440918
2020-11-04,15.65999984741211
2020-11-05,15.729999542236328
2020-11-06,15.56999969482422
2020-11-09,17.670000076293945
2020-11-10,17.600000381469727
2020-11-11,17.559999465942383
2020-11-12,17.25
2020-11-13,17.8700008392334
2020-11-16,18.790000915527344
2020-11-17,19.26000022888184
2020-11-18,18.57999992370605
2020-11-19,18.309999465942383
2020-11-20,18.209999084472656
2020-11-23,19.26000022888184
2020-11-24,20.26000022888184
2020-11-25,19.780000686645508
2020-11-27,19.780000686645508
2020-11-30,18.71999931335449
2020-12-01,19.229999542236328
2020-12-02,19.670000076293945
2020-12-03,20.420000076293945
2020-12-04,21.790000915527344
2020-12-07,22.020000457763672
2020-12-08,22.420000076293945
2020-12-09,22.729999542236328
2020-12-10,23.1200008392334
2020-12-11,22.670000076293945
2020-12-14,21.68000030517578
2020-12-15,22.01000022888184
2020-12-16,21.5
2020-12-17,21.5
2020-12-18,21.170000076293945
2020-12-21,21.25
2020-12-22,21.190000534057617
2020-12-23,21.1299991607666
2020-12-24,21.01000022888184
2020-12-28,20.8799991607666
2020-12-29,20.75
2020-12-30,21.209999084472656
2020-12-31,20.850000381469727
2021-01-04,21.020000457763672
2021-01-05,21.26000022888184
2021-01-06,22.15999984741211
2021-01-07,22.670000076293945
2021-01-08,22.46999931335449
2021-01-11,22.64999961853028
2021-01-12,23.040000915527344
2021-01-13,23.0
2021-01-14,23.709999084472656
2021-01-15,22.8700008392334
2021-01-19,22.8700008392334
2021-01-20,22.88999938964844
2021-01-21,22.549999237060547
2021-01-22,22.170000076293945
2021-01-25,21.049999237060547
2021-01-26,20.61000061035156
2021-01-27,20.40999984741211
2021-01-28,20.600000381469727
2021-01-29,20.09000015258789
2021-02-01,20.309999465942383
2021-02-02,20.38999938964844
2021-02-03,21.39999961853028
2021-02-04,22.36000061035156
2021-02-05,22.07999992370605
2021-02-08,22.549999237060547
2021-02-09,22.270000457763672
2021-02-10,23.01000022888184
2021-02-11,22.530000686645508
2021-02-12,22.700000762939453
2021-02-16,23.229999542236328
2021-02-17,23.549999237060547
2021-02-18,23.07999992370605
2021-02-19,23.39999961853028
2021-02-22,24.1299991607666
2021-02-23,23.90999984741211
2021-02-24,25.14999961853028
2021-02-25,24.729999542236328
2021-02-26,24.479999542236328
2021-03-01,24.979999542236328
2021-03-02,24.3700008392334
2021-03-03,24.459999084472656
2021-03-04,24.030000686645508
2021-03-05,24.350000381469727
2021-03-08,24.32999992370605
2021-03-09,23.950000762939453
2021-03-10,24.3799991607666
2021-03-11,24.15999984741211
2021-03-12,24.3700008392334
2021-03-15,24.21999931335449
2021-03-16,23.020000457763672
2021-03-17,23.979999542236328
2021-03-18,22.979999542236328
2021-03-19,22.6200008392334
2021-03-22,22.309999465942383
2021-03-23,21.690000534057617
2021-03-24,22.06999969482422
2021-03-25,21.530000686645508
2021-03-26,22.34000015258789
2021-03-29,22.15999984741211
2021-03-30,21.729999542236328
2021-03-31,21.61000061035156
2021-04-01,21.729999542236328
2021-04-05,21.40999984741211
2021-04-06,21.25
2021-04-07,21.43000030517578
2021-04-08,20.709999084472656
2021-04-09,20.11000061035156
2021-04-12,20.09000015258789
2021-04-13,19.8799991607666
2021-04-14,20.350000381469727
2021-04-15,19.89999961853028
2021-04-16,20.100000381469727
2021-04-19,20.030000686645508
2021-04-20,19.51000022888184
2021-04-21,19.549999237060547
2021-04-22,19.81999969482422
2021-04-23,20.01000022888184
2021-04-26,20.13999938964844
2021-04-27,19.920000076293945
2021-04-28,20.25
2021-04-29,20.540000915527344
2021-04-30,20.07999992370605
2021-05-03,21.690000534057617
2021-05-04,21.56999969482422
2021-05-05,22.600000381469727
2021-05-06,23.06999969482422
2021-05-07,24.6299991607666
2021-05-10,24.6299991607666
2021-05-11,24.809999465942383
2021-05-12,23.96999931335449
2021-05-13,24.350000381469727
2021-05-14,25.100000381469727
2021-05-17,26.309999465942383
2021-05-18,25.809999465942383
2021-05-19,25.229999542236328
2021-05-20,25.38999938964844
2021-05-21,25.540000915527344
2021-05-24,25.14999961853028
2021-05-25,24.13999938964844
2021-05-26,24.170000076293945
2021-05-27,24.34000015258789
2021-05-28,24.39999961853028
2021-06-01,25.520000457763672
2021-06-02,26.270000457763672
2021-06-03,25.86000061035156
2021-06-04,26.020000457763672
2021-06-07,25.940000534057617
2021-06-08,25.950000762939453
2021-06-09,25.809999465942383
2021-06-10,25.51000022888184
2021-06-11,25.90999984741211
2021-06-14,24.739999771118164
2021-06-15,24.950000762939453
2021-06-16,24.700000762939453
2021-06-17,23.979999542236328
2021-06-18,22.670000076293945
2021-06-21,23.84000015258789
2021-06-22,23.88999938964844
2021-06-23,23.32999992370605
2021-06-24,23.549999237060547
2021-06-25,23.549999237060547
2021-06-28,22.64999961853028
2021-06-29,22.68000030517578
2021-06-30,22.8700008392334
2021-07-01,23.540000915527344
2021-07-02,23.549999237060547
2021-07-06,22.40999984741211
2021-07-07,22.26000022888184
2021-07-08,21.96999931335449
2021-07-09,22.729999542236328
2021-07-12,23.020000457763672
2021-07-13,22.3700008392334
2021-07-14,21.670000076293945
2021-07-15,21.21999931335449
2021-07-16,20.600000381469727
2021-07-19,19.64999961853028
2021-07-20,20.040000915527344
2021-07-21,20.229999542236328
2021-07-22,19.8799991607666
2021-07-23,20.209999084472656
2021-07-26,20.88999938964844
2021-07-27,20.670000076293945
2021-07-28,21.0
2021-07-29,21.18000030517578
2021-07-30,21.239999771118164
2021-08-02,20.86000061035156
2021-08-03,21.309999465942383
2021-08-04,20.6299991607666
2021-08-05,20.86000061035156
2021-08-06,21.190000534057617
2021-08-09,21.09000015258789
2021-08-10,21.36000061035156
2021-08-11,21.51000022888184
2021-08-12,21.350000381469727
2021-08-13,21.65999984741211
2021-08-16,21.280000686645508
2021-08-17,21.38999938964844
2021-08-18,21.18000030517578
2021-08-19,20.190000534057617
2021-08-20,20.43000030517578
2021-08-23,21.520000457763672
2021-08-24,22.190000534057617
2021-08-25,22.36000061035156
2021-08-26,22.299999237060547
2021-08-27,23.06999969482422
2021-08-30,22.799999237060547
2021-08-31,22.780000686645508
2021-09-01,22.5
2021-09-02,23.350000381469727
2021-09-03,23.15999984741211
2021-09-07,23.020000457763672
2021-09-08,22.709999084472656
2021-09-09,23.51000022888184
2021-09-10,23.86000061035156
2021-09-13,24.38999938964844
2021-09-14,24.34000015258789
2021-09-15,25.1299991607666
2021-09-16,24.38999938964844
2021-09-17,23.940000534057617
2021-09-20,22.8799991607666
2021-09-21,23.239999771118164
2021-09-22,23.440000534057617
2021-09-23,24.040000915527344
2021-09-24,24.21999931335449
2021-09-27,24.920000076293945
2021-09-28,24.920000076293945
2021-09-29,25.049999237060547
2021-09-30,24.729999542236328
2021-10-01,25.18000030517578
2021-10-04,25.450000762939453
2021-10-05,25.34000015258789
2021-10-06,24.780000686645508
2021-10-07,24.790000915527344
2021-10-08,25.239999771118164
2021-10-11,25.450000762939453
2021-10-12,25.75
2021-10-13,26.25
2021-10-14,26.82999992370605
2021-10-15,26.88999938964844
2021-10-18,26.959999084472656
2021-10-19,26.8700008392334
2021-10-20,25.350000381469727
2021-10-21,24.270000457763672
2021-10-22,24.63999938964844
2021-10-25,25.15999984741211
2021-10-26,25.690000534057617
2021-10-27,25.01000022888184
2021-10-28,25.3700008392334
2021-10-29,25.07999992370605
2021-11-01,25.809999465942383
2021-11-02,25.89999961853028
2021-11-03,25.32999992370605
2021-11-04,24.940000534057617
2021-11-05,24.799999237060547
2021-11-08,24.89999961853028
2021-11-09,25.280000686645508
2021-11-10,24.07999992370605
2021-11-11,24.34000015258789
2021-11-12,24.36000061035156
2021-11-15,24.729999542236328
2021-11-16,25.21999931335449
2021-11-17,24.34000015258789
2021-11-18,23.93000030517578
2021-11-19,22.549999237060547
2021-11-22,22.64999961853028
2021-11-23,23.76000022888184
2021-11-24,24.1200008392334
2021-11-26,23.059999465942383
2021-11-29,23.530000686645508
2021-11-30,23.34000015258789
2021-12-01,23.420000076293945
2021-12-02,24.0
2021-12-03,23.940000534057617
2021-12-06,24.420000076293945
2021-12-07,24.8799991607666
2021-12-08,24.950000762939453
2021-12-09,24.8700008392334
2021-12-10,25.440000534057617
2021-12-13,24.559999465942383
2021-12-14,24.07999992370605
2021-12-15,23.82999992370605
2021-12-16,24.270000457763672
2021-12-17,23.68000030517578
2021-12-20,23.06999969482422
2021-12-21,23.790000915527344
2021-12-22,23.920000076293945
2021-12-23,24.21999931335449
2021-12-27,24.6200008392334
2021-12-28,24.57999992370605
2021-12-29,24.270000457763672
2021-12-30,23.950000762939453
2021-12-31,24.059999465942383
2022-01-03,25.040000915527344
2022-01-04,25.59000015258789
2022-01-05,25.68000030517578
2022-01-06,25.950000762939453
2022-01-07,26.1200008392334
2022-01-10,26.06999969482422
2022-01-11,26.959999084472656
2022-01-12,26.729999542236328
2022-01-13,26.270000457763672
2022-01-14,27.459999084472656
2022-01-18,26.799999237060547
2022-01-19,26.290000915527344
2022-01-20,26.71999931335449
2022-01-21,27.239999771118164
2022-01-24,27.06999969482422
2022-01-25,27.93000030517578
2022-01-26,27.520000457763672
2022-01-27,27.299999237060547
2022-01-28,27.15999984741211
2022-01-31,27.440000534057617
2022-02-01,27.5
2022-02-02,26.8700008392334
2022-02-03,26.36000061035156
2022-02-04,26.59000015258789
2022-02-07,27.530000686645508
2022-02-08,27.36000061035156
2022-02-09,27.64999961853028
2022-02-10,27.440000534057617
2022-02-11,29.13999938964844
2022-02-14,28.540000915527344
2022-02-15,28.790000915527344
2022-02-16,29.709999084472656
2022-02-17,29.43000030517578
2022-02-18,29.11000061035156
2022-02-22,28.600000381469727
2022-02-23,29.049999237060547
2022-02-24,28.71999931335449
2022-02-25,29.5
2022-02-28,29.3799991607666
2022-03-01,28.34000015258789
2022-03-02,30.38999938964844
2022-03-03,31.209999084472656
2022-03-04,33.220001220703125
2022-03-07,34.779998779296875
2022-03-08,34.79999923706055
2022-03-09,33.810001373291016
2022-03-10,36.7400016784668
2022-03-11,37.63999938964844
2022-03-14,36.97999954223633
2022-03-15,34.869998931884766
2022-03-16,33.650001525878906
2022-03-17,34.97999954223633
2022-03-18,35.290000915527344
2022-03-21,36.220001220703125
2022-03-22,36.540000915527344
2022-03-23,37.59000015258789
2022-03-24,38.290000915527344
2022-03-25,38.720001220703125
2022-03-28,37.0
2022-03-29,36.66999816894531
2022-03-30,37.34999847412109
2022-03-31,36.40999984741211
2022-04-01,36.41999816894531
2022-04-04,36.43000030517578
2022-04-05,35.52000045776367
2022-04-06,35.720001220703125
2022-04-07,36.119998931884766
2022-04-08,37.52000045776367
2022-04-11,36.470001220703125
2022-04-12,36.31999969482422
2022-04-13,37.220001220703125
2022-04-14,37.290000915527344
2022-04-18,37.43000030517578
2022-04-19,36.7400016784668
2022-04-20,35.33000183105469
2022-04-21,32.90999984741211
2022-04-22,32.20000076293945
2022-04-25,30.739999771118164
2022-04-26,31.350000381469727
2022-04-27,31.280000686645508
2022-04-28,31.96999931335449
2022-04-29,31.020000457763672
2022-05-02,30.90999984741211
2022-05-03,31.5
2022-05-04,32.84000015258789
2022-05-05,32.02000045776367
2022-05-06,32.130001068115234
2022-05-09,30.049999237060547
2022-05-10,30.81999969482422
2022-05-11,32.4900016784668
2022-05-12,31.90999984741211
2022-05-13,34.11000061035156
2022-05-16,34.93000030517578
2022-05-17,35.15999984741211
2022-05-18,34.63999938964844
2022-05-19,34.970001220703125
2022-05-20,34.54999923706055
2022-05-23,35.709999084472656
2022-05-24,36.27999877929688
2022-05-25,35.720001220703125
2022-05-26,37.09999847412109
2022-05-27,37.18000030517578
2022-05-31,35.97999954223633
2022-06-01,37.40999984741211
2022-06-02,36.90999984741211
2022-06-03,37.81999969482422
2022-06-06,37.68000030517578
2022-06-07,37.65999984741211
2022-06-08,37.4900016784668
2022-06-09,36.08000183105469
2022-06-10,35.22999954223633
2022-06-13,33.29999923706055
2022-06-14,32.93000030517578
2022-06-15,31.739999771118164
2022-06-16,29.88999938964844
2022-06-17,29.96999931335449
2022-06-21,30.479999542236328
2022-06-22,29.520000457763672
2022-06-23,28.65999984741211
2022-06-24,28.46999931335449
2022-06-27,29.440000534057617
2022-06-28,30.06999969482422
2022-06-29,29.6299991607666
2022-06-30,28.8700008392334
2022-07-01,29.09000015258789
2022-07-05,28.200000762939453
2022-07-06,27.5
2022-07-07,28.46999931335449
2022-07-08,28.46999931335449
2022-07-11,28.200000762939453
2022-07-12,27.489999771118164
2022-07-13,26.76000022888184
2022-07-14,26.34000015258789
2022-07-15,26.68000030517578
2022-07-18,27.15999984741211
2022-07-19,28.21999931335449
2022-07-20,25.88999938964844
2022-07-21,24.920000076293945
2022-07-22,24.07999992370605
2022-07-25,24.39999961853028
2022-07-26,24.299999237060547
2022-07-27,25.059999465942383
2022-07-28,24.979999542236328
2022-07-29,25.690000534057617
2022-08-01,24.65999984741211
2022-08-02,25.420000076293945
2022-08-03,25.229999542236328
2022-08-04,23.709999084472656
2022-08-05,24.059999465942383
2022-08-08,24.270000457763672
2022-08-09,23.850000381469727
2022-08-10,24.350000381469727
2022-08-11,25.280000686645508
2022-08-12,26.01000022888184
2022-08-15,25.299999237060547
2022-08-16,25.059999465942383
2022-08-17,24.75
2022-08-18,24.989999771118164
2022-08-19,25.15999984741211
2022-08-22,25.270000457763672
2022-08-23,26.100000381469727
2022-08-24,26.46999931335449
2022-08-25,26.64999961853028
2022-08-26,26.1299991607666
2022-08-29,26.229999542236328
2022-08-30,25.049999237060547
2022-08-31,25.26000022888184
2022-09-01,24.600000381469727
2022-09-02,25.280000686645508
2022-09-06,24.88999938964844
2022-09-07,24.350000381469727
2022-09-08,23.88999938964844
2022-09-09,25.25
2022-09-12,25.459999084472656
2022-09-13,24.540000915527344
2022-09-14,25.38999938964844
2022-09-15,24.32999992370605
2022-09-16,23.799999237060547
2022-09-19,24.18000030517578
2022-09-20,23.0
2022-09-21,23.020000457763672
2022-09-22,22.96999931335449
2022-09-23,21.729999542236328
2022-09-26,20.450000762939453
2022-09-27,20.76000022888184
2022-09-28,21.280000686645508
2022-09-29,21.1200008392334
2022-09-30,20.959999084472656
2022-10-03,22.280000686645508
2022-10-04,23.190000534057617
2022-10-05,23.709999084472656
2022-10-06,23.739999771118164
2022-10-07,22.8799991607666
2022-10-10,22.3700008392334
2022-10-11,22.25
2022-10-12,22.63999938964844
2022-10-13,23.8799991607666
2022-10-14,22.90999984741211
2022-10-17,23.93000030517578
2022-10-18,24.18000030517578
2022-10-19,25.64999961853028
2022-10-20,25.950000762939453
2022-10-21,26.670000076293945
2022-10-24,26.1299991607666
2022-10-25,26.100000381469727
2022-10-26,26.43000030517578
2022-10-27,27.030000686645508
2022-10-28,27.239999771118164
2022-10-31,27.65999984741211
2022-11-01,28.5
2022-11-02,27.59000015258789
2022-11-03,28.290000915527344
2022-11-04,29.11000061035156
2022-11-07,30.6200008392334
2022-11-08,30.940000534057617
2022-11-09,29.51000022888184
2022-11-10,30.57999992370605
2022-11-11,31.020000457763672
2022-11-14,30.25
2022-11-15,30.88999938964844
2022-11-16,30.229999542236328
2022-11-17,29.82999992370605
2022-11-18,29.1299991607666
2022-11-21,28.71999931335449
2022-11-22,29.489999771118164
2022-11-23,28.82999992370605
2022-11-25,28.5
2022-11-28,28.190000534057617
2022-11-29,28.64999961853028
2022-11-30,29.020000457763672
2022-12-01,29.26000022888184
2022-12-02,29.51000022888184
2022-12-05,28.71999931335449
2022-12-06,28.3799991607666
2022-12-07,27.8799991607666
2022-12-08,28.07999992370605
2022-12-09,27.11000061035156
2022-12-12,28.14999961853028
2022-12-13,29.26000022888184
2022-12-14,28.979999542236328
2022-12-15,29.040000915527344
2022-12-16,28.3700008392334
2022-12-19,28.26000022888184
2022-12-20,28.920000076293945
2022-12-21,29.350000381469727
2022-12-22,28.36000061035156
2022-12-23,29.100000381469727
2022-12-27,29.3700008392334
2022-12-28,28.549999237060547
2022-12-29,29.18000030517578
2022-12-30,29.530000686645508
2023-01-03,28.75
2023-01-04,27.88999938964844
2023-01-05,28.799999237060547
2023-01-06,29.959999084472656
2023-01-09,30.540000915527344
2023-01-10,30.8700008392334
2023-01-11,30.82999992370605
2023-01-12,31.5
2023-01-13,31.6299991607666
2023-01-17,31.479999542236328
2023-01-18,30.690000534057617
2023-01-19,30.489999771118164
2023-01-20,31.06999969482422
2023-01-23,30.59000015258789
2023-01-24,30.14999961853028
2023-01-25,31.0
2023-01-26,31.799999237060547
2023-01-27,31.299999237060547
2023-01-30,31.020000457763672
2023-01-31,31.739999771118164
2023-02-01,31.989999771118164
2023-02-02,31.38999938964844
2023-02-03,31.3700008392334
2023-02-06,31.65999984741211
2023-02-07,32.52000045776367
2023-02-08,32.56999969482422
2023-02-09,32.18000030517578
2023-02-10,32.91999816894531
2023-02-13,32.779998779296875
2023-02-14,32.459999084472656
2023-02-15,32.150001525878906
2023-02-16,32.2599983215332
2023-02-17,30.59000015258789
2023-02-21,30.1299991607666
2023-02-22,30.049999237060547
2023-02-23,30.46999931335449
2023-02-24,30.3799991607666
2023-02-27,31.040000915527344
2023-02-28,30.600000381469727
2023-03-01,31.09000015258789
2023-03-02,31.709999084472656
2023-03-03,32.279998779296875
2023-03-06,32.27000045776367
2023-03-07,31.75
2023-03-08,31.43000030517578
2023-03-09,30.059999465942383
2023-03-10,29.06999969482422
2023-03-13,28.13999938964844
2023-03-14,28.36000061035156
2023-03-15,26.850000381469727
2023-03-16,27.299999237060547
2023-03-17,26.920000076293945
2023-03-20,26.950000762939453
2023-03-21,28.040000915527344
2023-03-22,27.040000915527344
2023-03-23,26.729999542236328
2023-03-24,27.020000457763672
2023-03-27,27.26000022888184
2023-03-28,27.57999992370605
2023-03-29,28.170000076293945
2023-03-30,28.75
2023-03-31,28.86000061035156
2023-04-03,29.90999984741211
2023-04-04,29.25
2023-04-05,29.040000915527344
2023-04-06,28.51000022888184
2023-04-10,28.82999992370605
2023-04-11,29.14999961853028
2023-04-12,29.25
2023-04-13,29.450000762939453
2023-04-14,29.14999961853028
2023-04-17,29.14999961853028
2023-04-18,29.5
2023-04-19,30.559999465942383
2023-04-20,30.09000015258789
2023-04-21,29.65999984741211
2023-04-24,30.190000534057617
2023-04-25,29.290000915527344
2023-04-26,28.76000022888184
2023-04-27,28.84000015258789
2023-04-28,29.239999771118164
2023-05-01,28.8799991607666
2023-05-02,27.350000381469727
2023-05-03,27.459999084472656
2023-05-04,27.21999931335449
2023-05-05,28.21999931335449
2023-05-08,28.11000061035156
2023-05-09,28.190000534057617
2023-05-10,27.88999938964844
2023-05-11,27.36000061035156
2023-05-12,27.65999984741211
2023-05-15,27.88999938964844
2023-05-16,27.440000534057617
2023-05-17,27.479999542236328
2023-05-18,28.18000030517578
2023-05-19,28.170000076293945
2023-05-22,28.3700008392334
2023-05-23,28.39999961853028
2023-05-24,28.71999931335449
2023-05-25,28.0
2023-05-26,27.88999938964844
2023-05-30,27.799999237060547
2023-05-31,27.25
2023-06-01,28.61000061035156
2023-06-02,29.57999992370605
2023-06-05,29.670000076293945
2023-06-06,30.59000015258789
2023-06-07,30.63999938964844
2023-06-08,30.290000915527344
2023-06-09,30.01000022888184
2023-06-12,29.790000915527344
2023-06-13,30.170000076293945
2023-06-14,29.940000534057617
2023-06-15,30.239999771118164
2023-06-16,30.56999969482422
2023-06-20,29.799999237060547
2023-06-21,30.489999771118164
2023-06-22,30.14999961853028
2023-06-23,29.770000457763672
2023-06-26,30.530000686645508
2023-06-27,30.96999931335449
2023-06-28,31.1299991607666
2023-06-29,31.36000061035156
2023-06-30,31.61000061035156
2023-07-03,31.600000381469727
2023-07-05,31.540000915527344
2023-07-06,31.600000381469727
2023-07-07,33.11000061035156
2023-07-10,33.22999954223633
2023-07-11,34.029998779296875
2023-07-12,34.439998626708984
2023-07-13,34.68000030517578
2023-07-14,34.349998474121094
2023-07-17,34.650001525878906
2023-07-18,35.040000915527344
2023-07-19,35.20000076293945
2023-07-20,34.65999984741211
2023-07-21,35.43000030517578
2023-07-24,35.84000015258789
2023-07-25,35.7400016784668
2023-07-26,35.529998779296875
2023-07-27,34.65999984741211
2023-07-28,35.41999816894531
2023-07-31,35.790000915527344
2023-08-01,35.77000045776367
2023-08-02,35.560001373291016
2023-08-03,35.650001525878906
2023-08-04,35.52000045776367
2023-08-07,35.59000015258789
2023-08-08,35.650001525878906
2023-08-09,36.11000061035156
2023-08-10,35.33000183105469
2023-08-11,35.47999954223633
2023-08-14,35.33000183105469
2023-08-15,35.11000061035156
2023-08-16,34.970001220703125
2023-08-17,34.869998931884766
2023-08-18,35.2599983215332
2023-08-21,35.04999923706055
2023-08-22,35.18000030517578
2023-08-23,35.459999084472656
2023-08-24,35.22999954223633
2023-08-25,35.38999938964844
2023-08-28,36.0
2023-08-29,36.09999847412109
2023-08-30,36.04999923706055
2023-08-31,36.18999862670898
2023-09-01,36.810001373291016
2023-09-05,37.06999969482422
2023-09-06,37.220001220703125
2023-09-07,37.20000076293945
2023-09-08,36.95000076293945
2023-09-11,36.7400016784668
2023-09-12,37.09999847412109
2023-09-13,36.2400016784668
2023-09-14,36.68000030517578
2023-09-15,36.15999984741211
2023-09-18,36.459999084472656
2023-09-19,36.18000030517578
2023-09-20,35.79999923706055
2023-09-21,35.060001373291016
2023-09-22,35.400001525878906
2023-09-25,35.900001525878906
2023-09-26,35.709999084472656
2023-09-27,36.25
2023-09-28,36.59000015258789
2023-09-29,35.31999969482422
2023-10-02,34.560001373291016
2023-10-03,34.529998779296875
2023-10-04,33.13999938964844
2023-10-05,33.349998474121094
2023-10-06,33.72999954223633
2023-10-09,34.79999923706055
2023-10-10,34.900001525878906
2023-10-11,34.900001525878906
2023-10-12,34.77000045776367
2023-10-13,34.849998474121094
2023-10-16,35.16999816894531
2023-10-17,35.61000061035156
2023-10-18,35.720001220703125
2023-10-19,35.58000183105469
2023-10-20,34.84000015258789
2023-10-23,34.66999816894531
2023-10-24,34.47999954223633
2023-10-25,34.02000045776367
2023-10-26,35.02000045776367
2023-10-27,34.810001373291016
2023-10-30,34.959999084472656
2023-10-31,34.41999816894531
2023-11-01,34.84000015258789
2023-11-02,35.5099983215332
2023-11-03,35.189998626708984
2023-11-06,34.939998626708984
2023-11-07,33.86000061035156
2023-11-08,33.7400016784668
2023-11-09,33.91999816894531
2023-11-10,34.34000015258789
2023-11-13,34.470001220703125
2023-11-14,34.70000076293945
2023-11-15,34.65999984741211
2023-11-16,33.2400016784668
2023-11-17,33.709999084472656
2023-11-20,33.869998931884766
2023-11-21,33.90999984741211
2023-11-22,33.58000183105469
2023-11-24,33.88999938964844
2023-11-27,33.970001220703125
2023-11-28,33.81999969482422
2023-11-29,33.34000015258789
2023-11-30,33.75
2023-12-01,33.790000915527344
2023-12-04,33.75
2023-12-05,32.79999923706055
2023-12-06,31.86000061035156
2023-12-07,31.729999542236328
2023-12-08,32.2400016784668
2023-12-11,32.5099983215332
2023-12-12,32.29999923706055
2023-12-13,32.599998474121094
2023-12-14,33.540000915527344
2023-12-15,33.58000183105469
2023-12-18,34.06999969482422
2023-12-19,34.06999969482422
2023-12-20,34.029998779296875
2023-12-21,34.040000915527344
2023-12-22,34.119998931884766
2023-12-26,34.779998779296875
2023-12-27,34.4900016784668
2023-12-28,34.20000076293945
2023-12-29,34.18000030517578
2024-01-02,33.93000030517578
2024-01-03,33.91999816894531
2024-01-04,33.25
2024-01-05,33.41999816894531
2024-01-08,32.439998626708984
2024-01-09,31.6200008392334
2024-01-10,31.229999542236328
2024-01-11,31.170000076293945
2024-01-12,31.520000457763672
2024-01-16,30.670000076293945
2024-01-17,30.790000915527344
2024-01-18,30.8700008392334
2024-01-19,30.700000762939453
2024-01-22,30.979999542236328
2024-01-23,31.530000686645508
2024-01-24,30.040000915527344
2024-01-25,30.299999237060547
2024-01-26,30.479999542236328
2024-01-29,30.0
2024-01-30,29.34000015258789
2024-01-31,28.5
2024-02-01,28.6299991607666
2024-02-02,28.989999771118164
2024-02-05,28.799999237060547
2024-02-06,29.38999938964844
2024-02-07,29.1200008392334
2024-02-08,29.31999969482422
2024-02-09,29.059999465942383
2024-02-12,29.5
2024-02-13,29.01000022888184
2024-02-14,28.850000381469727
2024-02-15,29.200000762939453
2024-02-16,29.14999961853028
2024-02-20,29.049999237060547
2024-02-21,29.34000015258789
2024-02-22,29.200000762939453
2024-02-23,29.88999938964844
2024-02-26,29.84000015258789
2024-02-27,29.71999931335449
2024-02-28,29.479999542236328
2024-02-29,29.59000015258789
2024-03-01,29.959999084472656
2024-03-04,29.43000030517578
2024-03-05,30.170000076293945
2024-03-06,30.559999465942383
2024-03-07,30.82999992370605
2024-03-08,30.600000381469727
2024-03-11,31.299999237060547
2024-03-12,31.489999771118164
2024-03-13,31.75
2024-03-14,31.940000534057617
2024-03-15,32.31999969482422
2024-03-18,32.38999938964844
2024-03-19,33.220001220703125
2024-03-20,33.38999938964844
2024-03-21,33.7599983215332
2024-03-22,33.439998626708984
2024-03-25,33.290000915527344
2024-03-26,32.83000183105469
2024-03-27,33.09000015258789
2024-03-28,33.5
2024-04-01,33.439998626708984
2024-04-02,33.59000015258789
2024-04-03,33.880001068115234
2024-04-04,33.91999816894531
2024-04-05,34.310001373291016
2024-04-08,34.25
2024-04-09,34.189998626708984
2024-04-10,34.150001525878906
2024-04-11,33.9900016784668
2024-04-12,33.04999923706055
2024-04-15,32.45000076293945
2024-04-16,32.099998474121094
2024-04-17,32.02000045776367
2024-04-18,32.20000076293945
2024-04-19,32.599998474121094
2024-04-22,32.459999084472656
2024-04-23,33.0
2024-04-24,32.66999816894531
2024-04-25,33.29999923706055
2024-04-26,32.84000015258789
2024-04-29,33.220001220703125
2024-04-30,32.619998931884766
2024-05-01,31.88999938964844
2024-05-02,31.93000030517578
2024-05-03,31.920000076293945
2024-05-06,32.0
2024-05-07,32.13999938964844
2024-05-08,31.89999961853028
2024-05-09,32.779998779296875
2024-05-10,32.34000015258789
2024-05-13,32.40999984741211
2024-05-14,32.630001068115234
2024-05-15,32.93000030517578
2024-05-16,33.02000045776367
2024-05-17,33.459999084472656
2024-05-20,33.11000061035156
2024-05-21,33.02000045776367
2024-05-22,32.09000015258789
2024-05-23,31.809999465942383
2024-05-24,32.369998931884766
2024-05-28,32.40999984741211
2024-05-29,31.93000030517578
2024-05-30,32.47999954223633
2024-05-31,33.47999954223633
2024-06-03,32.150001525878906
2024-06-04,31.6299991607666
2024-06-05,31.75
2024-06-06,31.75
2024-06-07,31.63999938964844
2024-06-10,32.439998626708984
2024-06-11,32.2400016784668
2024-06-12,32.2400016784668
2024-06-13,31.6299991607666
2024-06-14,31.09000015258789
2024-06-17,32.029998779296875
2024-06-18,32.13999938964844
2024-06-20,32.970001220703125
2024-06-21,32.93000030517578
2024-06-24,34.40999984741211
2024-06-25,34.849998474121094
2024-06-26,34.470001220703125
2024-06-27,34.41999816894531
2024-06-28,35.16999816894531
2024-07-01,34.939998626708984
2024-07-02,34.689998626708984
2024-07-03,34.470001220703125
2024-07-05,34.220001220703125
2024-07-08,34.16999816894531
2024-07-09,33.43000030517578
2024-07-10,33.84000015258789
2024-07-11,34.5099983215332
2024-07-12,34.5
2024-07-15,35.709999084472656
2024-07-16,36.29999923706055
2024-07-17,36.15999984741211
2024-07-18,35.88999938964844
2024-07-19,35.93000030517578
2024-07-22,35.65999984741211
2024-07-23,35.650001525878906
2024-07-24,34.900001525878906
2024-07-25,35.58000183105469
2024-07-26,37.650001525878906
2024-07-29,38.470001220703125
2024-07-30,38.2400016784668
2024-07-31,38.720001220703125
2024-08-01,37.650001525878906
2024-08-02,35.7400016784668
2024-08-05,34.5099983215332
2024-08-06,34.209999084472656
2024-08-07,34.2400016784668
2024-08-08,35.20000076293945
2024-08-09,35.06999969482422
2024-08-12,35.150001525878906
2024-08-13,34.81999969482422
2024-08-14,34.75
2024-08-15,35.08000183105469
2024-08-16,34.939998626708984
2024-08-19,35.15999984741211
2024-08-20,34.209999084472656
2024-08-21,34.45000076293945
2024-08-22,34.619998931884766
2024-08-23,35.220001220703125
2024-08-26,35.43000030517578
2024-08-27,35.400001525878906
2024-08-28,34.959999084472656
2024-08-29,35.2599983215332
2024-08-30,35.16999816894531
2024-09-03,33.9900016784668
2024-09-04,34.060001373291016
2024-09-05,34.11000061035156
2024-09-06,33.939998626708984
2024-09-09,33.689998626708984
2024-09-10,33.16999816894531
2024-09-11,32.93000030517578
2024-09-12,33.290000915527344
2024-09-13,33.400001525878906
2024-09-16,33.97999954223633
2024-09-17,34.72999954223633
2024-09-18,34.66999816894531
2024-09-19,36.36000061035156
2024-09-20,36.040000915527344
2024-09-23,36.45000076293945
2024-09-24,36.34000015258789
2024-09-25,36.04999923706055
2024-09-26,34.77000045776367
2024-09-27,36.18000030517578
2024-09-30,36.150001525878906
2024-10-01,36.75
2024-10-02,37.220001220703125
2024-10-03,37.54999923706055
2024-10-04,37.93000030517578
2024-10-07,37.959999084472656
2024-10-08,37.459999084472656
2024-10-09,37.59000015258789
2024-10-10,37.61000061035156
2024-10-11,37.70000076293945
2024-10-14,37.63999938964844
2024-10-15,36.31999969482422
2024-10-16,36.7400016784668
2024-10-17,36.880001068115234
2024-10-18,36.400001525878906
2024-10-21,36.45000076293945
2024-10-22,35.97999954223633
2024-10-23,37.0
2024-10-24,36.77999877929688
2024-10-25,37.52000045776367
2024-10-28,37.400001525878906
2024-10-29,37.09000015258789
2024-10-30,37.4900016784668
2024-10-31,38.08000183105469
2024-11-01,37.84999847412109
2024-11-04,38.16999816894531
2024-11-05,38.58000183105469
2024-11-06,42.7400016784668
2024-11-07,43.09999847412109
2024-11-08,43.02000045776367
2024-11-11,44.11000061035156
2024-11-12,43.66999816894531
2024-11-13,43.06999969482422
2024-11-14,43.18000030517578
2024-11-15,42.93999862670898
2024-11-18,43.06999969482422
2024-11-19,42.869998931884766
2024-11-20,44.310001373291016
2024-11-21,44.880001068115234
2024-11-22,44.25
2024-11-25,43.54999923706055
2024-11-26,43.52999877929688
2024-11-27,43.61000061035156
2024-11-29,43.95000076293945
2024-12-02,43.68999862670898
2024-12-03,43.66999816894531
2024-12-04,42.560001373291016
2024-12-05,42.5099983215332
2024-12-06,41.310001373291016
2024-12-09,41.43000030517578
2024-12-10,41.209999084472656
2024-12-11,42.459999084472656
2024-12-12,42.33000183105469
2024-12-13,42.150001525878906
2024-12-16,41.79999923706055
2024-12-17,41.40999984741211
2024-12-18,40.040000915527344
2024-12-19,39.79999923706055
2024-12-20,40.31999969482422
2024-12-23,40.150001525878906
2024-12-24,40.790000915527344
2024-12-26,40.880001068115234
2024-12-27,40.79999923706055
2024-12-30,40.93999862670898
2024-12-31,41.02000045776367
2025-01-02,41.560001373291016
2025-01-03,42.65999984741211
2025-01-06,42.83000183105469
2025-01-07,43.400001525878906
2025-01-08,43.43999862670898
2025-01-10,43.2599983215332
2025-01-13,44.83000183105469
2025-01-14,45.06999969482422
2025-01-15,45.720001220703125
2025-01-16,46.33000183105469
2025-01-17,46.540000915527344
2025-01-21,47.040000915527344
2025-01-22,45.810001373291016
2025-01-23,45.65999984741211
2025-01-24,45.54999923706055
2025-01-27,43.54999923706055
2025-01-28,43.27999877929688
2025-01-29,43.06999969482422
2025-01-30,44.59999847412109
2025-01-31,46.18000030517578
2025-02-03,47.400001525878906
2025-02-04,47.959999084472656
2025-02-05,48.84999847412109
2025-02-06,46.97999954223633
2025-02-07,46.20000076293945
2025-02-10,47.40999984741211
2025-02-11,47.11000061035156
2025-02-12,46.40999984741211
2025-02-13,46.150001525878906
2025-02-14,46.400001525878906
2025-02-18,46.97999954223633
2025-02-19,46.88999938964844
2025-02-20,46.90999984741211
2025-02-21,45.619998931884766
2025-02-24,44.619998931884766
2025-02-25,44.040000915527344
2025-02-26,43.5099983215332
2025-02-27,43.58000183105469
2025-02-28,44.59000015258789
2025-03-03,43.59999847412109
2025-03-04,42.86000061035156
2025-03-05,42.31999969482422
2025-03-06,41.900001525878906
2025-03-07,42.88999938964844
2025-03-10,41.15999984741211
2025-03-11,41.84999847412109
2025-03-12,42.47999954223633
2025-03-13,41.7400016784668
2025-03-14,42.84000015258789
2025-03-17,43.880001068115234
2025-03-18,43.70000076293945
2025-03-19,44.59999847412109
2025-03-20,44.68999862670898
2025-03-21,44.11000061035156
2025-03-24,44.59999847412109
2025-03-25,45.18000030517578
2025-03-26,44.02000045776367
2025-03-27,43.630001068115234
2025-03-28,43.08000183105469
2025-03-31,43.95000076293945
2025-04-01,44.79999923706055
2025-04-02,44.91999816894531
2025-04-03,40.86000061035156
2025-04-04,35.40999984741211
2025-04-07,35.709999084472656
2025-04-08,35.0
2025-04-09,38.75
2025-04-10,36.65999984741211
2025-04-11,37.93000030517578
2025-04-14,37.810001373291016
2025-04-15,38.15999984741211
2025-04-16,38.130001068115234
2025-04-17,38.90999984741211
2025-04-21,37.79999923706055
2025-04-22,38.36000061035156
2025-04-23,35.88999938964844
2025-04-24,36.380001068115234
2025-04-25,36.45000076293945
2025-04-28,36.209999084472656
2025-04-29,35.91999816894531
2025-04-30,35.400001525878906
2025-05-01,36.18999862670898
2025-05-02,37.09999847412109
2025-05-05,36.75
2025-05-06,36.400001525878906
2025-05-07,36.310001373291016
2025-05-08,36.25
2025-05-09,36.4900016784668
2025-05-12,37.619998931884766
2025-05-13,38.18000030517578
2025-05-14,37.84000015258789
2025-05-15,37.72999954223633
2025-05-16,37.790000915527344
2025-05-19,37.90999984741211
2025-05-20,37.34000015258789
2025-05-21,36.650001525878906
2025-05-22,36.59000015258789
2025-05-23,36.7400016784668
2025-05-27,37.22999954223633
2025-05-28,36.68000030517578
2025-05-29,37.36000061035156
2025-05-30,37.04999923706055
2025-06-02,37.31999969482422
2025-06-03,37.540000915527344
2025-06-04,37.290000915527344
2025-06-05,37.150001525878906
2025-06-06,37.900001525878906
2025-06-09,38.33000183105469
2025-06-10,39.08000183105469
2025-06-11,39.02999877929688
2025-06-12,38.630001068115234
2025-06-13,39.040000915527344
2025-06-16,38.9900016784668
2025-06-17,39.59999847412109
2025-06-18,38.97999954223633
2025-06-20,39.0
2025-06-23,37.83000183105469
2025-06-24,37.970001220703125
2025-06-25,37.58000183105469
2025-06-26,38.31999969482422
2025-06-27,38.060001373291016
2025-06-30,38.34000015258789
2025-07-01,38.68999862670898
2025-07-02,39.83000183105469
2025-07-03,39.63999938964844
2025-07-07,39.09000015258789
2025-07-08,40.11000061035156
2025-07-09,39.33000183105469
2025-07-10,39.709999084472656
2025-07-11,40.70000076293945
2025-07-14,39.869998931884766
2025-07-15,38.9900016784668
2025-07-16,38.68000030517578
2025-07-17,39.18000030517578
2025-07-18,39.720001220703125
2025-07-21,39.84999847412109
2025-07-22,40.02000045776367
2025-07-23,44.68000030517578
2025-07-24,45.720001220703125
2025-07-25,46.04999923706055
2025-07-28,46.54999923706055
2025-07-29,45.75
2025-07-30,45.52999877929688
2025-07-31,45.04999923706055
2025-08-01,43.5099983215332
2025-08-04,43.75
2025-08-05,43.81999969482422
2025-08-06,43.43000030517578
2025-08-07,42.93999862670898
2025-08-08,43.290000915527344
2025-08-11,42.70000076293945
2025-08-12,42.5099983215332
2025-08-13,42.84999847412109
2025-08-14,43.25
2025-08-15,42.79999923706055
2025-08-18,42.869998931884766
2025-08-19,42.95000076293945
2025-08-20,42.84999847412109
2025-08-21,43.459999084472656
2025-08-22,44.7599983215332
2025-08-25,44.43000030517578
2025-08-26,44.45000076293945
2025-08-27,44.77999877929688
2025-08-28,45.56999969482422
2025-08-29,45.400001525878906
2025-09-02,45.36000061035156
2025-09-03,45.0
2025-09-04,46.31999969482422
2025-09-05,45.58000183105469
2025-09-08,45.63999938964844
2025-09-09,45.45000076293945
2025-09-10,46.91999816894531
2025-09-11,46.970001220703125
2025-09-12,46.4900016784668
2025-09-15,46.27999877929688
2025-09-16,47.22999954223633
2025-09-17,46.47999954223633
2025-09-18,47.27999877929688
2025-09-19,47.34000015258789
2025-09-22,47.66999816894531
2025-09-23,48.93000030517578
2025-09-24,49.869998931884766
2025-09-25,50.09999847412109
2025-09-26,50.52000045776367
2025-09-29,50.54999923706055
2025-09-30,48.720001220703125
2025-10-01,48.36000061035156
2025-10-02,48.400001525878906
2025-10-03,48.5
2025-10-06,49.08000183105469
2025-10-07,48.58000183105469
2025-10-08,47.84999847412109
2025-10-09,47.88999938964844
2025-10-10,45.040000915527344
2025-10-13,45.4900016784668
2025-10-14,44.83000183105469
2025-10-15,44.470001220703125
2025-10-16,44.63999938964844
2025-10-17,45.18000030517578
2025-10-20,46.27999877929688
2025-10-21,46.75
2025-10-22,47.29999923706055
2025-10-23,48.88999938964844
2025-10-24,47.29999923706055
2025-10-27,46.59999847412109
2025-10-28,47.86000061035156
2025-10-29,48.31999969482422
2025-10-30,48.58000183105469
2025-10-31,48.40999984741211
2025-11-03,48.63999938964844
2025-11-04,45.970001220703125
2025-11-05,47.040000915527344
2025-11-06,47.290000915527344
2025-11-07,47.869998931884766
2025-11-10,48.79999923706055
2025-11-11,48.95000076293945
2025-11-12,47.52999877929688
2025-11-13,47.5099983215332
2025-11-14,48.72999954223633
2025-11-17,47.880001068115234
2025-11-18,48.060001373291016
2025-11-19,48.47999954223633
2025-11-20,48.06999969482422
2025-11-21,48.880001068115234
2025-11-24,49.36000061035156
2025-11-25,49.43000030517578
2025-11-26,49.52999877929688
2025-11-28,50.20000076293945
2025-12-01,50.15999984741211
2025-12-02,49.47999954223633
2025-12-03,50.4900016784668
2025-12-04,50.61000061035156
2025-12-05,49.20000076293945
2025-12-08,47.38999938964844
2025-12-09,47.68999862670898
2025-12-10,48.040000915527344
2025-12-11,47.459999084472656
2025-12-12,46.86000061035156
2025-12-15,46.88999938964844
2025-12-16,45.02000045776367
2025-12-17,45.290000915527344
2025-12-18,44.470001220703125
2025-12-19,44.709999084472656
2025-12-22,45.560001373291016
2025-12-23,45.18999862670898
2025-12-24,45.29999923706055
2025-12-26,45.25
2025-12-29,45.380001068115234
2025-12-30,46.09000015258789
2025-12-31,45.540000915527344
2026-01-02,47.13999938964844
2026-01-05,49.06999969482422
2026-01-06,49.380001068115234
2026-01-07,48.84000015258789
2026-01-08,50.20000076293945
2026-01-09,49.970001220703125
2026-01-12,47.95000076293945
2026-01-13,48.970001220703125
2026-01-14,49.97999954223633
2026-01-15,52.0
2026-01-16,51.75
2026-01-20,51.2599983215332
2026-01-21,53.59000015258789
2026-01-22,54.459999084472656
2026-01-23,53.91999816894531
2026-01-26,56.290000915527344
2026-01-27,56.5
2026-01-28,56.630001068115234
2026-01-29,56.72999954223633
2026-01-30,56.040000915527344
2026-02-02,56.45000076293945
2026-02-03,58.0
2026-02-04,59.16999816894531
2026-02-05,57.36000061035156
2026-02-06,58.91999816894531
2026-02-09,59.54999923706055
2026-02-10,59.150001525878906
2026-02-11,61.25
2026-02-12,61.38999938964844
2026-02-13,61.20000076293945
2026-02-17,59.86000061035156
2026-02-18,61.540000915527344
2026-02-19,62.560001373291016
2026-02-20,62.209999084472656
2026-02-23,63.66999816894531
2026-02-24,64.72000122070312
2026-02-25,64.80999755859375
2026-02-26,64.9000015258789
2026-02-27,65.26000213623047
2026-03-02,64.83000183105469
2026-03-03,62.540000915527344
2026-03-04,60.880001068115234
2026-03-05,60.18999862670898
2026-03-06,59.810001373291016
2026-03-09,60.09999847412109
2026-03-10,59.34000015258789
2026-03-11,58.970001220703125
2026-03-12,55.900001525878906
2026-03-13,54.2599983215332
2026-03-16,55.18999862670898
2026-03-17,57.0
2026-03-18,57.47999954223633
2026-03-19,60.709999084472656
2026-03-20,60.34999847412109
2026-03-23,62.52999877929688
2026-03-24,63.4900016784668
2026-03-25,62.619998931884766
2026-03-26,62.36000061035156
2026-03-27,63.220001220703125
2026-03-30,60.68000030517578
2026-03-31,61.04999923706055
2026-04-01,60.34000015258789
2026-04-02,60.380001068115234
2026-04-06,60.70000076293945
2026-04-07,61.25
2026-04-08,63.15999984741211
2026-04-09,63.41999816894531
2026-04-10,62.83000183105469
2026-04-13,62.560001373291016
2026-04-14,61.4900016784668
2026-04-15,60.06999969482422
2026-04-16,60.59999847412109
2026-04-17,59.77999877929688
2026-04-20,59.16999816894531
2026-04-21,60.25
2026-04-22,62.540000915527344
2026-04-23,64.48999786376953
2026-04-24,68.94000244140625
2026-04-27,68.37999725341797
2026-04-28,67.66999816894531
2026-04-29,68.80999755859375
2026-04-30,69.66999816894531
2026-05-01,69.12000274658203
2026-05-04,69.01000213623047
2026-05-05,67.77999877929688
2026-05-06,66.66999816894531
2026-05-07,63.529998779296875
2026-05-08,63.88999938964844
2026-05-11,64.5999984741211
2026-05-12,65.23999786376953
2026-05-13,65.41000366210938
2026-05-14,64.61000061035156
2026-05-15,64.12000274658203
2026-05-18,66.20999908447266
2026-05-19,65.47000122070312
2026-05-20,66.79000091552734
2026-05-21,65.80000305175781
2026-05-22,66.05999755859375
2026-05-26,66.7300033569336
2026-05-27,63.20000076293945
2026-05-28,64.70999908447266
2026-05-29,63.880001068115234
2026-06-01,62.970001220703125
2026-06-02,64.54000091552734
2026-06-03,64.2699966430664
2026-06-04,66.11000061035156
2026-06-05,62.59000015258789
2026-06-08,64.83999633789062
2026-06-09,63.54999923706055
2026-06-10,63.02000045776367
2026-06-11,63.47999954223633
2026-06-12,63.13999938964844
2026-06-15,62.459999084472656
2026-06-16,61.52000045776367
2026-06-17,60.06999969482422
2026-06-18,58.40999984741211
