,BRO
2015-01-02,16.280000686645508
2015-01-05,16.06999969482422
2015-01-06,15.989999771118164
2015-01-07,16.135000228881836
2015-01-08,16.44499969482422
2015-01-09,16.235000610351562
2015-01-12,16.065000534057617
2015-01-13,16.014999389648438
2015-01-14,15.90999984741211
2015-01-15,15.850000381469728
2015-01-16,15.914999961853027
2015-01-20,15.8149995803833
2015-01-21,15.8100004196167
2015-01-22,16.09000015258789
2015-01-23,15.875
2015-01-26,15.914999961853027
2015-01-27,15.744999885559082
2015-01-28,15.53499984741211
2015-01-29,15.470000267028809
2015-01-30,15.425000190734863
2015-02-02,15.734999656677246
2015-02-03,15.979999542236328
2015-02-04,16.040000915527344
2015-02-05,16.209999084472656
2015-02-06,16.05500030517578
2015-02-09,15.979999542236328
2015-02-10,16.110000610351562
2015-02-11,16.235000610351562
2015-02-12,16.405000686645508
2015-02-13,16.5049991607666
2015-02-17,16.540000915527344
2015-02-18,16.540000915527344
2015-02-19,16.549999237060547
2015-02-20,16.545000076293945
2015-02-23,16.325000762939453
2015-02-24,16.290000915527344
2015-02-25,16.209999084472656
2015-02-26,16.18000030517578
2015-02-27,16.06999969482422
2015-03-02,16.0049991607666
2015-03-03,15.960000038146973
2015-03-04,15.875
2015-03-05,15.93000030517578
2015-03-06,15.920000076293944
2015-03-09,15.954999923706056
2015-03-10,15.890000343322754
2015-03-11,16.075000762939453
2015-03-12,16.30500030517578
2015-03-13,16.190000534057617
2015-03-16,16.479999542236328
2015-03-17,16.520000457763672
2015-03-18,16.389999389648438
2015-03-19,16.415000915527344
2015-03-20,16.565000534057617
2015-03-23,16.5049991607666
2015-03-24,16.5
2015-03-25,16.30500030517578
2015-03-26,16.274999618530273
2015-03-27,16.3799991607666
2015-03-30,16.625
2015-03-31,16.55500030517578
2015-04-01,16.5049991607666
2015-04-02,16.565000534057617
2015-04-06,16.614999771118164
2015-04-07,16.549999237060547
2015-04-08,16.565000534057617
2015-04-09,16.625
2015-04-10,16.604999542236328
2015-04-13,16.639999389648438
2015-04-14,16.65999984741211
2015-04-15,16.625
2015-04-16,16.584999084472656
2015-04-17,16.28499984741211
2015-04-20,16.4950008392334
2015-04-21,16.229999542236328
2015-04-22,16.110000610351562
2015-04-23,16.135000228881836
2015-04-24,16.21500015258789
2015-04-27,16.045000076293945
2015-04-28,16.1299991607666
2015-04-29,16.139999389648438
2015-04-30,15.975000381469728
2015-05-01,15.925000190734863
2015-05-04,15.960000038146973
2015-05-05,15.835000038146973
2015-05-06,15.869999885559082
2015-05-07,15.914999961853027
2015-05-08,15.954999923706056
2015-05-11,16.059999465942383
2015-05-12,15.9350004196167
2015-05-13,15.914999961853027
2015-05-14,16.030000686645508
2015-05-15,16.024999618530273
2015-05-18,16.18000030517578
2015-05-19,16.18000030517578
2015-05-20,16.235000610351562
2015-05-21,16.204999923706055
2015-05-22,16.149999618530273
2015-05-26,16.125
2015-05-27,16.170000076293945
2015-05-28,16.31999969482422
2015-05-29,16.19499969482422
2015-06-01,16.219999313354492
2015-06-02,16.295000076293945
2015-06-03,16.440000534057617
2015-06-04,16.43000030517578
2015-06-05,16.46500015258789
2015-06-08,16.44499969482422
2015-06-09,16.475000381469727
2015-06-10,16.530000686645508
2015-06-11,16.71500015258789
2015-06-12,16.690000534057617
2015-06-15,16.610000610351562
2015-06-16,16.645000457763672
2015-06-17,16.729999542236328
2015-06-18,16.770000457763672
2015-06-19,16.770000457763672
2015-06-22,16.834999084472656
2015-06-23,16.825000762939453
2015-06-24,16.719999313354492
2015-06-25,16.559999465942383
2015-06-26,16.565000534057617
2015-06-29,16.385000228881836
2015-06-30,16.43000030517578
2015-07-01,16.610000610351562
2015-07-02,16.565000534057617
2015-07-06,16.645000457763672
2015-07-07,16.684999465942383
2015-07-08,16.565000534057617
2015-07-09,16.639999389648438
2015-07-10,16.825000762939453
2015-07-13,17.0
2015-07-14,17.079999923706055
2015-07-15,17.040000915527344
2015-07-16,17.219999313354492
2015-07-17,17.145000457763672
2015-07-20,17.235000610351562
2015-07-21,16.5
2015-07-22,16.604999542236328
2015-07-23,16.825000762939453
2015-07-24,16.690000534057617
2015-07-27,16.6200008392334
2015-07-28,16.530000686645508
2015-07-29,16.764999389648438
2015-07-30,16.770000457763672
2015-07-31,16.725000381469727
2015-08-03,16.78499984741211
2015-08-04,16.809999465942383
2015-08-05,16.809999465942383
2015-08-06,16.815000534057617
2015-08-07,16.790000915527344
2015-08-10,17.059999465942383
2015-08-11,17.024999618530273
2015-08-12,16.93000030517578
2015-08-13,17.03499984741211
2015-08-14,17.19499969482422
2015-08-17,17.170000076293945
2015-08-18,17.225000381469727
2015-08-19,16.985000610351562
2015-08-20,16.655000686645508
2015-08-21,16.334999084472656
2015-08-24,15.720000267028809
2015-08-25,15.460000038146973
2015-08-26,16.094999313354492
2015-08-27,16.450000762939453
2015-08-28,16.19499969482422
2015-08-31,16.030000686645508
2015-09-01,15.579999923706056
2015-09-02,15.779999732971191
2015-09-03,15.795000076293944
2015-09-04,15.56999969482422
2015-09-08,15.90999984741211
2015-09-09,15.850000381469728
2015-09-10,15.84000015258789
2015-09-11,15.895000457763672
2015-09-14,15.880000114440918
2015-09-15,16.024999618530273
2015-09-16,16.21500015258789
2015-09-17,16.149999618530273
2015-09-18,15.69499969482422
2015-09-21,15.875
2015-09-22,15.699999809265137
2015-09-23,15.609999656677246
2015-09-24,15.59000015258789
2015-09-25,15.640000343322754
2015-09-28,15.369999885559082
2015-09-29,15.369999885559082
2015-09-30,15.484999656677246
2015-10-01,15.454999923706056
2015-10-02,15.545000076293944
2015-10-05,15.774999618530272
2015-10-06,15.75
2015-10-07,15.920000076293944
2015-10-08,15.960000038146973
2015-10-09,15.984999656677246
2015-10-12,15.869999885559082
2015-10-13,15.734999656677246
2015-10-14,15.454999923706056
2015-10-15,15.604999542236328
2015-10-16,15.65999984741211
2015-10-19,15.630000114440918
2015-10-20,15.5649995803833
2015-10-21,15.515000343322754
2015-10-22,15.80500030517578
2015-10-23,16.024999618530273
2015-10-26,16.0049991607666
2015-10-27,15.81999969482422
2015-10-28,16.28499984741211
2015-10-29,16.315000534057617
2015-10-30,16.135000228881836
2015-11-02,16.200000762939453
2015-11-03,16.1299991607666
2015-11-04,16.079999923706055
2015-11-05,16.065000534057617
2015-11-06,16.05500030517578
2015-11-09,15.90999984741211
2015-11-10,15.989999771118164
2015-11-11,16.049999237060547
2015-11-12,15.914999961853027
2015-11-13,15.670000076293944
2015-11-16,15.845000267028809
2015-11-17,15.779999732971191
2015-11-18,16.084999084472656
2015-11-19,16.1200008392334
2015-11-20,16.290000915527344
2015-11-23,16.21500015258789
2015-11-24,16.25
2015-11-25,16.19499969482422
2015-11-27,16.200000762939453
2015-11-30,16.229999542236328
2015-12-01,16.399999618530273
2015-12-02,16.360000610351562
2015-12-03,16.18000030517578
2015-12-04,16.510000228881836
2015-12-07,16.53499984741211
2015-12-08,16.30500030517578
2015-12-09,16.1299991607666
2015-12-10,16.084999084472656
2015-12-11,16.010000228881836
2015-12-14,15.954999923706056
2015-12-15,16.204999923706055
2015-12-16,16.079999923706055
2015-12-17,15.829999923706056
2015-12-18,15.625
2015-12-21,15.8149995803833
2015-12-22,15.84000015258789
2015-12-23,16.03499984741211
2015-12-24,16.040000915527344
2015-12-28,16.059999465942383
2015-12-29,16.225000381469727
2015-12-30,16.170000076293945
2015-12-31,16.049999237060547
2016-01-04,15.8149995803833
2016-01-05,15.96500015258789
2016-01-06,15.6899995803833
2016-01-07,15.220000267028809
2016-01-08,15.100000381469728
2016-01-11,15.154999732971191
2016-01-12,15.19499969482422
2016-01-13,14.949999809265137
2016-01-14,15.239999771118164
2016-01-15,14.9350004196167
2016-01-19,14.81999969482422
2016-01-20,14.550000190734863
2016-01-21,14.5600004196167
2016-01-22,14.699999809265137
2016-01-25,14.4350004196167
2016-01-26,14.854999542236328
2016-01-27,14.53499984741211
2016-01-28,14.609999656677246
2016-01-29,15.125
2016-02-01,15.234999656677246
2016-02-02,15.130000114440918
2016-02-03,15.380000114440918
2016-02-04,15.71500015258789
2016-02-05,15.75
2016-02-08,15.869999885559082
2016-02-09,15.779999732971191
2016-02-10,15.614999771118164
2016-02-11,15.524999618530272
2016-02-12,15.6850004196167
2016-02-16,15.69499969482422
2016-02-17,15.739999771118164
2016-02-18,15.789999961853027
2016-02-19,15.739999771118164
2016-02-22,15.93000030517578
2016-02-23,15.904999732971191
2016-02-24,15.885000228881836
2016-02-25,16.040000915527344
2016-02-26,16.225000381469727
2016-02-29,16.155000686645508
2016-03-01,16.440000534057617
2016-03-02,16.489999771118164
2016-03-03,16.530000686645508
2016-03-04,16.815000534057617
2016-03-07,16.895000457763672
2016-03-08,16.69499969482422
2016-03-09,16.889999389648438
2016-03-10,16.90999984741211
2016-03-11,17.18000030517578
2016-03-14,17.139999389648438
2016-03-15,17.209999084472656
2016-03-16,17.174999237060547
2016-03-17,17.514999389648438
2016-03-18,17.600000381469727
2016-03-21,17.68000030517578
2016-03-22,17.735000610351562
2016-03-23,17.524999618530273
2016-03-24,17.610000610351562
2016-03-28,17.674999237060547
2016-03-29,17.829999923706055
2016-03-30,17.815000534057617
2016-03-31,17.899999618530273
2016-04-01,17.80500030517578
2016-04-04,17.71500015258789
2016-04-05,17.514999389648438
2016-04-06,17.530000686645508
2016-04-07,17.325000762939453
2016-04-08,17.31999969482422
2016-04-11,17.3700008392334
2016-04-12,17.530000686645508
2016-04-13,17.75
2016-04-14,17.760000228881836
2016-04-15,17.760000228881836
2016-04-18,18.0
2016-04-19,17.25
2016-04-20,17.31999969482422
2016-04-21,17.149999618530273
2016-04-22,17.344999313354492
2016-04-25,17.5
2016-04-26,17.655000686645508
2016-04-27,17.6200008392334
2016-04-28,17.469999313354492
2016-04-29,17.55500030517578
2016-05-02,17.75
2016-05-03,17.670000076293945
2016-05-04,17.594999313354492
2016-05-05,17.565000534057617
2016-05-06,17.44499969482422
2016-05-09,17.575000762939453
2016-05-10,17.770000457763672
2016-05-11,17.594999313354492
2016-05-12,17.645000457763672
2016-05-13,17.565000534057617
2016-05-16,17.709999084472656
2016-05-17,17.530000686645508
2016-05-18,17.68000030517578
2016-05-19,17.575000762939453
2016-05-20,17.600000381469727
2016-05-23,17.530000686645508
2016-05-24,17.799999237060547
2016-05-25,17.875
2016-05-26,17.93000030517578
2016-05-27,17.985000610351562
2016-05-31,18.030000686645508
2016-06-01,18.010000228881836
2016-06-02,18.07999992370605
2016-06-03,17.989999771118164
2016-06-06,18.07999992370605
2016-06-07,18.15999984741211
2016-06-08,18.20499992370605
2016-06-09,18.28499984741211
2016-06-10,18.20499992370605
2016-06-13,17.9950008392334
2016-06-14,17.875
2016-06-15,17.774999618530273
2016-06-16,17.834999084472656
2016-06-17,17.80500030517578
2016-06-20,17.975000381469727
2016-06-21,18.15999984741211
2016-06-22,18.174999237060547
2016-06-23,18.489999771118164
2016-06-24,17.80500030517578
2016-06-27,17.40999984741211
2016-06-28,17.895000457763672
2016-06-29,18.2450008392334
2016-06-30,18.73500061035156
2016-07-01,18.549999237060547
2016-07-05,18.354999542236328
2016-07-06,18.459999084472656
2016-07-07,18.395000457763672
2016-07-08,18.670000076293945
2016-07-11,18.489999771118164
2016-07-12,18.450000762939453
2016-07-13,18.26000022888184
2016-07-14,18.049999237060547
2016-07-15,18.020000457763672
2016-07-18,17.950000762939453
2016-07-19,18.70499992370605
2016-07-20,18.625
2016-07-21,18.44499969482422
2016-07-22,18.53499984741211
2016-07-25,18.55500030517578
2016-07-26,18.48500061035156
2016-07-27,18.415000915527344
2016-07-28,18.420000076293945
2016-07-29,18.32999992370605
2016-08-01,18.309999465942383
2016-08-02,18.2450008392334
2016-08-03,18.299999237060547
2016-08-04,18.25
2016-08-05,18.424999237060547
2016-08-08,18.479999542236328
2016-08-09,18.424999237060547
2016-08-10,18.375
2016-08-11,18.38999938964844
2016-08-12,18.2549991607666
2016-08-15,18.28499984741211
2016-08-16,18.114999771118164
2016-08-17,18.18000030517578
2016-08-18,18.26499938964844
2016-08-19,18.28499984741211
2016-08-22,18.38500022888184
2016-08-23,18.375
2016-08-24,18.424999237060547
2016-08-25,18.475000381469727
2016-08-26,18.440000534057617
2016-08-29,18.684999465942383
2016-08-30,18.690000534057617
2016-08-31,18.73500061035156
2016-09-01,18.790000915527344
2016-09-02,19.0
2016-09-06,18.934999465942383
2016-09-07,18.895000457763672
2016-09-08,18.8799991607666
2016-09-09,18.415000915527344
2016-09-12,18.73500061035156
2016-09-13,18.584999084472656
2016-09-14,18.3799991607666
2016-09-15,18.63500022888184
2016-09-16,18.46999931335449
2016-09-19,18.575000762939453
2016-09-20,18.61000061035156
2016-09-21,18.80500030517578
2016-09-22,18.934999465942383
2016-09-23,18.7450008392334
2016-09-26,18.59499931335449
2016-09-27,18.75
2016-09-28,18.84000015258789
2016-09-29,18.63999938964844
2016-09-30,18.854999542236328
2016-10-03,18.565000534057617
2016-10-04,18.780000686645508
2016-10-05,18.96999931335449
2016-10-06,19.315000534057617
2016-10-07,19.104999542236328
2016-10-10,18.94499969482422
2016-10-11,18.6299991607666
2016-10-12,18.80500030517578
2016-10-13,18.7549991607666
2016-10-14,18.71999931335449
2016-10-17,18.63999938964844
2016-10-18,18.670000076293945
2016-10-19,18.73500061035156
2016-10-20,18.55500030517578
2016-10-21,18.809999465942383
2016-10-24,18.290000915527344
2016-10-25,18.290000915527344
2016-10-26,18.354999542236328
2016-10-27,18.315000534057617
2016-10-28,18.3799991607666
2016-10-31,18.43000030517578
2016-11-01,18.23500061035156
2016-11-02,18.104999542236328
2016-11-03,18.270000457763672
2016-11-04,18.13999938964844
2016-11-07,18.415000915527344
2016-11-08,18.5
2016-11-09,18.799999237060547
2016-11-10,19.084999084472656
2016-11-11,19.575000762939453
2016-11-14,20.100000381469727
2016-11-15,20.325000762939453
2016-11-16,20.5049991607666
2016-11-17,21.1299991607666
2016-11-18,21.170000076293945
2016-11-21,21.13999938964844
2016-11-22,21.31999969482422
2016-11-23,21.63999938964844
2016-11-25,21.59000015258789
2016-11-28,21.434999465942383
2016-11-29,21.475000381469727
2016-11-30,21.674999237060547
2016-12-01,21.809999465942383
2016-12-02,21.61000061035156
2016-12-05,21.80500030517578
2016-12-06,22.14999961853028
2016-12-07,22.18000030517578
2016-12-08,22.09000015258789
2016-12-09,22.209999084472656
2016-12-12,22.350000381469727
2016-12-13,22.55500030517578
2016-12-14,22.3700008392334
2016-12-15,22.450000762939453
2016-12-16,22.440000534057617
2016-12-19,22.459999084472656
2016-12-20,22.45499992370605
2016-12-21,22.38500022888184
2016-12-22,22.3799991607666
2016-12-23,22.44499969482422
2016-12-27,22.450000762939453
2016-12-28,22.295000076293945
2016-12-29,22.395000457763672
2016-12-30,22.43000030517578
2017-01-03,22.40999984741211
2017-01-04,22.780000686645508
2017-01-05,22.530000686645508
2017-01-06,22.45499992370605
2017-01-09,22.32999992370605
2017-01-10,22.30500030517578
2017-01-11,22.13999938964844
2017-01-12,21.975000381469727
2017-01-13,22.1299991607666
2017-01-17,21.989999771118164
2017-01-18,22.020000457763672
2017-01-19,21.940000534057617
2017-01-20,21.915000915527344
2017-01-23,21.71500015258789
2017-01-24,21.6299991607666
2017-01-25,21.600000381469727
2017-01-26,21.739999771118164
2017-01-27,21.6299991607666
2017-01-30,21.19499969482422
2017-01-31,21.065000534057617
2017-02-01,20.975000381469727
2017-02-02,21.1299991607666
2017-02-03,21.26499938964844
2017-02-06,21.104999542236328
2017-02-07,21.0049991607666
2017-02-08,20.94499969482422
2017-02-09,21.06999969482422
2017-02-10,21.489999771118164
2017-02-13,21.56999969482422
2017-02-14,21.549999237060547
2017-02-15,21.739999771118164
2017-02-16,21.8799991607666
2017-02-17,21.934999465942383
2017-02-21,21.665000915527344
2017-02-22,21.57999992370605
2017-02-23,21.575000762939453
2017-02-24,21.709999084472656
2017-02-27,21.76000022888184
2017-02-28,21.549999237060547
2017-03-01,21.934999465942383
2017-03-02,21.575000762939453
2017-03-03,21.799999237060547
2017-03-06,21.6200008392334
2017-03-07,21.56999969482422
2017-03-08,21.450000762939453
2017-03-09,21.5049991607666
2017-03-10,21.604999542236328
2017-03-13,21.63500022888184
2017-03-14,21.600000381469727
2017-03-15,21.76000022888184
2017-03-16,21.7450008392334
2017-03-17,21.8799991607666
2017-03-20,21.63500022888184
2017-03-21,21.270000457763672
2017-03-22,21.27499961853028
2017-03-23,21.2450008392334
2017-03-24,21.30500030517578
2017-03-27,21.25
2017-03-28,21.28499984741211
2017-03-29,21.174999237060547
2017-03-30,21.02499961853028
2017-03-31,20.86000061035156
2017-04-03,20.690000534057617
2017-04-04,20.809999465942383
2017-04-05,20.770000457763672
2017-04-06,20.915000915527344
2017-04-07,20.905000686645508
2017-04-10,20.975000381469727
2017-04-11,21.075000762939453
2017-04-12,20.81999969482422
2017-04-13,20.65999984741211
2017-04-17,20.96500015258789
2017-04-18,21.165000915527344
2017-04-19,20.96999931335449
2017-04-20,21.395000457763672
2017-04-21,21.25
2017-04-24,21.549999237060547
2017-04-25,21.540000915527344
2017-04-26,21.665000915527344
2017-04-27,21.73500061035156
2017-04-28,21.450000762939453
2017-05-01,21.51499938964844
2017-05-02,21.415000915527344
2017-05-03,21.40999984741211
2017-05-04,21.5049991607666
2017-05-05,21.540000915527344
2017-05-08,21.52499961853028
2017-05-09,21.315000534057617
2017-05-10,21.3799991607666
2017-05-11,21.290000915527344
2017-05-12,21.145000457763672
2017-05-15,21.209999084472656
2017-05-16,21.2450008392334
2017-05-17,20.924999237060547
2017-05-18,21.049999237060547
2017-05-19,21.03499984741211
2017-05-22,21.225000381469727
2017-05-23,21.23500061035156
2017-05-24,21.229999542236328
2017-05-25,21.479999542236328
2017-05-26,21.434999465942383
2017-05-30,21.5
2017-05-31,21.71500015258789
2017-06-01,22.05500030517578
2017-06-02,21.905000686645508
2017-06-05,21.739999771118164
2017-06-06,21.53499984741211
2017-06-07,21.520000457763672
2017-06-08,21.709999084472656
2017-06-09,21.924999237060547
2017-06-12,22.0049991607666
2017-06-13,22.049999237060547
2017-06-14,22.02499961853028
2017-06-15,22.14999961853028
2017-06-16,22.165000915527344
2017-06-19,22.0
2017-06-20,21.875
2017-06-21,21.76000022888184
2017-06-22,21.584999084472656
2017-06-23,21.46500015258789
2017-06-26,21.575000762939453
2017-06-27,21.52499961853028
2017-06-28,21.770000457763672
2017-06-29,21.78499984741211
2017-06-30,21.53499984741211
2017-07-03,21.76000022888184
2017-07-05,21.584999084472656
2017-07-06,21.43000030517578
2017-07-07,21.57999992370605
2017-07-10,21.43000030517578
2017-07-11,21.354999542236328
2017-07-12,21.540000915527344
2017-07-13,21.540000915527344
2017-07-14,21.64999961853028
2017-07-17,21.5049991607666
2017-07-18,21.51499938964844
2017-07-19,21.88500022888184
2017-07-20,21.940000534057617
2017-07-21,22.03499984741211
2017-07-24,22.125
2017-07-25,22.325000762939453
2017-07-26,22.23500061035156
2017-07-27,22.0049991607666
2017-07-28,22.290000915527344
2017-07-31,22.299999237060547
2017-08-01,22.295000076293945
2017-08-02,22.20499992370605
2017-08-03,21.975000381469727
2017-08-04,22.030000686645508
2017-08-07,21.94499969482422
2017-08-08,21.86000061035156
2017-08-09,21.905000686645508
2017-08-10,21.739999771118164
2017-08-11,21.770000457763672
2017-08-14,21.95499992370605
2017-08-15,22.075000762939453
2017-08-16,22.020000457763672
2017-08-17,21.684999465942383
2017-08-18,21.815000534057617
2017-08-21,21.90999984741211
2017-08-22,22.049999237060547
2017-08-23,21.850000381469727
2017-08-24,21.905000686645508
2017-08-25,22.145000457763672
2017-08-28,22.57999992370605
2017-08-29,22.3799991607666
2017-08-30,22.45499992370605
2017-08-31,22.479999542236328
2017-09-01,22.52499961853028
2017-09-05,22.739999771118164
2017-09-06,22.940000534057617
2017-09-07,23.01499938964844
2017-09-08,24.065000534057617
2017-09-11,23.450000762939453
2017-09-12,23.415000915527344
2017-09-13,23.295000076293945
2017-09-14,23.170000076293945
2017-09-15,23.209999084472656
2017-09-18,23.45499992370605
2017-09-19,23.479999542236328
2017-09-20,23.665000915527344
2017-09-21,23.53499984741211
2017-09-22,23.709999084472656
2017-09-25,23.84000015258789
2017-09-26,24.114999771118164
2017-09-27,24.434999465942383
2017-09-28,24.14999961853028
2017-09-29,24.09499931335449
2017-10-02,24.190000534057617
2017-10-03,24.375
2017-10-04,24.3799991607666
2017-10-05,24.434999465942383
2017-10-06,24.364999771118164
2017-10-09,24.424999237060547
2017-10-10,24.46999931335449
2017-10-11,24.44499969482422
2017-10-12,24.59000015258789
2017-10-13,24.69499969482422
2017-10-16,24.48500061035156
2017-10-17,24.5049991607666
2017-10-18,24.46999931335449
2017-10-19,24.5
2017-10-20,24.65999984741211
2017-10-23,24.825000762939453
2017-10-24,24.725000381469727
2017-10-25,24.604999542236328
2017-10-26,24.690000534057617
2017-10-27,24.84000015258789
2017-10-30,24.7450008392334
2017-10-31,24.920000076293945
2017-11-01,25.045000076293945
2017-11-02,25.200000762939453
2017-11-03,25.19499969482422
2017-11-06,25.270000457763672
2017-11-07,25.114999771118164
2017-11-08,24.850000381469727
2017-11-09,24.684999465942383
2017-11-10,24.739999771118164
2017-11-13,24.700000762939453
2017-11-14,25.0
2017-11-15,24.975000381469727
2017-11-16,24.96500015258789
2017-11-17,24.940000534057617
2017-11-20,25.13500022888184
2017-11-21,25.2549991607666
2017-11-22,25.18000030517578
2017-11-24,25.02499961853028
2017-11-27,25.14999961853028
2017-11-28,25.38999938964844
2017-11-29,25.44499969482422
2017-11-30,25.625
2017-12-01,25.875
2017-12-04,25.76499938964844
2017-12-05,25.475000381469727
2017-12-06,25.834999084472656
2017-12-07,25.81999969482422
2017-12-08,25.96500015258789
2017-12-11,25.799999237060547
2017-12-12,25.82999992370605
2017-12-13,25.625
2017-12-14,25.52499961853028
2017-12-15,25.59000015258789
2017-12-18,25.73500061035156
2017-12-19,25.75
2017-12-20,25.69499969482422
2017-12-21,25.674999237060547
2017-12-22,25.55500030517578
2017-12-26,25.71999931335449
2017-12-27,25.780000686645508
2017-12-28,25.88999938964844
2017-12-29,25.729999542236328
2018-01-02,25.540000915527344
2018-01-03,25.82999992370605
2018-01-04,25.89999961853028
2018-01-05,26.145000457763672
2018-01-08,26.065000534057617
2018-01-09,26.27499961853028
2018-01-10,26.11000061035156
2018-01-11,26.100000381469727
2018-01-12,26.209999084472656
2018-01-16,26.184999465942383
2018-01-17,26.290000915527344
2018-01-18,26.18000030517578
2018-01-19,26.25
2018-01-22,26.125
2018-01-23,26.02499961853028
2018-01-24,26.44499969482422
2018-01-25,26.48500061035156
2018-01-26,26.88500022888184
2018-01-29,26.575000762939453
2018-01-30,26.434999465942383
2018-01-31,26.239999771118164
2018-02-01,26.59499931335449
2018-02-02,26.489999771118164
2018-02-05,25.739999771118164
2018-02-06,25.82999992370605
2018-02-07,25.88500022888184
2018-02-08,25.05500030517578
2018-02-09,25.2450008392334
2018-02-12,25.559999465942383
2018-02-13,25.780000686645508
2018-02-14,26.21999931335449
2018-02-15,26.31999969482422
2018-02-16,26.350000381469727
2018-02-20,26.30500030517578
2018-02-21,26.25
2018-02-22,26.125
2018-02-23,26.440000534057617
2018-02-26,26.690000534057617
2018-02-27,26.614999771118164
2018-02-28,26.31999969482422
2018-03-01,25.96999931335449
2018-03-02,26.13500022888184
2018-03-05,26.420000076293945
2018-03-06,26.5049991607666
2018-03-07,26.27499961853028
2018-03-08,26.28499984741211
2018-03-09,26.815000534057617
2018-03-12,26.665000915527344
2018-03-13,26.39999961853028
2018-03-14,26.270000457763672
2018-03-15,26.270000457763672
2018-03-16,26.375
2018-03-19,26.309999465942383
2018-03-20,26.43000030517578
2018-03-21,26.28499984741211
2018-03-22,25.46500015258789
2018-03-23,24.96999931335449
2018-03-26,25.520000457763672
2018-03-27,25.280000686645508
2018-03-28,25.51000022888184
2018-03-29,25.440000534057617
2018-04-02,24.84000015258789
2018-04-03,25.13999938964844
2018-04-04,25.309999465942383
2018-04-05,25.459999084472656
2018-04-06,25.09000015258789
2018-04-09,25.26000022888184
2018-04-10,25.489999771118164
2018-04-11,25.5
2018-04-12,25.75
2018-04-13,25.71999931335449
2018-04-16,26.059999465942383
2018-04-17,26.309999465942383
2018-04-18,26.25
2018-04-19,26.14999961853028
2018-04-20,25.950000762939453
2018-04-23,26.559999465942383
2018-04-24,26.38999938964844
2018-04-25,26.82999992370605
2018-04-26,27.420000076293945
2018-04-27,27.729999542236328
2018-04-30,27.229999542236328
2018-05-01,27.21999931335449
2018-05-02,26.90999984741211
2018-05-03,27.07999992370605
2018-05-04,27.51000022888184
2018-05-07,27.530000686645508
2018-05-08,27.39999961853028
2018-05-09,27.420000076293945
2018-05-10,27.489999771118164
2018-05-11,27.450000762939453
2018-05-14,27.239999771118164
2018-05-15,27.229999542236328
2018-05-16,27.299999237060547
2018-05-17,27.520000457763672
2018-05-18,27.61000061035156
2018-05-21,27.86000061035156
2018-05-22,27.780000686645508
2018-05-23,27.88999938964844
2018-05-24,27.96999931335449
2018-05-25,27.809999465942383
2018-05-29,27.32999992370605
2018-05-30,27.82999992370605
2018-05-31,27.780000686645508
2018-06-01,28.040000915527344
2018-06-04,28.100000381469727
2018-06-05,28.14999961853028
2018-06-06,28.100000381469727
2018-06-07,28.1200008392334
2018-06-08,28.479999542236328
2018-06-11,28.59000015258789
2018-06-12,28.440000534057617
2018-06-13,28.290000915527344
2018-06-14,28.32999992370605
2018-06-15,28.26000022888184
2018-06-18,28.420000076293945
2018-06-19,28.51000022888184
2018-06-20,28.15999984741211
2018-06-21,28.06999969482422
2018-06-22,28.21999931335449
2018-06-25,28.01000022888184
2018-06-26,27.89999961853028
2018-06-27,27.489999771118164
2018-06-28,27.56999969482422
2018-06-29,27.729999542236328
2018-07-02,27.709999084472656
2018-07-03,27.89999961853028
2018-07-05,28.1200008392334
2018-07-06,28.299999237060547
2018-07-09,28.770000457763672
2018-07-10,28.65999984741211
2018-07-11,28.559999465942383
2018-07-12,28.729999542236328
2018-07-13,28.75
2018-07-16,29.01000022888184
2018-07-17,29.14999961853028
2018-07-18,29.59000015258789
2018-07-19,29.459999084472656
2018-07-20,29.670000076293945
2018-07-23,29.600000381469727
2018-07-24,28.959999084472656
2018-07-25,29.1299991607666
2018-07-26,29.43000030517578
2018-07-27,29.280000686645508
2018-07-30,29.40999984741211
2018-07-31,29.26000022888184
2018-08-01,28.979999542236328
2018-08-02,29.190000534057617
2018-08-03,29.290000915527344
2018-08-06,29.440000534057617
2018-08-07,29.56999969482422
2018-08-08,29.780000686645508
2018-08-09,29.71999931335449
2018-08-10,29.64999961853028
2018-08-13,29.59000015258789
2018-08-14,29.739999771118164
2018-08-15,29.729999542236328
2018-08-16,29.82999992370605
2018-08-17,29.81999969482422
2018-08-20,29.88999938964844
2018-08-21,30.299999237060547
2018-08-22,30.21999931335449
2018-08-23,30.280000686645508
2018-08-24,30.3799991607666
2018-08-27,30.280000686645508
2018-08-28,30.1200008392334
2018-08-29,30.21999931335449
2018-08-30,30.13999938964844
2018-08-31,30.479999542236328
2018-09-04,30.459999084472656
2018-09-05,30.670000076293945
2018-09-06,30.770000457763672
2018-09-07,30.81999969482422
2018-09-10,31.0
2018-09-11,31.170000076293945
2018-09-12,31.190000534057617
2018-09-13,31.34000015258789
2018-09-14,31.06999969482422
2018-09-17,30.6299991607666
2018-09-18,30.07999992370605
2018-09-19,30.39999961853028
2018-09-20,30.39999961853028
2018-09-21,30.270000457763672
2018-09-24,30.01000022888184
2018-09-25,29.690000534057617
2018-09-26,29.530000686645508
2018-09-27,29.57999992370605
2018-09-28,29.56999969482422
2018-10-01,29.5
2018-10-02,29.420000076293945
2018-10-03,29.479999542236328
2018-10-04,29.6299991607666
2018-10-05,29.31999969482422
2018-10-08,29.489999771118164
2018-10-09,29.309999465942383
2018-10-10,28.64999961853028
2018-10-11,28.11000061035156
2018-10-12,27.90999984741211
2018-10-15,27.81999969482422
2018-10-16,28.38999938964844
2018-10-17,28.479999542236328
2018-10-18,28.200000762939453
2018-10-19,28.850000381469727
2018-10-22,29.1299991607666
2018-10-23,28.0
2018-10-24,27.61000061035156
2018-10-25,28.07999992370605
2018-10-26,27.940000534057617
2018-10-29,27.920000076293945
2018-10-30,28.059999465942383
2018-10-31,28.18000030517578
2018-11-01,28.229999542236328
2018-11-02,28.18000030517578
2018-11-05,28.420000076293945
2018-11-06,28.82999992370605
2018-11-07,29.030000686645508
2018-11-08,29.239999771118164
2018-11-09,29.290000915527344
2018-11-12,28.790000915527344
2018-11-13,28.88999938964844
2018-11-14,28.540000915527344
2018-11-15,28.81999969482422
2018-11-16,28.8700008392334
2018-11-19,28.920000076293945
2018-11-20,28.43000030517578
2018-11-21,28.280000686645508
2018-11-23,28.459999084472656
2018-11-26,28.59000015258789
2018-11-27,28.280000686645508
2018-11-28,28.850000381469727
2018-11-29,29.040000915527344
2018-11-30,29.020000457763672
2018-12-03,29.07999992370605
2018-12-04,28.59000015258789
2018-12-06,27.920000076293945
2018-12-07,27.59000015258789
2018-12-10,27.530000686645508
2018-12-11,27.350000381469727
2018-12-12,27.489999771118164
2018-12-13,27.700000762939453
2018-12-14,27.6200008392334
2018-12-17,27.200000762939453
2018-12-18,27.31999969482422
2018-12-19,27.059999465942383
2018-12-20,27.020000457763672
2018-12-21,26.530000686645508
2018-12-24,26.06999969482422
2018-12-26,26.86000061035156
2018-12-27,26.979999542236328
2018-12-28,27.18000030517578
2018-12-31,27.559999465942383
2019-01-02,27.06999969482422
2019-01-03,26.729999542236328
2019-01-04,27.38999938964844
2019-01-07,27.3700008392334
2019-01-08,27.729999542236328
2019-01-09,27.790000915527344
2019-01-10,27.989999771118164
2019-01-11,27.780000686645508
2019-01-14,27.86000061035156
2019-01-15,27.920000076293945
2019-01-16,28.31999969482422
2019-01-17,28.18000030517578
2019-01-18,28.63999938964844
2019-01-22,28.31999969482422
2019-01-23,28.43000030517578
2019-01-24,28.309999465942383
2019-01-25,28.200000762939453
2019-01-28,27.959999084472656
2019-01-29,26.75
2019-01-30,26.76000022888184
2019-01-31,27.15999984741211
2019-02-01,27.8700008392334
2019-02-04,27.8799991607666
2019-02-05,28.049999237060547
2019-02-06,27.940000534057617
2019-02-07,27.809999465942383
2019-02-08,27.82999992370605
2019-02-11,28.1299991607666
2019-02-12,28.46999931335449
2019-02-13,28.450000762939453
2019-02-14,28.479999542236328
2019-02-15,29.059999465942383
2019-02-19,29.1200008392334
2019-02-20,29.440000534057617
2019-02-21,29.440000534057617
2019-02-22,29.51000022888184
2019-02-25,29.51000022888184
2019-02-26,29.200000762939453
2019-02-27,29.34000015258789
2019-02-28,29.6200008392334
2019-03-01,29.8700008392334
2019-03-04,29.8700008392334
2019-03-05,29.440000534057617
2019-03-06,29.290000915527344
2019-03-07,29.06999969482422
2019-03-08,28.8700008392334
2019-03-11,29.170000076293945
2019-03-12,29.1299991607666
2019-03-13,29.170000076293945
2019-03-14,29.15999984741211
2019-03-15,29.459999084472656
2019-03-18,29.46999931335449
2019-03-19,29.07999992370605
2019-03-20,28.709999084472656
2019-03-21,29.11000061035156
2019-03-22,28.8799991607666
2019-03-25,29.01000022888184
2019-03-26,29.209999084472656
2019-03-27,29.290000915527344
2019-03-28,29.40999984741211
2019-03-29,29.51000022888184
2019-04-01,29.799999237060547
2019-04-02,29.65999984741211
2019-04-03,29.75
2019-04-04,29.940000534057617
2019-04-05,29.93000030517578
2019-04-08,29.89999961853028
2019-04-09,29.700000762939453
2019-04-10,29.96999931335449
2019-04-11,30.270000457763672
2019-04-12,30.51000022888184
2019-04-15,30.68000030517578
2019-04-16,30.729999542236328
2019-04-17,30.40999984741211
2019-04-18,30.56999969482422
2019-04-22,30.51000022888184
2019-04-23,31.56999969482422
2019-04-24,31.459999084472656
2019-04-25,31.5
2019-04-26,31.68000030517578
2019-04-29,31.549999237060547
2019-04-30,31.75
2019-05-01,31.32999992370605
2019-05-02,31.809999465942383
2019-05-03,32.34000015258789
2019-05-06,32.459999084472656
2019-05-07,32.040000915527344
2019-05-08,31.950000762939453
2019-05-09,31.670000076293945
2019-05-10,32.189998626708984
2019-05-13,31.39999961853028
2019-05-14,31.36000061035156
2019-05-15,31.71999931335449
2019-05-16,32.0
2019-05-17,31.690000534057617
2019-05-20,31.489999771118164
2019-05-21,31.90999984741211
2019-05-22,32.029998779296875
2019-05-23,31.809999465942383
2019-05-24,31.850000381469727
2019-05-28,31.59000015258789
2019-05-29,31.64999961853028
2019-05-30,31.65999984741211
2019-05-31,31.56999969482422
2019-06-03,31.940000534057617
2019-06-04,32.060001373291016
2019-06-05,32.58000183105469
2019-06-06,32.52000045776367
2019-06-07,32.869998931884766
2019-06-10,32.689998626708984
2019-06-11,32.59000015258789
2019-06-12,32.849998474121094
2019-06-13,32.689998626708984
2019-06-14,32.81999969482422
2019-06-17,32.68000030517578
2019-06-18,32.7400016784668
2019-06-19,33.15999984741211
2019-06-20,33.400001525878906
2019-06-21,32.900001525878906
2019-06-24,33.220001220703125
2019-06-25,33.16999816894531
2019-06-26,32.540000915527344
2019-06-27,33.150001525878906
2019-06-28,33.5
2019-07-01,34.02000045776367
2019-07-02,34.33000183105469
2019-07-03,34.72999954223633
2019-07-05,34.7599983215332
2019-07-08,34.529998779296875
2019-07-09,34.7599983215332
2019-07-10,34.779998779296875
2019-07-11,34.86000061035156
2019-07-12,34.9900016784668
2019-07-15,34.91999816894531
2019-07-16,35.02000045776367
2019-07-17,34.91999816894531
2019-07-18,35.130001068115234
2019-07-19,34.70000076293945
2019-07-22,34.650001525878906
2019-07-23,35.56999969482422
2019-07-24,36.150001525878906
2019-07-25,36.0
2019-07-26,36.38999938964844
2019-07-29,36.31999969482422
2019-07-30,36.40999984741211
2019-07-31,35.93000030517578
2019-08-01,35.88999938964844
2019-08-02,35.849998474121094
2019-08-05,35.279998779296875
2019-08-06,35.9900016784668
2019-08-07,36.13999938964844
2019-08-08,36.810001373291016
2019-08-09,36.7400016784668
2019-08-12,36.20000076293945
2019-08-13,36.5
2019-08-14,35.41999816894531
2019-08-15,35.65999984741211
2019-08-16,36.08000183105469
2019-08-19,36.38999938964844
2019-08-20,35.83000183105469
2019-08-21,36.040000915527344
2019-08-22,36.220001220703125
2019-08-23,35.41999816894531
2019-08-26,35.70000076293945
2019-08-27,35.459999084472656
2019-08-28,35.63999938964844
2019-08-29,36.220001220703125
2019-08-30,36.88999938964844
2019-09-03,36.52999877929688
2019-09-04,36.70000076293945
2019-09-05,36.84000015258789
2019-09-06,36.810001373291016
2019-09-09,36.5
2019-09-10,34.869998931884766
2019-09-11,35.58000183105469
2019-09-12,35.959999084472656
2019-09-13,35.97999954223633
2019-09-16,35.83000183105469
2019-09-17,36.400001525878906
2019-09-18,36.36000061035156
2019-09-19,36.5099983215332
2019-09-20,36.22999954223633
2019-09-23,36.27999877929688
2019-09-24,35.959999084472656
2019-09-25,36.130001068115234
2019-09-26,36.09000015258789
2019-09-27,35.790000915527344
2019-09-30,36.060001373291016
2019-10-01,35.41999816894531
2019-10-02,35.119998931884766
2019-10-03,35.619998931884766
2019-10-04,36.40999984741211
2019-10-07,36.18000030517578
2019-10-08,35.310001373291016
2019-10-09,35.59000015258789
2019-10-10,35.939998626708984
2019-10-11,36.040000915527344
2019-10-14,36.09999847412109
2019-10-15,36.02999877929688
2019-10-16,36.08000183105469
2019-10-17,36.29999923706055
2019-10-18,36.31999969482422
2019-10-21,36.619998931884766
2019-10-22,36.380001068115234
2019-10-23,36.31999969482422
2019-10-24,36.84000015258789
2019-10-25,35.959999084472656
2019-10-28,35.86000061035156
2019-10-29,37.310001373291016
2019-10-30,37.68999862670898
2019-10-31,37.68000030517578
2019-11-01,37.630001068115234
2019-11-04,37.16999816894531
2019-11-05,37.09000015258789
2019-11-06,37.75
2019-11-07,37.63999938964844
2019-11-08,37.75
2019-11-11,37.880001068115234
2019-11-12,37.84000015258789
2019-11-13,38.060001373291016
2019-11-14,37.88999938964844
2019-11-15,37.869998931884766
2019-11-18,37.810001373291016
2019-11-19,37.970001220703125
2019-11-20,38.09000015258789
2019-11-21,37.72999954223633
2019-11-22,37.84999847412109
2019-11-25,37.959999084472656
2019-11-26,37.88999938964844
2019-11-27,37.959999084472656
2019-11-29,37.7400016784668
2019-12-02,37.630001068115234
2019-12-03,37.59999847412109
2019-12-04,37.63999938964844
2019-12-05,38.13999938964844
2019-12-06,38.369998931884766
2019-12-09,38.220001220703125
2019-12-10,37.959999084472656
2019-12-11,38.25
2019-12-12,38.630001068115234
2019-12-13,38.86000061035156
2019-12-16,38.97999954223633
2019-12-17,39.540000915527344
2019-12-18,39.380001068115234
2019-12-19,39.52000045776367
2019-12-20,40.25
2019-12-23,39.33000183105469
2019-12-24,39.16999816894531
2019-12-26,39.369998931884766
2019-12-27,39.29999923706055
2019-12-30,39.36000061035156
2019-12-31,39.47999954223633
2020-01-02,39.61000061035156
2020-01-03,39.650001525878906
2020-01-06,39.619998931884766
2020-01-07,39.5
2020-01-08,39.790000915527344
2020-01-09,40.33000183105469
2020-01-10,40.400001525878906
2020-01-13,40.380001068115234
2020-01-14,40.209999084472656
2020-01-15,40.59000015258789
2020-01-16,41.119998931884766
2020-01-17,41.40999984741211
2020-01-21,41.20000076293945
2020-01-22,41.5
2020-01-23,41.790000915527344
2020-01-24,41.83000183105469
2020-01-27,41.65999984741211
2020-01-28,44.650001525878906
2020-01-29,45.0099983215332
2020-01-30,45.36000061035156
2020-01-31,44.900001525878906
2020-02-03,45.61000061035156
2020-02-04,46.16999816894531
2020-02-05,46.45000076293945
2020-02-06,46.7400016784668
2020-02-07,46.75
2020-02-10,47.380001068115234
2020-02-11,47.29999923706055
2020-02-12,46.81999969482422
2020-02-13,47.4900016784668
2020-02-14,47.84999847412109
2020-02-18,48.11000061035156
2020-02-19,48.459999084472656
2020-02-20,48.5099983215332
2020-02-21,48.36000061035156
2020-02-24,47.310001373291016
2020-02-25,46.15999984741211
2020-02-26,46.22999954223633
2020-02-27,44.0099983215332
2020-02-28,43.0099983215332
2020-03-02,45.43999862670898
2020-03-03,44.52000045776367
2020-03-04,47.04999923706055
2020-03-05,45.90999984741211
2020-03-06,45.15999984741211
2020-03-09,42.18999862670898
2020-03-10,43.650001525878906
2020-03-11,41.59999847412109
2020-03-12,37.59000015258789
2020-03-13,39.84000015258789
2020-03-16,37.0099983215332
2020-03-17,39.91999816894531
2020-03-18,36.790000915527344
2020-03-19,34.720001220703125
2020-03-20,33.619998931884766
2020-03-23,31.65999984741211
2020-03-24,35.540000915527344
2020-03-25,34.130001068115234
2020-03-26,35.900001525878906
2020-03-27,35.93000030517578
2020-03-30,37.29999923706055
2020-03-31,36.220001220703125
2020-04-01,34.439998626708984
2020-04-02,34.86000061035156
2020-04-03,33.40999984741211
2020-04-06,35.970001220703125
2020-04-07,35.959999084472656
2020-04-08,37.20000076293945
2020-04-09,39.02999877929688
2020-04-13,38.16999816894531
2020-04-14,39.630001068115234
2020-04-15,37.91999816894531
2020-04-16,37.45000076293945
2020-04-17,38.09999847412109
2020-04-20,37.31999969482422
2020-04-21,35.5
2020-04-22,35.70000076293945
2020-04-23,34.59000015258789
2020-04-24,34.7599983215332
2020-04-27,35.7400016784668
2020-04-28,35.599998474121094
2020-04-29,36.63999938964844
2020-04-30,35.90999984741211
2020-05-01,35.060001373291016
2020-05-04,35.56999969482422
2020-05-05,36.560001373291016
2020-05-06,35.63999938964844
2020-05-07,37.130001068115234
2020-05-08,37.59999847412109
2020-05-11,37.95000076293945
2020-05-12,37.5099983215332
2020-05-13,36.72999954223633
2020-05-14,36.90999984741211
2020-05-15,37.0
2020-05-18,38.560001373291016
2020-05-19,38.38999938964844
2020-05-20,38.34999847412109
2020-05-21,38.72999954223633
2020-05-22,38.41999816894531
2020-05-26,39.040000915527344
2020-05-27,39.959999084472656
2020-05-28,40.25
2020-05-29,40.20000076293945
2020-06-01,40.2400016784668
2020-06-02,40.900001525878906
2020-06-03,42.29999923706055
2020-06-04,42.040000915527344
2020-06-05,42.72999954223633
2020-06-08,43.040000915527344
2020-06-09,43.04999923706055
2020-06-10,42.84999847412109
2020-06-11,40.63999938964844
2020-06-12,40.66999816894531
2020-06-15,41.34000015258789
2020-06-16,41.54999923706055
2020-06-17,41.97999954223633
2020-06-18,41.86000061035156
2020-06-19,41.130001068115234
2020-06-22,41.43000030517578
2020-06-23,41.220001220703125
2020-06-24,40.04999923706055
2020-06-25,41.0
2020-06-26,40.08000183105469
2020-06-29,39.970001220703125
2020-06-30,40.7599983215332
2020-07-01,41.09000015258789
2020-07-02,40.84999847412109
2020-07-06,40.63999938964844
2020-07-07,40.75
2020-07-08,41.06999969482422
2020-07-09,40.900001525878906
2020-07-10,41.41999816894531
2020-07-13,40.95000076293945
2020-07-14,41.95000076293945
2020-07-15,42.310001373291016
2020-07-16,43.43000030517578
2020-07-17,43.70000076293945
2020-07-20,43.7599983215332
2020-07-21,44.290000915527344
2020-07-22,44.959999084472656
2020-07-23,45.11000061035156
2020-07-24,45.400001525878906
2020-07-27,45.4900016784668
2020-07-28,44.47999954223633
2020-07-29,44.959999084472656
2020-07-30,44.7599983215332
2020-07-31,45.470001220703125
2020-08-03,45.52999877929688
2020-08-04,45.459999084472656
2020-08-05,45.630001068115234
2020-08-06,45.619998931884766
2020-08-07,46.060001373291016
2020-08-10,45.93000030517578
2020-08-11,45.65999984741211
2020-08-12,45.79999923706055
2020-08-13,45.81999969482422
2020-08-14,45.81999969482422
2020-08-17,46.0
2020-08-18,46.09000015258789
2020-08-19,45.959999084472656
2020-08-20,45.790000915527344
2020-08-21,45.52000045776367
2020-08-24,45.720001220703125
2020-08-25,46.0099983215332
2020-08-26,45.65999984741211
2020-08-27,46.060001373291016
2020-08-28,46.209999084472656
2020-08-31,46.400001525878906
2020-09-01,46.68999862670898
2020-09-02,47.18000030517578
2020-09-03,45.880001068115234
2020-09-04,45.25
2020-09-08,44.18999862670898
2020-09-09,45.400001525878906
2020-09-10,44.86000061035156
2020-09-11,44.63999938964844
2020-09-14,45.16999816894531
2020-09-15,45.15999984741211
2020-09-16,45.18000030517578
2020-09-17,44.7599983215332
2020-09-18,44.79999923706055
2020-09-21,44.02000045776367
2020-09-22,44.5099983215332
2020-09-23,43.34000015258789
2020-09-24,43.560001373291016
2020-09-25,43.93999862670898
2020-09-28,44.869998931884766
2020-09-29,45.16999816894531
2020-09-30,45.27000045776367
2020-10-01,44.93999862670898
2020-10-02,45.36000061035156
2020-10-05,45.72999954223633
2020-10-06,45.72999954223633
2020-10-07,46.27000045776367
2020-10-08,46.709999084472656
2020-10-09,47.220001220703125
2020-10-12,48.310001373291016
2020-10-13,47.369998931884766
2020-10-14,46.97999954223633
2020-10-15,47.31999969482422
2020-10-16,47.45000076293945
2020-10-19,46.459999084472656
2020-10-20,46.40999984741211
2020-10-21,46.54999923706055
2020-10-22,46.63999938964844
2020-10-23,46.720001220703125
2020-10-26,46.59000015258789
2020-10-27,45.220001220703125
2020-10-28,44.16999816894531
2020-10-29,43.459999084472656
2020-10-30,43.5099983215332
2020-11-02,44.5
2020-11-03,44.31999969482422
2020-11-04,45.88999938964844
2020-11-05,45.5
2020-11-06,45.72999954223633
2020-11-09,45.91999816894531
2020-11-10,47.18999862670898
2020-11-11,46.970001220703125
2020-11-12,46.34999847412109
2020-11-13,47.15999984741211
2020-11-16,47.65999984741211
2020-11-17,47.38999938964844
2020-11-18,46.9900016784668
2020-11-19,47.43999862670898
2020-11-20,47.18000030517578
2020-11-23,46.5099983215332
2020-11-24,46.45000076293945
2020-11-25,45.86000061035156
2020-11-27,45.619998931884766
2020-11-30,45.02999877929688
2020-12-01,45.61000061035156
2020-12-02,45.06999969482422
2020-12-03,44.61000061035156
2020-12-04,44.810001373291016
2020-12-07,44.61000061035156
2020-12-08,45.33000183105469
2020-12-09,45.22999954223633
2020-12-10,44.880001068115234
2020-12-11,45.0099983215332
2020-12-14,45.45000076293945
2020-12-15,46.630001068115234
2020-12-16,45.970001220703125
2020-12-17,46.68999862670898
2020-12-18,45.970001220703125
2020-12-21,46.0
2020-12-22,45.68999862670898
2020-12-23,45.68999862670898
2020-12-24,46.310001373291016
2020-12-28,45.880001068115234
2020-12-29,46.02999877929688
2020-12-30,46.25
2020-12-31,47.40999984741211
2021-01-04,46.34999847412109
2021-01-05,46.31999969482422
2021-01-06,47.22999954223633
2021-01-07,47.880001068115234
2021-01-08,48.02000045776367
2021-01-11,46.97999954223633
2021-01-12,46.84999847412109
2021-01-13,46.27999877929688
2021-01-14,45.75
2021-01-15,46.29999923706055
2021-01-19,46.72999954223633
2021-01-20,47.61000061035156
2021-01-21,47.459999084472656
2021-01-22,47.4900016784668
2021-01-25,47.72999954223633
2021-01-26,45.66999816894531
2021-01-27,44.08000183105469
2021-01-28,43.900001525878906
2021-01-29,43.09000015258789
2021-02-01,42.959999084472656
2021-02-02,44.68999862670898
2021-02-03,43.72999954223633
2021-02-04,43.90999984741211
2021-02-05,44.77000045776367
2021-02-08,45.5
2021-02-09,45.33000183105469
2021-02-10,45.08000183105469
2021-02-11,45.29999923706055
2021-02-12,44.79999923706055
2021-02-16,44.470001220703125
2021-02-17,44.25
2021-02-18,44.31999969482422
2021-02-19,45.59000015258789
2021-02-22,46.18000030517578
2021-02-23,46.93000030517578
2021-02-24,47.790000915527344
2021-02-25,46.7400016784668
2021-02-26,45.900001525878906
2021-03-01,46.84000015258789
2021-03-02,46.380001068115234
2021-03-03,45.54999923706055
2021-03-04,44.93000030517578
2021-03-05,46.040000915527344
2021-03-08,46.34999847412109
2021-03-09,46.06999969482422
2021-03-10,46.5099983215332
2021-03-11,46.40999984741211
2021-03-12,46.81999969482422
2021-03-15,47.150001525878906
2021-03-16,46.95000076293945
2021-03-17,46.369998931884766
2021-03-18,45.709999084472656
2021-03-19,44.7599983215332
2021-03-22,45.34000015258789
2021-03-23,45.619998931884766
2021-03-24,45.880001068115234
2021-03-25,45.900001525878906
2021-03-26,46.18999862670898
2021-03-29,46.25
2021-03-30,46.0099983215332
2021-03-31,45.709999084472656
2021-04-01,46.52000045776367
2021-04-05,46.68000030517578
2021-04-06,46.95000076293945
2021-04-07,47.119998931884766
2021-04-08,47.34000015258789
2021-04-09,47.83000183105469
2021-04-12,47.86000061035156
2021-04-13,48.470001220703125
2021-04-14,48.22999954223633
2021-04-15,48.970001220703125
2021-04-16,49.54999923706055
2021-04-19,49.47999954223633
2021-04-20,49.369998931884766
2021-04-21,49.79999923706055
2021-04-22,49.970001220703125
2021-04-23,50.47999954223633
2021-04-26,49.79999923706055
2021-04-27,51.869998931884766
2021-04-28,52.43000030517578
2021-04-29,52.810001373291016
2021-04-30,53.18000030517578
2021-05-03,53.09999847412109
2021-05-04,53.380001068115234
2021-05-05,53.15999984741211
2021-05-06,53.54999923706055
2021-05-07,53.68999862670898
2021-05-10,53.369998931884766
2021-05-11,51.97999954223633
2021-05-12,50.900001525878906
2021-05-13,52.150001525878906
2021-05-14,52.5099983215332
2021-05-17,52.22999954223633
2021-05-18,52.060001373291016
2021-05-19,52.02000045776367
2021-05-20,52.2599983215332
2021-05-21,52.09000015258789
2021-05-24,52.15999984741211
2021-05-25,51.81999969482422
2021-05-26,51.65999984741211
2021-05-27,52.40999984741211
2021-05-28,52.52000045776367
2021-06-01,52.54999923706055
2021-06-02,52.369998931884766
2021-06-03,52.27000045776367
2021-06-04,52.369998931884766
2021-06-07,51.709999084472656
2021-06-08,52.060001373291016
2021-06-09,51.720001220703125
2021-06-10,51.810001373291016
2021-06-11,52.16999816894531
2021-06-14,52.119998931884766
2021-06-15,52.93999862670898
2021-06-16,52.709999084472656
2021-06-17,52.630001068115234
2021-06-18,51.810001373291016
2021-06-21,52.459999084472656
2021-06-22,52.84999847412109
2021-06-23,52.91999816894531
2021-06-24,53.220001220703125
2021-06-25,53.4900016784668
2021-06-28,52.970001220703125
2021-06-29,53.52000045776367
2021-06-30,53.13999938964844
2021-07-01,53.52000045776367
2021-07-02,53.66999816894531
2021-07-06,53.560001373291016
2021-07-07,53.59999847412109
2021-07-08,52.310001373291016
2021-07-09,52.95000076293945
2021-07-12,53.27999877929688
2021-07-13,52.61000061035156
2021-07-14,52.77999877929688
2021-07-15,53.52999877929688
2021-07-16,53.7400016784668
2021-07-19,52.66999816894531
2021-07-20,53.38999938964844
2021-07-21,53.27000045776367
2021-07-22,53.56999969482422
2021-07-23,54.34999847412109
2021-07-26,54.400001525878906
2021-07-27,54.77999877929688
2021-07-28,54.09999847412109
2021-07-29,54.84000015258789
2021-07-30,54.400001525878906
2021-08-02,54.2400016784668
2021-08-03,54.119998931884766
2021-08-04,53.70000076293945
2021-08-05,54.20000076293945
2021-08-06,54.47999954223633
2021-08-09,54.790000915527344
2021-08-10,54.869998931884766
2021-08-11,55.380001068115234
2021-08-12,55.380001068115234
2021-08-13,55.75
2021-08-16,56.380001068115234
2021-08-17,56.56999969482422
2021-08-18,56.720001220703125
2021-08-19,56.86000061035156
2021-08-20,57.7599983215332
2021-08-23,57.720001220703125
2021-08-24,57.68000030517578
2021-08-25,57.86000061035156
2021-08-26,57.61000061035156
2021-08-27,58.150001525878906
2021-08-30,58.02999877929688
2021-08-31,58.04999923706055
2021-09-01,58.459999084472656
2021-09-02,58.72999954223633
2021-09-03,58.93999862670898
2021-09-07,58.130001068115234
2021-09-08,58.56999969482422
2021-09-09,58.43000030517578
2021-09-10,57.77000045776367
2021-09-13,57.45000076293945
2021-09-14,56.09999847412109
2021-09-15,57.47999954223633
2021-09-16,57.459999084472656
2021-09-17,57.0099983215332
2021-09-20,56.34000015258789
2021-09-21,56.630001068115234
2021-09-22,57.400001525878906
2021-09-23,57.47999954223633
2021-09-24,58.09999847412109
2021-09-27,57.31999969482422
2021-09-28,55.790000915527344
2021-09-29,56.22999954223633
2021-09-30,55.45000076293945
2021-10-01,57.59999847412109
2021-10-04,57.18000030517578
2021-10-05,58.130001068115234
2021-10-06,58.79999923706055
2021-10-07,59.45000076293945
2021-10-08,59.9900016784668
2021-10-11,60.25
2021-10-12,60.75
2021-10-13,61.630001068115234
2021-10-14,63.130001068115234
2021-10-15,64.31999969482422
2021-10-18,64.01000213623047
2021-10-19,64.08999633789062
2021-10-20,64.56999969482422
2021-10-21,65.62999725341797
2021-10-22,66.48999786376953
2021-10-25,66.45999908447266
2021-10-26,63.900001525878906
2021-10-27,62.650001525878906
2021-10-28,62.95000076293945
2021-10-29,63.11000061035156
2021-11-01,61.869998931884766
2021-11-02,62.72999954223633
2021-11-03,61.81999969482422
2021-11-04,61.52999877929688
2021-11-05,61.970001220703125
2021-11-08,62.709999084472656
2021-11-09,63.0099983215332
2021-11-10,63.18999862670898
2021-11-11,63.68999862670898
2021-11-12,64.5199966430664
2021-11-15,64.30000305175781
2021-11-16,64.93000030517578
2021-11-17,64.72000122070312
2021-11-18,64.13999938964844
2021-11-19,64.54000091552734
2021-11-22,65.27999877929688
2021-11-23,65.80999755859375
2021-11-24,66.33999633789062
2021-11-26,64.76000213623047
2021-11-29,65.41000366210938
2021-11-30,64.41000366210938
2021-12-01,63.68999862670898
2021-12-02,65.87000274658203
2021-12-03,65.20999908447266
2021-12-06,65.88999938964844
2021-12-07,67.05000305175781
2021-12-08,67.68000030517578
2021-12-09,67.05999755859375
2021-12-10,67.20999908447266
2021-12-13,66.94999694824219
2021-12-14,66.95999908447266
2021-12-15,68.05999755859375
2021-12-16,67.23999786376953
2021-12-17,65.87000274658203
2021-12-20,65.94999694824219
2021-12-21,66.48999786376953
2021-12-22,67.56999969482422
2021-12-23,68.02999877929688
2021-12-27,69.45999908447266
2021-12-28,69.33999633789062
2021-12-29,69.83000183105469
2021-12-30,69.80999755859375
2021-12-31,70.27999877929688
2022-01-03,68.79000091552734
2022-01-04,69.12000274658203
2022-01-05,67.44999694824219
2022-01-06,68.54000091552734
2022-01-07,68.5999984741211
2022-01-10,68.08000183105469
2022-01-11,68.3499984741211
2022-01-12,69.43000030517578
2022-01-13,68.58000183105469
2022-01-14,67.05000305175781
2022-01-18,65.95999908447266
2022-01-19,64.62999725341797
2022-01-20,64.23999786376953
2022-01-21,63.130001068115234
2022-01-24,64.61000061035156
2022-01-25,64.41999816894531
2022-01-26,63.25
2022-01-27,61.970001220703125
2022-01-28,64.37999725341797
2022-01-31,66.27999877929688
2022-02-01,66.66999816894531
2022-02-02,68.08000183105469
2022-02-03,66.63999938964844
2022-02-04,67.52999877929688
2022-02-07,67.5999984741211
2022-02-08,68.02999877929688
2022-02-09,70.0199966430664
2022-02-10,69.0999984741211
2022-02-11,66.91000366210938
2022-02-14,65.9800033569336
2022-02-15,66.58000183105469
2022-02-16,66.61000061035156
2022-02-17,65.62999725341797
2022-02-18,66.13999938964844
2022-02-22,65.68000030517578
2022-02-23,64.2300033569336
2022-02-24,66.1500015258789
2022-02-25,67.58999633789062
2022-02-28,67.61000061035156
2022-03-01,66.87000274658203
2022-03-02,67.70999908447266
2022-03-03,68.11000061035156
2022-03-04,68.41000366210938
2022-03-07,66.2300033569336
2022-03-08,61.130001068115234
2022-03-09,63.540000915527344
2022-03-10,63.18000030517578
2022-03-11,62.709999084472656
2022-03-14,63.560001373291016
2022-03-15,65.9800033569336
2022-03-16,66.87999725341797
2022-03-17,68.02999877929688
2022-03-18,69.58999633789062
2022-03-21,69.51000213623047
2022-03-22,69.20999908447266
2022-03-23,68.68000030517578
2022-03-24,68.98999786376953
2022-03-25,70.37000274658203
2022-03-28,72.11000061035156
2022-03-29,72.4800033569336
2022-03-30,72.70999908447266
2022-03-31,72.2699966430664
2022-04-01,72.55999755859375
2022-04-04,72.19999694824219
2022-04-05,72.36000061035156
2022-04-06,72.87999725341797
2022-04-07,73.4000015258789
2022-04-08,72.95999908447266
2022-04-11,72.51000213623047
2022-04-12,71.94000244140625
2022-04-13,71.8499984741211
2022-04-14,71.26000213623047
2022-04-18,69.91999816894531
2022-04-19,70.16000366210938
2022-04-20,71.05999755859375
2022-04-21,70.68000030517578
2022-04-22,67.7300033569336
2022-04-25,68.44999694824219
2022-04-26,65.68000030517578
2022-04-27,64.70999908447266
2022-04-28,65.7699966430664
2022-04-29,61.97999954223633
2022-05-02,60.08000183105469
2022-05-03,59.959999084472656
2022-05-04,61.5099983215332
2022-05-05,58.959999084472656
2022-05-06,58.2400016784668
2022-05-09,56.58000183105469
2022-05-10,57.54999923706055
2022-05-11,56.09000015258789
2022-05-12,56.060001373291016
2022-05-13,57.900001525878906
2022-05-16,57.459999084472656
2022-05-17,58.27999877929688
2022-05-18,55.2599983215332
2022-05-19,54.709999084472656
2022-05-20,55.0
2022-05-23,55.970001220703125
2022-05-24,55.959999084472656
2022-05-25,56.18000030517578
2022-05-26,58.09999847412109
2022-05-27,59.95000076293945
2022-05-31,59.369998931884766
2022-06-01,58.0099983215332
2022-06-02,59.61000061035156
2022-06-03,58.7400016784668
2022-06-06,58.91999816894531
2022-06-07,59.25
2022-06-08,58.43999862670898
2022-06-09,56.84000015258789
2022-06-10,55.75
2022-06-13,54.4900016784668
2022-06-14,54.65999984741211
2022-06-15,54.93999862670898
2022-06-16,53.27999877929688
2022-06-17,53.5
2022-06-21,54.869998931884766
2022-06-22,55.4900016784668
2022-06-23,57.290000915527344
2022-06-24,59.060001373291016
2022-06-27,59.02000045776367
2022-06-28,57.709999084472656
2022-06-29,58.0
2022-06-30,58.34000015258789
2022-07-01,59.33000183105469
2022-07-05,59.900001525878906
2022-07-06,60.41999816894531
2022-07-07,60.45000076293945
2022-07-08,60.08000183105469
2022-07-11,59.650001525878906
2022-07-12,59.040000915527344
2022-07-13,58.88999938964844
2022-07-14,58.29999923706055
2022-07-15,59.310001373291016
2022-07-18,58.7599983215332
2022-07-19,60.84999847412109
2022-07-20,60.68000030517578
2022-07-21,62.36000061035156
2022-07-22,61.970001220703125
2022-07-25,62.38999938964844
2022-07-26,61.68999862670898
2022-07-27,63.08000183105469
2022-07-28,64.37999725341797
2022-07-29,65.0999984741211
2022-08-01,63.18000030517578
2022-08-02,62.880001068115234
2022-08-03,64.29000091552734
2022-08-04,64.30999755859375
2022-08-05,64.9000015258789
2022-08-08,65.27999877929688
2022-08-09,65.5199966430664
2022-08-10,66.37000274658203
2022-08-11,66.54000091552734
2022-08-12,67.55000305175781
2022-08-15,67.98999786376953
2022-08-16,68.13999938964844
2022-08-17,67.94000244140625
2022-08-18,67.80999755859375
2022-08-19,67.2699966430664
2022-08-22,65.93000030517578
2022-08-23,65.05000305175781
2022-08-24,65.3499984741211
2022-08-25,66.56999969482422
2022-08-26,65.08999633789062
2022-08-29,64.37000274658203
2022-08-30,63.79999923706055
2022-08-31,63.040000915527344
2022-09-01,63.65999984741211
2022-09-02,62.88999938964844
2022-09-06,63.36000061035156
2022-09-07,65.26000213623047
2022-09-08,65.55000305175781
2022-09-09,65.41000366210938
2022-09-12,65.30000305175781
2022-09-13,62.7599983215332
2022-09-14,62.52000045776367
2022-09-15,61.4900016784668
2022-09-16,61.540000915527344
2022-09-19,61.75
2022-09-20,61.43999862670898
2022-09-21,60.400001525878906
2022-09-22,59.2400016784668
2022-09-23,58.91999816894531
2022-09-26,58.619998931884766
2022-09-27,59.45000076293945
2022-09-28,60.2400016784668
2022-09-29,60.88999938964844
2022-09-30,60.47999954223633
2022-10-03,62.040000915527344
2022-10-04,63.29999923706055
2022-10-05,63.709999084472656
2022-10-06,62.650001525878906
2022-10-07,61.220001220703125
2022-10-10,62.06999969482422
2022-10-11,61.959999084472656
2022-10-12,60.68000030517578
2022-10-13,62.560001373291016
2022-10-14,59.47999954223633
2022-10-17,61.290000915527344
2022-10-18,62.15999984741211
2022-10-19,62.900001525878906
2022-10-20,60.88999938964844
2022-10-21,61.52999877929688
2022-10-24,63.08000183105469
2022-10-25,55.09999847412109
2022-10-26,55.95000076293945
2022-10-27,56.70000076293945
2022-10-28,58.63999938964844
2022-10-31,58.790000915527344
2022-11-01,58.650001525878906
2022-11-02,57.13999938964844
2022-11-03,56.540000915527344
2022-11-04,55.77000045776367
2022-11-07,56.02000045776367
2022-11-08,56.45000076293945
2022-11-09,55.72999954223633
2022-11-10,58.68999862670898
2022-11-11,56.66999816894531
2022-11-14,55.63999938964844
2022-11-15,55.79999923706055
2022-11-16,56.84999847412109
2022-11-17,56.38999938964844
2022-11-18,56.93999862670898
2022-11-21,58.0
2022-11-22,57.93000030517578
2022-11-23,58.630001068115234
2022-11-25,59.2599983215332
2022-11-28,57.88999938964844
2022-11-29,57.36000061035156
2022-11-30,59.59000015258789
2022-12-01,58.91999816894531
2022-12-02,59.52000045776367
2022-12-05,59.04999923706055
2022-12-06,57.970001220703125
2022-12-07,57.31999969482422
2022-12-08,57.77000045776367
2022-12-09,57.5
2022-12-12,58.0099983215332
2022-12-13,58.90999984741211
2022-12-14,58.16999816894531
2022-12-15,56.58000183105469
2022-12-16,55.5
2022-12-19,55.40999984741211
2022-12-20,55.52999877929688
2022-12-21,56.97999954223633
2022-12-22,56.650001525878906
2022-12-23,56.93999862670898
2022-12-27,57.36000061035156
2022-12-28,56.56999969482422
2022-12-29,57.650001525878906
2022-12-30,56.970001220703125
2023-01-03,56.650001525878906
2023-01-04,57.59999847412109
2023-01-05,57.08000183105469
2023-01-06,58.83000183105469
2023-01-09,58.84000015258789
2023-01-10,59.869998931884766
2023-01-11,61.68999862670898
2023-01-12,61.65999984741211
2023-01-13,61.27000045776367
2023-01-17,61.18000030517578
2023-01-18,60.630001068115234
2023-01-19,60.25
2023-01-20,61.720001220703125
2023-01-23,61.959999084472656
2023-01-24,58.709999084472656
2023-01-25,58.959999084472656
2023-01-26,58.36000061035156
2023-01-27,57.59999847412109
2023-01-30,57.459999084472656
2023-01-31,58.560001373291016
2023-02-01,58.400001525878906
2023-02-02,58.65999984741211
2023-02-03,58.38999938964844
2023-02-06,59.0099983215332
2023-02-07,59.970001220703125
2023-02-08,58.959999084472656
2023-02-09,58.310001373291016
2023-02-10,58.25
2023-02-13,58.470001220703125
2023-02-14,57.2599983215332
2023-02-15,57.91999816894531
2023-02-16,57.369998931884766
2023-02-17,57.66999816894531
2023-02-21,56.25
2023-02-22,56.47999954223633
2023-02-23,56.459999084472656
2023-02-24,56.470001220703125
2023-02-27,55.959999084472656
2023-02-28,56.06999969482422
2023-03-01,56.0099983215332
2023-03-02,56.150001525878906
2023-03-03,56.7599983215332
2023-03-06,57.0
2023-03-07,56.02000045776367
2023-03-08,56.880001068115234
2023-03-09,55.43000030517578
2023-03-10,54.91999816894531
2023-03-13,54.06999969482422
2023-03-14,55.040000915527344
2023-03-15,53.43000030517578
2023-03-16,55.11000061035156
2023-03-17,53.79999923706055
2023-03-20,54.34999847412109
2023-03-21,55.790000915527344
2023-03-22,54.880001068115234
2023-03-23,55.060001373291016
2023-03-24,55.36000061035156
2023-03-27,55.790000915527344
2023-03-28,55.77999877929688
2023-03-29,56.41999816894531
2023-03-30,56.619998931884766
2023-03-31,57.41999816894531
2023-04-03,57.650001525878906
2023-04-04,57.790000915527344
2023-04-05,58.84000015258789
2023-04-06,59.13999938964844
2023-04-10,58.41999816894531
2023-04-11,58.90999984741211
2023-04-12,58.47999954223633
2023-04-13,58.959999084472656
2023-04-14,58.77000045776367
2023-04-17,59.810001373291016
2023-04-18,60.34999847412109
2023-04-19,60.38999938964844
2023-04-20,60.84999847412109
2023-04-21,61.400001525878906
2023-04-24,61.060001373291016
2023-04-25,63.0099983215332
2023-04-26,62.81999969482422
2023-04-27,64.04000091552734
2023-04-28,64.38999938964844
2023-05-01,65.83000183105469
2023-05-02,64.91999816894531
2023-05-03,64.69999694824219
2023-05-04,64.11000061035156
2023-05-05,65.30999755859375
2023-05-08,65.75
2023-05-09,65.56999969482422
2023-05-10,65.58999633789062
2023-05-11,65.66000366210938
2023-05-12,65.68000030517578
2023-05-15,65.87000274658203
2023-05-16,65.70999908447266
2023-05-17,65.36000061035156
2023-05-18,66.2699966430664
2023-05-19,66.36000061035156
2023-05-22,65.70999908447266
2023-05-23,63.20000076293945
2023-05-24,63.09000015258789
2023-05-25,63.09000015258789
2023-05-26,62.869998931884766
2023-05-30,62.97999954223633
2023-05-31,62.33000183105469
2023-06-01,62.75
2023-06-02,63.790000915527344
2023-06-05,63.68000030517578
2023-06-06,63.790000915527344
2023-06-07,63.43999862670898
2023-06-08,63.86000061035156
2023-06-09,64.02999877929688
2023-06-12,64.30999755859375
2023-06-13,64.5
2023-06-14,64.5999984741211
2023-06-15,66.05000305175781
2023-06-16,66.25
2023-06-20,66.05000305175781
2023-06-21,66.4000015258789
2023-06-22,66.01000213623047
2023-06-23,66.43000030517578
2023-06-26,66.41000366210938
2023-06-27,66.81999969482422
2023-06-28,66.80000305175781
2023-06-29,67.69000244140625
2023-06-30,68.83999633789062
2023-07-03,67.41999816894531
2023-07-05,67.41999816894531
2023-07-06,67.3499984741211
2023-07-07,67.80000305175781
2023-07-10,68.66999816894531
2023-07-11,69.44000244140625
2023-07-12,68.66000366210938
2023-07-13,68.52999877929688
2023-07-14,68.72000122070312
2023-07-17,69.88999938964844
2023-07-18,69.7300033569336
2023-07-19,69.62999725341797
2023-07-20,71.02999877929688
2023-07-21,71.19999694824219
2023-07-24,70.62999725341797
2023-07-25,72.47000122070312
2023-07-26,71.6500015258789
2023-07-27,70.55999755859375
2023-07-28,70.58999633789062
2023-07-31,70.44999694824219
2023-08-01,70.0
2023-08-02,70.72000122070312
2023-08-03,70.62000274658203
2023-08-04,70.0
2023-08-07,71.13999938964844
2023-08-08,70.23999786376953
2023-08-09,70.63999938964844
2023-08-10,70.44000244140625
2023-08-11,70.77999877929688
2023-08-14,71.25
2023-08-15,70.58999633789062
2023-08-16,72.33000183105469
2023-08-17,71.26000213623047
2023-08-18,71.38999938964844
2023-08-21,71.63999938964844
2023-08-22,71.70999908447266
2023-08-23,72.91000366210938
2023-08-24,72.30000305175781
2023-08-25,73.06999969482422
2023-08-28,73.2300033569336
2023-08-29,73.72000122070312
2023-08-30,74.12000274658203
2023-08-31,74.0999984741211
2023-09-01,74.19999694824219
2023-09-05,72.5
2023-09-06,72.7300033569336
2023-09-07,73.98999786376953
2023-09-08,73.12000274658203
2023-09-11,73.4000015258789
2023-09-12,73.55000305175781
2023-09-13,73.13999938964844
2023-09-14,73.27999877929688
2023-09-15,72.62999725341797
2023-09-18,73.33000183105469
2023-09-19,73.83000183105469
2023-09-20,73.83999633789062
2023-09-21,72.37000274658203
2023-09-22,72.2699966430664
2023-09-25,72.0999984741211
2023-09-26,71.08000183105469
2023-09-27,70.95999908447266
2023-09-28,70.87000274658203
2023-09-29,69.83999633789062
2023-10-02,69.5199966430664
2023-10-03,69.27999877929688
2023-10-04,70.37999725341797
2023-10-05,70.76000213623047
2023-10-06,71.0199966430664
2023-10-09,71.63999938964844
2023-10-10,70.94000244140625
2023-10-11,71.45999908447266
2023-10-12,70.19999694824219
2023-10-13,69.70999908447266
2023-10-16,69.80999755859375
2023-10-17,69.01000213623047
2023-10-18,68.8499984741211
2023-10-19,68.2699966430664
2023-10-20,67.16999816894531
2023-10-23,66.77999877929688
2023-10-24,69.69999694824219
2023-10-25,69.0199966430664
2023-10-26,68.44999694824219
2023-10-27,67.62999725341797
2023-10-30,68.87000274658203
2023-10-31,69.41999816894531
2023-11-01,69.30000305175781
2023-11-02,70.91000366210938
2023-11-03,70.52999877929688
2023-11-06,70.91000366210938
2023-11-07,71.13999938964844
2023-11-08,71.61000061035156
2023-11-09,71.83000183105469
2023-11-10,72.8499984741211
2023-11-13,73.5199966430664
2023-11-14,73.19999694824219
2023-11-15,72.30999755859375
2023-11-16,73.19999694824219
2023-11-17,73.01000213623047
2023-11-20,73.44000244140625
2023-11-21,74.11000061035156
2023-11-22,74.54000091552734
2023-11-24,74.52999877929688
2023-11-27,74.97000122070312
2023-11-28,73.41999816894531
2023-11-29,72.97000122070312
2023-11-30,74.73999786376953
2023-12-01,74.13999938964844
2023-12-04,74.5
2023-12-05,74.05000305175781
2023-12-06,73.91999816894531
2023-12-07,73.77999877929688
2023-12-08,74.1500015258789
2023-12-11,74.98999786376953
2023-12-12,75.75
2023-12-13,75.7699966430664
2023-12-14,71.95999908447266
2023-12-15,69.47000122070312
2023-12-18,71.02999877929688
2023-12-19,70.93000030517578
2023-12-20,69.66999816894531
2023-12-21,70.41000366210938
2023-12-22,70.4800033569336
2023-12-26,70.36000061035156
2023-12-27,70.5999984741211
2023-12-28,70.91999816894531
2023-12-29,71.11000061035156
2024-01-02,70.75
2024-01-03,69.44999694824219
2024-01-04,70.4800033569336
2024-01-05,69.5999984741211
2024-01-08,72.19000244140625
2024-01-09,71.87000274658203
2024-01-10,72.94000244140625
2024-01-11,72.8499984741211
2024-01-12,74.4800033569336
2024-01-16,74.55000305175781
2024-01-17,74.47000122070312
2024-01-18,74.1500015258789
2024-01-19,74.83000183105469
2024-01-22,75.29000091552734
2024-01-23,78.91000366210938
2024-01-24,77.5999984741211
2024-01-25,77.19000244140625
2024-01-26,76.87999725341797
2024-01-29,77.08000183105469
2024-01-30,78.30000305175781
2024-01-31,77.55999755859375
2024-02-01,77.79000091552734
2024-02-02,77.69000244140625
2024-02-05,77.58999633789062
2024-02-06,78.41000366210938
2024-02-07,78.93000030517578
2024-02-08,79.94999694824219
2024-02-09,81.0
2024-02-12,80.94000244140625
2024-02-13,80.94999694824219
2024-02-14,82.19999694824219
2024-02-15,82.7300033569336
2024-02-16,82.69000244140625
2024-02-20,82.69999694824219
2024-02-21,82.83999633789062
2024-02-22,84.12000274658203
2024-02-23,84.23999786376953
2024-02-26,84.05000305175781
2024-02-27,84.11000061035156
2024-02-28,84.77999877929688
2024-02-29,84.20999908447266
2024-03-01,83.73999786376953
2024-03-04,83.94999694824219
2024-03-05,84.0999984741211
2024-03-06,85.11000061035156
2024-03-07,85.8499984741211
2024-03-08,85.19000244140625
2024-03-11,84.87999725341797
2024-03-12,85.9000015258789
2024-03-13,85.51000213623047
2024-03-14,84.98999786376953
2024-03-15,84.94000244140625
2024-03-18,85.01000213623047
2024-03-19,85.4800033569336
2024-03-20,86.69999694824219
2024-03-21,86.04000091552734
2024-03-22,86.0
2024-03-25,85.9000015258789
2024-03-26,86.41999816894531
2024-03-27,87.26000213623047
2024-03-28,87.54000091552734
2024-04-01,86.31999969482422
2024-04-02,85.51000213623047
2024-04-03,85.48999786376953
2024-04-04,83.94000244140625
2024-04-05,85.1500015258789
2024-04-08,85.51000213623047
2024-04-09,84.55999755859375
2024-04-10,83.5999984741211
2024-04-11,82.6500015258789
2024-04-12,81.9000015258789
2024-04-15,81.02999877929688
2024-04-16,80.91999816894531
2024-04-17,80.62000274658203
2024-04-18,81.12999725341797
2024-04-19,82.16999816894531
2024-04-22,82.5
2024-04-23,82.93000030517578
2024-04-24,82.12999725341797
2024-04-25,82.27999877929688
2024-04-26,81.45999908447266
2024-04-29,81.54000091552734
2024-04-30,81.54000091552734
2024-05-01,82.69999694824219
2024-05-02,82.8499984741211
2024-05-03,83.5
2024-05-06,84.20999908447266
2024-05-07,85.23999786376953
2024-05-08,84.80999755859375
2024-05-09,85.61000061035156
2024-05-10,87.06999969482422
2024-05-13,87.47000122070312
2024-05-14,88.44999694824219
2024-05-15,88.69999694824219
2024-05-16,89.4000015258789
2024-05-17,89.83000183105469
2024-05-20,89.86000061035156
2024-05-21,89.8499984741211
2024-05-22,91.16000366210938
2024-05-23,89.11000061035156
2024-05-24,89.36000061035156
2024-05-28,87.58000183105469
2024-05-29,86.31999969482422
2024-05-30,87.75
2024-05-31,89.51000213623047
2024-06-03,88.88999938964844
2024-06-04,89.9000015258789
2024-06-05,90.0
2024-06-06,89.52999877929688
2024-06-07,90.27999877929688
2024-06-10,89.63999938964844
2024-06-11,89.62000274658203
2024-06-12,90.47000122070312
2024-06-13,90.5199966430664
2024-06-14,90.08000183105467
2024-06-17,92.0
2024-06-18,92.41000366210938
2024-06-20,92.88999938964844
2024-06-21,93.0199966430664
2024-06-24,93.33999633789062
2024-06-25,91.13999938964844
2024-06-26,90.58000183105467
2024-06-27,90.16000366210938
2024-06-28,89.41000366210938
2024-07-01,89.11000061035156
2024-07-02,89.6500015258789
2024-07-03,90.04000091552734
2024-07-05,90.5199966430664
2024-07-08,90.56999969482422
2024-07-09,90.08000183105467
2024-07-10,90.93000030517578
2024-07-11,91.97000122070312
2024-07-12,93.73999786376952
2024-07-15,93.2300033569336
2024-07-16,93.30999755859376
2024-07-17,93.54000091552734
2024-07-18,93.2300033569336
2024-07-19,92.45999908447266
2024-07-22,93.16000366210938
2024-07-23,98.0500030517578
2024-07-24,97.55999755859376
2024-07-25,97.43000030517578
2024-07-26,99.16999816894533
2024-07-29,98.66000366210938
2024-07-30,99.83999633789062
2024-07-31,99.43000030517578
2024-08-01,100.8000030517578
2024-08-02,101.22000122070312
2024-08-05,98.37999725341795
2024-08-06,99.37000274658205
2024-08-07,98.79000091552734
2024-08-08,100.30999755859376
2024-08-09,100.31999969482422
2024-08-12,99.55999755859376
2024-08-13,99.94000244140624
2024-08-14,101.3000030517578
2024-08-15,101.19000244140624
2024-08-16,101.87000274658205
2024-08-19,102.5199966430664
2024-08-20,102.88999938964844
2024-08-21,103.45999908447266
2024-08-22,103.66999816894533
2024-08-23,102.0
2024-08-26,102.2300033569336
2024-08-27,103.0
2024-08-28,103.87999725341795
2024-08-29,104.6500015258789
2024-08-30,105.12999725341795
2024-09-03,104.95999908447266
2024-09-04,105.81999969482422
2024-09-05,104.62999725341795
2024-09-06,103.94000244140624
2024-09-09,103.72000122070312
2024-09-10,103.12999725341795
2024-09-11,100.6999969482422
2024-09-12,102.16999816894533
2024-09-13,103.12999725341795
2024-09-16,104.11000061035156
2024-09-17,103.1999969482422
2024-09-18,102.51000213623048
2024-09-19,101.4499969482422
2024-09-20,101.01000213623048
2024-09-23,102.20999908447266
2024-09-24,103.36000061035156
2024-09-25,103.3499984741211
2024-09-26,103.01000213623048
2024-09-27,102.6500015258789
2024-09-30,103.5999984741211
2024-10-01,105.01000213623048
2024-10-02,105.04000091552734
2024-10-03,104.62999725341795
2024-10-04,105.6500015258789
2024-10-07,102.12999725341795
2024-10-08,105.25
2024-10-09,105.86000061035156
2024-10-10,103.66999816894533
2024-10-11,104.75
2024-10-14,105.94000244140624
2024-10-15,105.86000061035156
2024-10-16,106.33000183105467
2024-10-17,106.93000030517578
2024-10-18,106.38999938964844
2024-10-21,106.0500030517578
2024-10-22,105.4499969482422
2024-10-23,106.0199966430664
2024-10-24,105.27999877929688
2024-10-25,103.9800033569336
2024-10-28,103.3499984741211
2024-10-29,105.04000091552734
2024-10-30,105.83000183105467
2024-10-31,104.63999938964844
2024-11-01,104.16999816894533
2024-11-04,105.4499969482422
2024-11-05,107.5999984741211
2024-11-06,110.80999755859376
2024-11-07,110.3499984741211
2024-11-08,112.43000030517578
2024-11-11,111.8499984741211
2024-11-12,112.41999816894533
2024-11-13,111.91000366210938
2024-11-14,109.52999877929688
2024-11-15,110.0500030517578
2024-11-18,109.77999877929688
2024-11-19,109.3499984741211
2024-11-20,109.61000061035156
2024-11-21,110.75
2024-11-22,112.0500030517578
2024-11-25,111.73999786376952
2024-11-26,113.41999816894533
2024-11-27,113.1999969482422
2024-11-29,113.0999984741211
2024-12-02,111.62999725341795
2024-12-03,111.37999725341795
2024-12-04,111.13999938964844
2024-12-05,110.5500030517578
2024-12-06,109.18000030517578
2024-12-09,105.68000030517578
2024-12-10,102.93000030517578
2024-12-11,104.11000061035156
2024-12-12,103.66000366210938
2024-12-13,104.19000244140624
2024-12-16,104.38999938964844
2024-12-17,103.18000030517578
2024-12-18,100.93000030517578
2024-12-19,102.3000030517578
2024-12-20,102.93000030517578
2024-12-23,102.8000030517578
2024-12-24,103.8499984741211
2024-12-26,103.73999786376952
2024-12-27,102.88999938964844
2024-12-30,101.98999786376952
2024-12-31,102.0199966430664
2025-01-02,100.54000091552734
2025-01-03,101.58999633789062
2025-01-06,100.91999816894533
2025-01-07,101.06999969482422
2025-01-08,102.52999877929688
2025-01-10,101.9499969482422
2025-01-13,102.5500030517578
2025-01-14,103.62999725341795
2025-01-15,103.68000030517578
2025-01-16,105.9499969482422
2025-01-17,105.5500030517578
2025-01-21,105.69000244140624
2025-01-22,105.19000244140624
2025-01-23,105.2300033569336
2025-01-24,106.0
2025-01-27,107.83999633789062
2025-01-28,105.0199966430664
2025-01-29,103.16999816894533
2025-01-30,105.45999908447266
2025-01-31,104.66000366210938
2025-02-03,105.54000091552734
2025-02-04,105.91000366210938
2025-02-05,106.79000091552734
2025-02-06,107.7699966430664
2025-02-07,108.58000183105467
2025-02-10,108.91000366210938
2025-02-11,108.75
2025-02-12,109.29000091552734
2025-02-13,110.93000030517578
2025-02-14,110.5999984741211
2025-02-18,111.47000122070312
2025-02-19,112.30999755859376
2025-02-20,111.6500015258789
2025-02-21,111.70999908447266
2025-02-24,112.5999984741211
2025-02-25,114.7699966430664
2025-02-26,114.79000091552734
2025-02-27,116.5
2025-02-28,118.54000091552734
2025-03-03,119.87000274658205
2025-03-04,119.16999816894533
2025-03-05,119.58999633789062
2025-03-06,118.70999908447266
2025-03-07,118.6500015258789
2025-03-10,119.62999725341795
2025-03-11,117.95999908447266
2025-03-12,117.27999877929688
2025-03-13,117.86000061035156
2025-03-14,118.1999969482422
2025-03-17,120.08000183105467
2025-03-18,119.19000244140624
2025-03-19,119.87999725341795
2025-03-20,119.8000030517578
2025-03-21,118.5199966430664
2025-03-24,120.9800033569336
2025-03-25,121.38999938964844
2025-03-26,121.7699966430664
2025-03-27,122.9000015258789
2025-03-28,122.93000030517578
2025-03-31,124.4000015258789
2025-04-01,124.11000061035156
2025-04-02,124.2300033569336
2025-04-03,124.43000030517578
2025-04-04,115.01000213623048
2025-04-07,112.66999816894533
2025-04-08,112.41000366210938
2025-04-09,116.63999938964844
2025-04-10,117.26000213623048
2025-04-11,118.86000061035156
2025-04-14,120.9000015258789
2025-04-15,119.52999877929688
2025-04-16,118.8000030517578
2025-04-17,117.22000122070312
2025-04-21,113.41999816894533
2025-04-22,117.55999755859376
2025-04-23,118.1999969482422
2025-04-24,117.76000213623048
2025-04-25,114.44000244140624
2025-04-28,114.87999725341795
2025-04-29,107.98999786376952
2025-04-30,110.5999984741211
2025-05-01,109.0199966430664
2025-05-02,110.56999969482422
2025-05-05,110.4000015258789
2025-05-06,110.37999725341795
2025-05-07,111.20999908447266
2025-05-08,111.52999877929688
2025-05-09,111.31999969482422
2025-05-12,110.76000213623048
2025-05-13,109.0199966430664
2025-05-14,108.2699966430664
2025-05-15,110.55999755859376
2025-05-16,111.7699966430664
2025-05-19,112.0
2025-05-20,112.4499969482422
2025-05-21,110.98999786376952
2025-05-22,110.43000030517578
2025-05-23,110.81999969482422
2025-05-27,112.08000183105467
2025-05-28,110.87000274658205
2025-05-29,111.6999969482422
2025-05-30,112.9000015258789
2025-06-02,113.4000015258789
2025-06-03,112.5999984741211
2025-06-04,111.18000030517578
2025-06-05,110.02999877929688
2025-06-06,110.56999969482422
2025-06-09,107.86000061035156
2025-06-10,105.48999786376952
2025-06-11,104.4800033569336
2025-06-12,106.8000030517578
2025-06-13,106.62000274658205
2025-06-16,107.12999725341795
2025-06-17,108.12000274658205
2025-06-18,108.29000091552734
2025-06-20,108.63999938964844
2025-06-23,110.91999816894533
2025-06-24,110.9499969482422
2025-06-25,108.37999725341795
2025-06-26,109.2699966430664
2025-06-27,109.58000183105467
2025-06-30,110.87000274658205
2025-07-01,108.93000030517578
2025-07-02,107.80999755859376
2025-07-03,108.6999969482422
2025-07-07,107.80999755859376
2025-07-08,107.25
2025-07-09,108.12999725341795
2025-07-10,107.80999755859376
2025-07-11,106.75
2025-07-14,107.9800033569336
2025-07-15,106.25
2025-07-16,104.97000122070312
2025-07-17,104.12999725341795
2025-07-18,103.83999633789062
2025-07-21,102.48999786376952
2025-07-22,103.23999786376952
2025-07-23,103.18000030517578
2025-07-24,102.77999877929688
2025-07-25,103.37999725341795
2025-07-28,102.58000183105467
2025-07-29,91.91000366210938
2025-07-30,92.94000244140624
2025-07-31,91.37000274658205
2025-08-01,92.23999786376952
2025-08-04,92.6999969482422
2025-08-05,91.66999816894533
2025-08-06,91.8000030517578
2025-08-07,92.51000213623048
2025-08-08,93.6500015258789
2025-08-11,94.5999984741211
2025-08-12,94.76000213623048
2025-08-13,95.91000366210938
2025-08-14,95.12999725341795
2025-08-15,95.33999633789062
2025-08-18,94.9499969482422
2025-08-19,96.87999725341795
2025-08-20,96.79000091552734
2025-08-21,96.4000015258789
2025-08-22,96.66000366210938
2025-08-25,96.72000122070312
2025-08-26,96.0500030517578
2025-08-27,96.0999984741211
2025-08-28,96.22000122070312
2025-08-29,96.9499969482422
2025-09-02,95.43000030517578
2025-09-03,95.29000091552734
2025-09-04,95.48999786376952
2025-09-05,94.79000091552734
2025-09-08,95.3499984741211
2025-09-09,93.47000122070312
2025-09-10,92.5
2025-09-11,94.23999786376952
2025-09-12,93.54000091552734
2025-09-15,90.87999725341795
2025-09-16,90.91999816894533
2025-09-17,92.20999908447266
2025-09-18,91.87000274658205
2025-09-19,91.7300033569336
2025-09-22,92.5999984741211
2025-09-23,92.19000244140624
2025-09-24,93.22000122070312
2025-09-25,92.6500015258789
2025-09-26,93.77999877929688
2025-09-29,93.0199966430664
2025-09-30,93.79000091552734
2025-10-01,92.76000213623048
2025-10-02,93.4499969482422
2025-10-03,94.9499969482422
2025-10-06,94.44000244140624
2025-10-07,95.5500030517578
2025-10-08,95.95999908447266
2025-10-09,95.5
2025-10-10,95.94000244140624
2025-10-13,94.4800033569336
2025-10-14,94.7699966430664
2025-10-15,93.97000122070312
2025-10-16,87.41999816894531
2025-10-17,87.91000366210938
2025-10-20,87.5199966430664
2025-10-21,88.27999877929688
2025-10-22,89.19999694824219
2025-10-23,88.7699966430664
2025-10-24,88.0
2025-10-27,87.76000213623047
2025-10-28,82.37999725341797
2025-10-29,80.30000305175781
2025-10-30,80.44999694824219
2025-10-31,79.73999786376953
2025-11-03,77.81999969482422
2025-11-04,78.98999786376953
2025-11-05,77.83999633789062
2025-11-06,76.41999816894531
2025-11-07,78.54000091552734
2025-11-10,78.51000213623047
2025-11-11,80.04000091552734
2025-11-12,80.19999694824219
2025-11-13,80.05999755859375
2025-11-14,80.69999694824219
2025-11-17,80.70999908447266
2025-11-18,79.93000030517578
2025-11-19,78.80999755859375
2025-11-20,79.62000274658203
2025-11-21,80.31999969482422
2025-11-24,79.25
2025-11-25,80.51000213623047
2025-11-26,80.44999694824219
2025-11-28,80.43000030517578
2025-12-01,81.18000030517578
2025-12-02,79.83999633789062
2025-12-03,79.6500015258789
2025-12-04,79.63999938964844
2025-12-05,78.37000274658203
2025-12-08,77.63999938964844
2025-12-09,78.41000366210938
2025-12-10,77.51000213623047
2025-12-11,79.55000305175781
2025-12-12,81.62000274658203
2025-12-15,82.33000183105469
2025-12-16,80.97000122070312
2025-12-17,80.62000274658203
2025-12-18,81.06999969482422
2025-12-19,80.18000030517578
2025-12-22,80.37000274658203
2025-12-23,79.95999908447266
2025-12-24,80.81999969482422
2025-12-26,80.77999877929688
2025-12-29,80.86000061035156
2025-12-30,80.22000122070312
2025-12-31,79.69999694824219
2026-01-02,77.62000274658203
2026-01-05,79.91999816894531
2026-01-06,80.2699966430664
2026-01-07,78.80999755859375
2026-01-08,80.58999633789062
2026-01-09,80.63999938964844
2026-01-12,79.61000061035156
2026-01-13,79.05999755859375
2026-01-14,79.43000030517578
2026-01-15,79.75
2026-01-16,80.01000213623047
2026-01-20,79.11000061035156
2026-01-21,78.06999969482422
2026-01-22,78.62000274658203
2026-01-23,79.18000030517578
2026-01-26,79.62000274658203
2026-01-27,74.12000274658203
2026-01-28,72.0999984741211
2026-01-29,72.0999984741211
2026-01-30,72.0999984741211
2026-02-02,71.30000305175781
2026-02-03,71.95999908447266
2026-02-04,74.02999877929688
2026-02-05,72.66999816894531
2026-02-06,73.77999877929688
2026-02-09,68.66999816894531
2026-02-10,67.61000061035156
2026-02-11,67.0199966430664
2026-02-12,69.52999877929688
2026-02-13,68.47000122070312
2026-02-17,68.83000183105469
2026-02-18,69.69000244140625
2026-02-19,69.41999816894531
2026-02-20,69.58999633789062
2026-02-23,69.16000366210938
2026-02-24,69.83999633789062
2026-02-25,70.05000305175781
2026-02-26,71.22000122070312
2026-02-27,71.81999969482422
2026-03-02,72.36000061035156
2026-03-03,72.16000366210938
2026-03-04,71.8499984741211
2026-03-05,73.12000274658203
2026-03-06,73.5
2026-03-09,71.04000091552734
2026-03-10,68.58000183105469
2026-03-11,68.37999725341797
2026-03-12,67.6500015258789
2026-03-13,68.26000213623047
2026-03-16,69.19000244140625
2026-03-17,68.33000183105469
2026-03-18,67.08000183105469
2026-03-19,66.55999755859375
2026-03-20,67.05000305175781
2026-03-23,66.72000122070312
2026-03-24,66.5
2026-03-25,64.29000091552734
2026-03-26,65.13999938964844
2026-03-27,63.43000030517578
2026-03-30,65.26000213623047
2026-03-31,65.20999908447266
2026-04-01,64.4000015258789
2026-04-02,65.94999694824219
2026-04-06,66.5199966430664
2026-04-07,66.37000274658203
2026-04-08,67.76000213623047
2026-04-09,67.12999725341797
2026-04-10,65.08000183105469
2026-04-13,67.45999908447266
2026-04-14,66.54000091552734
2026-04-15,67.4000015258789
2026-04-16,68.81999969482422
2026-04-17,67.72000122070312
2026-04-20,67.77999877929688
2026-04-21,68.94999694824219
2026-04-22,67.87999725341797
2026-04-23,67.55000305175781
2026-04-24,65.9000015258789
2026-04-27,66.12000274658203
2026-04-28,63.13999938964844
2026-04-29,61.63999938964844
2026-04-30,60.150001525878906
2026-05-01,57.630001068115234
2026-05-04,57.63999938964844
2026-05-05,57.5099983215332
2026-05-06,56.560001373291016
2026-05-07,58.04999923706055
2026-05-08,56.45000076293945
2026-05-11,55.349998474121094
2026-05-12,55.77000045776367
2026-05-13,54.380001068115234
2026-05-14,55.779998779296875
2026-05-15,56.279998779296875
2026-05-18,58.689998626708984
2026-05-19,58.09000015258789
2026-05-20,57.43000030517578
2026-05-21,58.52000045776367
2026-05-22,57.81999969482422
2026-05-26,56.9900016784668
2026-05-27,56.810001373291016
2026-05-28,56.84000015258789
2026-05-29,56.25
2026-06-01,56.97999954223633
2026-06-02,56.59000015258789
2026-06-03,55.13999938964844
2026-06-04,57.380001068115234
2026-06-05,58.86000061035156
2026-06-08,58.0
2026-06-09,59.11000061035156
2026-06-10,60.18000030517578
2026-06-11,59.95000076293945
2026-06-12,59.9900016784668
