,CPT
2015-01-02,75.25
2015-01-05,74.94999694824219
2015-01-06,75.62000274658203
2015-01-07,77.69999694824219
2015-01-08,76.88999938964844
2015-01-09,77.66000366210938
2015-01-12,78.72000122070312
2015-01-13,77.38999938964844
2015-01-14,78.0
2015-01-15,78.8499984741211
2015-01-16,79.30999755859375
2015-01-20,78.58999633789062
2015-01-21,79.38999938964844
2015-01-22,80.19999694824219
2015-01-23,79.69000244140625
2015-01-26,80.91999816894531
2015-01-27,80.7699966430664
2015-01-28,79.86000061035156
2015-01-29,79.38999938964844
2015-01-30,77.05000305175781
2015-02-02,76.66999816894531
2015-02-03,77.55000305175781
2015-02-04,76.98999786376953
2015-02-05,77.26000213623047
2015-02-06,75.19000244140625
2015-02-09,75.02999877929688
2015-02-10,75.16999816894531
2015-02-11,74.98999786376953
2015-02-12,76.2699966430664
2015-02-13,75.23999786376953
2015-02-17,75.05000305175781
2015-02-18,75.81999969482422
2015-02-19,74.36000061035156
2015-02-20,75.66999816894531
2015-02-23,75.25
2015-02-24,73.30000305175781
2015-02-25,72.87000274658203
2015-02-26,72.37000274658203
2015-02-27,72.79000091552734
2015-03-02,73.12000274658203
2015-03-03,73.12999725341797
2015-03-04,72.62000274658203
2015-03-05,73.55999755859375
2015-03-06,73.2699966430664
2015-03-09,74.68000030517578
2015-03-10,75.30000305175781
2015-03-11,74.68000030517578
2015-03-12,75.62999725341797
2015-03-13,75.62999725341797
2015-03-16,76.6500015258789
2015-03-17,76.63999938964844
2015-03-18,77.94000244140625
2015-03-19,77.86000061035156
2015-03-20,80.61000061035156
2015-03-23,80.47000122070312
2015-03-24,79.5999984741211
2015-03-25,78.41999816894531
2015-03-26,78.02999877929688
2015-03-27,77.4800033569336
2015-03-30,78.7300033569336
2015-03-31,78.12999725341797
2015-04-01,77.62999725341797
2015-04-02,78.5199966430664
2015-04-06,79.11000061035156
2015-04-07,78.5
2015-04-08,78.87999725341797
2015-04-09,76.75
2015-04-10,76.62999725341797
2015-04-13,76.0199966430664
2015-04-14,76.62000274658203
2015-04-15,75.8499984741211
2015-04-16,76.27999877929688
2015-04-17,75.97000122070312
2015-04-20,76.04000091552734
2015-04-21,76.75
2015-04-22,77.5
2015-04-23,77.44000244140625
2015-04-24,77.2699966430664
2015-04-27,77.6500015258789
2015-04-28,77.44999694824219
2015-04-29,76.27999877929688
2015-04-30,75.08000183105469
2015-05-01,74.97000122070312
2015-05-04,75.5
2015-05-05,73.44000244140625
2015-05-06,73.86000061035156
2015-05-07,75.05999755859375
2015-05-08,75.76000213623047
2015-05-11,74.51000213623047
2015-05-12,74.94000244140625
2015-05-13,73.95999908447266
2015-05-14,75.05000305175781
2015-05-15,76.1500015258789
2015-05-18,75.37000274658203
2015-05-19,75.81999969482422
2015-05-20,75.87000274658203
2015-05-21,75.58999633789062
2015-05-22,75.52999877929688
2015-05-26,74.94000244140625
2015-05-27,75.73999786376953
2015-05-28,76.02999877929688
2015-05-29,74.9800033569336
2015-06-01,76.0
2015-06-02,74.9800033569336
2015-06-03,73.62999725341797
2015-06-04,73.63999938964844
2015-06-05,73.58000183105469
2015-06-08,73.56999969482422
2015-06-09,73.02999877929688
2015-06-10,73.7699966430664
2015-06-11,74.72000122070312
2015-06-12,75.16000366210938
2015-06-15,74.77999877929688
2015-06-16,75.80000305175781
2015-06-17,76.16000366210938
2015-06-18,77.7300033569336
2015-06-19,76.80999755859375
2015-06-22,76.30000305175781
2015-06-23,75.5199966430664
2015-06-24,75.04000091552734
2015-06-25,74.70999908447266
2015-06-26,74.75
2015-06-29,74.0999984741211
2015-06-30,74.27999877929688
2015-07-01,75.87999725341797
2015-07-02,76.37999725341797
2015-07-06,76.5999984741211
2015-07-07,77.16999816894531
2015-07-08,76.87999725341797
2015-07-09,77.20999908447266
2015-07-10,77.55999755859375
2015-07-13,77.55000305175781
2015-07-14,77.86000061035156
2015-07-15,78.01000213623047
2015-07-16,78.36000061035156
2015-07-17,78.44000244140625
2015-07-20,78.88999938964844
2015-07-21,78.44999694824219
2015-07-22,78.91999816894531
2015-07-23,78.26000213623047
2015-07-24,78.94000244140625
2015-07-27,78.91999816894531
2015-07-28,78.62000274658203
2015-07-29,78.62000274658203
2015-07-30,78.69999694824219
2015-07-31,79.62999725341797
2015-08-03,79.75
2015-08-04,79.16999816894531
2015-08-05,78.8499984741211
2015-08-06,79.0
2015-08-07,79.62000274658203
2015-08-10,79.7300033569336
2015-08-11,79.86000061035156
2015-08-12,80.08999633789062
2015-08-13,80.0
2015-08-14,80.12000274658203
2015-08-17,80.75
2015-08-18,81.27999877929688
2015-08-19,80.20999908447266
2015-08-20,79.0
2015-08-21,77.45999908447266
2015-08-24,72.76000213623047
2015-08-25,71.47000122070312
2015-08-26,72.4000015258789
2015-08-27,73.75
2015-08-28,73.95999908447266
2015-08-31,72.02999877929688
2015-09-01,70.76000213623047
2015-09-02,71.12999725341797
2015-09-03,71.08999633789062
2015-09-04,69.4800033569336
2015-09-08,70.77999877929688
2015-09-09,69.44999694824219
2015-09-10,69.80000305175781
2015-09-11,70.7300033569336
2015-09-14,70.54000091552734
2015-09-15,71.55999755859375
2015-09-16,72.33000183105469
2015-09-17,72.69999694824219
2015-09-18,72.87999725341797
2015-09-21,73.20999908447266
2015-09-22,72.61000061035156
2015-09-23,73.0999984741211
2015-09-24,72.08000183105469
2015-09-25,72.41999816894531
2015-09-28,71.19000244140625
2015-09-29,73.2699966430664
2015-09-30,73.9000015258789
2015-10-01,74.12000274658203
2015-10-02,74.6500015258789
2015-10-05,75.3499984741211
2015-10-06,74.80000305175781
2015-10-07,76.06999969482422
2015-10-08,76.94000244140625
2015-10-09,76.80000305175781
2015-10-12,77.3499984741211
2015-10-13,76.86000061035156
2015-10-14,76.30999755859375
2015-10-15,77.41999816894531
2015-10-16,77.62000274658203
2015-10-19,79.04000091552734
2015-10-20,78.75
2015-10-21,78.55999755859375
2015-10-22,78.94999694824219
2015-10-23,78.11000061035156
2015-10-26,77.55999755859375
2015-10-27,77.58000183105469
2015-10-28,76.70999908447266
2015-10-29,76.37999725341797
2015-10-30,73.79000091552734
2015-11-02,76.05999755859375
2015-11-03,75.87999725341797
2015-11-04,75.4800033569336
2015-11-05,76.33999633789062
2015-11-06,73.98999786376953
2015-11-09,73.55999755859375
2015-11-10,75.1500015258789
2015-11-11,75.56999969482422
2015-11-12,74.9800033569336
2015-11-13,74.33999633789062
2015-11-16,75.22000122070312
2015-11-17,75.5999984741211
2015-11-18,75.73999786376953
2015-11-19,76.04000091552734
2015-11-20,76.44999694824219
2015-11-23,76.5199966430664
2015-11-24,75.9800033569336
2015-11-25,76.83000183105469
2015-11-27,77.72000122070312
2015-11-30,76.37999725341797
2015-12-01,77.97000122070312
2015-12-02,76.69000244140625
2015-12-03,75.27999877929688
2015-12-04,77.38999938964844
2015-12-07,76.19999694824219
2015-12-08,76.41999816894531
2015-12-09,75.73999786376953
2015-12-10,74.61000061035156
2015-12-11,74.9000015258789
2015-12-14,74.73999786376953
2015-12-15,74.55000305175781
2015-12-16,75.62999725341797
2015-12-17,75.33000183105469
2015-12-18,74.68000030517578
2015-12-21,75.87000274658203
2015-12-22,75.55000305175781
2015-12-23,76.69000244140625
2015-12-24,76.3499984741211
2015-12-28,76.8499984741211
2015-12-29,77.44999694824219
2015-12-30,77.41000366210938
2015-12-31,76.76000213623047
2016-01-04,75.79000091552734
2016-01-05,77.19999694824219
2016-01-06,76.93000030517578
2016-01-07,75.9000015258789
2016-01-08,74.58999633789062
2016-01-11,74.98999786376953
2016-01-12,74.5999984741211
2016-01-13,73.80999755859375
2016-01-14,73.16000366210938
2016-01-15,72.23999786376953
2016-01-19,73.30999755859375
2016-01-20,70.55000305175781
2016-01-21,70.58999633789062
2016-01-22,72.1500015258789
2016-01-25,71.6500015258789
2016-01-26,73.77999877929688
2016-01-27,73.68000030517578
2016-01-28,73.72000122070312
2016-01-29,76.30000305175781
2016-02-01,76.23999786376953
2016-02-02,75.58999633789062
2016-02-03,76.58999633789062
2016-02-04,77.2300033569336
2016-02-05,73.93000030517578
2016-02-08,72.62999725341797
2016-02-09,72.6500015258789
2016-02-10,72.62000274658203
2016-02-11,71.38999938964844
2016-02-12,71.70999908447266
2016-02-16,73.58000183105469
2016-02-17,73.41000366210938
2016-02-18,73.68000030517578
2016-02-19,73.83999633789062
2016-02-22,74.52999877929688
2016-02-23,74.33000183105469
2016-02-24,73.83000183105469
2016-02-25,74.26000213623047
2016-02-26,74.27999877929688
2016-02-29,74.73999786376953
2016-03-01,76.76000213623047
2016-03-02,78.43000030517578
2016-03-03,79.22000122070312
2016-03-04,79.13999938964844
2016-03-07,79.05999755859375
2016-03-08,79.05000305175781
2016-03-09,79.22000122070312
2016-03-10,78.75
2016-03-11,79.19000244140625
2016-03-14,79.36000061035156
2016-03-15,79.75
2016-03-16,80.18000030517578
2016-03-17,81.91999816894531
2016-03-18,82.37000274658203
2016-03-21,81.7300033569336
2016-03-22,82.0999984741211
2016-03-23,82.0199966430664
2016-03-24,81.55000305175781
2016-03-28,82.2699966430664
2016-03-29,83.5
2016-03-30,83.5199966430664
2016-03-31,84.08999633789062
2016-04-01,83.83000183105469
2016-04-04,84.06999969482422
2016-04-05,82.97000122070312
2016-04-06,83.41999816894531
2016-04-07,82.68000030517578
2016-04-08,82.9000015258789
2016-04-11,82.33000183105469
2016-04-12,82.51000213623047
2016-04-13,81.9000015258789
2016-04-14,80.08000183105469
2016-04-15,81.81999969482422
2016-04-18,82.16999816894531
2016-04-19,82.20999908447266
2016-04-20,80.76000213623047
2016-04-21,80.11000061035156
2016-04-22,81.31999969482422
2016-04-25,82.56999969482422
2016-04-26,82.63999938964844
2016-04-27,82.04000091552734
2016-04-28,82.2699966430664
2016-04-29,80.7300033569336
2016-05-02,82.30000305175781
2016-05-03,81.68000030517578
2016-05-04,83.23999786376953
2016-05-05,84.05000305175781
2016-05-06,85.66999816894531
2016-05-09,86.12999725341797
2016-05-10,86.45999908447266
2016-05-11,85.56999969482422
2016-05-12,86.62999725341797
2016-05-13,85.94999694824219
2016-05-16,86.80000305175781
2016-05-17,85.80000305175781
2016-05-18,85.31999969482422
2016-05-19,83.62999725341797
2016-05-20,84.51000213623047
2016-05-23,84.16999816894531
2016-05-24,85.04000091552734
2016-05-25,84.66999816894531
2016-05-26,84.88999938964844
2016-05-27,85.2300033569336
2016-05-31,85.20999908447266
2016-06-01,84.0999984741211
2016-06-02,83.98999786376953
2016-06-03,82.05999755859375
2016-06-06,80.33999633789062
2016-06-07,81.12999725341797
2016-06-08,80.55999755859375
2016-06-09,80.80999755859375
2016-06-10,80.80999755859375
2016-06-13,81.61000061035156
2016-06-14,81.83999633789062
2016-06-15,83.19999694824219
2016-06-16,83.81999969482422
2016-06-17,82.94999694824219
2016-06-20,83.44000244140625
2016-06-21,83.43000030517578
2016-06-22,84.2300033569336
2016-06-23,85.05000305175781
2016-06-24,84.48999786376953
2016-06-27,85.31999969482422
2016-06-28,85.76000213623047
2016-06-29,87.19999694824219
2016-06-30,88.41999816894531
2016-07-01,88.80999755859375
2016-07-05,89.83999633789062
2016-07-06,89.98999786376953
2016-07-07,89.75
2016-07-08,90.16000366210938
2016-07-11,90.29000091552734
2016-07-12,89.91000366210938
2016-07-13,90.13999938964844
2016-07-14,88.37999725341797
2016-07-15,87.66999816894531
2016-07-18,87.91999816894531
2016-07-19,88.68000030517578
2016-07-20,88.88999938964844
2016-07-21,89.55000305175781
2016-07-22,89.58000183105469
2016-07-25,89.19000244140625
2016-07-26,87.9800033569336
2016-07-27,86.36000061035156
2016-07-28,86.80999755859375
2016-07-29,89.58999633789062
2016-08-01,89.56999969482422
2016-08-02,87.83999633789062
2016-08-03,86.98999786376953
2016-08-04,86.11000061035156
2016-08-05,86.2300033569336
2016-08-08,87.16999816894531
2016-08-09,87.44999694824219
2016-08-10,86.63999938964844
2016-08-11,85.97000122070312
2016-08-12,86.70999908447266
2016-08-15,88.4800033569336
2016-08-16,86.5999984741211
2016-08-17,86.98999786376953
2016-08-18,86.91000366210938
2016-08-19,86.37000274658203
2016-08-22,86.62000274658203
2016-08-23,86.62000274658203
2016-08-24,85.83000183105469
2016-08-25,86.5999984741211
2016-08-26,86.18000030517578
2016-08-29,87.19999694824219
2016-08-30,87.26000213623047
2016-08-31,87.7699966430664
2016-09-01,88.94000244140625
2016-09-02,89.58999633789062
2016-09-06,90.04000091552734
2016-09-07,90.66999816894533
2016-09-08,88.5
2016-09-09,85.29000091552734
2016-09-12,86.80000305175781
2016-09-13,83.69000244140625
2016-09-14,84.5
2016-09-15,84.93000030517578
2016-09-16,84.73999786376953
2016-09-19,87.41000366210938
2016-09-20,87.69999694824219
2016-09-21,84.0999984741211
2016-09-22,85.88999938964844
2016-09-23,86.4800033569336
2016-09-26,87.29000091552734
2016-09-27,86.66999816894531
2016-09-28,86.43000030517578
2016-09-29,84.81999969482422
2016-09-30,83.73999786376953
2016-10-03,81.91999816894531
2016-10-04,81.0
2016-10-05,78.7699966430664
2016-10-06,77.88999938964844
2016-10-07,77.5
2016-10-10,78.05000305175781
2016-10-11,76.81999969482422
2016-10-12,77.44000244140625
2016-10-13,77.83000183105469
2016-10-14,77.83000183105469
2016-10-17,77.91999816894531
2016-10-18,77.9800033569336
2016-10-19,78.48999786376953
2016-10-20,78.44999694824219
2016-10-21,78.75
2016-10-24,79.2300033569336
2016-10-25,79.23999786376953
2016-10-26,79.5999984741211
2016-10-27,77.55999755859375
2016-10-28,79.36000061035156
2016-10-31,81.44000244140625
2016-11-01,80.5
2016-11-02,80.7300033569336
2016-11-03,81.25
2016-11-04,81.75
2016-11-07,81.36000061035156
2016-11-08,82.19000244140625
2016-11-09,80.05999755859375
2016-11-10,77.66000366210938
2016-11-11,77.41000366210938
2016-11-14,78.41999816894531
2016-11-15,76.45999908447266
2016-11-16,77.36000061035156
2016-11-17,76.5
2016-11-18,76.05000305175781
2016-11-21,76.0
2016-11-22,77.72000122070312
2016-11-23,77.72000122070312
2016-11-25,78.33999633789062
2016-11-28,78.70999908447266
2016-11-29,79.26000213623047
2016-11-30,78.70999908447266
2016-12-01,78.4800033569336
2016-12-02,78.7699966430664
2016-12-05,78.58000183105469
2016-12-06,77.83000183105469
2016-12-07,78.2699966430664
2016-12-08,79.37999725341797
2016-12-09,79.61000061035156
2016-12-12,80.94000244140625
2016-12-13,81.33999633789062
2016-12-14,79.80999755859375
2016-12-15,80.11000061035156
2016-12-16,81.83000183105469
2016-12-19,82.33000183105469
2016-12-20,82.62999725341797
2016-12-21,81.38999938964844
2016-12-22,82.7699966430664
2016-12-23,83.18000030517578
2016-12-27,83.02999877929688
2016-12-28,82.69000244140625
2016-12-29,83.30000305175781
2016-12-30,84.06999969482422
2017-01-03,84.05999755859375
2017-01-04,85.27999877929688
2017-01-05,85.19999694824219
2017-01-06,84.80000305175781
2017-01-09,84.01000213623047
2017-01-10,82.69000244140625
2017-01-11,82.22000122070312
2017-01-12,82.08000183105469
2017-01-13,81.95999908447266
2017-01-17,82.58999633789062
2017-01-18,82.87999725341797
2017-01-19,82.58999633789062
2017-01-20,82.9800033569336
2017-01-23,82.8499984741211
2017-01-24,83.23999786376953
2017-01-25,82.87999725341797
2017-01-26,83.27999877929688
2017-01-27,82.81999969482422
2017-01-30,82.29000091552734
2017-01-31,83.56999969482422
2017-02-01,81.56999969482422
2017-02-02,84.01000213623047
2017-02-03,83.66999816894531
2017-02-06,84.43000030517578
2017-02-07,84.12000274658203
2017-02-08,82.1500015258789
2017-02-09,82.20999908447266
2017-02-10,82.12000274658203
2017-02-13,81.66999816894531
2017-02-14,81.37999725341797
2017-02-15,80.88999938964844
2017-02-16,81.87000274658203
2017-02-17,82.06999969482422
2017-02-21,83.02999877929688
2017-02-22,82.7699966430664
2017-02-23,83.83000183105469
2017-02-24,84.23999786376953
2017-02-27,84.94000244140625
2017-02-28,84.6500015258789
2017-03-01,83.7300033569336
2017-03-02,82.62000274658203
2017-03-03,81.72000122070312
2017-03-06,81.33999633789062
2017-03-07,81.04000091552734
2017-03-08,79.9000015258789
2017-03-09,79.05999755859375
2017-03-10,79.4000015258789
2017-03-13,79.08999633789062
2017-03-14,79.44999694824219
2017-03-15,81.3499984741211
2017-03-16,81.29000091552734
2017-03-17,81.95999908447266
2017-03-20,81.1500015258789
2017-03-21,81.18000030517578
2017-03-22,81.12999725341797
2017-03-23,81.7300033569336
2017-03-24,81.87000274658203
2017-03-27,81.01000213623047
2017-03-28,80.80999755859375
2017-03-29,80.48999786376953
2017-03-30,80.5199966430664
2017-03-31,80.45999908447266
2017-04-03,80.52999877929688
2017-04-04,80.94000244140625
2017-04-05,81.18000030517578
2017-04-06,81.27999877929688
2017-04-07,80.87000274658203
2017-04-10,81.25
2017-04-11,81.75
2017-04-12,81.5199966430664
2017-04-13,81.19000244140625
2017-04-17,82.44999694824219
2017-04-18,82.56999969482422
2017-04-19,82.23999786376953
2017-04-20,82.16999816894531
2017-04-21,81.91999816894531
2017-04-24,82.36000061035156
2017-04-25,84.06999969482422
2017-04-26,83.91000366210938
2017-04-27,82.70999908447266
2017-04-28,82.33000183105469
2017-05-01,82.37999725341797
2017-05-02,82.0999984741211
2017-05-03,81.76000213623047
2017-05-04,81.75
2017-05-05,82.36000061035156
2017-05-08,81.44999694824219
2017-05-09,81.54000091552734
2017-05-10,82.08999633789062
2017-05-11,81.69999694824219
2017-05-12,82.0
2017-05-15,81.66999816894531
2017-05-16,81.12999725341797
2017-05-17,81.47000122070312
2017-05-18,82.22000122070312
2017-05-19,82.29000091552734
2017-05-22,82.52999877929688
2017-05-23,82.94000244140625
2017-05-24,83.5999984741211
2017-05-25,83.87999725341797
2017-05-26,83.22000122070312
2017-05-30,83.16000366210938
2017-05-31,83.30999755859375
2017-06-01,83.12000274658203
2017-06-02,84.6500015258789
2017-06-05,86.06999969482422
2017-06-06,85.33999633789062
2017-06-07,86.30000305175781
2017-06-08,86.25
2017-06-09,86.62000274658203
2017-06-12,86.63999938964844
2017-06-13,87.3499984741211
2017-06-14,87.72000122070312
2017-06-15,88.3499984741211
2017-06-16,88.94000244140625
2017-06-19,89.0199966430664
2017-06-20,89.08000183105469
2017-06-21,87.66000366210938
2017-06-22,87.22000122070312
2017-06-23,87.55000305175781
2017-06-26,87.33999633789062
2017-06-27,86.4800033569336
2017-06-28,86.12999725341797
2017-06-29,85.91000366210938
2017-06-30,85.51000213623047
2017-07-03,86.2300033569336
2017-07-05,87.2699966430664
2017-07-06,85.68000030517578
2017-07-07,86.19999694824219
2017-07-10,84.63999938964844
2017-07-11,84.19000244140625
2017-07-12,85.4000015258789
2017-07-13,85.1500015258789
2017-07-14,86.37000274658203
2017-07-17,86.9000015258789
2017-07-18,86.80000305175781
2017-07-19,88.19999694824219
2017-07-20,88.36000061035156
2017-07-21,89.0999984741211
2017-07-24,88.58000183105469
2017-07-25,87.44999694824219
2017-07-26,88.29000091552734
2017-07-27,87.44999694824219
2017-07-28,89.38999938964844
2017-07-31,89.69999694824219
2017-08-01,89.16999816894531
2017-08-02,89.4000015258789
2017-08-03,89.44999694824219
2017-08-04,89.5999984741211
2017-08-07,89.7300033569336
2017-08-08,90.05999755859375
2017-08-09,90.3499984741211
2017-08-10,89.80000305175781
2017-08-11,89.02999877929688
2017-08-14,90.16999816894533
2017-08-15,89.4800033569336
2017-08-16,89.23999786376953
2017-08-17,88.88999938964844
2017-08-18,88.33999633789062
2017-08-21,89.83999633789062
2017-08-22,89.93000030517578
2017-08-23,90.41999816894533
2017-08-24,90.3000030517578
2017-08-25,90.22000122070312
2017-08-28,89.37000274658203
2017-08-29,89.02999877929688
2017-08-30,89.87999725341797
2017-08-31,89.4800033569336
2017-09-01,90.41000366210938
2017-09-05,91.51000213623048
2017-09-06,91.9800033569336
2017-09-07,94.29000091552734
2017-09-08,95.6999969482422
2017-09-11,94.91999816894533
2017-09-12,93.97000122070312
2017-09-13,93.0999984741211
2017-09-14,93.75
2017-09-15,94.1999969482422
2017-09-18,94.0500030517578
2017-09-19,93.70999908447266
2017-09-20,93.66999816894533
2017-09-21,93.43000030517578
2017-09-22,93.0
2017-09-25,93.01000213623048
2017-09-26,92.7300033569336
2017-09-27,91.75
2017-09-28,91.52999877929688
2017-09-29,91.4499969482422
2017-10-02,91.05999755859376
2017-10-03,91.08999633789062
2017-10-04,92.25
2017-10-05,92.58000183105467
2017-10-06,92.41000366210938
2017-10-09,93.33000183105467
2017-10-10,92.98999786376952
2017-10-11,93.38999938964844
2017-10-12,94.1500015258789
2017-10-13,94.11000061035156
2017-10-16,93.77999877929688
2017-10-17,93.0199966430664
2017-10-18,92.5
2017-10-19,92.56999969482422
2017-10-20,92.26000213623048
2017-10-23,92.2300033569336
2017-10-24,91.30999755859376
2017-10-25,91.2300033569336
2017-10-26,90.54000091552734
2017-10-27,91.25
2017-10-30,91.08999633789062
2017-10-31,91.23999786376952
2017-11-01,91.41999816894533
2017-11-02,90.8000030517578
2017-11-03,92.48999786376952
2017-11-06,93.68000030517578
2017-11-07,94.08999633789062
2017-11-08,94.22000122070312
2017-11-09,93.91000366210938
2017-11-10,94.19000244140624
2017-11-13,94.7300033569336
2017-11-14,94.91999816894533
2017-11-15,93.4000015258789
2017-11-16,94.31999969482422
2017-11-17,93.08000183105467
2017-11-20,93.0
2017-11-21,93.81999969482422
2017-11-22,93.18000030517578
2017-11-24,93.9000015258789
2017-11-27,93.01000213623048
2017-11-28,92.01000213623048
2017-11-29,91.58999633789062
2017-11-30,91.27999877929688
2017-12-01,91.7699966430664
2017-12-04,91.95999908447266
2017-12-05,91.08999633789062
2017-12-06,91.44000244140624
2017-12-07,91.94000244140624
2017-12-08,92.16000366210938
2017-12-11,92.36000061035156
2017-12-12,93.5
2017-12-13,92.5999984741211
2017-12-14,91.91000366210938
2017-12-15,93.05999755859376
2017-12-18,94.06999969482422
2017-12-19,91.52999877929688
2017-12-20,90.31999969482422
2017-12-21,89.80999755859375
2017-12-22,90.91000366210938
2017-12-26,91.1500015258789
2017-12-27,91.47000122070312
2017-12-28,91.73999786376952
2017-12-29,92.05999755859376
2018-01-02,91.5
2018-01-03,91.68000030517578
2018-01-04,88.69000244140625
2018-01-05,88.37999725341797
2018-01-08,89.41000366210938
2018-01-09,88.25
2018-01-10,86.61000061035156
2018-01-11,85.55000305175781
2018-01-12,84.7699966430664
2018-01-16,85.51000213623047
2018-01-17,85.5
2018-01-18,84.70999908447266
2018-01-19,84.80999755859375
2018-01-22,85.68000030517578
2018-01-23,87.06999969482422
2018-01-24,86.44999694824219
2018-01-25,87.05000305175781
2018-01-26,86.4800033569336
2018-01-29,85.62000274658203
2018-01-30,84.88999938964844
2018-01-31,86.55999755859375
2018-02-01,84.5
2018-02-02,83.4000015258789
2018-02-05,81.05000305175781
2018-02-06,81.7300033569336
2018-02-07,80.41000366210938
2018-02-08,78.77999877929688
2018-02-09,80.75
2018-02-12,81.19000244140625
2018-02-13,81.86000061035156
2018-02-14,80.88999938964844
2018-02-15,82.7300033569336
2018-02-16,83.36000061035156
2018-02-20,81.69999694824219
2018-02-21,79.4800033569336
2018-02-22,80.37000274658203
2018-02-23,81.76000213623047
2018-02-26,81.08999633789062
2018-02-27,79.6500015258789
2018-02-28,79.70999908447266
2018-03-01,79.47000122070312
2018-03-02,78.55000305175781
2018-03-05,79.5999984741211
2018-03-06,79.11000061035156
2018-03-07,79.5
2018-03-08,81.31999969482422
2018-03-09,82.54000091552734
2018-03-12,82.7300033569336
2018-03-13,83.12000274658203
2018-03-14,83.93000030517578
2018-03-15,84.06999969482422
2018-03-16,84.76000213623047
2018-03-19,84.45999908447266
2018-03-20,83.81999969482422
2018-03-21,82.98999786376953
2018-03-22,82.02999877929688
2018-03-23,81.08999633789062
2018-03-26,82.0
2018-03-27,82.30000305175781
2018-03-28,84.05999755859375
2018-03-29,84.18000030517578
2018-04-02,83.05999755859375
2018-04-03,84.0999984741211
2018-04-04,84.87999725341797
2018-04-05,85.02999877929688
2018-04-06,84.88999938964844
2018-04-09,84.56999969482422
2018-04-10,85.11000061035156
2018-04-11,86.08999633789062
2018-04-12,84.83000183105469
2018-04-13,85.55999755859375
2018-04-16,85.75
2018-04-17,86.2300033569336
2018-04-18,85.94999694824219
2018-04-19,84.93000030517578
2018-04-20,84.7699966430664
2018-04-23,84.31999969482422
2018-04-24,84.5
2018-04-25,84.3499984741211
2018-04-26,85.05000305175781
2018-04-27,86.11000061035156
2018-04-30,85.4000015258789
2018-05-01,86.23999786376953
2018-05-02,85.91999816894531
2018-05-03,85.0199966430664
2018-05-04,86.44000244140625
2018-05-07,86.8499984741211
2018-05-08,86.7699966430664
2018-05-09,87.1500015258789
2018-05-10,88.0
2018-05-11,87.4000015258789
2018-05-14,86.19000244140625
2018-05-15,84.13999938964844
2018-05-16,83.75
2018-05-17,83.36000061035156
2018-05-18,82.95999908447266
2018-05-21,83.79000091552734
2018-05-22,83.94000244140625
2018-05-23,85.87999725341797
2018-05-24,85.11000061035156
2018-05-25,85.5999984741211
2018-05-29,85.62999725341797
2018-05-30,87.55000305175781
2018-05-31,88.0
2018-06-01,89.23999786376953
2018-06-04,90.6999969482422
2018-06-05,89.83999633789062
2018-06-06,90.26000213623048
2018-06-07,89.91000366210938
2018-06-08,91.12999725341795
2018-06-11,90.62000274658205
2018-06-12,90.97000122070312
2018-06-13,89.0999984741211
2018-06-14,90.16000366210938
2018-06-15,90.30999755859376
2018-06-18,89.83000183105469
2018-06-19,89.58999633789062
2018-06-20,90.58999633789062
2018-06-21,91.66999816894533
2018-06-22,92.19000244140624
2018-06-25,92.41999816894533
2018-06-26,91.75
2018-06-27,90.80999755859376
2018-06-28,91.05999755859376
2018-06-29,91.12999725341795
2018-07-02,90.8000030517578
2018-07-03,90.9499969482422
2018-07-05,91.44000244140624
2018-07-06,91.6500015258789
2018-07-09,90.9800033569336
2018-07-10,91.20999908447266
2018-07-11,91.91999816894533
2018-07-12,92.27999877929688
2018-07-13,91.51000213623048
2018-07-16,91.1500015258789
2018-07-17,89.91999816894531
2018-07-18,89.4800033569336
2018-07-19,90.66000366210938
2018-07-20,89.94000244140625
2018-07-23,89.97000122070312
2018-07-24,89.56999969482422
2018-07-25,90.58000183105467
2018-07-26,91.06999969482422
2018-07-27,90.31999969482422
2018-07-30,90.2699966430664
2018-07-31,92.58999633789062
2018-08-01,93.29000091552734
2018-08-02,92.4800033569336
2018-08-03,93.8499984741211
2018-08-06,93.33999633789062
2018-08-07,93.4499969482422
2018-08-08,92.9000015258789
2018-08-09,92.83000183105467
2018-08-10,92.37999725341795
2018-08-13,92.43000030517578
2018-08-14,93.38999938964844
2018-08-15,93.69000244140624
2018-08-16,93.98999786376952
2018-08-17,94.9000015258789
2018-08-20,94.55999755859376
2018-08-21,93.66000366210938
2018-08-22,93.5999984741211
2018-08-23,93.86000061035156
2018-08-24,94.48999786376952
2018-08-27,94.44000244140624
2018-08-28,95.5199966430664
2018-08-29,95.27999877929688
2018-08-30,94.91999816894533
2018-08-31,95.05999755859376
2018-09-04,94.3000030517578
2018-09-05,94.33000183105467
2018-09-06,94.31999969482422
2018-09-07,93.98999786376952
2018-09-10,94.43000030517578
2018-09-11,94.76000213623048
2018-09-12,94.62000274658205
2018-09-13,94.88999938964844
2018-09-14,94.54000091552734
2018-09-17,95.04000091552734
2018-09-18,95.0500030517578
2018-09-19,93.05999755859376
2018-09-20,93.69000244140624
2018-09-21,94.91000366210938
2018-09-24,93.33999633789062
2018-09-25,94.04000091552734
2018-09-26,92.51000213623048
2018-09-27,91.4800033569336
2018-09-28,93.56999969482422
2018-10-01,92.44000244140624
2018-10-02,93.08000183105467
2018-10-03,92.2300033569336
2018-10-04,91.77999877929688
2018-10-05,92.06999969482422
2018-10-08,94.0
2018-10-09,94.37999725341795
2018-10-10,92.76000213623048
2018-10-11,89.2699966430664
2018-10-12,89.2300033569336
2018-10-15,90.36000061035156
2018-10-16,91.9800033569336
2018-10-17,92.08000183105467
2018-10-18,91.80999755859376
2018-10-19,93.0199966430664
2018-10-22,91.43000030517578
2018-10-23,91.37000274658205
2018-10-24,93.23999786376952
2018-10-25,93.97000122070312
2018-10-26,90.36000061035156
2018-10-29,91.23999786376952
2018-10-30,92.77999877929688
2018-10-31,90.2699966430664
2018-11-01,90.26000213623048
2018-11-02,89.52999877929688
2018-11-05,90.97000122070312
2018-11-06,91.4499969482422
2018-11-07,92.29000091552734
2018-11-08,92.63999938964844
2018-11-09,92.54000091552734
2018-11-12,92.91999816894533
2018-11-13,92.72000122070312
2018-11-14,91.43000030517578
2018-11-15,90.47000122070312
2018-11-16,92.27999877929688
2018-11-19,92.5500030517578
2018-11-20,93.0999984741211
2018-11-21,93.9000015258789
2018-11-23,93.41000366210938
2018-11-26,93.51000213623048
2018-11-27,93.69000244140624
2018-11-28,93.9499969482422
2018-11-29,93.72000122070312
2018-11-30,95.16000366210938
2018-12-03,94.7300033569336
2018-12-04,92.7699966430664
2018-12-06,94.36000061035156
2018-12-07,92.93000030517578
2018-12-10,93.05999755859376
2018-12-11,93.12000274658205
2018-12-12,91.08999633789062
2018-12-13,91.76000213623048
2018-12-14,91.5
2018-12-17,88.66999816894531
2018-12-18,89.91999816894531
2018-12-19,89.76000213623047
2018-12-20,89.98999786376953
2018-12-21,89.4000015258789
2018-12-24,84.9000015258789
2018-12-26,87.27999877929688
2018-12-27,87.36000061035156
2018-12-28,87.30999755859375
2018-12-31,88.05000305175781
2019-01-02,84.27999877929688
2019-01-03,84.9000015258789
2019-01-04,84.94000244140625
2019-01-07,85.16000366210938
2019-01-08,87.23999786376953
2019-01-09,87.41999816894531
2019-01-10,88.48999786376953
2019-01-11,88.79000091552734
2019-01-14,88.55999755859375
2019-01-15,89.97000122070312
2019-01-16,91.37000274658205
2019-01-17,91.7699966430664
2019-01-18,91.93000030517578
2019-01-22,91.76000213623048
2019-01-23,92.55999755859376
2019-01-24,92.31999969482422
2019-01-25,93.5199966430664
2019-01-28,94.75
2019-01-29,96.01000213623048
2019-01-30,96.56999969482422
2019-01-31,96.9499969482422
2019-02-01,96.69000244140624
2019-02-04,97.1500015258789
2019-02-05,97.98999786376952
2019-02-06,98.16000366210938
2019-02-07,99.1500015258789
2019-02-08,98.91999816894533
2019-02-11,99.25
2019-02-12,97.94000244140624
2019-02-13,98.7699966430664
2019-02-14,98.61000061035156
2019-02-15,98.6999969482422
2019-02-19,98.8000030517578
2019-02-20,96.5
2019-02-21,97.30999755859376
2019-02-22,97.62000274658205
2019-02-25,97.4000015258789
2019-02-26,97.45999908447266
2019-02-27,97.62000274658205
2019-02-28,98.08999633789062
2019-03-01,97.66000366210938
2019-03-04,98.7699966430664
2019-03-05,99.11000061035156
2019-03-06,98.56999969482422
2019-03-07,98.52999877929688
2019-03-08,99.12000274658205
2019-03-11,100.2300033569336
2019-03-12,100.79000091552734
2019-03-13,101.11000061035156
2019-03-14,101.37999725341795
2019-03-15,100.7699966430664
2019-03-18,99.91999816894533
2019-03-19,99.73999786376952
2019-03-20,99.08000183105467
2019-03-21,99.87000274658205
2019-03-22,99.80999755859376
2019-03-25,100.06999969482422
2019-03-26,101.4800033569336
2019-03-27,101.4800033569336
2019-03-28,101.68000030517578
2019-03-29,101.5
2019-04-01,101.1500015258789
2019-04-02,102.13999938964844
2019-04-03,101.9499969482422
2019-04-04,101.77999877929688
2019-04-05,101.70999908447266
2019-04-08,101.70999908447266
2019-04-09,101.48999786376952
2019-04-10,102.5
2019-04-11,102.38999938964844
2019-04-12,102.62000274658205
2019-04-15,102.5500030517578
2019-04-16,99.91999816894533
2019-04-17,97.91999816894533
2019-04-18,98.62999725341795
2019-04-22,97.79000091552734
2019-04-23,99.06999969482422
2019-04-24,100.0
2019-04-25,99.69000244140624
2019-04-26,100.66999816894533
2019-04-29,99.22000122070312
2019-04-30,100.6500015258789
2019-05-01,100.38999938964844
2019-05-02,99.9800033569336
2019-05-03,100.83000183105467
2019-05-06,100.88999938964844
2019-05-07,99.06999969482422
2019-05-08,98.75
2019-05-09,99.8499984741211
2019-05-10,100.9800033569336
2019-05-13,100.80999755859376
2019-05-14,101.1999969482422
2019-05-15,101.55999755859376
2019-05-16,102.01000213623048
2019-05-17,102.94000244140624
2019-05-20,101.69000244140624
2019-05-21,102.6999969482422
2019-05-22,103.20999908447266
2019-05-23,103.87999725341795
2019-05-24,104.3000030517578
2019-05-28,103.95999908447266
2019-05-29,102.41999816894533
2019-05-30,102.1999969482422
2019-05-31,103.36000061035156
2019-06-03,103.54000091552734
2019-06-04,102.5500030517578
2019-06-05,105.30999755859376
2019-06-06,106.0
2019-06-07,106.20999908447266
2019-06-10,105.4800033569336
2019-06-11,105.29000091552734
2019-06-12,106.31999969482422
2019-06-13,106.27999877929688
2019-06-14,106.16000366210938
2019-06-17,107.44000244140624
2019-06-18,106.68000030517578
2019-06-19,107.04000091552734
2019-06-20,107.66999816894533
2019-06-21,106.16999816894533
2019-06-24,105.93000030517578
2019-06-25,105.80999755859376
2019-06-26,104.2699966430664
2019-06-27,103.6500015258789
2019-06-28,104.38999938964844
2019-07-01,104.77999877929688
2019-07-02,106.4800033569336
2019-07-03,107.72000122070312
2019-07-05,107.43000030517578
2019-07-08,108.3000030517578
2019-07-09,108.97000122070312
2019-07-10,110.12999725341795
2019-07-11,109.04000091552734
2019-07-12,108.70999908447266
2019-07-15,108.94000244140624
2019-07-16,108.51000213623048
2019-07-17,108.12999725341795
2019-07-18,108.27999877929688
2019-07-19,106.0999984741211
2019-07-22,105.58999633789062
2019-07-23,107.11000061035156
2019-07-24,107.04000091552734
2019-07-25,107.61000061035156
2019-07-26,105.91000366210938
2019-07-29,106.22000122070312
2019-07-30,106.08999633789062
2019-07-31,103.70999908447266
2019-08-01,103.58999633789062
2019-08-02,103.94000244140624
2019-08-05,101.73999786376952
2019-08-06,103.7300033569336
2019-08-07,103.91999816894533
2019-08-08,105.25
2019-08-09,105.77999877929688
2019-08-12,105.58999633789062
2019-08-13,105.48999786376952
2019-08-14,103.0199966430664
2019-08-15,105.06999969482422
2019-08-16,106.18000030517578
2019-08-19,107.11000061035156
2019-08-20,106.93000030517578
2019-08-21,107.58999633789062
2019-08-22,107.7300033569336
2019-08-23,106.37000274658205
2019-08-26,107.3000030517578
2019-08-27,107.30999755859376
2019-08-28,107.97000122070312
2019-08-29,108.3000030517578
2019-08-30,108.25
2019-09-03,108.86000061035156
2019-09-04,109.95999908447266
2019-09-05,109.5
2019-09-06,110.9499969482422
2019-09-09,110.33999633789062
2019-09-10,109.87999725341795
2019-09-11,109.23999786376952
2019-09-12,108.97000122070312
2019-09-13,107.77999877929688
2019-09-16,109.4800033569336
2019-09-17,110.72000122070312
2019-09-18,110.75
2019-09-19,110.37000274658205
2019-09-20,110.0
2019-09-23,110.7699966430664
2019-09-24,110.4000015258789
2019-09-25,110.79000091552734
2019-09-26,111.77999877929688
2019-09-27,110.83999633789062
2019-09-30,111.01000213623048
2019-10-01,110.56999969482422
2019-10-02,110.87999725341795
2019-10-03,111.91000366210938
2019-10-04,112.77999877929688
2019-10-07,112.54000091552734
2019-10-08,112.76000213623048
2019-10-09,113.13999938964844
2019-10-10,113.63999938964844
2019-10-11,112.81999969482422
2019-10-14,112.70999908447266
2019-10-15,111.94000244140624
2019-10-16,113.4499969482422
2019-10-17,114.08999633789062
2019-10-18,114.7300033569336
2019-10-21,114.95999908447266
2019-10-22,114.3000030517578
2019-10-23,114.4499969482422
2019-10-24,114.16999816894533
2019-10-25,113.83000183105467
2019-10-28,113.2699966430664
2019-10-29,113.4499969482422
2019-10-30,114.5999984741211
2019-10-31,114.37000274658205
2019-11-01,114.3499984741211
2019-11-04,113.5
2019-11-05,112.08999633789062
2019-11-06,112.26000213623048
2019-11-07,110.2699966430664
2019-11-08,110.12000274658205
2019-11-11,110.4000015258789
2019-11-12,109.3499984741211
2019-11-13,110.7300033569336
2019-11-14,111.45999908447266
2019-11-15,112.29000091552734
2019-11-18,112.58999633789062
2019-11-19,112.79000091552734
2019-11-20,112.66999816894533
2019-11-21,110.27999877929688
2019-11-22,109.4499969482422
2019-11-25,109.58999633789062
2019-11-26,112.08999633789062
2019-11-27,112.22000122070312
2019-11-29,111.5500030517578
2019-12-02,109.3499984741211
2019-12-03,110.26000213623048
2019-12-04,110.5999984741211
2019-12-05,110.69000244140624
2019-12-06,110.4800033569336
2019-12-09,110.48999786376952
2019-12-10,110.01000213623048
2019-12-11,108.1999969482422
2019-12-12,107.16000366210938
2019-12-13,105.25
2019-12-16,105.62999725341795
2019-12-17,104.52999877929688
2019-12-18,104.95999908447266
2019-12-19,105.41999816894533
2019-12-20,105.7699966430664
2019-12-23,104.91000366210938
2019-12-24,105.18000030517578
2019-12-26,105.05999755859376
2019-12-27,105.18000030517578
2019-12-30,105.30999755859376
2019-12-31,106.0999984741211
2020-01-02,105.05999755859376
2020-01-03,105.9000015258789
2020-01-06,106.4000015258789
2020-01-07,105.08999633789062
2020-01-08,105.30999755859376
2020-01-09,105.47000122070312
2020-01-10,106.22000122070312
2020-01-13,107.0
2020-01-14,107.13999938964844
2020-01-15,107.9499969482422
2020-01-16,109.06999969482422
2020-01-17,109.97000122070312
2020-01-21,111.41999816894533
2020-01-22,110.2300033569336
2020-01-23,111.18000030517578
2020-01-24,111.04000091552734
2020-01-27,110.56999969482422
2020-01-28,110.95999908447266
2020-01-29,110.44000244140624
2020-01-30,110.8499984741211
2020-01-31,112.43000030517578
2020-02-03,111.5999984741211
2020-02-04,112.26000213623048
2020-02-05,112.08999633789062
2020-02-06,113.0
2020-02-07,112.86000061035156
2020-02-10,114.01000213623048
2020-02-11,114.69000244140624
2020-02-12,115.98999786376952
2020-02-13,117.56999969482422
2020-02-14,118.88999938964844
2020-02-18,118.70999908447266
2020-02-19,117.80999755859376
2020-02-20,119.6999969482422
2020-02-21,120.41999816894533
2020-02-24,119.2300033569336
2020-02-25,116.5500030517578
2020-02-26,116.41999816894533
2020-02-27,110.76000213623048
2020-02-28,105.9800033569336
2020-03-02,110.29000091552734
2020-03-03,109.51000213623048
2020-03-04,115.0199966430664
2020-03-05,114.8000030517578
2020-03-06,113.9499969482422
2020-03-09,102.37000274658205
2020-03-10,102.41999816894533
2020-03-11,95.36000061035156
2020-03-12,87.5
2020-03-13,95.97000122070312
2020-03-16,78.80000305175781
2020-03-17,86.19999694824219
2020-03-18,77.13999938964844
2020-03-19,77.6500015258789
2020-03-20,71.04000091552734
2020-03-23,67.30000305175781
2020-03-24,70.2300033569336
2020-03-25,74.25
2020-03-26,81.66000366210938
2020-03-27,85.69000244140625
2020-03-30,83.33999633789062
2020-03-31,79.23999786376953
2020-04-01,74.97000122070312
2020-04-02,72.30999755859375
2020-04-03,71.94999694824219
2020-04-06,79.94000244140625
2020-04-07,80.48999786376953
2020-04-08,85.69999694824219
2020-04-09,89.08999633789062
2020-04-13,85.18000030517578
2020-04-14,87.01000213623047
2020-04-15,85.30000305175781
2020-04-16,83.81999969482422
2020-04-17,87.81999969482422
2020-04-20,83.33999633789062
2020-04-21,81.8499984741211
2020-04-22,84.26000213623047
2020-04-23,83.04000091552734
2020-04-24,83.69000244140625
2020-04-27,86.33999633789062
2020-04-28,86.41999816894531
2020-04-29,88.87999725341797
2020-04-30,88.06999969482422
2020-05-01,85.12999725341797
2020-05-04,85.86000061035156
2020-05-05,86.01000213623047
2020-05-06,84.08999633789062
2020-05-07,87.26000213623047
2020-05-08,88.45999908447266
2020-05-11,87.2699966430664
2020-05-12,84.18000030517578
2020-05-13,83.88999938964844
2020-05-14,83.22000122070312
2020-05-15,83.80000305175781
2020-05-18,90.91999816894533
2020-05-19,88.88999938964844
2020-05-20,89.43000030517578
2020-05-21,88.77999877929688
2020-05-22,88.58000183105469
2020-05-26,92.1500015258789
2020-05-27,91.44000244140624
2020-05-28,92.5500030517578
2020-05-29,91.56999969482422
2020-06-01,93.30999755859376
2020-06-02,92.70999908447266
2020-06-03,96.83999633789062
2020-06-04,95.62000274658205
2020-06-05,97.62999725341795
2020-06-08,101.55999755859376
2020-06-09,99.8000030517578
2020-06-10,96.80999755859376
2020-06-11,92.9800033569336
2020-06-12,95.30999755859376
2020-06-15,93.79000091552734
2020-06-16,96.86000061035156
2020-06-17,94.68000030517578
2020-06-18,94.31999969482422
2020-06-19,93.51000213623048
2020-06-22,92.62999725341795
2020-06-23,90.66999816894533
2020-06-24,89.0199966430664
2020-06-25,89.70999908447266
2020-06-26,88.69000244140625
2020-06-29,89.88999938964844
2020-06-30,91.22000122070312
2020-07-01,93.80999755859376
2020-07-02,93.56999969482422
2020-07-06,91.97000122070312
2020-07-07,89.70999908447266
2020-07-08,89.4800033569336
2020-07-09,88.63999938964844
2020-07-10,89.37000274658203
2020-07-13,89.79000091552734
2020-07-14,90.6999969482422
2020-07-15,91.44000244140624
2020-07-16,89.97000122070312
2020-07-17,90.70999908447266
2020-07-20,88.8499984741211
2020-07-21,88.13999938964844
2020-07-22,90.56999969482422
2020-07-23,89.93000030517578
2020-07-24,89.52999877929688
2020-07-27,89.25
2020-07-28,90.58999633789062
2020-07-29,91.29000091552734
2020-07-30,92.97000122070312
2020-07-31,90.80999755859376
2020-08-03,89.22000122070312
2020-08-04,89.36000061035156
2020-08-05,88.94999694824219
2020-08-06,89.6500015258789
2020-08-07,88.9000015258789
2020-08-10,88.87999725341797
2020-08-11,89.37000274658203
2020-08-12,90.4000015258789
2020-08-13,87.94000244140625
2020-08-14,88.18000030517578
2020-08-17,88.83999633789062
2020-08-18,88.4000015258789
2020-08-19,86.86000061035156
2020-08-20,87.76000213623047
2020-08-21,87.66000366210938
2020-08-24,88.16000366210938
2020-08-25,89.13999938964844
2020-08-26,86.7300033569336
2020-08-27,89.66999816894531
2020-08-28,91.08000183105467
2020-08-31,90.94000244140624
2020-09-01,91.0
2020-09-02,91.79000091552734
2020-09-03,92.1500015258789
2020-09-04,93.19000244140624
2020-09-08,91.04000091552734
2020-09-09,91.44000244140624
2020-09-10,90.44000244140624
2020-09-11,89.69999694824219
2020-09-14,93.1999969482422
2020-09-15,92.01000213623048
2020-09-16,92.51000213623048
2020-09-17,91.33000183105467
2020-09-18,88.97000122070312
2020-09-21,86.5999984741211
2020-09-22,88.62000274658203
2020-09-23,88.0199966430664
2020-09-24,88.22000122070312
2020-09-25,90.33999633789062
2020-09-28,90.97000122070312
2020-09-29,89.41999816894531
2020-09-30,88.9800033569336
2020-10-01,91.98999786376952
2020-10-02,94.83999633789062
2020-10-05,96.55999755859376
2020-10-06,96.87000274658205
2020-10-07,96.5
2020-10-08,98.05999755859376
2020-10-09,96.31999969482422
2020-10-12,97.12000274658205
2020-10-13,96.44000244140624
2020-10-14,95.19000244140624
2020-10-15,94.47000122070312
2020-10-16,92.18000030517578
2020-10-19,90.98999786376952
2020-10-20,91.27999877929688
2020-10-21,91.33999633789062
2020-10-22,92.1999969482422
2020-10-23,92.38999938964844
2020-10-26,90.81999969482422
2020-10-27,89.30000305175781
2020-10-28,88.18000030517578
2020-10-29,87.80000305175781
2020-10-30,92.23999786376952
2020-11-02,94.51000213623048
2020-11-03,98.37999725341795
2020-11-04,97.37999725341795
2020-11-05,97.45999908447266
2020-11-06,95.5999984741211
2020-11-09,98.5999984741211
2020-11-10,101.4000015258789
2020-11-11,100.0
2020-11-12,99.91000366210938
2020-11-13,100.30999755859376
2020-11-16,101.76000213623048
2020-11-17,101.80999755859376
2020-11-18,97.91999816894533
2020-11-19,97.8499984741211
2020-11-20,99.6999969482422
2020-11-23,98.63999938964844
2020-11-24,100.19000244140624
2020-11-25,98.62000274658205
2020-11-27,97.73999786376952
2020-11-30,98.83000183105467
2020-12-01,98.72000122070312
2020-12-02,99.20999908447266
2020-12-03,100.06999969482422
2020-12-04,100.73999786376952
2020-12-07,101.0999984741211
2020-12-08,99.41000366210938
2020-12-09,98.30999755859376
2020-12-10,95.88999938964844
2020-12-11,95.95999908447266
2020-12-14,96.5
2020-12-15,98.11000061035156
2020-12-16,98.5999984741211
2020-12-17,99.7699966430664
2020-12-18,96.4800033569336
2020-12-21,97.1999969482422
2020-12-22,98.0999984741211
2020-12-23,97.3499984741211
2020-12-24,98.6999969482422
2020-12-28,99.0999984741211
2020-12-29,98.52999877929688
2020-12-30,98.7300033569336
2020-12-31,99.91999816894533
2021-01-04,96.3000030517578
2021-01-05,95.54000091552734
2021-01-06,98.04000091552734
2021-01-07,96.79000091552734
2021-01-08,96.79000091552734
2021-01-11,96.01000213623048
2021-01-12,96.5999984741211
2021-01-13,97.08000183105467
2021-01-14,99.18000030517578
2021-01-15,100.58000183105467
2021-01-19,99.81999969482422
2021-01-20,102.63999938964844
2021-01-21,102.56999969482422
2021-01-22,102.5500030517578
2021-01-25,102.70999908447266
2021-01-26,103.5999984741211
2021-01-27,101.5999984741211
2021-01-28,102.77999877929688
2021-01-29,102.1500015258789
2021-02-01,104.88999938964844
2021-02-02,104.26000213623048
2021-02-03,103.73999786376952
2021-02-04,103.62000274658205
2021-02-05,101.8000030517578
2021-02-08,101.95999908447266
2021-02-09,101.13999938964844
2021-02-10,103.41999816894533
2021-02-11,106.0
2021-02-12,106.54000091552734
2021-02-16,106.4000015258789
2021-02-17,105.05999755859376
2021-02-18,103.8000030517578
2021-02-19,105.12999725341795
2021-02-22,104.94000244140624
2021-02-23,107.58999633789062
2021-02-24,106.76000213623048
2021-02-25,105.45999908447266
2021-02-26,104.1500015258789
2021-03-01,104.01000213623048
2021-03-02,103.77999877929688
2021-03-03,103.2300033569336
2021-03-04,100.43000030517578
2021-03-05,102.69000244140624
2021-03-08,103.0999984741211
2021-03-09,102.48999786376952
2021-03-10,103.81999969482422
2021-03-11,104.0500030517578
2021-03-12,106.61000061035156
2021-03-15,110.29000091552734
2021-03-16,109.6999969482422
2021-03-17,109.4499969482422
2021-03-18,110.72000122070312
2021-03-19,107.0199966430664
2021-03-22,108.19000244140624
2021-03-23,108.91000366210938
2021-03-24,109.61000061035156
2021-03-25,110.08999633789062
2021-03-26,113.0500030517578
2021-03-29,111.29000091552734
2021-03-30,111.08000183105467
2021-03-31,109.91000366210938
2021-04-01,111.26000213623048
2021-04-05,110.79000091552734
2021-04-06,111.3000030517578
2021-04-07,112.97000122070312
2021-04-08,111.62000274658205
2021-04-09,112.33000183105467
2021-04-12,112.22000122070312
2021-04-13,113.69000244140624
2021-04-14,113.56999969482422
2021-04-15,115.12999725341795
2021-04-16,116.0500030517578
2021-04-19,117.12000274658205
2021-04-20,119.48999786376952
2021-04-21,120.6500015258789
2021-04-22,119.7699966430664
2021-04-23,118.70999908447266
2021-04-26,119.41000366210938
2021-04-27,119.61000061035156
2021-04-28,118.7699966430664
2021-04-29,120.0500030517578
2021-04-30,120.4800033569336
2021-05-03,119.98999786376952
2021-05-04,119.30999755859376
2021-05-05,118.0199966430664
2021-05-06,120.95999908447266
2021-05-07,122.69000244140624
2021-05-10,123.2699966430664
2021-05-11,122.58000183105467
2021-05-12,119.66999816894533
2021-05-13,122.0
2021-05-14,122.2699966430664
2021-05-17,123.0999984741211
2021-05-18,122.52999877929688
2021-05-19,121.77999877929688
2021-05-20,123.06999969482422
2021-05-21,122.91000366210938
2021-05-24,124.62999725341795
2021-05-25,125.3000030517578
2021-05-26,125.76000213623048
2021-05-27,124.58000183105467
2021-05-28,125.37999725341795
2021-06-01,127.7300033569336
2021-06-02,129.89999389648438
2021-06-03,129.14999389648438
2021-06-04,129.17999267578125
2021-06-07,129.9600067138672
2021-06-08,132.02999877929688
2021-06-09,132.8300018310547
2021-06-10,135.0399932861328
2021-06-11,135.25999450683594
2021-06-14,135.19000244140625
2021-06-15,134.44000244140625
2021-06-16,133.6699981689453
2021-06-17,134.5
2021-06-18,132.61000061035156
2021-06-21,135.44000244140625
2021-06-22,134.97999572753906
2021-06-23,135.2899932861328
2021-06-24,134.97999572753906
2021-06-25,135.22000122070312
2021-06-28,134.77999877929688
2021-06-29,133.9499969482422
2021-06-30,132.6699981689453
2021-07-01,133.49000549316406
2021-07-02,134.22999572753906
2021-07-06,136.82000732421875
2021-07-07,137.36000061035156
2021-07-08,138.8300018310547
2021-07-09,141.17999267578125
2021-07-12,142.14999389648438
2021-07-13,140.91000366210938
2021-07-14,141.97999572753906
2021-07-15,143.0399932861328
2021-07-16,144.02000427246094
2021-07-19,142.9199981689453
2021-07-20,146.7899932861328
2021-07-21,146.39999389648438
2021-07-22,145.9499969482422
2021-07-23,147.22999572753906
2021-07-26,146.32000732421875
2021-07-27,146.83999633789062
2021-07-28,146.0800018310547
2021-07-29,148.75
2021-07-30,149.38999938964844
2021-08-02,150.1199951171875
2021-08-03,148.3699951171875
2021-08-04,147.99000549316406
2021-08-05,149.07000732421875
2021-08-06,147.8699951171875
2021-08-09,146.05999755859375
2021-08-10,143.13999938964844
2021-08-11,144.2899932861328
2021-08-12,145.02000427246094
2021-08-13,146.0
2021-08-16,146.8800048828125
2021-08-17,146.6699981689453
2021-08-18,146.25
2021-08-19,146.9600067138672
2021-08-20,146.6999969482422
2021-08-23,144.58999633789062
2021-08-24,142.5
2021-08-25,144.22000122070312
2021-08-26,145.7100067138672
2021-08-27,146.75999450683594
2021-08-30,148.7899932861328
2021-08-31,150.0399932861328
2021-09-01,152.50999450683594
2021-09-02,153.0
2021-09-03,153.44000244140625
2021-09-07,150.47000122070312
2021-09-08,153.13999938964844
2021-09-09,150.52000427246094
2021-09-10,149.8300018310547
2021-09-13,150.38999938964844
2021-09-14,151.1300048828125
2021-09-15,151.11000061035156
2021-09-16,150.5500030517578
2021-09-17,148.35000610351562
2021-09-20,148.69000244140625
2021-09-21,150.14999389648438
2021-09-22,150.75
2021-09-23,151.10000610351562
2021-09-24,149.75
2021-09-27,147.22999572753906
2021-09-28,148.0800018310547
2021-09-29,150.08999633789062
2021-09-30,147.47000122070312
2021-10-01,149.5399932861328
2021-10-04,151.3300018310547
2021-10-05,151.39999389648438
2021-10-06,152.80999755859375
2021-10-07,152.10000610351562
2021-10-08,150.80999755859375
2021-10-11,151.07000732421875
2021-10-12,154.19000244140625
2021-10-13,156.75
2021-10-14,158.47999572753906
2021-10-15,156.91000366210938
2021-10-18,158.92999267578125
2021-10-19,156.0
2021-10-20,157.97000122070312
2021-10-21,158.3300018310547
2021-10-22,159.0500030517578
2021-10-25,157.89999389648438
2021-10-26,159.27999877929688
2021-10-27,159.44000244140625
2021-10-28,162.85000610351562
2021-10-29,163.10000610351562
2021-11-01,161.5399932861328
2021-11-02,161.57000732421875
2021-11-03,163.32000732421875
2021-11-04,160.52000427246094
2021-11-05,161.3800048828125
2021-11-08,161.86000061035156
2021-11-09,162.9499969482422
2021-11-10,164.60000610351562
2021-11-11,166.3699951171875
2021-11-12,165.64999389648438
2021-11-15,167.92999267578125
2021-11-16,165.05999755859375
2021-11-17,166.5
2021-11-18,165.75999450683594
2021-11-19,166.25
2021-11-22,166.47000122070312
2021-11-23,167.5800018310547
2021-11-24,170.69000244140625
2021-11-26,166.97999572753906
2021-11-29,168.85000610351562
2021-11-30,165.2100067138672
2021-12-01,162.5500030517578
2021-12-02,168.27000427246094
2021-12-03,167.27999877929688
2021-12-06,169.83999633789062
2021-12-07,171.33999633789062
2021-12-08,173.6199951171875
2021-12-09,171.63999938964844
2021-12-10,173.69000244140625
2021-12-13,175.75
2021-12-14,173.47000122070312
2021-12-15,176.88999938964844
2021-12-16,174.49000549316406
2021-12-17,171.61000061035156
2021-12-20,171.9499969482422
2021-12-21,172.5
2021-12-22,174.4600067138672
2021-12-23,173.49000549316406
2021-12-27,176.55999755859375
2021-12-28,176.7899932861328
2021-12-29,177.66000366210938
2021-12-30,178.17999267578125
2021-12-31,178.67999267578125
2022-01-03,176.4499969482422
2022-01-04,176.32000732421875
2022-01-05,172.8699951171875
2022-01-06,170.9600067138672
2022-01-07,166.88999938964844
2022-01-10,165.49000549316406
2022-01-11,165.66000366210938
2022-01-12,168.74000549316406
2022-01-13,168.67999267578125
2022-01-14,165.58999633789062
2022-01-18,164.6699981689453
2022-01-19,162.5
2022-01-20,158.5
2022-01-21,157.67999267578125
2022-01-24,157.99000549316406
2022-01-25,155.75999450683594
2022-01-26,154.4600067138672
2022-01-27,150.50999450683594
2022-01-28,158.3300018310547
2022-01-31,160.08999633789062
2022-02-01,159.5
2022-02-02,163.1199951171875
2022-02-03,165.2100067138672
2022-02-04,166.24000549316406
2022-02-07,162.1999969482422
2022-02-08,162.2100067138672
2022-02-09,167.83999633789062
2022-02-10,164.16000366210938
2022-02-11,165.94000244140625
2022-02-14,162.02999877929688
2022-02-15,162.6300048828125
2022-02-16,163.77000427246094
2022-02-17,161.8300018310547
2022-02-18,161.89999389648438
2022-02-22,163.4199981689453
2022-02-23,162.1199951171875
2022-02-24,162.94000244140625
2022-02-25,168.08999633789062
2022-02-28,165.11000061035156
2022-03-01,163.8000030517578
2022-03-02,167.11000061035156
2022-03-03,168.08999633789062
2022-03-04,172.3699951171875
2022-03-07,170.17999267578125
2022-03-08,167.4600067138672
2022-03-09,168.99000549316406
2022-03-10,168.9199981689453
2022-03-11,166.1699981689453
2022-03-14,164.58999633789062
2022-03-15,165.75
2022-03-16,166.66000366210938
2022-03-17,167.77000427246094
2022-03-18,164.75
2022-03-21,164.94000244140625
2022-03-22,162.6699981689453
2022-03-23,162.6699981689453
2022-03-24,163.80999755859375
2022-03-25,164.75
2022-03-28,168.8300018310547
2022-03-29,171.3300018310547
2022-03-30,169.61000061035156
2022-03-31,166.1999969482422
2022-04-01,171.60000610351562
2022-04-04,168.99000549316406
2022-04-05,169.91000366210938
2022-04-06,175.2100067138672
2022-04-07,172.61000061035156
2022-04-08,168.2100067138672
2022-04-11,165.74000549316406
2022-04-12,165.22000122070312
2022-04-13,165.0500030517578
2022-04-14,164.6199951171875
2022-04-18,163.0800018310547
2022-04-19,165.74000549316406
2022-04-20,169.02999877929688
2022-04-21,170.6300048828125
2022-04-22,167.07000732421875
2022-04-25,164.1999969482422
2022-04-26,162.92999267578125
2022-04-27,161.7100067138672
2022-04-28,162.14999389648438
2022-04-29,156.88999938964844
2022-05-02,150.36000061035156
2022-05-03,152.61000061035156
2022-05-04,152.7899932861328
2022-05-05,150.5500030517578
2022-05-06,148.80999755859375
2022-05-09,143.3699951171875
2022-05-10,141.55999755859375
2022-05-11,143.5
2022-05-12,144.22000122070312
2022-05-13,145.99000549316406
2022-05-16,144.2100067138672
2022-05-17,143.1699981689453
2022-05-18,138.24000549316406
2022-05-19,138.0
2022-05-20,138.63999938964844
2022-05-23,140.83999633789062
2022-05-24,141.22999572753906
2022-05-25,141.60000610351562
2022-05-26,141.89999389648438
2022-05-27,144.97999572753906
2022-05-31,143.49000549316406
2022-06-01,143.55999755859375
2022-06-02,144.66000366210938
2022-06-03,143.55999755859375
2022-06-06,139.83999633789062
2022-06-07,142.6300048828125
2022-06-08,139.36000061035156
2022-06-09,134.91000366210938
2022-06-10,133.19000244140625
2022-06-13,126.5
2022-06-14,126.0
2022-06-15,128.5500030517578
2022-06-16,127.58000183105467
2022-06-17,128.5800018310547
2022-06-21,130.3699951171875
2022-06-22,131.88999938964844
2022-06-23,134.61000061035156
2022-06-24,135.11000061035156
2022-06-27,135.5500030517578
2022-06-28,134.77999877929688
2022-06-29,133.9199981689453
2022-06-30,134.47999572753906
2022-07-01,136.05999755859375
2022-07-05,133.91000366210938
2022-07-06,134.72999572753906
2022-07-07,134.16000366210938
2022-07-08,132.74000549316406
2022-07-11,132.7899932861328
2022-07-12,132.55999755859375
2022-07-13,132.35000610351562
2022-07-14,130.5
2022-07-15,132.0800018310547
2022-07-18,131.13999938964844
2022-07-19,133.8300018310547
2022-07-20,133.92999267578125
2022-07-21,134.5800018310547
2022-07-22,135.83999633789062
2022-07-25,135.85000610351562
2022-07-26,135.0
2022-07-27,135.80999755859375
2022-07-28,141.3300018310547
2022-07-29,141.10000610351562
2022-08-01,138.9199981689453
2022-08-02,137.07000732421875
2022-08-03,136.3000030517578
2022-08-04,137.11000061035156
2022-08-05,137.27999877929688
2022-08-08,137.99000549316406
2022-08-09,140.91000366210938
2022-08-10,143.35000610351562
2022-08-11,143.36000061035156
2022-08-12,145.72000122070312
2022-08-15,146.22999572753906
2022-08-16,146.7100067138672
2022-08-17,146.55999755859375
2022-08-18,143.82000732421875
2022-08-19,142.3000030517578
2022-08-22,139.1999969482422
2022-08-23,136.0399932861328
2022-08-24,136.72000122070312
2022-08-25,138.19000244140625
2022-08-26,134.6999969482422
2022-08-29,132.49000549316406
2022-08-30,130.38999938964844
2022-08-31,128.50999450683594
2022-09-01,129.10000610351562
2022-09-02,126.69000244140624
2022-09-06,130.08999633789062
2022-09-07,130.92999267578125
2022-09-08,133.13999938964844
2022-09-09,134.83999633789062
2022-09-12,135.05999755859375
2022-09-13,132.32000732421875
2022-09-14,130.75999450683594
2022-09-15,129.1300048828125
2022-09-16,129.0
2022-09-19,127.88999938964844
2022-09-20,124.11000061035156
2022-09-21,122.4499969482422
2022-09-22,122.7699966430664
2022-09-23,121.9499969482422
2022-09-26,118.72000122070312
2022-09-27,117.31999969482422
2022-09-28,120.36000061035156
2022-09-29,118.22000122070312
2022-09-30,119.4499969482422
2022-10-03,122.12000274658205
2022-10-04,123.13999938964844
2022-10-05,119.41999816894533
2022-10-06,116.37000274658205
2022-10-07,113.0
2022-10-10,111.9800033569336
2022-10-11,113.45999908447266
2022-10-12,112.13999938964844
2022-10-13,114.41000366210938
2022-10-14,110.68000030517578
2022-10-17,115.41000366210938
2022-10-18,115.45999908447266
2022-10-19,112.7300033569336
2022-10-20,112.2699966430664
2022-10-21,113.88999938964844
2022-10-24,113.0
2022-10-25,116.7699966430664
2022-10-26,115.05999755859376
2022-10-27,114.9000015258789
2022-10-28,114.9800033569336
2022-10-31,115.5500030517578
2022-11-01,115.4000015258789
2022-11-02,111.88999938964844
2022-11-03,110.08000183105467
2022-11-04,111.5
2022-11-07,109.63999938964844
2022-11-08,109.8499984741211
2022-11-09,109.37000274658205
2022-11-10,116.1999969482422
2022-11-11,115.2300033569336
2022-11-14,111.87000274658205
2022-11-15,114.62999725341795
2022-11-16,114.30999755859376
2022-11-17,113.5199966430664
2022-11-18,114.81999969482422
2022-11-21,116.25
2022-11-22,116.83000183105467
2022-11-23,117.37999725341795
2022-11-25,118.12999725341795
2022-11-28,115.20999908447266
2022-11-29,117.75
2022-11-30,120.33000183105467
2022-12-01,119.48999786376952
2022-12-02,119.87999725341795
2022-12-05,116.38999938964844
2022-12-06,114.62999725341795
2022-12-07,114.27999877929688
2022-12-08,116.20999908447266
2022-12-09,116.0
2022-12-12,116.29000091552734
2022-12-13,118.44000244140624
2022-12-14,116.77999877929688
2022-12-15,114.7300033569336
2022-12-16,112.1999969482422
2022-12-19,110.38999938964844
2022-12-20,109.8000030517578
2022-12-21,110.5199966430664
2022-12-22,110.16000366210938
2022-12-23,111.30999755859376
2022-12-27,111.51000213623048
2022-12-28,109.86000061035156
2022-12-29,112.94000244140624
2022-12-30,111.87999725341795
2023-01-03,110.68000030517578
2023-01-04,112.75
2023-01-05,109.66999816894533
2023-01-06,114.0
2023-01-09,113.01000213623048
2023-01-10,113.38999938964844
2023-01-11,118.27999877929688
2023-01-12,118.33000183105467
2023-01-13,117.9499969482422
2023-01-17,117.73999786376952
2023-01-18,115.26000213623048
2023-01-19,114.54000091552734
2023-01-20,114.68000030517578
2023-01-23,114.87000274658205
2023-01-24,118.02999877929688
2023-01-25,119.2699966430664
2023-01-26,119.8499984741211
2023-01-27,121.6500015258789
2023-01-30,119.77999877929688
2023-01-31,123.20999908447266
2023-02-01,123.75
2023-02-02,126.30999755859376
2023-02-03,121.73999786376952
2023-02-06,122.44000244140624
2023-02-07,123.66000366210938
2023-02-08,123.94000244140624
2023-02-09,122.08999633789062
2023-02-10,122.81999969482422
2023-02-13,123.19000244140624
2023-02-14,122.25
2023-02-15,121.47000122070312
2023-02-16,120.0500030517578
2023-02-17,120.0500030517578
2023-02-21,118.0500030517578
2023-02-22,117.55999755859376
2023-02-23,118.06999969482422
2023-02-24,116.43000030517578
2023-02-27,114.83000183105467
2023-02-28,114.76000213623048
2023-03-01,111.95999908447266
2023-03-02,114.0
2023-03-03,116.12999725341795
2023-03-06,117.19000244140624
2023-03-07,112.0199966430664
2023-03-08,113.37999725341795
2023-03-09,110.79000091552734
2023-03-10,106.91000366210938
2023-03-13,108.55999755859376
2023-03-14,108.18000030517578
2023-03-15,107.16999816894533
2023-03-16,105.13999938964844
2023-03-17,101.72000122070312
2023-03-20,103.33999633789062
2023-03-21,102.19000244140624
2023-03-22,99.61000061035156
2023-03-23,98.6500015258789
2023-03-24,99.88999938964844
2023-03-27,100.0
2023-03-28,100.51000213623048
2023-03-29,102.63999938964844
2023-03-30,103.20999908447266
2023-03-31,104.83999633789062
2023-04-03,103.8000030517578
2023-04-04,103.58000183105467
2023-04-05,103.48999786376952
2023-04-06,104.55999755859376
2023-04-10,104.8000030517578
2023-04-11,104.5500030517578
2023-04-12,103.91000366210938
2023-04-13,104.0999984741211
2023-04-14,103.44000244140624
2023-04-17,106.56999969482422
2023-04-18,105.9499969482422
2023-04-19,106.91000366210938
2023-04-20,106.37999725341795
2023-04-21,106.79000091552734
2023-04-24,106.2699966430664
2023-04-25,104.86000061035156
2023-04-26,104.02999877929688
2023-04-27,106.52999877929688
2023-04-28,110.0500030517578
2023-05-01,111.2699966430664
2023-05-02,109.30999755859376
2023-05-03,109.19000244140624
2023-05-04,108.77999877929688
2023-05-05,110.3499984741211
2023-05-08,110.86000061035156
2023-05-09,110.56999969482422
2023-05-10,110.58999633789062
2023-05-11,110.88999938964844
2023-05-12,110.5
2023-05-15,108.83999633789062
2023-05-16,106.0999984741211
2023-05-17,106.77999877929688
2023-05-18,106.9499969482422
2023-05-19,106.5
2023-05-22,106.2699966430664
2023-05-23,105.87000274658205
2023-05-24,103.70999908447266
2023-05-25,102.94000244140624
2023-05-26,103.91999816894533
2023-05-30,104.16999816894533
2023-05-31,104.47000122070312
2023-06-01,104.62000274658205
2023-06-02,107.62000274658205
2023-06-05,108.66999816894533
2023-06-06,109.8499984741211
2023-06-07,113.25
2023-06-08,113.27999877929688
2023-06-09,113.23999786376952
2023-06-12,111.9499969482422
2023-06-13,112.52999877929688
2023-06-14,111.76000213623048
2023-06-15,112.13999938964844
2023-06-16,113.11000061035156
2023-06-20,111.58000183105467
2023-06-21,110.9499969482422
2023-06-22,108.27999877929688
2023-06-23,105.86000061035156
2023-06-26,108.73999786376952
2023-06-27,109.73999786376952
2023-06-28,108.0199966430664
2023-06-29,108.61000061035156
2023-06-30,108.87000274658205
2023-07-03,110.12000274658205
2023-07-05,109.52999877929688
2023-07-06,109.98999786376952
2023-07-07,108.77999877929688
2023-07-10,109.16999816894533
2023-07-11,110.94000244140624
2023-07-12,111.18000030517578
2023-07-13,111.93000030517578
2023-07-14,111.9499969482422
2023-07-17,110.75
2023-07-18,110.62000274658205
2023-07-19,111.38999938964844
2023-07-20,112.12000274658205
2023-07-21,112.9000015258789
2023-07-24,112.83000183105467
2023-07-25,110.80999755859376
2023-07-26,111.8499984741211
2023-07-27,108.79000091552734
2023-07-28,108.51000213623048
2023-07-31,109.08999633789062
2023-08-01,108.41000366210938
2023-08-02,107.19000244140624
2023-08-03,106.48999786376952
2023-08-04,108.54000091552734
2023-08-07,109.9000015258789
2023-08-08,108.62000274658205
2023-08-09,108.63999938964844
2023-08-10,107.6999969482422
2023-08-11,107.86000061035156
2023-08-14,106.08000183105467
2023-08-15,106.0199966430664
2023-08-16,105.94000244140624
2023-08-17,106.33999633789062
2023-08-18,106.19000244140624
2023-08-21,105.12000274658205
2023-08-22,105.11000061035156
2023-08-23,106.5999984741211
2023-08-24,106.62000274658205
2023-08-25,107.16000366210938
2023-08-28,107.87999725341795
2023-08-29,108.3000030517578
2023-08-30,108.31999969482422
2023-08-31,107.62000274658205
2023-09-01,106.73999786376952
2023-09-05,105.2699966430664
2023-09-06,104.76000213623048
2023-09-07,103.98999786376952
2023-09-08,102.98999786376952
2023-09-11,101.75
2023-09-12,103.45999908447266
2023-09-13,102.06999969482422
2023-09-14,103.41999816894533
2023-09-15,102.87000274658205
2023-09-18,101.9499969482422
2023-09-19,101.97000122070312
2023-09-20,102.1999969482422
2023-09-21,99.20999908447266
2023-09-22,97.9499969482422
2023-09-25,97.6999969482422
2023-09-26,96.4000015258789
2023-09-27,94.87999725341795
2023-09-28,94.62000274658205
2023-09-29,94.58000183105467
2023-10-02,93.0500030517578
2023-10-03,92.51000213623048
2023-10-04,93.70999908447266
2023-10-05,94.22000122070312
2023-10-06,95.79000091552734
2023-10-09,97.41999816894533
2023-10-10,96.30999755859376
2023-10-11,97.41999816894533
2023-10-12,96.58999633789062
2023-10-13,96.47000122070312
2023-10-16,96.86000061035156
2023-10-17,97.58000183105467
2023-10-18,95.33999633789062
2023-10-19,94.04000091552734
2023-10-20,92.8499984741211
2023-10-23,91.83000183105467
2023-10-24,93.69000244140624
2023-10-25,91.48999786376952
2023-10-26,89.87000274658203
2023-10-27,83.9800033569336
2023-10-30,83.93000030517578
2023-10-31,84.87999725341797
2023-11-01,84.68000030517578
2023-11-02,87.58000183105469
2023-11-03,90.56999969482422
2023-11-06,88.01000213623047
2023-11-07,86.63999938964844
2023-11-08,87.87999725341797
2023-11-09,87.11000061035156
2023-11-10,88.44000244140625
2023-11-13,86.6500015258789
2023-11-14,89.9800033569336
2023-11-15,88.88999938964844
2023-11-16,87.56999969482422
2023-11-17,87.3499984741211
2023-11-20,88.5999984741211
2023-11-21,87.69999694824219
2023-11-22,88.41999816894531
2023-11-24,88.7300033569336
2023-11-27,88.33999633789062
2023-11-28,89.4000015258789
2023-11-29,89.75
2023-11-30,90.26000213623048
2023-12-01,92.62000274658205
2023-12-04,93.04000091552734
2023-12-05,93.04000091552734
2023-12-06,93.38999938964844
2023-12-07,93.4000015258789
2023-12-08,93.6500015258789
2023-12-11,93.41999816894533
2023-12-12,94.0999984741211
2023-12-13,98.11000061035156
2023-12-14,101.61000061035156
2023-12-15,98.9499969482422
2023-12-18,99.44000244140624
2023-12-19,98.47000122070312
2023-12-20,96.79000091552734
2023-12-21,97.23999786376952
2023-12-22,97.79000091552734
2023-12-26,98.45999908447266
2023-12-27,98.87999725341795
2023-12-28,100.43000030517578
2023-12-29,99.29000091552734
2024-01-02,100.37999725341795
2024-01-03,97.80999755859376
2024-01-04,97.80999755859376
2024-01-05,98.19000244140624
2024-01-08,99.25
2024-01-09,98.0999984741211
2024-01-10,98.52999877929688
2024-01-11,99.22000122070312
2024-01-12,99.22000122070312
2024-01-16,99.51000213623048
2024-01-17,96.58000183105467
2024-01-18,95.76000213623048
2024-01-19,98.73999786376952
2024-01-22,99.18000030517578
2024-01-23,98.36000061035156
2024-01-24,97.58000183105467
2024-01-25,95.86000061035156
2024-01-26,95.75
2024-01-29,96.29000091552734
2024-01-30,95.05999755859376
2024-01-31,93.83999633789062
2024-02-01,95.5500030517578
2024-02-02,96.56999969482422
2024-02-05,93.87999725341795
2024-02-06,95.31999969482422
2024-02-07,94.69000244140624
2024-02-08,93.9499969482422
2024-02-09,93.45999908447266
2024-02-12,94.19000244140624
2024-02-13,91.88999938964844
2024-02-14,93.83999633789062
2024-02-15,97.37000274658205
2024-02-16,96.16000366210938
2024-02-20,94.48999786376952
2024-02-21,95.41000366210938
2024-02-22,94.76000213623048
2024-02-23,94.8499984741211
2024-02-26,92.58000183105467
2024-02-27,93.2300033569336
2024-02-28,93.7699966430664
2024-02-29,94.4800033569336
2024-03-01,95.8000030517578
2024-03-04,96.73999786376952
2024-03-05,96.69000244140624
2024-03-06,98.2699966430664
2024-03-07,98.73999786376952
2024-03-08,101.16999816894533
2024-03-11,99.9800033569336
2024-03-12,98.19000244140624
2024-03-13,99.02999877929688
2024-03-14,97.91999816894533
2024-03-15,98.48999786376952
2024-03-18,97.45999908447266
2024-03-19,97.08000183105467
2024-03-20,98.36000061035156
2024-03-21,99.6999969482422
2024-03-22,98.22000122070312
2024-03-25,97.5
2024-03-26,96.3000030517578
2024-03-27,97.16000366210938
2024-03-28,98.4000015258789
2024-04-01,96.41999816894533
2024-04-02,95.6500015258789
2024-04-03,95.87999725341795
2024-04-04,95.87000274658205
2024-04-05,96.62000274658205
2024-04-08,102.12999725341795
2024-04-09,103.58000183105467
2024-04-10,100.8000030517578
2024-04-11,99.94000244140624
2024-04-12,97.94000244140624
2024-04-15,96.62000274658205
2024-04-16,95.0500030517578
2024-04-17,95.31999969482422
2024-04-18,95.29000091552734
2024-04-19,96.29000091552734
2024-04-22,98.06999969482422
2024-04-23,98.5999984741211
2024-04-24,98.86000061035156
2024-04-25,98.20999908447266
2024-04-26,99.62000274658205
2024-04-29,100.27999877929688
2024-04-30,99.68000030517578
2024-05-01,98.5500030517578
2024-05-02,100.52999877929688
2024-05-03,105.08000183105467
2024-05-06,105.9800033569336
2024-05-07,105.98999786376952
2024-05-08,104.16999816894533
2024-05-09,106.83000183105467
2024-05-10,106.63999938964844
2024-05-13,106.73999786376952
2024-05-14,106.91000366210938
2024-05-15,108.01000213623048
2024-05-16,106.5199966430664
2024-05-17,106.5
2024-05-20,105.56999969482422
2024-05-21,105.91999816894533
2024-05-22,105.36000061035156
2024-05-23,104.01000213623048
2024-05-24,103.5999984741211
2024-05-28,101.51000213623048
2024-05-29,99.4000015258789
2024-05-30,101.01000213623048
2024-05-31,102.6500015258789
2024-06-03,103.63999938964844
2024-06-04,106.37999725341795
2024-06-05,107.23999786376952
2024-06-06,106.9800033569336
2024-06-07,106.69000244140624
2024-06-10,107.52999877929688
2024-06-11,106.1999969482422
2024-06-12,107.4000015258789
2024-06-13,106.98999786376952
2024-06-14,108.04000091552734
2024-06-17,108.5
2024-06-18,109.62000274658205
2024-06-20,109.37000274658205
2024-06-21,109.6999969482422
2024-06-24,111.0999984741211
2024-06-25,109.91999816894533
2024-06-26,108.68000030517578
2024-06-27,109.73999786376952
2024-06-28,109.11000061035156
2024-07-01,109.19000244140624
2024-07-02,108.93000030517578
2024-07-03,107.5
2024-07-05,107.72000122070312
2024-07-08,108.02999877929688
2024-07-09,108.01000213623048
2024-07-10,108.9800033569336
2024-07-11,109.19000244140624
2024-07-12,108.6500015258789
2024-07-15,109.29000091552734
2024-07-16,111.2300033569336
2024-07-17,112.95999908447266
2024-07-18,112.97000122070312
2024-07-19,112.6500015258789
2024-07-22,113.47000122070312
2024-07-23,113.0
2024-07-24,113.08000183105467
2024-07-25,110.91000366210938
2024-07-26,113.01000213623048
2024-07-29,113.44000244140624
2024-07-30,111.79000091552734
2024-07-31,110.75
2024-08-01,115.06999969482422
2024-08-02,118.1999969482422
2024-08-05,114.95999908447266
2024-08-06,117.22000122070312
2024-08-07,117.9000015258789
2024-08-08,118.79000091552734
2024-08-09,119.33000183105467
2024-08-12,119.54000091552734
2024-08-13,119.58000183105467
2024-08-14,119.81999969482422
2024-08-15,119.80999755859376
2024-08-16,119.63999938964844
2024-08-19,119.41000366210938
2024-08-20,119.8499984741211
2024-08-21,120.2300033569336
2024-08-22,120.98999786376952
2024-08-23,122.5999984741211
2024-08-26,122.91000366210938
2024-08-27,123.91999816894533
2024-08-28,124.7300033569336
2024-08-29,123.9499969482422
2024-08-30,125.1999969482422
2024-09-03,126.5999984741211
2024-09-04,125.41999816894533
2024-09-05,124.12999725341795
2024-09-06,122.16999816894533
2024-09-09,121.31999969482422
2024-09-10,123.16999816894533
2024-09-11,122.52999877929688
2024-09-12,123.0999984741211
2024-09-13,125.5999984741211
2024-09-16,124.93000030517578
2024-09-17,123.98999786376952
2024-09-18,125.25
2024-09-19,126.66000366210938
2024-09-20,125.20999908447266
2024-09-23,126.87999725341795
2024-09-24,126.51000213623048
2024-09-25,126.16000366210938
2024-09-26,124.37000274658205
2024-09-27,123.70999908447266
2024-09-30,123.52999877929688
2024-10-01,122.5999984741211
2024-10-02,122.31999969482422
2024-10-03,120.77999877929688
2024-10-04,120.86000061035156
2024-10-07,119.6500015258789
2024-10-08,119.98999786376952
2024-10-09,120.1999969482422
2024-10-10,118.79000091552734
2024-10-11,119.30999755859376
2024-10-14,119.6500015258789
2024-10-15,119.66999816894533
2024-10-16,120.8499984741211
2024-10-17,119.30999755859376
2024-10-18,120.73999786376952
2024-10-21,118.06999969482422
2024-10-22,119.23999786376952
2024-10-23,120.62999725341795
2024-10-24,120.3499984741211
2024-10-25,118.29000091552734
2024-10-28,118.6999969482422
2024-10-29,117.41999816894533
2024-10-30,117.36000061035156
2024-10-31,115.79000091552734
2024-11-01,113.7300033569336
2024-11-04,115.91000366210938
2024-11-05,118.0
2024-11-06,117.44000244140624
2024-11-07,118.58999633789062
2024-11-08,121.73999786376952
2024-11-11,121.9499969482422
2024-11-12,120.8000030517578
2024-11-13,123.27999877929688
2024-11-14,120.3499984741211
2024-11-15,119.7699966430664
2024-11-18,119.88999938964844
2024-11-19,121.29000091552734
2024-11-20,120.55999755859376
2024-11-21,121.98999786376952
2024-11-22,122.9000015258789
2024-11-25,123.91999816894533
2024-11-26,125.76000213623048
2024-11-27,127.02999877929688
2024-11-29,125.8000030517578
2024-12-02,123.9499969482422
2024-12-03,122.61000061035156
2024-12-04,122.13999938964844
2024-12-05,121.47000122070312
2024-12-06,121.9000015258789
2024-12-09,122.7699966430664
2024-12-10,121.93000030517578
2024-12-11,120.45999908447266
2024-12-12,120.9499969482422
2024-12-13,120.16999816894533
2024-12-16,120.36000061035156
2024-12-17,118.58999633789062
2024-12-18,113.3499984741211
2024-12-19,112.5199966430664
2024-12-20,114.91000366210938
2024-12-23,115.25
2024-12-24,116.43000030517578
2024-12-26,116.4000015258789
2024-12-27,115.2300033569336
2024-12-30,114.7699966430664
2024-12-31,116.04000091552734
2025-01-02,114.68000030517578
2025-01-03,117.06999969482422
2025-01-06,113.45999908447266
2025-01-07,110.30999755859376
2025-01-08,111.04000091552734
2025-01-10,109.16000366210938
2025-01-13,111.66000366210938
2025-01-14,112.5199966430664
2025-01-15,111.83999633789062
2025-01-16,112.6500015258789
2025-01-17,112.5999984741211
2025-01-21,112.7699966430664
2025-01-22,110.9800033569336
2025-01-23,110.01000213623048
2025-01-24,110.63999938964844
2025-01-27,113.9800033569336
2025-01-28,112.58999633789062
2025-01-29,110.58000183105467
2025-01-30,113.1999969482422
2025-01-31,113.70999908447266
2025-02-03,113.5
2025-02-04,114.26000213623048
2025-02-05,116.2699966430664
2025-02-06,117.6999969482422
2025-02-07,119.16000366210938
2025-02-10,119.33999633789062
2025-02-11,119.83000183105467
2025-02-12,118.4000015258789
2025-02-13,119.16000366210938
2025-02-14,119.06999969482422
2025-02-18,119.37000274658205
2025-02-19,118.9000015258789
2025-02-20,120.83999633789062
2025-02-21,119.88999938964844
2025-02-24,121.18000030517578
2025-02-25,122.04000091552734
2025-02-26,121.0999984741211
2025-02-27,123.2300033569336
2025-02-28,124.05999755859376
2025-03-03,125.52999877929688
2025-03-04,123.23999786376952
2025-03-05,124.41999816894533
2025-03-06,121.81999969482422
2025-03-07,121.48999786376952
2025-03-10,122.02999877929688
2025-03-11,120.4800033569336
2025-03-12,118.4000015258789
2025-03-13,116.75
2025-03-14,118.08999633789062
2025-03-17,120.12999725341795
2025-03-18,119.58999633789062
2025-03-19,119.83999633789062
2025-03-20,120.0500030517578
2025-03-21,119.20999908447266
2025-03-24,121.62999725341795
2025-03-25,121.2300033569336
2025-03-26,122.20999908447266
2025-03-27,121.94000244140624
2025-03-28,122.3000030517578
2025-03-31,122.3000030517578
2025-04-01,121.91999816894533
2025-04-02,122.8000030517578
2025-04-03,118.88999938964844
2025-04-04,110.43000030517578
2025-04-07,108.0500030517578
2025-04-08,106.52999877929688
2025-04-09,111.70999908447266
2025-04-10,108.05999755859376
2025-04-11,107.93000030517578
2025-04-14,111.18000030517578
2025-04-15,111.33999633789062
2025-04-16,110.1999969482422
2025-04-17,112.27999877929688
2025-04-21,110.80999755859376
2025-04-22,113.16000366210938
2025-04-23,114.02999877929688
2025-04-24,114.0199966430664
2025-04-25,114.0
2025-04-28,114.22000122070312
2025-04-29,113.0
2025-04-30,113.8000030517578
2025-05-01,114.83000183105467
2025-05-02,120.87000274658205
2025-05-05,119.20999908447266
2025-05-06,118.98999786376952
2025-05-07,118.98999786376952
2025-05-08,117.48999786376952
2025-05-09,117.9800033569336
2025-05-12,118.9499969482422
2025-05-13,117.2300033569336
2025-05-14,115.73999786376952
2025-05-15,117.98999786376952
2025-05-16,119.62999725341795
2025-05-19,119.05999755859376
2025-05-20,118.83000183105467
2025-05-21,115.52999877929688
2025-05-22,114.4000015258789
2025-05-23,113.02999877929688
2025-05-27,115.08000183105467
2025-05-28,115.58999633789062
2025-05-29,116.91000366210938
2025-05-30,117.48999786376952
2025-06-02,117.83000183105467
2025-06-03,117.6999969482422
2025-06-04,117.58000183105467
2025-06-05,115.73999786376952
2025-06-06,115.83000183105467
2025-06-09,117.54000091552734
2025-06-10,118.11000061035156
2025-06-11,117.41999816894533
2025-06-12,118.48999786376952
2025-06-13,116.12000274658205
2025-06-16,116.16000366210938
2025-06-17,115.9000015258789
2025-06-18,115.62000274658205
2025-06-20,115.58999633789062
2025-06-23,116.26000213623048
2025-06-24,115.52999877929688
2025-06-25,113.05999755859376
2025-06-26,114.33000183105467
2025-06-27,113.76000213623048
2025-06-30,112.69000244140624
2025-07-01,112.97000122070312
2025-07-02,113.4000015258789
2025-07-03,114.01000213623048
2025-07-07,113.36000061035156
2025-07-08,113.30999755859376
2025-07-09,113.01000213623048
2025-07-10,113.41000366210938
2025-07-11,113.76000213623048
2025-07-14,114.0999984741211
2025-07-15,112.4800033569336
2025-07-16,114.0999984741211
2025-07-17,114.1500015258789
2025-07-18,113.93000030517578
2025-07-21,113.23999786376952
2025-07-22,115.69000244140624
2025-07-23,115.1999969482422
2025-07-24,113.5999984741211
2025-07-25,113.54000091552734
2025-07-28,112.2300033569336
2025-07-29,114.72000122070312
2025-07-30,112.12000274658205
2025-07-31,109.1999969482422
2025-08-01,106.9499969482422
2025-08-04,105.7699966430664
2025-08-05,107.66999816894533
2025-08-06,106.47000122070312
2025-08-07,106.97000122070312
2025-08-08,105.5199966430664
2025-08-11,104.0500030517578
2025-08-12,104.8499984741211
2025-08-13,107.0
2025-08-14,106.0199966430664
2025-08-15,106.81999969482422
2025-08-18,105.7699966430664
2025-08-19,108.27999877929688
2025-08-20,108.43000030517578
2025-08-21,108.0199966430664
2025-08-22,109.44000244140624
2025-08-25,108.87000274658205
2025-08-26,109.1999969482422
2025-08-27,110.55999755859376
2025-08-28,110.73999786376952
2025-08-29,111.9800033569336
2025-09-02,108.58000183105467
2025-09-03,109.41000366210938
2025-09-04,110.33999633789062
2025-09-05,111.36000061035156
2025-09-08,110.91999816894533
2025-09-09,111.62999725341795
2025-09-10,108.8499984741211
2025-09-11,110.76000213623048
2025-09-12,109.51000213623048
2025-09-15,108.37000274658205
2025-09-16,107.12000274658205
2025-09-17,106.47000122070312
2025-09-18,107.31999969482422
2025-09-19,107.9499969482422
2025-09-22,108.18000030517578
2025-09-23,108.04000091552734
2025-09-24,107.1999969482422
2025-09-25,106.0500030517578
2025-09-26,107.0
2025-09-29,106.5500030517578
2025-09-30,106.77999877929688
2025-10-01,105.58999633789062
2025-10-02,104.41999816894533
2025-10-03,104.1999969482422
2025-10-06,102.95999908447266
2025-10-07,103.37000274658205
2025-10-08,103.05999755859376
2025-10-09,101.94000244140624
2025-10-10,101.66999816894533
2025-10-13,101.80999755859376
2025-10-14,102.12999725341795
2025-10-15,101.6999969482422
2025-10-16,101.8499984741211
2025-10-17,102.4000015258789
2025-10-20,103.08999633789062
2025-10-21,103.41999816894533
2025-10-22,104.4000015258789
2025-10-23,104.9800033569336
2025-10-24,105.05999755859376
2025-10-27,104.16000366210938
2025-10-28,101.41999816894533
2025-10-29,97.58000183105467
2025-10-30,99.3499984741211
2025-10-31,99.4800033569336
2025-11-03,99.98999786376952
2025-11-04,101.4000015258789
2025-11-05,101.81999969482422
2025-11-06,99.29000091552734
2025-11-07,101.77999877929688
2025-11-10,102.4000015258789
2025-11-11,103.68000030517578
2025-11-12,102.69000244140624
2025-11-13,101.76000213623048
2025-11-14,102.66000366210938
2025-11-17,102.1500015258789
2025-11-18,102.02999877929688
2025-11-19,102.16000366210938
2025-11-20,103.76000213623048
2025-11-21,105.2300033569336
2025-11-24,104.63999938964844
2025-11-25,106.18000030517578
2025-11-26,106.02999877929688
2025-11-28,106.33999633789062
2025-12-01,106.05999755859376
2025-12-02,106.0
2025-12-03,105.55999755859376
2025-12-04,104.51000213623048
2025-12-05,103.87999725341795
2025-12-08,102.69000244140624
2025-12-09,101.69000244140624
2025-12-10,103.12999725341795
2025-12-11,104.16999816894533
2025-12-12,104.2300033569336
2025-12-15,104.6500015258789
2025-12-16,105.41000366210938
2025-12-17,107.79000091552734
2025-12-18,108.12000274658205
2025-12-19,107.27999877929688
2025-12-22,108.5199966430664
2025-12-23,107.8000030517578
2025-12-24,108.56999969482422
2025-12-26,109.26000213623048
2025-12-29,109.98999786376952
2025-12-30,110.72000122070312
2025-12-31,110.08000183105467
2026-01-02,110.16999816894533
2026-01-05,109.0999984741211
2026-01-06,110.30999755859376
2026-01-07,108.2300033569336
2026-01-08,111.37000274658205
2026-01-09,108.8000030517578
2026-01-12,107.37999725341795
2026-01-13,107.5999984741211
2026-01-14,107.83999633789062
2026-01-15,108.3499984741211
2026-01-16,109.5
2026-01-20,107.25
2026-01-21,108.43000030517578
2026-01-22,106.47000122070312
2026-01-23,107.86000061035156
2026-01-26,108.0199966430664
2026-01-27,108.91999816894533
2026-01-28,107.22000122070312
2026-01-29,109.0
2026-01-30,109.0500030517578
2026-02-02,107.3000030517578
2026-02-03,106.91999816894533
2026-02-04,108.70999908447266
2026-02-05,106.56999969482422
2026-02-06,106.62999725341795
2026-02-09,107.87999725341795
2026-02-10,110.41000366210938
2026-02-11,110.76000213623048
2026-02-12,107.4800033569336
2026-02-13,108.52999877929688
2026-02-17,108.37000274658205
2026-02-18,108.56999969482422
2026-02-19,108.58999633789062
2026-02-20,107.1999969482422
2026-02-23,108.1999969482422
2026-02-24,108.75
2026-02-25,108.83999633789062
2026-02-26,110.23999786376952
2026-02-27,108.33999633789062
2026-03-02,109.27999877929688
2026-03-03,108.19000244140624
2026-03-04,108.75
2026-03-05,108.63999938964844
2026-03-06,106.52999877929688
2026-03-09,105.11000061035156
2026-03-10,103.61000061035156
2026-03-11,101.83999633789062
2026-03-12,101.73999786376952
2026-03-13,100.61000061035156
2026-03-16,100.77999877929688
2026-03-17,101.80999755859376
2026-03-18,100.3499984741211
2026-03-19,99.68000030517578
2026-03-20,97.36000061035156
2026-03-23,98.1500015258789
2026-03-24,97.91000366210938
2026-03-25,97.33999633789062
2026-03-26,97.66999816894533
2026-03-27,96.95999908447266
2026-03-30,97.83999633789062
2026-03-31,97.66000366210938
2026-04-01,98.2699966430664
2026-04-02,100.76000213623048
2026-04-06,101.08999633789062
2026-04-07,100.83000183105467
2026-04-08,102.2699966430664
2026-04-09,100.83999633789062
2026-04-10,101.9499969482422
2026-04-13,100.81999969482422
2026-04-14,101.77999877929688
2026-04-15,101.37999725341795
2026-04-16,100.18000030517578
2026-04-17,103.4000015258789
2026-04-20,104.76000213623048
2026-04-21,102.4800033569336
2026-04-22,101.4800033569336
2026-04-23,102.43000030517578
2026-04-24,101.75
2026-04-27,101.5999984741211
2026-04-28,105.93000030517578
2026-04-29,105.31999969482422
2026-04-30,105.0199966430664
2026-05-01,104.4499969482422
2026-05-04,104.37999725341795
2026-05-05,104.7300033569336
2026-05-06,104.80999755859376
2026-05-07,104.06999969482422
2026-05-08,103.7699966430664
2026-05-11,104.91999816894533
2026-05-12,105.2300033569336
2026-05-13,105.3499984741211
2026-05-14,103.98999786376952
2026-05-15,102.58999633789062
2026-05-18,104.61000061035156
2026-05-19,105.05999755859376
2026-05-20,106.29000091552734
2026-05-21,106.16999816894533
2026-05-22,107.47000122070312
2026-05-26,107.73999786376952
2026-05-27,108.08999633789062
2026-05-28,108.0199966430664
2026-05-29,106.55999755859376
2026-06-01,106.08000183105469
2026-06-02,106.0999984741211
2026-06-03,108.88999938964844
2026-06-04,112.01000213623047
2026-06-05,112.5999984741211
