,CRH
2015-01-02,23.770000457763672
2015-01-05,23.059999465942383
2015-01-06,22.51000022888184
2015-01-07,22.90999984741211
2015-01-08,23.520000457763672
2015-01-09,23.34000015258789
2015-01-12,23.270000457763672
2015-01-13,23.01000022888184
2015-01-14,22.850000381469727
2015-01-15,22.6200008392334
2015-01-16,23.030000686645508
2015-01-20,23.850000381469727
2015-01-21,24.15999984741211
2015-01-22,24.76000022888184
2015-01-23,25.040000915527344
2015-01-26,25.059999465942383
2015-01-27,24.600000381469727
2015-01-28,24.270000457763672
2015-01-29,24.59000015258789
2015-01-30,24.13999938964844
2015-02-02,25.799999237060547
2015-02-03,26.56999969482422
2015-02-04,26.75
2015-02-05,26.71999931335449
2015-02-06,26.290000915527344
2015-02-09,26.600000381469727
2015-02-10,27.1299991607666
2015-02-11,27.18000030517578
2015-02-12,28.11000061035156
2015-02-13,28.020000457763672
2015-02-17,28.01000022888184
2015-02-18,28.46999931335449
2015-02-19,28.200000762939453
2015-02-20,28.459999084472656
2015-02-23,28.31999969482422
2015-02-24,28.36000061035156
2015-02-25,28.34000015258789
2015-02-26,28.170000076293945
2015-02-27,28.309999465942383
2015-03-02,28.200000762939453
2015-03-03,27.5
2015-03-04,27.489999771118164
2015-03-05,27.57999992370605
2015-03-06,27.020000457763672
2015-03-09,26.21999931335449
2015-03-10,25.770000457763672
2015-03-11,26.1299991607666
2015-03-12,27.049999237060547
2015-03-13,26.90999984741211
2015-03-16,25.81999969482422
2015-03-17,25.209999084472656
2015-03-18,26.670000076293945
2015-03-19,25.989999771118164
2015-03-20,27.57999992370605
2015-03-23,27.670000076293945
2015-03-24,27.200000762939453
2015-03-25,27.14999961853028
2015-03-26,26.84000015258789
2015-03-27,26.799999237060547
2015-03-30,26.64999961853028
2015-03-31,26.190000534057617
2015-04-01,26.18000030517578
2015-04-02,26.239999771118164
2015-04-06,26.61000061035156
2015-04-07,26.39999961853028
2015-04-08,26.290000915527344
2015-04-09,26.82999992370605
2015-04-10,26.459999084472656
2015-04-13,26.280000686645508
2015-04-14,26.809999465942383
2015-04-15,27.51000022888184
2015-04-16,27.770000457763672
2015-04-17,27.43000030517578
2015-04-20,27.59000015258789
2015-04-21,28.01000022888184
2015-04-22,27.89999961853028
2015-04-23,27.989999771118164
2015-04-24,28.809999465942383
2015-04-27,28.780000686645508
2015-04-28,28.959999084472656
2015-04-29,28.290000915527344
2015-04-30,27.950000762939453
2015-05-01,28.18000030517578
2015-05-04,28.190000534057617
2015-05-05,28.100000381469727
2015-05-06,28.299999237060547
2015-05-07,28.15999984741211
2015-05-08,29.09000015258789
2015-05-11,28.780000686645508
2015-05-12,28.450000762939453
2015-05-13,28.43000030517578
2015-05-14,28.76000022888184
2015-05-15,28.76000022888184
2015-05-18,28.56999969482422
2015-05-19,28.690000534057617
2015-05-20,28.71999931335449
2015-05-21,28.93000030517578
2015-05-22,28.290000915527344
2015-05-26,27.280000686645508
2015-05-27,28.18000030517578
2015-05-28,28.21999931335449
2015-05-29,28.040000915527344
2015-06-01,27.549999237060547
2015-06-02,27.59000015258789
2015-06-03,28.200000762939453
2015-06-04,27.75
2015-06-05,27.63999938964844
2015-06-08,27.84000015258789
2015-06-09,27.549999237060547
2015-06-10,28.489999771118164
2015-06-11,29.170000076293945
2015-06-12,28.57999992370605
2015-06-15,28.5
2015-06-16,28.520000457763672
2015-06-17,28.88999938964844
2015-06-18,29.26000022888184
2015-06-19,29.43000030517578
2015-06-22,30.09000015258789
2015-06-23,30.170000076293945
2015-06-24,29.65999984741211
2015-06-25,29.479999542236328
2015-06-26,29.209999084472656
2015-06-29,28.18000030517578
2015-06-30,28.11000061035156
2015-07-01,28.350000381469727
2015-07-02,28.39999961853028
2015-07-06,27.780000686645508
2015-07-07,27.549999237060547
2015-07-08,26.809999465942383
2015-07-09,27.32999992370605
2015-07-10,28.600000381469727
2015-07-13,28.809999465942383
2015-07-14,28.920000076293945
2015-07-15,28.84000015258789
2015-07-16,29.21999931335449
2015-07-17,29.1200008392334
2015-07-20,29.190000534057617
2015-07-21,29.01000022888184
2015-07-22,29.309999465942383
2015-07-23,29.229999542236328
2015-07-24,28.96999931335449
2015-07-27,28.36000061035156
2015-07-28,29.09000015258789
2015-07-29,29.520000457763672
2015-07-30,29.32999992370605
2015-07-31,29.709999084472656
2015-08-03,29.770000457763672
2015-08-04,30.1200008392334
2015-08-05,30.38999938964844
2015-08-06,29.89999961853028
2015-08-07,30.09000015258789
2015-08-10,30.600000381469727
2015-08-11,30.51000022888184
2015-08-12,30.15999984741211
2015-08-13,30.520000457763672
2015-08-14,30.71999931335449
2015-08-17,30.950000762939453
2015-08-18,30.790000915527344
2015-08-19,30.13999938964844
2015-08-20,29.51000022888184
2015-08-21,28.11000061035156
2015-08-24,27.18000030517578
2015-08-25,27.299999237060547
2015-08-26,28.229999542236328
2015-08-27,29.3700008392334
2015-08-28,29.6200008392334
2015-08-31,29.770000457763672
2015-09-01,28.489999771118164
2015-09-02,28.68000030517578
2015-09-03,28.40999984741211
2015-09-04,28.030000686645508
2015-09-08,29.59000015258789
2015-09-09,29.34000015258789
2015-09-10,29.600000381469727
2015-09-11,29.40999984741211
2015-09-14,29.200000762939453
2015-09-15,29.61000061035156
2015-09-16,29.64999961853028
2015-09-17,29.770000457763672
2015-09-18,29.030000686645508
2015-09-21,28.790000915527344
2015-09-22,28.020000457763672
2015-09-23,27.88999938964844
2015-09-24,27.299999237060547
2015-09-25,27.39999961853028
2015-09-28,26.530000686645508
2015-09-29,25.76000022888184
2015-09-30,26.540000915527344
2015-10-01,26.34000015258789
2015-10-02,26.6299991607666
2015-10-05,27.0
2015-10-06,26.84000015258789
2015-10-07,27.299999237060547
2015-10-08,27.46999931335449
2015-10-09,27.09000015258789
2015-10-12,27.1299991607666
2015-10-13,26.90999984741211
2015-10-14,26.780000686645508
2015-10-15,27.270000457763672
2015-10-16,27.1200008392334
2015-10-19,26.76000022888184
2015-10-20,26.64999961853028
2015-10-21,27.3700008392334
2015-10-22,27.530000686645508
2015-10-23,28.059999465942383
2015-10-26,27.59000015258789
2015-10-27,26.88999938964844
2015-10-28,27.440000534057617
2015-10-29,27.030000686645508
2015-10-30,27.36000061035156
2015-11-02,27.90999984741211
2015-11-03,27.68000030517578
2015-11-04,27.81999969482422
2015-11-05,27.96999931335449
2015-11-06,28.309999465942383
2015-11-09,27.559999465942383
2015-11-10,27.07999992370605
2015-11-11,27.239999771118164
2015-11-12,26.51000022888184
2015-11-13,26.8700008392334
2015-11-16,27.489999771118164
2015-11-17,27.18000030517578
2015-11-18,27.309999465942383
2015-11-19,28.59000015258789
2015-11-20,28.809999465942383
2015-11-23,28.8799991607666
2015-11-24,28.799999237060547
2015-11-25,29.040000915527344
2015-11-27,29.549999237060547
2015-11-30,29.31999969482422
2015-12-01,29.75
2015-12-02,29.3700008392334
2015-12-03,28.920000076293945
2015-12-04,29.700000762939453
2015-12-07,29.61000061035156
2015-12-08,29.18000030517578
2015-12-09,29.030000686645508
2015-12-10,29.01000022888184
2015-12-11,28.479999542236328
2015-12-14,28.709999084472656
2015-12-15,28.26000022888184
2015-12-16,28.65999984741211
2015-12-17,28.549999237060547
2015-12-18,28.200000762939453
2015-12-21,28.43000030517578
2015-12-22,28.559999465942383
2015-12-23,29.059999465942383
2015-12-24,29.25
2015-12-28,29.18000030517578
2015-12-29,29.39999961853028
2015-12-30,29.11000061035156
2015-12-31,28.81999969482422
2016-01-04,28.350000381469727
2016-01-05,28.350000381469727
2016-01-06,27.96999931335449
2016-01-07,26.799999237060547
2016-01-08,26.61000061035156
2016-01-11,26.940000534057617
2016-01-12,26.979999542236328
2016-01-13,26.39999961853028
2016-01-14,26.65999984741211
2016-01-15,25.43000030517578
2016-01-19,25.559999465942383
2016-01-20,25.290000915527344
2016-01-21,25.549999237060547
2016-01-22,26.530000686645508
2016-01-25,26.07999992370605
2016-01-26,26.43000030517578
2016-01-27,26.40999984741211
2016-01-28,25.86000061035156
2016-01-29,26.920000076293945
2016-02-01,26.780000686645508
2016-02-02,25.729999542236328
2016-02-03,25.690000534057617
2016-02-04,26.25
2016-02-05,25.520000457763672
2016-02-08,23.71999931335449
2016-02-09,23.88999938964844
2016-02-10,24.600000381469727
2016-02-11,24.34000015258789
2016-02-12,24.549999237060547
2016-02-16,25.049999237060547
2016-02-17,25.739999771118164
2016-02-18,25.75
2016-02-19,25.700000762939453
2016-02-22,25.88999938964844
2016-02-23,25.600000381469727
2016-02-24,25.31999969482422
2016-02-25,25.40999984741211
2016-02-26,25.26000022888184
2016-02-29,25.549999237060547
2016-03-01,26.21999931335449
2016-03-02,26.32999992370605
2016-03-03,27.61000061035156
2016-03-04,27.25
2016-03-07,27.15999984741211
2016-03-08,27.07999992370605
2016-03-09,27.170000076293945
2016-03-10,26.729999542236328
2016-03-11,27.86000061035156
2016-03-14,27.8799991607666
2016-03-15,27.549999237060547
2016-03-16,27.59000015258789
2016-03-17,28.190000534057617
2016-03-18,28.190000534057617
2016-03-21,27.82999992370605
2016-03-22,27.739999771118164
2016-03-23,27.280000686645508
2016-03-24,27.65999984741211
2016-03-28,27.809999465942383
2016-03-29,28.440000534057617
2016-03-30,28.46999931335449
2016-03-31,28.18000030517578
2016-04-01,28.280000686645508
2016-04-04,28.190000534057617
2016-04-05,27.479999542236328
2016-04-06,28.06999969482422
2016-04-07,27.82999992370605
2016-04-08,28.489999771118164
2016-04-11,28.64999961853028
2016-04-12,28.81999969482422
2016-04-13,29.1200008392334
2016-04-14,28.940000534057617
2016-04-15,28.86000061035156
2016-04-18,29.020000457763672
2016-04-19,29.25
2016-04-20,28.8700008392334
2016-04-21,28.559999465942383
2016-04-22,28.5
2016-04-25,28.71999931335449
2016-04-26,29.200000762939453
2016-04-27,29.6299991607666
2016-04-28,29.26000022888184
2016-04-29,29.11000061035156
2016-05-02,29.09000015258789
2016-05-03,28.459999084472656
2016-05-04,28.280000686645508
2016-05-05,28.31999969482422
2016-05-06,28.84000015258789
2016-05-09,29.0
2016-05-10,29.459999084472656
2016-05-11,29.13999938964844
2016-05-12,29.56999969482422
2016-05-13,29.190000534057617
2016-05-16,29.440000534057617
2016-05-17,29.350000381469727
2016-05-18,29.350000381469727
2016-05-19,29.63999938964844
2016-05-20,29.850000381469727
2016-05-23,29.709999084472656
2016-05-24,30.26000022888184
2016-05-25,30.770000457763672
2016-05-26,30.549999237060547
2016-05-27,30.690000534057617
2016-05-31,30.61000061035156
2016-06-01,30.36000061035156
2016-06-02,30.270000457763672
2016-06-03,30.270000457763672
2016-06-06,30.559999465942383
2016-06-07,30.920000076293945
2016-06-08,31.39999961853028
2016-06-09,30.729999542236328
2016-06-10,29.75
2016-06-13,28.8700008392334
2016-06-14,28.59000015258789
2016-06-15,28.68000030517578
2016-06-16,28.68000030517578
2016-06-17,29.030000686645508
2016-06-20,30.290000915527344
2016-06-21,30.229999542236328
2016-06-22,30.26000022888184
2016-06-23,31.489999771118164
2016-06-24,28.6200008392334
2016-06-27,26.540000915527344
2016-06-28,27.799999237060547
2016-06-29,28.780000686645508
2016-06-30,29.57999992370605
2016-07-01,29.459999084472656
2016-07-05,27.8799991607666
2016-07-06,27.90999984741211
2016-07-07,27.63999938964844
2016-07-08,28.239999771118164
2016-07-11,28.770000457763672
2016-07-12,29.1200008392334
2016-07-13,29.190000534057617
2016-07-14,29.89999961853028
2016-07-15,29.479999542236328
2016-07-18,29.6299991607666
2016-07-19,29.350000381469727
2016-07-20,29.51000022888184
2016-07-21,29.38999938964844
2016-07-22,29.770000457763672
2016-07-25,29.770000457763672
2016-07-26,29.93000030517578
2016-07-27,30.350000381469727
2016-07-28,30.36000061035156
2016-07-29,30.76000022888184
2016-08-01,30.32999992370605
2016-08-02,30.21999931335449
2016-08-03,30.15999984741211
2016-08-04,30.059999465942383
2016-08-05,30.3700008392334
2016-08-08,30.68000030517578
2016-08-09,31.01000022888184
2016-08-10,31.34000015258789
2016-08-11,31.440000534057617
2016-08-12,31.809999465942383
2016-08-15,32.18000030517578
2016-08-16,32.880001068115234
2016-08-17,33.459999084472656
2016-08-18,33.70000076293945
2016-08-19,33.099998474121094
2016-08-22,33.31999969482422
2016-08-23,33.18000030517578
2016-08-24,32.939998626708984
2016-08-25,33.560001373291016
2016-08-26,33.2400016784668
2016-08-29,33.90999984741211
2016-08-30,33.849998474121094
2016-08-31,33.79999923706055
2016-09-01,33.81999969482422
2016-09-02,33.88999938964844
2016-09-06,34.040000915527344
2016-09-07,34.0
2016-09-08,33.4900016784668
2016-09-09,32.31999969482422
2016-09-12,33.09000015258789
2016-09-13,32.689998626708984
2016-09-14,32.939998626708984
2016-09-15,33.43000030517578
2016-09-16,32.13999938964844
2016-09-19,32.54999923706055
2016-09-20,32.61000061035156
2016-09-21,32.970001220703125
2016-09-22,33.619998931884766
2016-09-23,33.540000915527344
2016-09-26,33.11000061035156
2016-09-27,33.060001373291016
2016-09-28,33.529998779296875
2016-09-29,33.029998779296875
2016-09-30,33.27000045776367
2016-10-03,33.029998779296875
2016-10-04,33.720001220703125
2016-10-05,33.4900016784668
2016-10-06,33.599998474121094
2016-10-07,32.93000030517578
2016-10-10,33.599998474121094
2016-10-11,32.7400016784668
2016-10-12,32.47999954223633
2016-10-13,32.439998626708984
2016-10-14,32.52000045776367
2016-10-17,32.689998626708984
2016-10-18,33.38999938964844
2016-10-19,33.060001373291016
2016-10-20,32.9900016784668
2016-10-21,33.099998474121094
2016-10-24,33.209999084472656
2016-10-25,32.720001220703125
2016-10-26,32.599998474121094
2016-10-27,32.45000076293945
2016-10-28,32.380001068115234
2016-10-31,32.29999923706055
2016-11-01,31.850000381469727
2016-11-02,31.82999992370605
2016-11-03,31.600000381469727
2016-11-04,31.739999771118164
2016-11-07,32.41999816894531
2016-11-08,32.79999923706055
2016-11-09,35.02000045776367
2016-11-10,35.18000030517578
2016-11-11,34.630001068115234
2016-11-14,34.91999816894531
2016-11-15,34.560001373291016
2016-11-16,33.72999954223633
2016-11-17,34.15999984741211
2016-11-18,33.72999954223633
2016-11-21,33.709999084472656
2016-11-22,33.470001220703125
2016-11-23,32.91999816894531
2016-11-25,33.77000045776367
2016-11-28,32.68000030517578
2016-11-29,32.869998931884766
2016-11-30,33.11000061035156
2016-12-01,32.84000015258789
2016-12-02,32.540000915527344
2016-12-05,32.869998931884766
2016-12-06,33.810001373291016
2016-12-07,34.619998931884766
2016-12-08,34.04999923706055
2016-12-09,34.119998931884766
2016-12-12,33.869998931884766
2016-12-13,33.81999969482422
2016-12-14,33.290000915527344
2016-12-15,33.56999969482422
2016-12-16,33.47999954223633
2016-12-19,33.29999923706055
2016-12-20,33.380001068115234
2016-12-21,33.41999816894531
2016-12-22,33.20000076293945
2016-12-23,33.34000015258789
2016-12-27,33.43000030517578
2016-12-28,33.470001220703125
2016-12-29,33.86000061035156
2016-12-30,34.380001068115234
2017-01-03,33.65999984741211
2017-01-04,33.849998474121094
2017-01-05,34.189998626708984
2017-01-06,33.95000076293945
2017-01-09,33.720001220703125
2017-01-10,34.040000915527344
2017-01-11,34.650001525878906
2017-01-12,34.650001525878906
2017-01-13,35.02000045776367
2017-01-17,34.68000030517578
2017-01-18,34.599998474121094
2017-01-19,34.34000015258789
2017-01-20,35.060001373291016
2017-01-23,35.38999938964844
2017-01-24,35.779998779296875
2017-01-25,36.59000015258789
2017-01-26,36.0
2017-01-27,35.630001068115234
2017-01-30,35.150001525878906
2017-01-31,34.52000045776367
2017-02-01,35.540000915527344
2017-02-02,35.400001525878906
2017-02-03,35.56999969482422
2017-02-06,34.97999954223633
2017-02-07,34.279998779296875
2017-02-08,34.06999969482422
2017-02-09,34.220001220703125
2017-02-10,34.540000915527344
2017-02-13,34.779998779296875
2017-02-14,34.2599983215332
2017-02-15,34.43000030517578
2017-02-16,34.5099983215332
2017-02-17,34.220001220703125
2017-02-21,35.20000076293945
2017-02-22,34.79999923706055
2017-02-23,33.83000183105469
2017-02-24,33.40999984741211
2017-02-27,34.15999984741211
2017-02-28,33.77000045776367
2017-03-01,35.099998474121094
2017-03-02,34.790000915527344
2017-03-03,35.4900016784668
2017-03-06,35.16999816894531
2017-03-07,35.13999938964844
2017-03-08,35.09000015258789
2017-03-09,34.880001068115234
2017-03-10,35.13999938964844
2017-03-13,35.040000915527344
2017-03-14,34.560001373291016
2017-03-15,35.16999816894531
2017-03-16,35.209999084472656
2017-03-17,35.060001373291016
2017-03-20,35.209999084472656
2017-03-21,34.90999984741211
2017-03-22,34.869998931884766
2017-03-23,35.34000015258789
2017-03-24,35.08000183105469
2017-03-27,34.790000915527344
2017-03-28,34.970001220703125
2017-03-29,34.970001220703125
2017-03-30,35.02000045776367
2017-03-31,35.16999816894531
2017-04-03,34.650001525878906
2017-04-04,34.88999938964844
2017-04-05,34.439998626708984
2017-04-06,34.45000076293945
2017-04-07,34.7599983215332
2017-04-10,34.4900016784668
2017-04-11,34.599998474121094
2017-04-12,34.25
2017-04-13,33.61000061035156
2017-04-17,33.90999984741211
2017-04-18,33.41999816894531
2017-04-19,33.63999938964844
2017-04-20,34.20000076293945
2017-04-21,34.75
2017-04-24,36.41999816894531
2017-04-25,36.20000076293945
2017-04-26,36.40999984741211
2017-04-27,36.45000076293945
2017-04-28,36.31999969482422
2017-05-01,36.52000045776367
2017-05-02,37.15999984741211
2017-05-03,37.09999847412109
2017-05-04,37.45000076293945
2017-05-05,37.7599983215332
2017-05-08,37.11000061035156
2017-05-09,37.20000076293945
2017-05-10,37.27999877929688
2017-05-11,37.27999877929688
2017-05-12,36.90999984741211
2017-05-15,37.16999816894531
2017-05-16,37.040000915527344
2017-05-17,35.650001525878906
2017-05-18,35.97999954223633
2017-05-19,36.5099983215332
2017-05-22,36.40999984741211
2017-05-23,36.47999954223633
2017-05-24,36.25
2017-05-25,35.97999954223633
2017-05-26,35.709999084472656
2017-05-30,36.06999969482422
2017-05-31,36.119998931884766
2017-06-01,36.59999847412109
2017-06-02,36.630001068115234
2017-06-05,36.36000061035156
2017-06-06,35.70000076293945
2017-06-07,35.91999816894531
2017-06-08,36.209999084472656
2017-06-09,36.459999084472656
2017-06-12,36.09999847412109
2017-06-13,36.29999923706055
2017-06-14,36.09000015258789
2017-06-15,35.77000045776367
2017-06-16,36.150001525878906
2017-06-19,36.5099983215332
2017-06-20,36.27000045776367
2017-06-21,36.310001373291016
2017-06-22,35.88999938964844
2017-06-23,35.959999084472656
2017-06-26,36.08000183105469
2017-06-27,35.619998931884766
2017-06-28,36.02000045776367
2017-06-29,35.58000183105469
2017-06-30,35.470001220703125
2017-07-03,35.79999923706055
2017-07-05,36.310001373291016
2017-07-06,35.65999984741211
2017-07-07,35.81999969482422
2017-07-10,35.849998474121094
2017-07-11,35.65999984741211
2017-07-12,36.34999847412109
2017-07-13,36.27999877929688
2017-07-14,36.11000061035156
2017-07-17,36.06999969482422
2017-07-18,35.75
2017-07-19,36.13999938964844
2017-07-20,35.779998779296875
2017-07-21,35.41999816894531
2017-07-24,35.16999816894531
2017-07-25,35.310001373291016
2017-07-26,35.63999938964844
2017-07-27,35.439998626708984
2017-07-28,35.16999816894531
2017-07-31,35.06999969482422
2017-08-01,34.869998931884766
2017-08-02,34.95000076293945
2017-08-03,34.880001068115234
2017-08-04,35.27000045776367
2017-08-07,35.099998474121094
2017-08-08,34.7400016784668
2017-08-09,34.619998931884766
2017-08-10,34.02000045776367
2017-08-11,34.060001373291016
2017-08-14,34.45000076293945
2017-08-15,34.86000061035156
2017-08-16,35.34000015258789
2017-08-17,34.689998626708984
2017-08-18,34.33000183105469
2017-08-21,34.25
2017-08-22,34.63999938964844
2017-08-23,34.290000915527344
2017-08-24,35.560001373291016
2017-08-25,35.11000061035156
2017-08-28,34.810001373291016
2017-08-29,34.22999954223633
2017-08-30,34.63999938964844
2017-08-31,34.90999984741211
2017-09-01,35.470001220703125
2017-09-05,34.90999984741211
2017-09-06,34.779998779296875
2017-09-07,35.040000915527344
2017-09-08,34.88999938964844
2017-09-11,34.86000061035156
2017-09-12,35.16999816894531
2017-09-13,35.09000015258789
2017-09-14,35.2599983215332
2017-09-15,35.720001220703125
2017-09-18,35.88999938964844
2017-09-19,36.02999877929688
2017-09-20,35.939998626708984
2017-09-21,36.84000015258789
2017-09-22,36.59999847412109
2017-09-25,36.150001525878906
2017-09-26,35.93000030517578
2017-09-27,36.2599983215332
2017-09-28,37.27999877929688
2017-09-29,37.86000061035156
2017-10-02,37.15999984741211
2017-10-03,37.43999862670898
2017-10-04,37.459999084472656
2017-10-05,36.93000030517578
2017-10-06,36.25
2017-10-09,36.0099983215332
2017-10-10,36.2400016784668
2017-10-11,36.43999862670898
2017-10-12,36.18999862670898
2017-10-13,36.459999084472656
2017-10-16,36.2400016784668
2017-10-17,35.93000030517578
2017-10-18,35.810001373291016
2017-10-19,36.27000045776367
2017-10-20,36.68999862670898
2017-10-23,36.97999954223633
2017-10-24,37.16999816894531
2017-10-25,37.06999969482422
2017-10-26,37.459999084472656
2017-10-27,37.58000183105469
2017-10-30,37.290000915527344
2017-10-31,37.52000045776367
2017-11-01,36.790000915527344
2017-11-02,36.560001373291016
2017-11-03,36.540000915527344
2017-11-06,36.400001525878906
2017-11-07,35.41999816894531
2017-11-08,36.2400016784668
2017-11-09,35.83000183105469
2017-11-10,35.79999923706055
2017-11-13,35.11000061035156
2017-11-14,34.970001220703125
2017-11-15,34.630001068115234
2017-11-16,35.150001525878906
2017-11-17,35.619998931884766
2017-11-20,36.22999954223633
2017-11-21,35.34000015258789
2017-11-22,35.119998931884766
2017-11-24,35.25
2017-11-27,34.79999923706055
2017-11-28,35.130001068115234
2017-11-29,35.25
2017-11-30,34.65999984741211
2017-12-01,34.70000076293945
2017-12-04,35.130001068115234
2017-12-05,34.7400016784668
2017-12-06,34.47999954223633
2017-12-07,35.20000076293945
2017-12-08,35.66999816894531
2017-12-11,35.43000030517578
2017-12-12,34.72999954223633
2017-12-13,34.7400016784668
2017-12-14,33.959999084472656
2017-12-15,33.869998931884766
2017-12-18,34.290000915527344
2017-12-19,34.54999923706055
2017-12-20,34.7599983215332
2017-12-21,35.2400016784668
2017-12-22,35.66999816894531
2017-12-26,35.90999984741211
2017-12-27,35.90999984741211
2017-12-28,36.0099983215332
2017-12-29,36.09000015258789
2018-01-02,36.38999938964844
2018-01-03,36.619998931884766
2018-01-04,37.54999923706055
2018-01-05,37.61000061035156
2018-01-08,37.650001525878906
2018-01-09,37.650001525878906
2018-01-10,37.459999084472656
2018-01-11,37.13999938964844
2018-01-12,37.31999969482422
2018-01-16,36.97999954223633
2018-01-17,37.08000183105469
2018-01-18,36.869998931884766
2018-01-19,37.33000183105469
2018-01-22,38.220001220703125
2018-01-23,38.869998931884766
2018-01-24,38.459999084472656
2018-01-25,38.560001373291016
2018-01-26,38.959999084472656
2018-01-29,38.560001373291016
2018-01-30,38.02000045776367
2018-01-31,37.38999938964844
2018-02-01,36.880001068115234
2018-02-02,35.88999938964844
2018-02-05,34.61000061035156
2018-02-06,35.31999969482422
2018-02-07,34.84000015258789
2018-02-08,33.189998626708984
2018-02-09,33.38999938964844
2018-02-12,33.83000183105469
2018-02-13,34.400001525878906
2018-02-14,34.40999984741211
2018-02-15,35.33000183105469
2018-02-16,34.900001525878906
2018-02-20,34.869998931884766
2018-02-21,34.58000183105469
2018-02-22,34.709999084472656
2018-02-23,34.86000061035156
2018-02-26,34.81999969482422
2018-02-27,33.75
2018-02-28,33.099998474121094
2018-03-01,33.529998779296875
2018-03-02,33.709999084472656
2018-03-05,34.33000183105469
2018-03-06,34.189998626708984
2018-03-07,34.349998474121094
2018-03-08,34.58000183105469
2018-03-09,34.11000061035156
2018-03-12,34.09000015258789
2018-03-13,34.130001068115234
2018-03-14,34.529998779296875
2018-03-15,34.77000045776367
2018-03-16,34.720001220703125
2018-03-19,34.40999984741211
2018-03-20,34.130001068115234
2018-03-21,34.15999984741211
2018-03-22,33.459999084472656
2018-03-23,33.63999938964844
2018-03-26,33.81999969482422
2018-03-27,33.27000045776367
2018-03-28,33.779998779296875
2018-03-29,34.02000045776367
2018-04-02,33.38999938964844
2018-04-03,34.02000045776367
2018-04-04,33.959999084472656
2018-04-05,34.290000915527344
2018-04-06,33.95000076293945
2018-04-09,33.869998931884766
2018-04-10,33.959999084472656
2018-04-11,33.63999938964844
2018-04-12,33.88999938964844
2018-04-13,33.790000915527344
2018-04-16,34.08000183105469
2018-04-17,33.880001068115234
2018-04-18,34.59000015258789
2018-04-19,34.459999084472656
2018-04-20,35.34000015258789
2018-04-23,35.11000061035156
2018-04-24,34.560001373291016
2018-04-25,35.529998779296875
2018-04-26,35.59000015258789
2018-04-27,35.63999938964844
2018-04-30,35.36000061035156
2018-05-01,35.290000915527344
2018-05-02,35.63999938964844
2018-05-03,35.86000061035156
2018-05-04,36.06999969482422
2018-05-07,36.27999877929688
2018-05-08,36.47999954223633
2018-05-09,36.9900016784668
2018-05-10,36.75
2018-05-11,36.68000030517578
2018-05-14,36.2599983215332
2018-05-15,36.11000061035156
2018-05-16,36.54999923706055
2018-05-17,37.0
2018-05-18,37.72999954223633
2018-05-21,37.9900016784668
2018-05-22,37.7599983215332
2018-05-23,36.97999954223633
2018-05-24,36.90999984741211
2018-05-25,36.52000045776367
2018-05-29,35.31999969482422
2018-05-30,35.97999954223633
2018-05-31,36.9900016784668
2018-06-01,37.150001525878906
2018-06-04,37.40999984741211
2018-06-05,37.400001525878906
2018-06-06,38.18000030517578
2018-06-07,37.9900016784668
2018-06-08,38.0
2018-06-11,38.31999969482422
2018-06-12,38.11000061035156
2018-06-13,37.65999984741211
2018-06-14,37.83000183105469
2018-06-15,37.61000061035156
2018-06-18,37.2599983215332
2018-06-19,36.619998931884766
2018-06-20,36.720001220703125
2018-06-21,36.0099983215332
2018-06-22,36.40999984741211
2018-06-25,35.52000045776367
2018-06-26,36.04999923706055
2018-06-27,35.70000076293945
2018-06-28,35.34000015258789
2018-06-29,35.349998474121094
2018-07-02,35.150001525878906
2018-07-03,35.31999969482422
2018-07-05,35.83000183105469
2018-07-06,35.84000015258789
2018-07-09,36.06999969482422
2018-07-10,35.939998626708984
2018-07-11,35.29999923706055
2018-07-12,35.66999816894531
2018-07-13,35.47999954223633
2018-07-16,35.72999954223633
2018-07-17,35.380001068115234
2018-07-18,35.7599983215332
2018-07-19,35.310001373291016
2018-07-20,35.040000915527344
2018-07-23,34.939998626708984
2018-07-24,35.150001525878906
2018-07-25,35.18000030517578
2018-07-26,35.11000061035156
2018-07-27,34.63999938964844
2018-07-30,34.599998474121094
2018-07-31,34.290000915527344
2018-08-01,33.22999954223633
2018-08-02,32.91999816894531
2018-08-03,33.189998626708984
2018-08-06,33.099998474121094
2018-08-07,33.27000045776367
2018-08-08,33.47999954223633
2018-08-09,32.61000061035156
2018-08-10,32.099998474121094
2018-08-13,32.060001373291016
2018-08-14,32.099998474121094
2018-08-15,31.670000076293945
2018-08-16,32.08000183105469
2018-08-17,32.5099983215332
2018-08-20,32.720001220703125
2018-08-21,33.15999984741211
2018-08-22,33.369998931884766
2018-08-23,32.959999084472656
2018-08-24,33.70000076293945
2018-08-27,34.18000030517578
2018-08-28,33.349998474121094
2018-08-29,34.130001068115234
2018-08-30,33.689998626708984
2018-08-31,33.119998931884766
2018-09-04,33.02000045776367
2018-09-05,32.88999938964844
2018-09-06,32.880001068115234
2018-09-07,31.950000762939453
2018-09-10,32.290000915527344
2018-09-11,32.33000183105469
2018-09-12,31.81999969482422
2018-09-13,32.150001525878906
2018-09-14,31.799999237060547
2018-09-17,32.099998474121094
2018-09-18,32.33000183105469
2018-09-19,32.5099983215332
2018-09-20,33.279998779296875
2018-09-21,33.02000045776367
2018-09-24,32.869998931884766
2018-09-25,33.029998779296875
2018-09-26,33.0099983215332
2018-09-27,33.0099983215332
2018-09-28,32.720001220703125
2018-10-01,32.810001373291016
2018-10-02,32.47999954223633
2018-10-03,32.939998626708984
2018-10-04,32.58000183105469
2018-10-05,32.29999923706055
2018-10-08,32.16999816894531
2018-10-09,31.989999771118164
2018-10-10,30.989999771118164
2018-10-11,30.299999237060547
2018-10-12,30.38999938964844
2018-10-15,31.0
2018-10-16,31.299999237060547
2018-10-17,30.39999961853028
2018-10-18,28.479999542236328
2018-10-19,28.299999237060547
2018-10-22,27.75
2018-10-23,27.530000686645508
2018-10-24,26.57999992370605
2018-10-25,27.170000076293945
2018-10-26,27.86000061035156
2018-10-29,27.690000534057617
2018-10-30,29.239999771118164
2018-10-31,29.780000686645508
2018-11-01,30.170000076293945
2018-11-02,30.3799991607666
2018-11-05,30.239999771118164
2018-11-06,29.290000915527344
2018-11-07,30.450000762939453
2018-11-08,29.700000762939453
2018-11-09,29.3799991607666
2018-11-12,28.950000762939453
2018-11-13,28.940000534057617
2018-11-14,28.959999084472656
2018-11-15,28.450000762939453
2018-11-16,27.86000061035156
2018-11-19,27.63999938964844
2018-11-20,27.26000022888184
2018-11-21,27.479999542236328
2018-11-23,27.739999771118164
2018-11-26,28.1299991607666
2018-11-27,27.799999237060547
2018-11-28,28.25
2018-11-29,28.299999237060547
2018-11-30,27.65999984741211
2018-12-03,28.38999938964844
2018-12-04,26.82999992370605
2018-12-06,26.049999237060547
2018-12-07,25.76000022888184
2018-12-10,25.299999237060547
2018-12-11,25.100000381469727
2018-12-12,25.450000762939453
2018-12-13,25.59000015258789
2018-12-14,25.5
2018-12-17,25.190000534057617
2018-12-18,25.540000915527344
2018-12-19,25.100000381469727
2018-12-20,24.920000076293945
2018-12-21,25.200000762939453
2018-12-24,25.040000915527344
2018-12-26,25.93000030517578
2018-12-27,25.780000686645508
2018-12-28,26.299999237060547
2018-12-31,26.350000381469727
2019-01-02,26.38999938964844
2019-01-03,26.049999237060547
2019-01-04,27.549999237060547
2019-01-07,27.350000381469727
2019-01-08,27.51000022888184
2019-01-09,28.1200008392334
2019-01-10,28.309999465942383
2019-01-11,28.09000015258789
2019-01-14,28.239999771118164
2019-01-15,28.09000015258789
2019-01-16,28.030000686645508
2019-01-17,28.190000534057617
2019-01-18,28.81999969482422
2019-01-22,28.729999542236328
2019-01-23,28.32999992370605
2019-01-24,28.31999969482422
2019-01-25,29.06999969482422
2019-01-28,29.309999465942383
2019-01-29,28.959999084472656
2019-01-30,29.059999465942383
2019-01-31,28.84000015258789
2019-02-01,29.209999084472656
2019-02-04,29.700000762939453
2019-02-05,29.8700008392334
2019-02-06,30.13999938964844
2019-02-07,29.780000686645508
2019-02-08,29.96999931335449
2019-02-11,30.25
2019-02-12,30.43000030517578
2019-02-13,30.5
2019-02-14,30.34000015258789
2019-02-15,30.51000022888184
2019-02-19,31.06999969482422
2019-02-20,31.450000762939453
2019-02-21,31.51000022888184
2019-02-22,31.270000457763672
2019-02-25,31.34000015258789
2019-02-26,31.38999938964844
2019-02-27,31.39999961853028
2019-02-28,31.739999771118164
2019-03-01,32.11000061035156
2019-03-04,31.959999084472656
2019-03-05,31.88999938964844
2019-03-06,31.5
2019-03-07,30.90999984741211
2019-03-08,31.049999237060547
2019-03-11,31.38999938964844
2019-03-12,31.09000015258789
2019-03-13,31.200000762939453
2019-03-14,30.89999961853028
2019-03-15,31.6200008392334
2019-03-18,31.57999992370605
2019-03-19,31.420000076293945
2019-03-20,31.6299991607666
2019-03-21,31.3799991607666
2019-03-22,30.479999542236328
2019-03-25,30.82999992370605
2019-03-26,30.26000022888184
2019-03-27,30.290000915527344
2019-03-28,30.26000022888184
2019-03-29,31.0
2019-04-01,31.790000915527344
2019-04-02,31.76000022888184
2019-04-03,32.630001068115234
2019-04-04,32.439998626708984
2019-04-05,32.869998931884766
2019-04-08,32.59000015258789
2019-04-09,32.310001373291016
2019-04-10,32.15999984741211
2019-04-11,32.72999954223633
2019-04-12,33.0099983215332
2019-04-15,33.11000061035156
2019-04-16,33.33000183105469
2019-04-17,33.4900016784668
2019-04-18,33.869998931884766
2019-04-22,33.810001373291016
2019-04-23,33.529998779296875
2019-04-24,33.7599983215332
2019-04-25,32.869998931884766
2019-04-26,32.810001373291016
2019-04-29,33.290000915527344
2019-04-30,33.650001525878906
2019-05-01,33.34000015258789
2019-05-02,33.939998626708984
2019-05-03,34.22999954223633
2019-05-06,34.130001068115234
2019-05-07,32.900001525878906
2019-05-08,32.75
2019-05-09,32.560001373291016
2019-05-10,32.43000030517578
2019-05-13,31.65999984741211
2019-05-14,32.099998474121094
2019-05-15,32.130001068115234
2019-05-16,32.38999938964844
2019-05-17,31.96999931335449
2019-05-20,31.920000076293945
2019-05-21,32.09000015258789
2019-05-22,32.08000183105469
2019-05-23,31.600000381469727
2019-05-24,31.82999992370605
2019-05-28,31.440000534057617
2019-05-29,31.239999771118164
2019-05-30,31.75
2019-05-31,31.350000381469727
2019-06-03,31.520000457763672
2019-06-04,32.369998931884766
2019-06-05,32.380001068115234
2019-06-06,32.290000915527344
2019-06-07,32.58000183105469
2019-06-10,32.52000045776367
2019-06-11,32.279998779296875
2019-06-12,31.71999931335449
2019-06-13,32.25
2019-06-14,31.96999931335449
2019-06-17,31.81999969482422
2019-06-18,32.029998779296875
2019-06-19,32.0099983215332
2019-06-20,32.79999923706055
2019-06-21,32.400001525878906
2019-06-24,32.189998626708984
2019-06-25,32.150001525878906
2019-06-26,32.380001068115234
2019-06-27,32.599998474121094
2019-06-28,32.75
2019-07-01,33.150001525878906
2019-07-02,33.220001220703125
2019-07-03,33.61000061035156
2019-07-05,33.61000061035156
2019-07-08,32.9900016784668
2019-07-09,33.0
2019-07-10,32.970001220703125
2019-07-11,33.189998626708984
2019-07-12,33.29999923706055
2019-07-15,33.40999984741211
2019-07-16,33.689998626708984
2019-07-17,33.16999816894531
2019-07-18,33.150001525878906
2019-07-19,33.02000045776367
2019-07-22,33.0
2019-07-23,33.0099983215332
2019-07-24,32.959999084472656
2019-07-25,33.06999969482422
2019-07-26,33.4900016784668
2019-07-29,33.279998779296875
2019-07-30,33.16999816894531
2019-07-31,33.36000061035156
2019-08-01,32.650001525878906
2019-08-02,31.979999542236328
2019-08-05,31.299999237060547
2019-08-06,31.5
2019-08-07,31.61000061035156
2019-08-08,32.439998626708984
2019-08-09,32.09000015258789
2019-08-12,31.950000762939453
2019-08-13,32.58000183105469
2019-08-14,31.709999084472656
2019-08-15,31.61000061035156
2019-08-16,32.0099983215332
2019-08-19,32.209999084472656
2019-08-20,31.6200008392334
2019-08-21,32.29999923706055
2019-08-22,32.189998626708984
2019-08-23,32.849998474121094
2019-08-26,32.79999923706055
2019-08-27,32.689998626708984
2019-08-28,32.529998779296875
2019-08-29,33.5099983215332
2019-08-30,33.619998931884766
2019-09-03,33.59000015258789
2019-09-04,34.02000045776367
2019-09-05,33.709999084472656
2019-09-06,33.81999969482422
2019-09-09,33.7400016784668
2019-09-10,33.9900016784668
2019-09-11,34.5
2019-09-12,34.77000045776367
2019-09-13,35.209999084472656
2019-09-16,34.2599983215332
2019-09-17,34.08000183105469
2019-09-18,34.04999923706055
2019-09-19,34.2400016784668
2019-09-20,33.93000030517578
2019-09-23,33.689998626708984
2019-09-24,33.43000030517578
2019-09-25,33.369998931884766
2019-09-26,33.900001525878906
2019-09-27,34.08000183105469
2019-09-30,34.36000061035156
2019-10-01,33.77000045776367
2019-10-02,32.689998626708984
2019-10-03,32.84000015258789
2019-10-04,33.099998474121094
2019-10-07,32.72999954223633
2019-10-08,32.02000045776367
2019-10-09,32.529998779296875
2019-10-10,33.22999954223633
2019-10-11,33.900001525878906
2019-10-14,34.16999816894531
2019-10-15,34.790000915527344
2019-10-16,34.959999084472656
2019-10-17,34.939998626708984
2019-10-18,34.970001220703125
2019-10-21,35.290000915527344
2019-10-22,34.9900016784668
2019-10-23,35.75
2019-10-24,36.0099983215332
2019-10-25,36.34000015258789
2019-10-28,36.52000045776367
2019-10-29,36.81999969482422
2019-10-30,36.86000061035156
2019-10-31,36.5
2019-11-01,36.88999938964844
2019-11-04,37.09999847412109
2019-11-05,37.02999877929688
2019-11-06,36.93000030517578
2019-11-07,36.959999084472656
2019-11-08,36.790000915527344
2019-11-11,36.84000015258789
2019-11-12,36.790000915527344
2019-11-13,37.25
2019-11-14,37.15999984741211
2019-11-15,37.310001373291016
2019-11-18,37.400001525878906
2019-11-19,37.41999816894531
2019-11-20,36.91999816894531
2019-11-21,36.9900016784668
2019-11-22,37.36000061035156
2019-11-25,37.619998931884766
2019-11-26,38.650001525878906
2019-11-27,38.970001220703125
2019-11-29,38.29999923706055
2019-12-02,38.18999862670898
2019-12-03,38.02000045776367
2019-12-04,38.380001068115234
2019-12-05,38.58000183105469
2019-12-06,38.7400016784668
2019-12-09,38.7599983215332
2019-12-10,38.77000045776367
2019-12-11,39.18999862670898
2019-12-12,39.52999877929688
2019-12-13,39.959999084472656
2019-12-16,40.150001525878906
2019-12-17,39.65999984741211
2019-12-18,39.81999969482422
2019-12-19,39.400001525878906
2019-12-20,39.68999862670898
2019-12-23,39.86000061035156
2019-12-24,39.90999984741211
2019-12-26,40.2599983215332
2019-12-27,40.36000061035156
2019-12-30,39.9900016784668
2019-12-31,40.33000183105469
2020-01-02,40.84000015258789
2020-01-03,39.84000015258789
2020-01-06,39.90999984741211
2020-01-07,39.72999954223633
2020-01-08,39.68999862670898
2020-01-09,39.61000061035156
2020-01-10,39.150001525878906
2020-01-13,39.619998931884766
2020-01-14,39.209999084472656
2020-01-15,38.77000045776367
2020-01-16,38.880001068115234
2020-01-17,38.81999969482422
2020-01-21,38.41999816894531
2020-01-22,38.38999938964844
2020-01-23,38.38999938964844
2020-01-24,38.560001373291016
2020-01-27,37.77000045776367
2020-01-28,38.130001068115234
2020-01-29,38.2599983215332
2020-01-30,38.43000030517578
2020-01-31,37.59000015258789
2020-02-03,38.09999847412109
2020-02-04,38.7599983215332
2020-02-05,39.04999923706055
2020-02-06,38.88999938964844
2020-02-07,38.459999084472656
2020-02-10,38.75
2020-02-11,39.220001220703125
2020-02-12,39.40999984741211
2020-02-13,39.11000061035156
2020-02-14,38.900001525878906
2020-02-18,37.90999984741211
2020-02-19,38.02999877929688
2020-02-20,37.84999847412109
2020-02-21,37.59999847412109
2020-02-24,36.2599983215332
2020-02-25,35.31999969482422
2020-02-26,35.43000030517578
2020-02-27,34.209999084472656
2020-02-28,33.880001068115234
2020-03-02,35.209999084472656
2020-03-03,35.060001373291016
2020-03-04,36.27000045776367
2020-03-05,35.36000061035156
2020-03-06,34.310001373291016
2020-03-09,30.989999771118164
2020-03-10,31.82999992370605
2020-03-11,29.6200008392334
2020-03-12,26.040000915527344
2020-03-13,27.51000022888184
2020-03-16,22.56999969482422
2020-03-17,22.46999931335449
2020-03-18,18.63999938964844
2020-03-19,18.959999084472656
2020-03-20,19.8700008392334
2020-03-23,20.18000030517578
2020-03-24,22.8700008392334
2020-03-25,23.89999961853028
2020-03-26,26.809999465942383
2020-03-27,25.36000061035156
2020-03-30,25.57999992370605
2020-03-31,26.84000015258789
2020-04-01,25.89999961853028
2020-04-02,26.25
2020-04-03,25.8700008392334
2020-04-06,27.489999771118164
2020-04-07,26.989999771118164
2020-04-08,27.59000015258789
2020-04-09,29.96999931335449
2020-04-13,29.040000915527344
2020-04-14,28.049999237060547
2020-04-15,26.100000381469727
2020-04-16,26.739999771118164
2020-04-17,27.84000015258789
2020-04-20,26.799999237060547
2020-04-21,26.25
2020-04-22,28.0
2020-04-23,27.670000076293945
2020-04-24,28.38999938964844
2020-04-27,29.65999984741211
2020-04-28,29.780000686645508
2020-04-29,31.43000030517578
2020-04-30,30.1200008392334
2020-05-01,29.3799991607666
2020-05-04,29.739999771118164
2020-05-05,28.8799991607666
2020-05-06,28.01000022888184
2020-05-07,28.82999992370605
2020-05-08,29.450000762939453
2020-05-11,28.600000381469727
2020-05-12,28.21999931335449
2020-05-13,27.76000022888184
2020-05-14,27.989999771118164
2020-05-15,27.86000061035156
2020-05-18,30.040000915527344
2020-05-19,29.32999992370605
2020-05-20,30.11000061035156
2020-05-21,29.809999465942383
2020-05-22,29.920000076293945
2020-05-26,30.84000015258789
2020-05-27,32.220001220703125
2020-05-28,32.0099983215332
2020-05-29,32.15999984741211
2020-06-01,32.79999923706055
2020-06-02,33.93000030517578
2020-06-03,35.47999954223633
2020-06-04,35.689998626708984
2020-06-05,36.83000183105469
2020-06-08,36.25
2020-06-09,35.83000183105469
2020-06-10,35.45000076293945
2020-06-11,32.59000015258789
2020-06-12,33.709999084472656
2020-06-15,34.31999969482422
2020-06-16,36.08000183105469
2020-06-17,35.560001373291016
2020-06-18,35.72999954223633
2020-06-19,34.66999816894531
2020-06-22,35.20000076293945
2020-06-23,35.5099983215332
2020-06-24,33.84000015258789
2020-06-25,34.060001373291016
2020-06-26,33.810001373291016
2020-06-29,34.47999954223633
2020-06-30,34.310001373291016
2020-07-01,34.83000183105469
2020-07-02,35.65999984741211
2020-07-06,36.22999954223633
2020-07-07,36.13999938964844
2020-07-08,35.83000183105469
2020-07-09,35.400001525878906
2020-07-10,36.52000045776367
2020-07-13,35.790000915527344
2020-07-14,37.15999984741211
2020-07-15,38.060001373291016
2020-07-16,38.16999816894531
2020-07-17,38.150001525878906
2020-07-20,38.88999938964844
2020-07-21,38.720001220703125
2020-07-22,38.79999923706055
2020-07-23,38.43999862670898
2020-07-24,38.15999984741211
2020-07-27,38.84000015258789
2020-07-28,37.59999847412109
2020-07-29,37.869998931884766
2020-07-30,37.209999084472656
2020-07-31,36.38999938964844
2020-08-03,37.59000015258789
2020-08-04,37.5
2020-08-05,38.25
2020-08-06,38.45000076293945
2020-08-07,38.790000915527344
2020-08-10,38.97999954223633
2020-08-11,39.119998931884766
2020-08-12,39.95000076293945
2020-08-13,39.58000183105469
2020-08-14,39.02000045776367
2020-08-17,39.70000076293945
2020-08-18,39.93999862670898
2020-08-19,39.84000015258789
2020-08-20,39.08000183105469
2020-08-21,38.81999969482422
2020-08-24,39.59000015258789
2020-08-25,38.560001373291016
2020-08-26,38.84999847412109
2020-08-27,38.20000076293945
2020-08-28,37.880001068115234
2020-08-31,37.09999847412109
2020-09-01,37.90999984741211
2020-09-02,37.790000915527344
2020-09-03,35.97999954223633
2020-09-04,36.470001220703125
2020-09-08,36.02999877929688
2020-09-09,37.16999816894531
2020-09-10,36.7400016784668
2020-09-11,37.380001068115234
2020-09-14,37.84000015258789
2020-09-15,38.77999877929688
2020-09-16,38.95000076293945
2020-09-17,38.70000076293945
2020-09-18,37.560001373291016
2020-09-21,35.720001220703125
2020-09-22,35.869998931884766
2020-09-23,35.13999938964844
2020-09-24,35.5099983215332
2020-09-25,36.060001373291016
2020-09-28,36.86000061035156
2020-09-29,36.459999084472656
2020-09-30,36.09000015258789
2020-10-01,36.0099983215332
2020-10-02,36.54999923706055
2020-10-05,37.54999923706055
2020-10-06,37.56999969482422
2020-10-07,39.02999877929688
2020-10-08,39.79999923706055
2020-10-09,39.52999877929688
2020-10-12,39.619998931884766
2020-10-13,38.58000183105469
2020-10-14,38.31999969482422
2020-10-15,37.869998931884766
2020-10-16,38.310001373291016
2020-10-19,37.86000061035156
2020-10-20,37.83000183105469
2020-10-21,37.560001373291016
2020-10-22,36.93000030517578
2020-10-23,37.31999969482422
2020-10-26,36.09999847412109
2020-10-27,35.36000061035156
2020-10-28,33.77000045776367
2020-10-29,35.08000183105469
2020-10-30,35.150001525878906
2020-11-02,36.77999877929688
2020-11-03,38.31999969482422
2020-11-04,36.59000015258789
2020-11-05,37.36000061035156
2020-11-06,37.93999862670898
2020-11-09,37.900001525878906
2020-11-10,39.790000915527344
2020-11-11,39.93999862670898
2020-11-12,39.08000183105469
2020-11-13,39.52999877929688
2020-11-16,40.060001373291016
2020-11-17,40.09999847412109
2020-11-18,39.959999084472656
2020-11-19,39.77999877929688
2020-11-20,39.65999984741211
2020-11-23,39.459999084472656
2020-11-24,41.869998931884766
2020-11-25,42.459999084472656
2020-11-27,40.470001220703125
2020-11-30,39.25
2020-12-01,40.380001068115234
2020-12-02,40.15999984741211
2020-12-03,41.290000915527344
2020-12-04,41.81999969482422
2020-12-07,41.369998931884766
2020-12-08,41.16999816894531
2020-12-09,40.18000030517578
2020-12-10,39.59999847412109
2020-12-11,39.58000183105469
2020-12-14,39.43000030517578
2020-12-15,40.290000915527344
2020-12-16,40.630001068115234
2020-12-17,41.61000061035156
2020-12-18,42.7599983215332
2020-12-21,41.65999984741211
2020-12-22,42.02000045776367
2020-12-23,42.119998931884766
2020-12-24,42.38999938964844
2020-12-28,42.52999877929688
2020-12-29,42.29999923706055
2020-12-30,42.81999969482422
2020-12-31,42.58000183105469
2021-01-04,42.709999084472656
2021-01-05,43.22999954223633
2021-01-06,46.650001525878906
2021-01-07,47.59999847412109
2021-01-08,47.29999923706055
2021-01-11,45.790000915527344
2021-01-12,45.959999084472656
2021-01-13,44.619998931884766
2021-01-14,44.72999954223633
2021-01-15,44.47999954223633
2021-01-19,45.0
2021-01-20,45.2599983215332
2021-01-21,44.470001220703125
2021-01-22,44.20000076293945
2021-01-25,43.220001220703125
2021-01-26,42.84000015258789
2021-01-27,41.5
2021-01-28,42.619998931884766
2021-01-29,41.13999938964844
2021-02-01,42.63999938964844
2021-02-02,43.0099983215332
2021-02-03,43.45000076293945
2021-02-04,43.34999847412109
2021-02-05,42.93000030517578
2021-02-08,43.18000030517578
2021-02-09,43.810001373291016
2021-02-10,43.61000061035156
2021-02-11,44.43999862670898
2021-02-12,45.130001068115234
2021-02-16,44.880001068115234
2021-02-17,44.22999954223633
2021-02-18,43.43000030517578
2021-02-19,44.08000183105469
2021-02-22,44.060001373291016
2021-02-23,44.310001373291016
2021-02-24,45.52000045776367
2021-02-25,44.31999969482422
2021-02-26,43.33000183105469
2021-03-01,44.52000045776367
2021-03-02,44.70000076293945
2021-03-03,45.63999938964844
2021-03-04,46.27999877929688
2021-03-05,46.52000045776367
2021-03-08,46.97999954223633
2021-03-09,47.52999877929688
2021-03-10,47.959999084472656
2021-03-11,48.25
2021-03-12,48.66999816894531
2021-03-15,48.310001373291016
2021-03-16,47.20000076293945
2021-03-17,47.04999923706055
2021-03-18,45.90999984741211
2021-03-19,45.15999984741211
2021-03-22,44.79999923706055
2021-03-23,43.88999938964844
2021-03-24,44.34000015258789
2021-03-25,45.58000183105469
2021-03-26,46.38999938964844
2021-03-29,46.310001373291016
2021-03-30,46.79999923706055
2021-03-31,46.97999954223633
2021-04-01,46.77999877929688
2021-04-05,47.66999816894531
2021-04-06,46.97999954223633
2021-04-07,47.560001373291016
2021-04-08,48.04999923706055
2021-04-09,48.75
2021-04-12,48.33000183105469
2021-04-13,48.09999847412109
2021-04-14,48.119998931884766
2021-04-15,48.04999923706055
2021-04-16,48.630001068115234
2021-04-19,48.45000076293945
2021-04-20,47.220001220703125
2021-04-21,48.02000045776367
2021-04-22,47.27000045776367
2021-04-23,47.72999954223633
2021-04-26,47.709999084472656
2021-04-27,47.380001068115234
2021-04-28,47.95000076293945
2021-04-29,48.130001068115234
2021-04-30,47.27000045776367
2021-05-03,47.7400016784668
2021-05-04,48.15999984741211
2021-05-05,50.0
2021-05-06,50.40999984741211
2021-05-07,50.9900016784668
2021-05-10,50.540000915527344
2021-05-11,50.22999954223633
2021-05-12,49.36000061035156
2021-05-13,49.790000915527344
2021-05-14,51.18000030517578
2021-05-17,51.18000030517578
2021-05-18,51.02999877929688
2021-05-19,50.310001373291016
2021-05-20,50.47999954223633
2021-05-21,50.540000915527344
2021-05-24,51.4900016784668
2021-05-25,50.88999938964844
2021-05-26,51.369998931884766
2021-05-27,52.29999923706055
2021-05-28,52.06999969482422
2021-06-01,52.63999938964844
2021-06-02,52.540000915527344
2021-06-03,52.43000030517578
2021-06-04,52.36000061035156
2021-06-07,53.09000015258789
2021-06-08,53.09999847412109
2021-06-09,51.900001525878906
2021-06-10,52.13999938964844
2021-06-11,52.560001373291016
2021-06-14,51.59999847412109
2021-06-15,51.77999877929688
2021-06-16,51.20000076293945
2021-06-17,50.5
2021-06-18,49.34999847412109
2021-06-21,50.77000045776367
2021-06-22,51.2400016784668
2021-06-23,50.65999984741211
2021-06-24,51.70000076293945
2021-06-25,52.25
2021-06-28,51.22999954223633
2021-06-29,51.209999084472656
2021-06-30,50.84000015258789
2021-07-01,51.119998931884766
2021-07-02,50.63999938964844
2021-07-06,49.81999969482422
2021-07-07,50.52999877929688
2021-07-08,49.15999984741211
2021-07-09,50.43999862670898
2021-07-12,50.02999877929688
2021-07-13,49.720001220703125
2021-07-14,49.720001220703125
2021-07-15,49.25
2021-07-16,48.7400016784668
2021-07-19,47.040000915527344
2021-07-20,47.880001068115234
2021-07-21,48.84999847412109
2021-07-22,48.45000076293945
2021-07-23,48.83000183105469
2021-07-26,49.36000061035156
2021-07-27,49.09000015258789
2021-07-28,50.290000915527344
2021-07-29,50.290000915527344
2021-07-30,49.88999938964844
2021-08-02,49.790000915527344
2021-08-03,50.75
2021-08-04,50.52000045776367
2021-08-05,50.27999877929688
2021-08-06,50.83000183105469
2021-08-09,50.77999877929688
2021-08-10,51.79999923706055
2021-08-11,53.36000061035156
2021-08-12,53.2400016784668
2021-08-13,52.9900016784668
2021-08-16,52.54999923706055
2021-08-17,51.720001220703125
2021-08-18,51.59000015258789
2021-08-19,51.119998931884766
2021-08-20,51.5099983215332
2021-08-23,51.93000030517578
2021-08-24,51.52000045776367
2021-08-25,51.83000183105469
2021-08-26,53.43999862670898
2021-08-27,53.7599983215332
2021-08-30,53.61000061035156
2021-08-31,53.119998931884766
2021-09-01,52.970001220703125
2021-09-02,52.7599983215332
2021-09-03,52.970001220703125
2021-09-07,51.84000015258789
2021-09-08,51.41999816894531
2021-09-09,51.119998931884766
2021-09-10,51.31999969482422
2021-09-13,51.97999954223633
2021-09-14,51.81999969482422
2021-09-15,51.959999084472656
2021-09-16,51.720001220703125
2021-09-17,49.7599983215332
2021-09-20,49.040000915527344
2021-09-21,49.25
2021-09-22,50.0099983215332
2021-09-23,50.47999954223633
2021-09-24,49.59000015258789
2021-09-27,49.380001068115234
2021-09-28,48.20000076293945
2021-09-29,47.290000915527344
2021-09-30,46.7400016784668
2021-10-01,47.25
2021-10-04,46.709999084472656
2021-10-05,46.0099983215332
2021-10-06,46.43000030517578
2021-10-07,47.13999938964844
2021-10-08,46.81999969482422
2021-10-11,46.119998931884766
2021-10-12,46.15999984741211
2021-10-13,46.36000061035156
2021-10-14,47.18999862670898
2021-10-15,47.5099983215332
2021-10-18,47.18999862670898
2021-10-19,47.709999084472656
2021-10-20,48.20000076293945
2021-10-21,47.380001068115234
2021-10-22,47.34000015258789
2021-10-25,47.91999816894531
2021-10-26,48.02000045776367
2021-10-27,47.58000183105469
2021-10-28,48.220001220703125
2021-10-29,47.93999862670898
2021-11-01,48.54999923706055
2021-11-02,49.540000915527344
2021-11-03,49.900001525878906
2021-11-04,49.290000915527344
2021-11-05,49.47999954223633
2021-11-08,50.54999923706055
2021-11-09,50.63999938964844
2021-11-10,50.220001220703125
2021-11-11,50.34999847412109
2021-11-12,51.0
2021-11-15,50.560001373291016
2021-11-16,50.540000915527344
2021-11-17,50.40999984741211
2021-11-18,49.810001373291016
2021-11-19,49.11000061035156
2021-11-22,48.70000076293945
2021-11-23,50.68999862670898
2021-11-24,51.11000061035156
2021-11-26,49.93000030517578
2021-11-29,49.13999938964844
2021-11-30,48.68000030517578
2021-12-01,48.02000045776367
2021-12-02,49.33000183105469
2021-12-03,48.52999877929688
2021-12-06,50.400001525878906
2021-12-07,51.4900016784668
2021-12-08,50.93999862670898
2021-12-09,50.29999923706055
2021-12-10,50.40999984741211
2021-12-13,49.7400016784668
2021-12-14,50.09999847412109
2021-12-15,50.720001220703125
2021-12-16,50.41999816894531
2021-12-17,50.0
2021-12-20,49.45000076293945
2021-12-21,50.68999862670898
2021-12-22,51.5
2021-12-23,51.59000015258789
2021-12-27,52.52000045776367
2021-12-28,52.4900016784668
2021-12-29,53.02000045776367
2021-12-30,52.650001525878906
2021-12-31,52.79999923706055
2022-01-03,53.20000076293945
2022-01-04,54.22999954223633
2022-01-05,53.34999847412109
2022-01-06,52.95000076293945
2022-01-07,52.959999084472656
2022-01-10,52.2599983215332
2022-01-11,53.36000061035156
2022-01-12,54.06999969482422
2022-01-13,53.970001220703125
2022-01-14,53.209999084472656
2022-01-18,52.38999938964844
2022-01-19,51.810001373291016
2022-01-20,51.77000045776367
2022-01-21,50.52999877929688
2022-01-24,49.970001220703125
2022-01-25,48.459999084472656
2022-01-26,48.650001525878906
2022-01-27,48.52999877929688
2022-01-28,49.91999816894531
2022-01-31,50.40999984741211
2022-02-01,51.630001068115234
2022-02-02,52.27000045776367
2022-02-03,51.52000045776367
2022-02-04,50.959999084472656
2022-02-07,50.59000015258789
2022-02-08,50.959999084472656
2022-02-09,51.84000015258789
2022-02-10,51.369998931884766
2022-02-11,50.470001220703125
2022-02-14,49.18000030517578
2022-02-15,50.119998931884766
2022-02-16,50.83000183105469
2022-02-17,49.43000030517578
2022-02-18,49.16999816894531
2022-02-22,48.27000045776367
2022-02-23,46.36000061035156
2022-02-24,44.33000183105469
2022-02-25,45.90999984741211
2022-02-28,44.88999938964844
2022-03-01,43.29999923706055
2022-03-02,44.31999969482422
2022-03-03,43.470001220703125
2022-03-04,39.790000915527344
2022-03-07,38.630001068115234
2022-03-08,38.9900016784668
2022-03-09,42.33000183105469
2022-03-10,40.459999084472656
2022-03-11,41.45000076293945
2022-03-14,42.790000915527344
2022-03-15,43.68000030517578
2022-03-16,43.93999862670898
2022-03-17,45.04999923706055
2022-03-18,45.72999954223633
2022-03-21,44.650001525878906
2022-03-22,43.880001068115234
2022-03-23,42.470001220703125
2022-03-24,42.70000076293945
2022-03-25,42.41999816894531
2022-03-28,41.68999862670898
2022-03-29,42.81999969482422
2022-03-30,40.88999938964844
2022-03-31,40.060001373291016
2022-04-01,40.2599983215332
2022-04-04,40.27999877929688
2022-04-05,38.95000076293945
2022-04-06,38.13999938964844
2022-04-07,38.400001525878906
2022-04-08,38.93000030517578
2022-04-11,39.0
2022-04-12,38.45000076293945
2022-04-13,39.47999954223633
2022-04-14,39.040000915527344
2022-04-18,38.83000183105469
2022-04-19,39.68999862670898
2022-04-20,42.47999954223633
2022-04-21,41.7599983215332
2022-04-22,40.88999938964844
2022-04-25,41.04999923706055
2022-04-26,39.650001525878906
2022-04-27,39.790000915527344
2022-04-28,40.45000076293945
2022-04-29,39.58000183105469
2022-05-02,39.75
2022-05-03,40.56999969482422
2022-05-04,41.470001220703125
2022-05-05,39.619998931884766
2022-05-06,39.25
2022-05-09,38.38999938964844
2022-05-10,38.15999984741211
2022-05-11,37.63999938964844
2022-05-12,38.2400016784668
2022-05-13,39.220001220703125
2022-05-16,38.84000015258789
2022-05-17,40.459999084472656
2022-05-18,39.04999923706055
2022-05-19,39.31999969482422
2022-05-20,39.66999816894531
2022-05-23,40.380001068115234
2022-05-24,40.33000183105469
2022-05-25,40.7400016784668
2022-05-26,41.25
2022-05-27,41.869998931884766
2022-05-31,41.4900016784668
2022-06-01,40.91999816894531
2022-06-02,42.06999969482422
2022-06-03,41.470001220703125
2022-06-06,41.63999938964844
2022-06-07,41.880001068115234
2022-06-08,40.36000061035156
2022-06-09,39.75
2022-06-10,37.040000915527344
2022-06-13,35.709999084472656
2022-06-14,35.439998626708984
2022-06-15,36.15999984741211
2022-06-16,35.560001373291016
2022-06-17,35.63999938964844
2022-06-21,34.81999969482422
2022-06-22,34.34000015258789
2022-06-23,34.310001373291016
2022-06-24,35.2599983215332
2022-06-27,35.119998931884766
2022-06-28,34.380001068115234
2022-06-29,34.529998779296875
2022-06-30,34.81999969482422
2022-07-01,34.9900016784668
2022-07-05,33.83000183105469
2022-07-06,34.04999923706055
2022-07-07,34.470001220703125
2022-07-08,34.90999984741211
2022-07-11,34.58000183105469
2022-07-12,34.7599983215332
2022-07-13,34.459999084472656
2022-07-14,34.29999923706055
2022-07-15,34.849998474121094
2022-07-18,34.970001220703125
2022-07-19,36.560001373291016
2022-07-20,35.720001220703125
2022-07-21,36.18000030517578
2022-07-22,36.0
2022-07-25,36.34999847412109
2022-07-26,35.630001068115234
2022-07-27,37.15999984741211
2022-07-28,37.93000030517578
2022-07-29,38.59000015258789
2022-08-01,38.27000045776367
2022-08-02,37.33000183105469
2022-08-03,38.11000061035156
2022-08-04,38.95000076293945
2022-08-05,38.869998931884766
2022-08-08,38.880001068115234
2022-08-09,38.52999877929688
2022-08-10,39.380001068115234
2022-08-11,39.369998931884766
2022-08-12,39.7400016784668
2022-08-15,39.65999984741211
2022-08-16,40.150001525878906
2022-08-17,39.380001068115234
2022-08-18,39.56999969482422
2022-08-19,38.93000030517578
2022-08-22,37.68999862670898
2022-08-23,38.0099983215332
2022-08-24,37.400001525878906
2022-08-25,38.77999877929688
2022-08-26,37.630001068115234
2022-08-29,37.91999816894531
2022-08-30,37.400001525878906
2022-08-31,36.9900016784668
2022-09-01,36.119998931884766
2022-09-02,36.5
2022-09-06,35.849998474121094
2022-09-07,36.68999862670898
2022-09-08,36.459999084472656
2022-09-09,37.310001373291016
2022-09-12,38.18999862670898
2022-09-13,36.369998931884766
2022-09-14,35.5
2022-09-15,35.29999923706055
2022-09-16,35.470001220703125
2022-09-19,36.08000183105469
2022-09-20,34.540000915527344
2022-09-21,34.060001373291016
2022-09-22,33.59000015258789
2022-09-23,32.209999084472656
2022-09-26,31.8799991607666
2022-09-27,31.540000915527344
2022-09-28,32.599998474121094
2022-09-29,32.15999984741211
2022-09-30,32.22999954223633
2022-10-03,32.959999084472656
2022-10-04,35.119998931884766
2022-10-05,34.470001220703125
2022-10-06,33.41999816894531
2022-10-07,32.380001068115234
2022-10-10,32.77000045776367
2022-10-11,32.310001373291016
2022-10-12,31.989999771118164
2022-10-13,33.02000045776367
2022-10-14,31.86000061035156
2022-10-17,33.310001373291016
2022-10-18,33.970001220703125
2022-10-19,33.529998779296875
2022-10-20,33.400001525878906
2022-10-21,33.959999084472656
2022-10-24,34.56999969482422
2022-10-25,35.52000045776367
2022-10-26,35.40999984741211
2022-10-27,35.22999954223633
2022-10-28,36.61000061035156
2022-10-31,36.209999084472656
2022-11-01,36.2400016784668
2022-11-02,34.75
2022-11-03,35.38999938964844
2022-11-04,37.130001068115234
2022-11-07,37.18999862670898
2022-11-08,36.88999938964844
2022-11-09,36.13999938964844
2022-11-10,39.119998931884766
2022-11-11,40.31999969482422
2022-11-14,39.31999969482422
2022-11-15,39.720001220703125
2022-11-16,39.20000076293945
2022-11-17,39.02999877929688
2022-11-18,39.65999984741211
2022-11-21,39.58000183105469
2022-11-22,39.65999984741211
2022-11-23,40.27999877929688
2022-11-25,40.630001068115234
2022-11-28,39.54999923706055
2022-11-29,40.02999877929688
2022-11-30,40.34999847412109
2022-12-01,40.45000076293945
2022-12-02,40.61000061035156
2022-12-05,39.86000061035156
2022-12-06,39.630001068115234
2022-12-07,39.540000915527344
2022-12-08,39.4900016784668
2022-12-09,39.86000061035156
2022-12-12,39.95000076293945
2022-12-13,40.66999816894531
2022-12-14,40.650001525878906
2022-12-15,39.16999816894531
2022-12-16,39.02000045776367
2022-12-19,39.16999816894531
2022-12-20,39.369998931884766
2022-12-21,39.900001525878906
2022-12-22,39.52999877929688
2022-12-23,39.880001068115234
2022-12-27,39.97999954223633
2022-12-28,39.380001068115234
2022-12-29,39.91999816894531
2022-12-30,39.790000915527344
2023-01-03,41.02999877929688
2023-01-04,43.0
2023-01-05,42.18999862670898
2023-01-06,43.619998931884766
2023-01-09,43.68999862670898
2023-01-10,43.59999847412109
2023-01-11,44.52000045776367
2023-01-12,44.68999862670898
2023-01-13,45.63999938964844
2023-01-17,45.33000183105469
2023-01-18,44.720001220703125
2023-01-19,44.43999862670898
2023-01-20,45.0099983215332
2023-01-23,45.27999877929688
2023-01-24,45.09999847412109
2023-01-25,45.709999084472656
2023-01-26,46.27000045776367
2023-01-27,46.470001220703125
2023-01-30,46.25
2023-01-31,47.08000183105469
2023-02-01,48.04999923706055
2023-02-02,48.630001068115234
2023-02-03,47.400001525878906
2023-02-06,46.54999923706055
2023-02-07,47.27999877929688
2023-02-08,46.93999862670898
2023-02-09,46.83000183105469
2023-02-10,46.27000045776367
2023-02-13,47.2400016784668
2023-02-14,47.220001220703125
2023-02-15,48.18000030517578
2023-02-16,47.34000015258789
2023-02-17,47.2400016784668
2023-02-21,46.84999847412109
2023-02-22,46.34000015258789
2023-02-23,46.93000030517578
2023-02-24,46.310001373291016
2023-02-27,47.060001373291016
2023-02-28,47.310001373291016
2023-03-01,47.459999084472656
2023-03-02,51.81999969482422
2023-03-03,51.65999984741211
2023-03-06,51.68000030517578
2023-03-07,51.400001525878906
2023-03-08,51.790000915527344
2023-03-09,50.86000061035156
2023-03-10,50.16999816894531
2023-03-13,48.900001525878906
2023-03-14,50.2599983215332
2023-03-15,48.18000030517578
2023-03-16,48.869998931884766
2023-03-17,48.119998931884766
2023-03-20,49.31999969482422
2023-03-21,50.45000076293945
2023-03-22,50.2599983215332
2023-03-23,49.400001525878906
2023-03-24,48.09999847412109
2023-03-27,48.31999969482422
2023-03-28,49.18999862670898
2023-03-29,49.59000015258789
2023-03-30,50.08000183105469
2023-03-31,50.869998931884766
2023-04-03,50.90999984741211
2023-04-04,50.2400016784668
2023-04-05,47.09999847412109
2023-04-06,47.77000045776367
2023-04-10,48.04999923706055
2023-04-11,47.7400016784668
2023-04-12,48.560001373291016
2023-04-13,49.290000915527344
2023-04-14,49.2400016784668
2023-04-17,49.61000061035156
2023-04-18,49.959999084472656
2023-04-19,49.9900016784668
2023-04-20,49.880001068115234
2023-04-21,49.43000030517578
2023-04-24,49.81999969482422
2023-04-25,49.54999923706055
2023-04-26,48.27000045776367
2023-04-27,48.59999847412109
2023-04-28,48.5
2023-05-01,48.290000915527344
2023-05-02,47.97999954223633
2023-05-03,47.66999816894531
2023-05-04,48.459999084472656
2023-05-05,49.5
2023-05-08,49.27999877929688
2023-05-09,49.34999847412109
2023-05-10,49.38999938964844
2023-05-11,49.720001220703125
2023-05-12,48.97999954223633
2023-05-15,49.5099983215332
2023-05-16,49.130001068115234
2023-05-17,49.68000030517578
2023-05-18,50.040000915527344
2023-05-19,50.22999954223633
2023-05-22,50.11000061035156
2023-05-23,48.7400016784668
2023-05-24,48.25
2023-05-25,48.400001525878906
2023-05-26,48.810001373291016
2023-05-30,48.369998931884766
2023-05-31,47.540000915527344
2023-06-01,48.290000915527344
2023-06-02,49.060001373291016
2023-06-05,48.34999847412109
2023-06-06,48.16999816894531
2023-06-07,48.58000183105469
2023-06-08,49.52999877929688
2023-06-09,48.68999862670898
2023-06-12,49.65999984741211
2023-06-13,50.04999923706055
2023-06-14,52.060001373291016
2023-06-15,52.72999954223633
2023-06-16,53.13999938964844
2023-06-20,52.84999847412109
2023-06-21,53.790000915527344
2023-06-22,53.459999084472656
2023-06-23,53.43999862670898
2023-06-26,53.040000915527344
2023-06-27,54.56999969482422
2023-06-28,55.060001373291016
2023-06-29,54.93000030517578
2023-06-30,55.72999954223633
2023-07-03,55.880001068115234
2023-07-05,54.77000045776367
2023-07-06,53.36000061035156
2023-07-07,53.54999923706055
2023-07-10,54.0
2023-07-11,55.400001525878906
2023-07-12,56.45000076293945
2023-07-13,57.18000030517578
2023-07-14,57.36000061035156
2023-07-17,57.540000915527344
2023-07-18,58.040000915527344
2023-07-19,58.16999816894531
2023-07-20,58.70000076293945
2023-07-21,58.90999984741211
2023-07-24,59.02000045776367
2023-07-25,59.5
2023-07-26,59.40999984741211
2023-07-27,59.369998931884766
2023-07-28,60.08000183105469
2023-07-31,60.29999923706055
2023-08-01,59.810001373291016
2023-08-02,58.68999862670898
2023-08-03,59.11000061035156
2023-08-04,59.29999923706055
2023-08-07,60.040000915527344
2023-08-08,59.77999877929688
2023-08-09,58.72999954223633
2023-08-10,58.400001525878906
2023-08-11,58.09999847412109
2023-08-14,58.18999862670898
2023-08-15,57.54999923706055
2023-08-16,57.470001220703125
2023-08-17,56.31999969482422
2023-08-18,56.43999862670898
2023-08-21,56.560001373291016
2023-08-22,57.209999084472656
2023-08-23,57.880001068115234
2023-08-24,56.84999847412109
2023-08-25,57.29999923706055
2023-08-28,57.47999954223633
2023-08-29,57.79999923706055
2023-08-30,57.34999847412109
2023-08-31,57.56999969482422
2023-09-01,57.16999816894531
2023-09-05,55.43000030517578
2023-09-06,55.11000061035156
2023-09-07,55.02000045776367
2023-09-08,54.7599983215332
2023-09-11,54.54999923706055
2023-09-12,53.5099983215332
2023-09-13,53.970001220703125
2023-09-14,55.709999084472656
2023-09-15,54.77000045776367
2023-09-18,53.5099983215332
2023-09-19,53.650001525878906
2023-09-20,54.9900016784668
2023-09-21,53.470001220703125
2023-09-22,54.58000183105469
2023-09-25,56.34999847412109
2023-09-26,55.810001373291016
2023-09-27,56.400001525878906
2023-09-28,56.18000030517578
2023-09-29,54.72999954223633
2023-10-02,54.04999923706055
2023-10-03,53.40999984741211
2023-10-04,54.4900016784668
2023-10-05,55.34999847412109
2023-10-06,56.58000183105469
2023-10-09,56.83000183105469
2023-10-10,57.5
2023-10-11,59.220001220703125
2023-10-12,58.119998931884766
2023-10-13,57.52999877929688
2023-10-16,58.59000015258789
2023-10-17,57.9900016784668
2023-10-18,55.52000045776367
2023-10-19,54.56999969482422
2023-10-20,54.9900016784668
2023-10-23,54.810001373291016
2023-10-24,54.43999862670898
2023-10-25,53.5
2023-10-26,52.290000915527344
2023-10-27,52.34999847412109
2023-10-30,53.4900016784668
2023-10-31,53.56999969482422
2023-11-01,56.72999954223633
2023-11-02,56.7599983215332
2023-11-03,56.880001068115234
2023-11-06,57.68999862670898
2023-11-07,58.119998931884766
2023-11-08,58.91999816894531
2023-11-09,58.38999938964844
2023-11-10,59.86000061035156
2023-11-13,59.709999084472656
2023-11-14,60.130001068115234
2023-11-15,59.11000061035156
2023-11-16,59.18999862670898
2023-11-17,60.209999084472656
2023-11-20,58.7400016784668
2023-11-21,61.130001068115234
2023-11-22,61.22999954223633
2023-11-24,61.7599983215332
2023-11-27,61.970001220703125
2023-11-28,61.66999816894531
2023-11-29,62.52000045776367
2023-11-30,62.75
2023-12-01,64.48999786376953
2023-12-04,62.959999084472656
2023-12-05,63.09000015258789
2023-12-06,62.95000076293945
2023-12-07,63.9900016784668
2023-12-08,64.94999694824219
2023-12-11,65.33999633789062
2023-12-12,65.62999725341797
2023-12-13,67.13999938964844
2023-12-14,67.23999786376953
2023-12-15,66.9000015258789
2023-12-18,66.7699966430664
2023-12-19,68.2699966430664
2023-12-20,67.08000183105469
2023-12-21,68.29000091552734
2023-12-22,68.2699966430664
2023-12-26,68.86000061035156
2023-12-27,69.02999877929688
2023-12-28,68.91999816894531
2023-12-29,69.16000366210938
2024-01-02,68.27999877929688
2024-01-03,66.33999633789062
2024-01-04,66.19000244140625
2024-01-05,66.87000274658203
2024-01-08,68.9000015258789
2024-01-09,69.08999633789062
2024-01-10,69.31999969482422
2024-01-11,68.72000122070312
2024-01-12,68.66999816894531
2024-01-16,67.29000091552734
2024-01-17,68.04000091552734
2024-01-18,69.27999877929688
2024-01-19,69.86000061035156
2024-01-22,70.26000213623047
2024-01-23,69.30999755859375
2024-01-24,69.11000061035156
2024-01-25,70.91000366210938
2024-01-26,69.94999694824219
2024-01-29,70.72000122070312
2024-01-30,72.13999938964844
2024-01-31,71.76000213623047
2024-02-01,73.19999694824219
2024-02-02,73.2300033569336
2024-02-05,72.5999984741211
2024-02-06,73.38999938964844
2024-02-07,74.70999908447266
2024-02-08,74.6500015258789
2024-02-09,73.79000091552734
2024-02-12,73.83999633789062
2024-02-13,72.41999816894531
2024-02-14,74.75
2024-02-15,76.1500015258789
2024-02-16,77.58999633789062
2024-02-20,77.58000183105469
2024-02-21,77.68000030517578
2024-02-22,78.16999816894531
2024-02-23,79.12000274658203
2024-02-26,79.41999816894531
2024-02-27,78.37000274658203
2024-02-28,79.31999969482422
2024-02-29,84.30999755859375
2024-03-01,83.5999984741211
2024-03-04,83.52999877929688
2024-03-05,81.62000274658203
2024-03-06,82.55000305175781
2024-03-07,82.55000305175781
2024-03-08,81.16999816894531
2024-03-11,82.29000091552734
2024-03-12,83.87999725341797
2024-03-13,84.70999908447266
2024-03-14,84.55999755859375
2024-03-15,83.4000015258789
2024-03-18,84.27999877929688
2024-03-19,84.83999633789062
2024-03-20,86.06999969482422
2024-03-21,85.76000213623047
2024-03-22,86.33999633789062
2024-03-25,86.94000244140625
2024-03-26,87.19999694824219
2024-03-27,86.0199966430664
2024-03-28,86.26000213623047
2024-04-01,84.86000061035156
2024-04-02,84.38999938964844
2024-04-03,85.48999786376953
2024-04-04,84.47000122070312
2024-04-05,86.4000015258789
2024-04-08,85.69000244140625
2024-04-09,83.9800033569336
2024-04-10,83.44999694824219
2024-04-11,83.45999908447266
2024-04-12,82.44000244140625
2024-04-15,80.30999755859375
2024-04-16,79.16999816894531
2024-04-17,78.5199966430664
2024-04-18,77.13999938964844
2024-04-19,77.05000305175781
2024-04-22,77.5999984741211
2024-04-23,78.79000091552734
2024-04-24,77.62999725341797
2024-04-25,77.19999694824219
2024-04-26,78.55000305175781
2024-04-29,78.86000061035156
2024-04-30,77.41999816894531
2024-05-01,77.1500015258789
2024-05-02,79.55000305175781
2024-05-03,80.44000244140625
2024-05-06,82.12000274658203
2024-05-07,80.94999694824219
2024-05-08,79.77999877929688
2024-05-09,80.31999969482422
2024-05-10,83.7699966430664
2024-05-13,82.12000274658203
2024-05-14,82.55000305175781
2024-05-15,85.63999938964844
2024-05-16,82.87999725341797
2024-05-17,81.91999816894531
2024-05-20,81.8499984741211
2024-05-21,81.11000061035156
2024-05-22,80.25
2024-05-23,80.41000366210938
2024-05-24,81.94000244140625
2024-05-28,79.25
2024-05-29,78.11000061035156
2024-05-30,79.95999908447266
2024-05-31,81.76000213623047
2024-06-03,78.9800033569336
2024-06-04,76.91999816894531
2024-06-05,78.4000015258789
2024-06-06,77.36000061035156
2024-06-07,77.81999969482422
2024-06-10,79.41999816894531
2024-06-11,78.18000030517578
2024-06-12,79.68000030517578
2024-06-13,79.20999908447266
2024-06-14,76.55000305175781
2024-06-17,78.72000122070312
2024-06-18,77.87999725341797
2024-06-20,75.97000122070312
2024-06-21,75.7699966430664
2024-06-24,74.0999984741211
2024-06-25,73.08000183105469
2024-06-26,72.72000122070312
2024-06-27,74.5
2024-06-28,74.9800033569336
2024-07-01,72.95999908447266
2024-07-02,72.05000305175781
2024-07-03,73.3499984741211
2024-07-05,73.66999816894531
2024-07-08,74.2300033569336
2024-07-09,75.88999938964844
2024-07-10,77.06999969482422
2024-07-11,79.61000061035156
2024-07-12,79.41999816894531
2024-07-15,79.58000183105469
2024-07-16,82.61000061035156
2024-07-17,80.79000091552734
2024-07-18,79.62999725341797
2024-07-19,79.87000274658203
2024-07-22,81.94999694824219
2024-07-23,82.26000213623047
2024-07-24,79.66999816894531
2024-07-25,79.55999755859375
2024-07-26,81.55000305175781
2024-07-29,82.5999984741211
2024-07-30,84.05999755859375
2024-07-31,85.69999694824219
2024-08-01,81.83999633789062
2024-08-02,79.08000183105469
2024-08-05,77.1500015258789
2024-08-06,78.4000015258789
2024-08-07,76.08999633789062
2024-08-08,81.54000091552734
2024-08-09,82.37000274658203
2024-08-12,81.9000015258789
2024-08-13,83.44999694824219
2024-08-14,83.3499984741211
2024-08-15,85.62000274658203
2024-08-16,84.18000030517578
2024-08-19,84.9800033569336
2024-08-20,85.29000091552734
2024-08-21,87.4000015258789
2024-08-22,88.13999938964844
2024-08-23,90.18000030517578
2024-08-26,90.05000305175781
2024-08-27,88.12000274658203
2024-08-28,87.72000122070312
2024-08-29,88.30999755859375
2024-08-30,90.7699966430664
2024-09-03,88.06999969482422
2024-09-04,85.18000030517578
2024-09-05,84.47000122070312
2024-09-06,85.33000183105469
2024-09-09,84.30000305175781
2024-09-10,85.61000061035156
2024-09-11,85.27999877929688
2024-09-12,86.66000366210938
2024-09-13,87.48999786376953
2024-09-16,89.16999816894531
2024-09-17,89.2699966430664
2024-09-18,90.04000091552734
2024-09-19,92.7300033569336
2024-09-20,92.88999938964844
2024-09-23,91.97000122070312
2024-09-24,91.48999786376952
2024-09-25,91.9000015258789
2024-09-26,93.23999786376952
2024-09-27,92.5
2024-09-30,92.73999786376952
2024-10-01,90.83999633789062
2024-10-02,89.5199966430664
2024-10-03,88.66000366210938
2024-10-04,89.11000061035156
2024-10-07,88.7300033569336
2024-10-08,89.2300033569336
2024-10-09,90.05000305175781
2024-10-10,90.5
2024-10-11,91.6999969482422
2024-10-14,92.27999877929688
2024-10-15,92.97000122070312
2024-10-16,92.8499984741211
2024-10-17,93.6500015258789
2024-10-18,93.4800033569336
2024-10-21,92.2300033569336
2024-10-22,91.83000183105467
2024-10-23,90.81999969482422
2024-10-24,91.5999984741211
2024-10-25,92.38999938964844
2024-10-28,94.4000015258789
2024-10-29,94.62999725341795
2024-10-30,95.95999908447266
2024-10-31,95.43000030517578
2024-11-01,95.8000030517578
2024-11-04,94.4499969482422
2024-11-05,96.91000366210938
2024-11-06,99.95999908447266
2024-11-07,100.66000366210938
2024-11-08,100.66999816894533
2024-11-11,102.27999877929688
2024-11-12,100.1500015258789
2024-11-13,99.18000030517578
2024-11-14,99.87000274658205
2024-11-15,98.29000091552734
2024-11-18,99.6500015258789
2024-11-19,99.79000091552734
2024-11-20,100.1999969482422
2024-11-21,100.5
2024-11-22,101.4000015258789
2024-11-25,102.8000030517578
2024-11-26,102.87000274658205
2024-11-27,101.94000244140624
2024-11-29,102.2699966430664
2024-12-02,102.45999908447266
2024-12-03,102.48999786376952
2024-12-04,103.37000274658205
2024-12-05,102.83999633789062
2024-12-06,103.0
2024-12-09,100.08999633789062
2024-12-10,98.83999633789062
2024-12-11,98.62000274658205
2024-12-12,98.5500030517578
2024-12-13,97.91999816894533
2024-12-16,98.1999969482422
2024-12-17,97.2300033569336
2024-12-18,93.70999908447266
2024-12-19,93.05999755859376
2024-12-20,93.63999938964844
2024-12-23,94.23999786376952
2024-12-24,94.75
2024-12-26,94.6500015258789
2024-12-27,93.58000183105467
2024-12-30,92.45999908447266
2024-12-31,92.5199966430664
2025-01-02,92.70999908447266
2025-01-03,93.23999786376952
2025-01-06,93.61000061035156
2025-01-07,92.31999969482422
2025-01-08,92.51000213623048
2025-01-10,91.77999877929688
2025-01-13,91.5500030517578
2025-01-14,92.69000244140624
2025-01-15,95.75
2025-01-16,95.58999633789062
2025-01-17,97.75
2025-01-21,99.29000091552734
2025-01-22,100.33000183105467
2025-01-23,100.5199966430664
2025-01-24,101.26000213623048
2025-01-27,99.02999877929688
2025-01-28,98.5199966430664
2025-01-29,99.08999633789062
2025-01-30,99.79000091552734
2025-01-31,99.02999877929688
2025-02-03,97.33999633789062
2025-02-04,98.61000061035156
2025-02-05,101.16000366210938
2025-02-06,105.19000244140624
2025-02-07,103.33999633789062
2025-02-10,102.06999969482422
2025-02-11,102.9800033569336
2025-02-12,104.22000122070312
2025-02-13,106.5
2025-02-14,108.3000030517578
2025-02-18,110.51000213623048
2025-02-19,106.0999984741211
2025-02-20,102.58000183105467
2025-02-21,100.33999633789062
2025-02-24,100.36000061035156
2025-02-25,100.29000091552734
2025-02-26,102.33000183105467
2025-02-27,101.5
2025-02-28,102.5199966430664
2025-03-03,99.97000122070312
2025-03-04,96.30999755859376
2025-03-05,102.73999786376952
2025-03-06,98.77999877929688
2025-03-07,97.51000213623048
2025-03-10,93.7699966430664
2025-03-11,94.62999725341795
2025-03-12,98.37999725341795
2025-03-13,94.5999984741211
2025-03-14,97.0199966430664
2025-03-17,97.33000183105467
2025-03-18,96.13999938964844
2025-03-19,98.76000213623048
2025-03-20,97.58999633789062
2025-03-21,94.6500015258789
2025-03-24,98.12999725341795
2025-03-25,98.61000061035156
2025-03-26,94.58000183105467
2025-03-27,92.13999938964844
2025-03-28,88.13999938964844
2025-03-31,87.97000122070312
2025-04-01,88.8499984741211
2025-04-02,90.62999725341795
2025-04-03,86.3499984741211
2025-04-04,80.87000274658203
2025-04-07,81.22000122070312
2025-04-08,80.3499984741211
2025-04-09,89.02999877929688
2025-04-10,83.26000213623047
2025-04-11,84.73999786376953
2025-04-14,85.77999877929688
2025-04-15,85.94999694824219
2025-04-16,85.0199966430664
2025-04-17,84.75
2025-04-21,82.70999908447266
2025-04-22,85.72000122070312
2025-04-23,87.80999755859375
2025-04-24,91.3499984741211
2025-04-25,92.44000244140624
2025-04-28,93.04000091552734
2025-04-29,93.45999908447266
2025-04-30,95.41999816894533
2025-05-01,96.27999877929688
2025-05-02,98.51000213623048
2025-05-05,98.25
2025-05-06,93.9499969482422
2025-05-07,91.81999969482422
2025-05-08,93.94000244140624
2025-05-09,94.58999633789062
2025-05-12,98.7300033569336
2025-05-13,98.16000366210938
2025-05-14,97.47000122070312
2025-05-15,97.83000183105467
2025-05-16,98.94000244140624
2025-05-19,98.6500015258789
2025-05-20,96.72000122070312
2025-05-21,95.08000183105467
2025-05-22,95.16000366210938
2025-05-23,94.08999633789062
2025-05-27,95.20999908447266
2025-05-28,91.95999908447266
2025-05-29,91.95999908447266
2025-05-30,91.16000366210938
2025-06-02,90.98999786376952
2025-06-03,91.12000274658205
2025-06-04,90.87999725341795
2025-06-05,92.8000030517578
2025-06-06,92.54000091552734
2025-06-09,93.18000030517578
2025-06-10,92.9000015258789
2025-06-11,91.08000183105467
2025-06-12,92.61000061035156
2025-06-13,90.04000091552734
2025-06-16,90.51000213623048
2025-06-17,89.80999755859375
2025-06-18,89.02999877929688
2025-06-20,88.1500015258789
2025-06-23,89.93000030517578
2025-06-24,91.5199966430664
2025-06-25,88.66999816894531
2025-06-26,89.06999969482422
2025-06-27,91.5199966430664
2025-06-30,91.8000030517578
2025-07-01,93.3000030517578
2025-07-02,94.47000122070312
2025-07-03,94.94000244140624
2025-07-07,94.33999633789062
2025-07-08,94.6500015258789
2025-07-09,96.47000122070312
2025-07-10,95.88999938964844
2025-07-11,95.23999786376952
2025-07-14,94.83999633789062
2025-07-15,94.19000244140624
2025-07-16,92.87999725341795
2025-07-17,92.94000244140624
2025-07-18,94.05999755859376
2025-07-21,94.25
2025-07-22,95.54000091552734
2025-07-23,96.83000183105467
2025-07-24,97.16999816894533
2025-07-25,100.05999755859376
2025-07-28,98.54000091552734
2025-07-29,97.23999786376952
2025-07-30,96.5199966430664
2025-07-31,95.4499969482422
2025-08-01,95.23999786376952
2025-08-04,98.22000122070312
2025-08-05,97.9499969482422
2025-08-06,97.5999984741211
2025-08-07,106.91999816894533
2025-08-08,109.3000030517578
2025-08-11,107.41999816894533
2025-08-12,112.02999877929688
2025-08-13,113.6500015258789
2025-08-14,111.75
2025-08-15,110.83999633789062
2025-08-18,111.52999877929688
2025-08-19,112.44000244140624
2025-08-20,110.7699966430664
2025-08-21,110.72000122070312
2025-08-22,113.33000183105467
2025-08-25,112.58999633789062
2025-08-26,114.2699966430664
2025-08-27,113.23999786376952
2025-08-28,113.19000244140624
2025-08-29,112.9499969482422
2025-09-02,111.27999877929688
2025-09-03,111.91000366210938
2025-09-04,111.61000061035156
2025-09-05,112.36000061035156
2025-09-08,112.05999755859376
2025-09-09,110.72000122070312
2025-09-10,111.26000213623048
2025-09-11,114.47000122070312
2025-09-12,113.38999938964844
2025-09-15,113.23999786376952
2025-09-16,112.52999877929688
2025-09-17,111.25
2025-09-18,112.45999908447266
2025-09-19,113.08999633789062
2025-09-22,114.72000122070312
2025-09-23,114.0999984741211
2025-09-24,112.5999984741211
2025-09-25,111.77999877929688
2025-09-26,113.66999816894533
2025-09-29,114.58999633789062
2025-09-30,119.9000015258789
2025-10-01,119.8499984741211
2025-10-02,121.13999938964844
2025-10-03,119.95999908447266
2025-10-06,118.13999938964844
2025-10-07,116.33999633789062
2025-10-08,117.8499984741211
2025-10-09,117.61000061035156
2025-10-10,116.02999877929688
2025-10-13,117.54000091552734
2025-10-14,120.12000274658205
2025-10-15,118.58000183105467
2025-10-16,116.94000244140624
2025-10-17,117.45999908447266
2025-10-20,117.43000030517578
2025-10-21,118.25
2025-10-22,116.9800033569336
2025-10-23,117.87000274658205
2025-10-24,120.16999816894533
2025-10-27,120.9499969482422
2025-10-28,119.94000244140624
2025-10-29,118.4800033569336
2025-10-30,117.2300033569336
2025-10-31,119.0999984741211
2025-11-03,118.4000015258789
2025-11-04,117.31999969482422
2025-11-05,115.66999816894533
2025-11-06,114.77999877929688
2025-11-07,113.0
2025-11-10,113.9800033569336
2025-11-11,112.6500015258789
2025-11-12,113.4000015258789
2025-11-13,111.16000366210938
2025-11-14,109.56999969482422
2025-11-17,109.23999786376952
2025-11-18,108.87000274658205
2025-11-19,110.1500015258789
2025-11-20,108.37000274658205
2025-11-21,110.1500015258789
2025-11-24,112.63999938964844
2025-11-25,116.2699966430664
2025-11-26,119.66000366210938
2025-11-28,119.95999908447266
2025-12-01,119.68000030517578
2025-12-02,118.61000061035156
2025-12-03,121.36000061035156
2025-12-04,121.0500030517578
2025-12-05,119.48999786376952
2025-12-08,126.54000091552734
2025-12-09,123.69000244140624
2025-12-10,125.13999938964844
2025-12-11,126.98999786376952
2025-12-12,126.4000015258789
2025-12-15,127.26000213623048
2025-12-16,126.91999816894533
2025-12-17,123.0500030517578
2025-12-18,127.16999816894533
2025-12-19,124.41999816894533
2025-12-22,126.22000122070312
2025-12-23,126.5999984741211
2025-12-24,127.54000091552734
2025-12-26,128.94000244140625
2025-12-29,127.3499984741211
2025-12-30,125.80999755859376
2025-12-31,124.8000030517578
2026-01-02,126.44000244140624
2026-01-05,128.30999755859375
2026-01-06,128.8699951171875
2026-01-07,122.87999725341795
2026-01-08,124.6500015258789
2026-01-09,131.3800048828125
2026-01-12,131.3800048828125
2026-01-13,127.37999725341795
2026-01-14,121.88999938964844
2026-01-15,122.55999755859376
2026-01-16,122.97000122070312
2026-01-20,120.86000061035156
2026-01-21,121.0
2026-01-22,124.48999786376952
2026-01-23,122.83999633789062
2026-01-26,122.75
2026-01-27,123.68000030517578
2026-01-28,122.45999908447266
2026-01-29,123.68000030517578
2026-01-30,122.41000366210938
2026-02-02,124.5999984741211
2026-02-03,122.01000213623048
2026-02-04,122.95999908447266
2026-02-05,121.7699966430664
2026-02-06,127.12999725341795
2026-02-09,126.83999633789062
2026-02-10,129.14999389648438
2026-02-11,127.83000183105467
2026-02-12,122.8499984741211
2026-02-13,125.97000122070312
2026-02-17,122.0199966430664
2026-02-18,124.75
2026-02-19,125.48999786376952
2026-02-20,124.04000091552734
2026-02-23,121.48999786376952
2026-02-24,122.66000366210938
2026-02-25,120.16000366210938
2026-02-26,121.13999938964844
2026-02-27,119.9800033569336
2026-03-02,117.72000122070312
2026-03-03,113.5500030517578
2026-03-04,113.26000213623048
2026-03-05,111.0999984741211
2026-03-06,106.41000366210938
2026-03-09,106.45999908447266
2026-03-10,106.27999877929688
2026-03-11,104.0
2026-03-12,99.7300033569336
2026-03-13,99.81999969482422
2026-03-16,103.0199966430664
2026-03-17,104.93000030517578
2026-03-18,101.91000366210938
2026-03-19,101.0199966430664
2026-03-20,100.47000122070312
2026-03-23,104.41999816894533
2026-03-24,106.5199966430664
2026-03-25,106.0500030517578
2026-03-26,103.1999969482422
2026-03-27,101.73999786376952
2026-03-30,101.91000366210938
2026-03-31,105.12000274658205
2026-04-01,106.1999969482422
2026-04-02,104.62999725341795
2026-04-06,106.33000183105467
2026-04-07,105.87000274658205
2026-04-08,113.81999969482422
2026-04-09,115.5
2026-04-10,117.88999938964844
2026-04-13,117.2699966430664
2026-04-14,117.41000366210938
2026-04-15,116.20999908447266
2026-04-16,114.36000061035156
2026-04-17,117.0500030517578
2026-04-20,118.55999755859376
2026-04-21,117.36000061035156
2026-04-22,116.08999633789062
2026-04-23,117.16000366210938
2026-04-24,118.0
2026-04-27,116.66999816894533
2026-04-28,114.44000244140624
2026-04-29,113.44000244140624
2026-04-30,118.41999816894533
2026-05-01,115.4499969482422
2026-05-04,110.8000030517578
2026-05-05,112.5
2026-05-06,114.91000366210938
2026-05-07,112.62999725341795
2026-05-08,113.76000213623048
2026-05-11,112.56999969482422
2026-05-12,111.38999938964844
2026-05-13,108.75
2026-05-14,107.62999725341795
2026-05-15,103.20999908447266
2026-05-18,103.38999938964844
2026-05-19,98.54000091552734
2026-05-20,101.4499969482422
2026-05-21,101.02999877929688
2026-05-22,100.37000274658205
2026-05-26,102.11000061035156
2026-05-27,106.25
2026-05-28,106.76000213623048
2026-05-29,108.79000091552734
2026-06-01,106.75
2026-06-02,106.5199966430664
2026-06-03,105.88999938964844
2026-06-04,106.56999969482422
2026-06-05,105.05999755859375
