,DOC
2015-01-02,40.84699630737305
2015-01-05,41.256832122802734
2015-01-06,42.04007339477539
2015-01-07,42.9326057434082
2015-01-08,42.35883331298828
2015-01-09,42.40437316894531
2015-01-12,43.07832336425781
2015-01-13,42.99635696411133
2015-01-14,43.47905349731445
2015-01-15,43.86156463623047
2015-01-16,43.9071044921875
2015-01-20,43.87067413330078
2015-01-21,43.24225997924805
2015-01-22,43.74316787719727
2015-01-23,43.85245895385742
2015-01-26,43.797813415527344
2015-01-27,43.67941665649414
2015-01-28,43.6065559387207
2015-01-29,43.67031097412109
2015-01-30,43.069217681884766
2015-02-02,42.96903610229492
2015-02-03,42.632057189941406
2015-02-04,41.31147384643555
2015-02-05,41.16575622558594
2015-02-06,39.9089241027832
2015-02-09,39.74499130249024
2015-02-10,38.87067413330078
2015-02-11,38.7887077331543
2015-02-12,38.86156463623047
2015-02-13,39.04371643066406
2015-02-17,39.14389801025391
2015-02-18,39.66302490234375
2015-02-19,39.12568283081055
2015-02-20,39.5810546875
2015-02-23,39.82695770263672
2015-02-24,38.39708709716797
2015-02-25,38.52458953857422
2015-02-26,38.051002502441406
2015-02-27,38.5792350769043
2015-03-02,38.41530227661133
2015-03-03,38.45172882080078
2015-03-04,38.051002502441406
2015-03-05,38.196720123291016
2015-03-06,36.739524841308594
2015-03-09,37.01274871826172
2015-03-10,37.00364303588867
2015-03-11,36.411659240722656
2015-03-12,36.73041915893555
2015-03-13,36.60291290283203
2015-03-16,36.93989181518555
2015-03-17,37.11293411254883
2015-03-18,37.94171142578125
2015-03-19,37.559200286865234
2015-03-20,38.65209579467773
2015-03-23,38.633880615234375
2015-03-24,38.67031097412109
2015-03-25,38.07832336425781
2015-03-26,38.11475372314453
2015-03-27,38.387977600097656
2015-03-30,39.89981842041016
2015-03-31,39.35337066650391
2015-04-01,39.70856094360352
2015-04-02,40.063751220703125
2015-04-06,40.610198974609375
2015-04-07,40.28233337402344
2015-04-08,40.0
2015-04-09,38.9981803894043
2015-04-10,38.83424377441406
2015-04-13,38.597450256347656
2015-04-14,38.88888931274414
2015-04-15,39.17121887207031
2015-04-16,39.216758728027344
2015-04-17,39.36247634887695
2015-04-20,39.4626579284668
2015-04-21,39.0255012512207
2015-04-22,38.424407958984375
2015-04-23,38.77049255371094
2015-04-24,38.66120147705078
2015-04-27,38.62477111816406
2015-04-28,38.588340759277344
2015-04-29,37.59562683105469
2015-04-30,36.69398880004883
2015-05-01,36.976322174072266
2015-05-04,37.11293411254883
2015-05-05,36.02003479003906
2015-05-06,35.70127487182617
2015-05-07,35.73770523071289
2015-05-08,36.26593780517578
2015-05-11,35.673954010009766
2015-05-12,35.74681091308594
2015-05-13,35.15482711791992
2015-05-14,35.75592041015625
2015-05-15,36.24772262573242
2015-05-18,36.26593780517578
2015-05-19,36.275047302246094
2015-05-20,36.22950744628906
2015-05-21,36.02003479003906
2015-05-22,36.010929107666016
2015-05-26,35.628414154052734
2015-05-27,35.92896270751953
2015-05-28,35.628414154052734
2015-05-29,35.26411819458008
2015-06-01,35.61930847167969
2015-06-02,35.437156677246094
2015-06-03,34.82695770263672
2015-06-04,34.872493743896484
2015-06-05,34.0255012512207
2015-06-08,33.934425354003906
2015-06-09,33.87067413330078
2015-06-10,34.426231384277344
2015-06-11,34.65391540527344
2015-06-12,34.66302490234375
2015-06-15,34.198543548583984
2015-06-16,34.39890670776367
2015-06-17,34.73588180541992
2015-06-18,35.0
2015-06-19,34.36247634887695
2015-06-22,34.216758728027344
2015-06-23,33.970855712890625
2015-06-24,33.54280471801758
2015-06-25,33.09653854370117
2015-06-26,33.597450256347656
2015-06-29,33.460838317871094
2015-06-30,33.214935302734375
2015-07-01,33.62477111816406
2015-07-02,33.67941665649414
2015-07-06,33.825138092041016
2015-07-07,34.562843322753906
2015-07-08,34.48998260498047
2015-07-09,34.28050994873047
2015-07-10,34.41712188720703
2015-07-13,34.553733825683594
2015-07-14,34.43533706665039
2015-07-15,34.10746765136719
2015-07-16,34.426231384277344
2015-07-17,34.15300369262695
2015-07-20,34.36247634887695
2015-07-21,34.18943405151367
2015-07-22,34.57194900512695
2015-07-23,34.36247634887695
2015-07-24,34.62659454345703
2015-07-27,34.89981842041016
2015-07-28,35.19125747680664
2015-07-29,35.30054473876953
2015-07-30,34.83606719970703
2015-07-31,35.19125747680664
2015-08-03,35.39162063598633
2015-08-04,35.39162063598633
2015-08-05,35.13661193847656
2015-08-06,34.562843322753906
2015-08-07,34.63570022583008
2015-08-10,34.45355224609375
2015-08-11,34.64480972290039
2015-08-12,36.05646514892578
2015-08-13,36.156646728515625
2015-08-14,36.58469772338867
2015-08-17,37.08560943603516
2015-08-18,37.02185821533203
2015-08-19,37.0673942565918
2015-08-20,36.89435195922852
2015-08-21,36.366119384765625
2015-08-24,34.96356964111328
2015-08-25,33.51548385620117
2015-08-26,34.162113189697266
2015-08-27,34.553733825683594
2015-08-28,34.33515548706055
2015-08-31,33.75227737426758
2015-09-01,33.36065673828125
2015-09-02,33.45172882080078
2015-09-03,33.31511688232422
2015-09-04,32.495445251464844
2015-09-08,33.278690338134766
2015-09-09,32.814208984375
2015-09-10,32.650272369384766
2015-09-11,32.86885070800781
2015-09-14,33.178504943847656
2015-09-15,33.70674133300781
2015-09-16,34.31694030761719
2015-09-17,34.954463958740234
2015-09-18,35.15482711791992
2015-09-21,35.20036315917969
2015-09-22,34.8816032409668
2015-09-23,35.1183967590332
2015-09-24,34.98178482055664
2015-09-25,34.972679138183594
2015-09-28,33.53369903564453
2015-09-29,33.97996520996094
2015-09-30,33.92531967163086
2015-10-01,33.96175003051758
2015-10-02,34.198543548583984
2015-10-05,35.01821517944336
2015-10-06,35.10929107666016
2015-10-07,35.38251495361328
2015-10-08,35.79235076904297
2015-10-09,35.61930847167969
2015-10-12,35.710384368896484
2015-10-13,35.4189453125
2015-10-14,34.85428237915039
2015-10-15,35.0910758972168
2015-10-16,35.51001739501953
2015-10-19,35.801456451416016
2015-10-20,35.692169189453125
2015-10-21,35.8834228515625
2015-10-22,36.220401763916016
2015-10-23,35.19125747680664
2015-10-26,35.1183967590332
2015-10-27,35.0910758972168
2015-10-28,34.6721305847168
2015-10-29,34.82695770263672
2015-10-30,33.87977981567383
2015-11-02,34.344261169433594
2015-11-03,33.45172882080078
2015-11-04,32.896175384521484
2015-11-05,32.61384201049805
2015-11-06,30.93806838989257
2015-11-09,30.109289169311523
2015-11-10,30.200363159179688
2015-11-11,30.127504348754883
2015-11-12,30.17304229736328
2015-11-13,29.82695770263672
2015-11-16,30.482696533203125
2015-11-17,30.428050994873047
2015-11-18,31.065574645996097
2015-11-19,31.548269271850582
2015-11-20,31.83970832824707
2015-11-23,32.19490051269531
2015-11-24,32.158470153808594
2015-11-25,32.285972595214844
2015-11-27,32.55009078979492
2015-11-30,32.35883331298828
2015-12-01,32.90528106689453
2015-12-02,32.35883331298828
2015-12-03,31.95810508728028
2015-12-04,32.58652114868164
2015-12-07,32.914390563964844
2015-12-08,33.041893005371094
2015-12-09,32.74134826660156
2015-12-10,32.05828857421875
2015-12-11,32.41347885131836
2015-12-14,32.67759704589844
2015-12-15,33.01457214355469
2015-12-16,33.83424377441406
2015-12-17,33.91621017456055
2015-12-18,33.041893005371094
2015-12-21,33.47905349731445
2015-12-22,33.73406219482422
2015-12-23,34.353370666503906
2015-12-24,34.44444274902344
2015-12-28,34.79963684082031
2015-12-29,35.16393280029297
2015-12-30,35.20036315917969
2015-12-31,34.82695770263672
2016-01-04,34.81785202026367
2016-01-05,35.573768615722656
2016-01-06,34.143898010253906
2016-01-07,33.233150482177734
2016-01-08,33.1420783996582
2016-01-11,33.66120147705078
2016-01-12,33.56101989746094
2016-01-13,32.96903610229492
2016-01-14,32.75045394897461
2016-01-15,33.005462646484375
2016-01-19,33.29690170288086
2016-01-20,31.84881591796875
2016-01-21,32.44990921020508
2016-01-22,33.66120147705078
2016-01-25,33.3697624206543
2016-01-26,33.743167877197266
2016-01-27,32.0673942565918
2016-01-28,31.87613868713379
2016-01-29,32.73223876953125
2016-02-01,32.99635696411133
2016-02-02,32.64116668701172
2016-02-03,33.3697624206543
2016-02-04,32.62295150756836
2016-02-05,32.42258834838867
2016-02-08,30.956283569335938
2016-02-09,25.801456451416016
2016-02-10,24.78142166137696
2016-02-11,23.797813415527344
2016-02-12,23.916210174560547
2016-02-16,24.517303466796875
2016-02-17,24.92713928222656
2016-02-18,25.57377052307129
2016-02-19,25.865209579467773
2016-02-22,26.384334564208984
2016-02-23,26.010929107666016
2016-02-24,26.31147575378418
2016-02-25,27.01275062561035
2016-02-26,27.23133087158203
2016-02-29,26.939891815185547
2016-03-01,27.996356964111328
2016-03-02,28.21493530273437
2016-03-03,28.579235076904297
2016-03-04,28.68852424621582
2016-03-07,29.57194900512696
2016-03-08,29.216758728027344
2016-03-09,29.41712188720703
2016-03-10,28.87978172302246
2016-03-11,29.75409889221192
2016-03-14,29.717668533325195
2016-03-15,29.28050994873047
2016-03-16,29.380691528320312
2016-03-17,29.99089241027832
2016-03-18,30.200363159179688
2016-03-21,29.53551864624023
2016-03-22,29.307832717895508
2016-03-23,28.806922912597656
2016-03-24,28.8615665435791
2016-03-28,29.307832717895508
2016-03-29,30.0
2016-03-30,29.54462623596192
2016-03-31,29.6721305847168
2016-04-01,29.69945335388184
2016-04-04,30.02732276916504
2016-04-05,30.127504348754883
2016-04-06,30.664844512939453
2016-04-07,31.001821517944336
2016-04-08,31.557376861572266
2016-04-11,31.584699630737305
2016-04-12,31.85792350769043
2016-04-13,31.96721267700196
2016-04-14,31.921676635742188
2016-04-15,31.81238555908203
2016-04-18,31.994535446166992
2016-04-19,32.09471893310547
2016-04-20,31.15664863586425
2016-04-21,30.0910758972168
2016-04-22,30.74681282043457
2016-04-25,30.974498748779297
2016-04-26,31.420764923095703
2016-04-27,31.174863815307617
2016-04-28,30.883424758911133
2016-04-29,30.810565948486328
2016-05-02,31.28415298461914
2016-05-03,31.730419158935547
2016-05-04,32.21311569213867
2016-05-05,31.165756225585938
2016-05-06,31.4663028717041
2016-05-09,32.77777862548828
2016-05-10,31.612022399902344
2016-05-11,31.05646514892578
2016-05-12,31.183971405029297
2016-05-13,31.14754104614257
2016-05-16,31.29326057434082
2016-05-17,30.58287811279297
2016-05-18,29.62659454345703
2016-05-19,29.380691528320312
2016-05-20,29.45355224609375
2016-05-23,29.56284141540528
2016-05-24,29.65391540527344
2016-05-25,29.6721305847168
2016-05-26,29.7632064819336
2016-05-27,30.0910758972168
2016-05-31,29.936248779296875
2016-06-01,30.15482711791992
2016-06-02,30.391620635986328
2016-06-03,30.57377052307129
2016-06-06,30.437158584594727
2016-06-07,31.02003669738769
2016-06-08,31.3023681640625
2016-06-09,31.402549743652344
2016-06-10,31.35701370239257
2016-06-13,31.502731323242188
2016-06-14,31.420764923095703
2016-06-15,31.693988800048828
2016-06-16,31.82149314880371
2016-06-17,32.04007339477539
2016-06-20,31.757741928100582
2016-06-21,31.88524627685547
2016-06-22,31.010929107666016
2016-06-23,31.065574645996097
2016-06-24,31.174863815307617
2016-06-27,31.12932586669922
2016-06-28,31.84881591796875
2016-06-29,32.21311569213867
2016-06-30,32.22222137451172
2016-07-01,32.16757583618164
2016-07-05,32.540985107421875
2016-07-06,32.35883331298828
2016-07-07,31.766849517822266
2016-07-08,32.73223876953125
2016-07-11,33.278690338134766
2016-07-12,33.724952697753906
2016-07-13,34.08925247192383
2016-07-14,33.652095794677734
2016-07-15,34.08925247192383
2016-07-18,34.03460693359375
2016-07-19,34.726776123046875
2016-07-20,34.91803359985352
2016-07-21,35.10929107666016
2016-07-22,35.42805099487305
2016-07-25,35.591983795166016
2016-07-26,35.35519027709961
2016-07-27,35.21857833862305
2016-07-28,35.5373420715332
2016-07-29,35.72859573364258
2016-08-01,35.92896270751953
2016-08-02,35.482696533203125
2016-08-03,35.60109329223633
2016-08-04,35.063751220703125
2016-08-05,34.98178482055664
2016-08-08,35.00910568237305
2016-08-09,35.47358703613281
2016-08-10,35.9744987487793
2016-08-11,35.1183967590332
2016-08-12,35.63752365112305
2016-08-15,35.96539306640625
2016-08-16,35.72859573364258
2016-08-17,36.07468032836914
2016-08-18,36.28415298461914
2016-08-19,35.94717788696289
2016-08-22,35.90163803100586
2016-08-23,36.22950744628906
2016-08-24,35.93806838989258
2016-08-25,36.047359466552734
2016-08-26,35.28233337402344
2016-08-29,35.63752365112305
2016-08-30,35.90163803100586
2016-08-31,35.819671630859375
2016-09-01,35.33697509765625
2016-09-02,35.591983795166016
2016-09-06,36.54827117919922
2016-09-07,36.73041915893555
2016-09-08,36.065574645996094
2016-09-09,34.726776123046875
2016-09-12,34.69945526123047
2016-09-13,33.652095794677734
2016-09-14,33.64298629760742
2016-09-15,33.724952697753906
2016-09-16,33.843353271484375
2016-09-19,34.09836196899414
2016-09-20,34.28050994873047
2016-09-21,34.744991302490234
2016-09-22,35.437156677246094
2016-09-23,35.77413558959961
2016-09-26,36.065574645996094
2016-09-27,35.30054473876953
2016-09-28,35.82878112792969
2016-09-29,35.100181579589844
2016-09-30,34.562843322753906
2016-10-03,34.25318908691406
2016-10-04,33.55191421508789
2016-10-05,33.069217681884766
2016-10-06,32.74134826660156
2016-10-07,32.704917907714844
2016-10-10,32.841529846191406
2016-10-11,32.559200286865234
2016-10-12,32.86885070800781
2016-10-13,33.214935302734375
2016-10-14,33.005462646484375
2016-10-17,33.07832336425781
2016-10-18,33.41530227661133
2016-10-19,33.56101989746094
2016-10-20,33.387977600097656
2016-10-21,32.650272369384766
2016-10-24,32.859745025634766
2016-10-25,32.41347885131836
2016-10-26,31.939891815185547
2016-10-27,31.03825187683105
2016-10-28,31.0928955078125
2016-10-31,31.193077087402344
2016-11-01,30.46999931335449
2016-11-02,29.229999542236328
2016-11-03,28.670000076293945
2016-11-04,29.520000457763672
2016-11-07,30.26000022888184
2016-11-08,29.709999084472656
2016-11-09,28.82999992370605
2016-11-10,27.940000534057617
2016-11-11,28.100000381469727
2016-11-14,29.39999961853028
2016-11-15,29.40999984741211
2016-11-16,29.31999969482422
2016-11-17,28.76000022888184
2016-11-18,28.68000030517578
2016-11-21,28.670000076293945
2016-11-22,29.39999961853028
2016-11-23,29.51000022888184
2016-11-25,29.26000022888184
2016-11-28,29.3799991607666
2016-11-29,29.600000381469727
2016-11-30,29.530000686645508
2016-12-01,28.61000061035156
2016-12-02,29.07999992370605
2016-12-05,29.229999542236328
2016-12-06,29.43000030517578
2016-12-07,30.1299991607666
2016-12-08,30.11000061035156
2016-12-09,30.040000915527344
2016-12-12,30.350000381469727
2016-12-13,30.38999938964844
2016-12-14,29.01000022888184
2016-12-15,28.40999984741211
2016-12-16,29.13999938964844
2016-12-19,30.299999237060547
2016-12-20,30.020000457763672
2016-12-21,29.3700008392334
2016-12-22,29.18000030517578
2016-12-23,29.26000022888184
2016-12-27,29.3700008392334
2016-12-28,29.01000022888184
2016-12-29,29.36000061035156
2016-12-30,29.71999931335449
2017-01-03,29.780000686645508
2017-01-04,30.440000534057617
2017-01-05,31.14999961853028
2017-01-06,31.21999931335449
2017-01-09,30.809999465942383
2017-01-10,30.049999237060547
2017-01-11,30.39999961853028
2017-01-12,30.40999984741211
2017-01-13,30.21999931335449
2017-01-17,30.68000030517578
2017-01-18,30.549999237060547
2017-01-19,29.959999084472656
2017-01-20,30.06999969482422
2017-01-23,30.32999992370605
2017-01-24,30.239999771118164
2017-01-25,29.8799991607666
2017-01-26,29.600000381469727
2017-01-27,29.559999465942383
2017-01-30,30.06999969482422
2017-01-31,30.31999969482422
2017-02-01,30.040000915527344
2017-02-02,30.700000762939453
2017-02-03,30.75
2017-02-06,30.920000076293945
2017-02-07,30.75
2017-02-08,30.90999984741211
2017-02-09,30.68000030517578
2017-02-10,30.700000762939453
2017-02-13,30.850000381469727
2017-02-14,30.40999984741211
2017-02-15,30.420000076293945
2017-02-16,30.979999542236328
2017-02-17,31.06999969482422
2017-02-21,31.39999961853028
2017-02-22,31.63999938964844
2017-02-23,32.130001068115234
2017-02-24,32.63999938964844
2017-02-27,32.72999954223633
2017-02-28,32.790000915527344
2017-03-01,32.20000076293945
2017-03-02,32.11000061035156
2017-03-03,32.20000076293945
2017-03-06,31.5
2017-03-07,31.299999237060547
2017-03-08,30.36000061035156
2017-03-09,29.75
2017-03-10,29.76000022888184
2017-03-13,29.780000686645508
2017-03-14,29.51000022888184
2017-03-15,30.07999992370605
2017-03-16,30.020000457763672
2017-03-17,30.1200008392334
2017-03-20,30.170000076293945
2017-03-21,30.01000022888184
2017-03-22,30.489999771118164
2017-03-23,30.56999969482422
2017-03-24,30.61000061035156
2017-03-27,30.790000915527344
2017-03-28,31.0
2017-03-29,31.020000457763672
2017-03-30,30.989999771118164
2017-03-31,31.280000686645508
2017-04-03,31.100000381469727
2017-04-04,31.049999237060547
2017-04-05,31.13999938964844
2017-04-06,31.39999961853028
2017-04-07,31.790000915527344
2017-04-10,31.90999984741211
2017-04-11,31.809999465942383
2017-04-12,31.89999961853028
2017-04-13,31.89999961853028
2017-04-17,32.27000045776367
2017-04-18,32.790000915527344
2017-04-19,32.400001525878906
2017-04-20,32.52000045776367
2017-04-21,32.5
2017-04-24,32.0099983215332
2017-04-25,32.040000915527344
2017-04-26,31.6299991607666
2017-04-27,31.51000022888184
2017-04-28,31.350000381469727
2017-05-01,31.450000762939453
2017-05-02,31.26000022888184
2017-05-03,30.530000686645508
2017-05-04,29.89999961853028
2017-05-05,30.09000015258789
2017-05-08,30.1299991607666
2017-05-09,29.88999938964844
2017-05-10,30.38999938964844
2017-05-11,30.959999084472656
2017-05-12,31.290000915527344
2017-05-15,31.100000381469727
2017-05-16,31.0
2017-05-17,31.36000061035156
2017-05-18,31.71999931335449
2017-05-19,31.71999931335449
2017-05-22,31.8799991607666
2017-05-23,31.729999542236328
2017-05-24,31.690000534057617
2017-05-25,31.540000915527344
2017-05-26,31.229999542236328
2017-05-30,31.21999931335449
2017-05-31,31.34000015258789
2017-06-01,31.46999931335449
2017-06-02,31.89999961853028
2017-06-05,31.739999771118164
2017-06-06,31.530000686645508
2017-06-07,31.39999961853028
2017-06-08,30.959999084472656
2017-06-09,31.18000030517578
2017-06-12,31.6200008392334
2017-06-13,31.65999984741211
2017-06-14,31.96999931335449
2017-06-15,32.16999816894531
2017-06-16,32.5099983215332
2017-06-19,32.84000015258789
2017-06-20,33.09000015258789
2017-06-21,33.04999923706055
2017-06-22,33.18000030517578
2017-06-23,33.38999938964844
2017-06-26,33.380001068115234
2017-06-27,32.75
2017-06-28,32.7400016784668
2017-06-29,31.979999542236328
2017-06-30,31.959999084472656
2017-07-03,32.54999923706055
2017-07-05,32.150001525878906
2017-07-06,31.14999961853028
2017-07-07,31.209999084472656
2017-07-10,30.88999938964844
2017-07-11,30.950000762939453
2017-07-12,31.46999931335449
2017-07-13,31.32999992370605
2017-07-14,31.76000022888184
2017-07-17,32.0099983215332
2017-07-18,32.060001373291016
2017-07-19,32.15999984741211
2017-07-20,31.739999771118164
2017-07-21,31.59000015258789
2017-07-24,31.34000015258789
2017-07-25,31.700000762939453
2017-07-26,31.989999771118164
2017-07-27,31.90999984741211
2017-07-28,31.82999992370605
2017-07-31,31.64999961853028
2017-08-01,30.25
2017-08-02,30.030000686645508
2017-08-03,30.030000686645508
2017-08-04,29.850000381469727
2017-08-07,29.559999465942383
2017-08-08,29.61000061035156
2017-08-09,29.3799991607666
2017-08-10,29.190000534057617
2017-08-11,29.270000457763672
2017-08-14,29.799999237060547
2017-08-15,29.14999961853028
2017-08-16,29.34000015258789
2017-08-17,29.200000762939453
2017-08-18,28.850000381469727
2017-08-21,29.3799991607666
2017-08-22,28.950000762939453
2017-08-23,29.459999084472656
2017-08-24,29.40999984741211
2017-08-25,29.540000915527344
2017-08-28,29.280000686645508
2017-08-29,29.51000022888184
2017-08-30,29.540000915527344
2017-08-31,29.809999465942383
2017-09-01,30.13999938964844
2017-09-05,30.170000076293945
2017-09-06,30.1200008392334
2017-09-07,30.14999961853028
2017-09-08,30.209999084472656
2017-09-11,30.32999992370605
2017-09-12,29.799999237060547
2017-09-13,29.46999931335449
2017-09-14,29.479999542236328
2017-09-15,29.450000762939453
2017-09-18,29.440000534057617
2017-09-19,29.100000381469727
2017-09-20,29.040000915527344
2017-09-21,28.56999969482422
2017-09-22,27.8700008392334
2017-09-25,28.13999938964844
2017-09-26,28.020000457763672
2017-09-27,27.65999984741211
2017-09-28,27.850000381469727
2017-09-29,27.82999992370605
2017-10-02,26.709999084472656
2017-10-03,27.0
2017-10-04,27.059999465942383
2017-10-05,27.13999938964844
2017-10-06,26.920000076293945
2017-10-09,26.82999992370605
2017-10-10,26.440000534057617
2017-10-11,26.459999084472656
2017-10-12,26.43000030517578
2017-10-13,26.3700008392334
2017-10-16,26.21999931335449
2017-10-17,26.479999542236328
2017-10-18,26.46999931335449
2017-10-19,26.36000061035156
2017-10-20,26.36000061035156
2017-10-23,25.979999542236328
2017-10-24,25.6299991607666
2017-10-25,25.36000061035156
2017-10-26,25.209999084472656
2017-10-27,25.56999969482422
2017-10-30,25.600000381469727
2017-10-31,25.84000015258789
2017-11-01,26.020000457763672
2017-11-02,26.950000762939453
2017-11-03,27.13999938964844
2017-11-06,26.84000015258789
2017-11-07,27.0
2017-11-08,26.989999771118164
2017-11-09,27.020000457763672
2017-11-10,27.01000022888184
2017-11-13,27.229999542236328
2017-11-14,27.020000457763672
2017-11-15,26.90999984741211
2017-11-16,26.84000015258789
2017-11-17,26.799999237060547
2017-11-20,26.799999237060547
2017-11-21,26.799999237060547
2017-11-22,26.709999084472656
2017-11-24,26.8799991607666
2017-11-27,26.690000534057617
2017-11-28,26.549999237060547
2017-11-29,26.89999961853028
2017-11-30,26.440000534057617
2017-12-01,26.65999984741211
2017-12-04,26.39999961853028
2017-12-05,26.559999465942383
2017-12-06,26.61000061035156
2017-12-07,26.770000457763672
2017-12-08,26.780000686645508
2017-12-11,26.71999931335449
2017-12-12,27.13999938964844
2017-12-13,26.96999931335449
2017-12-14,26.809999465942383
2017-12-15,26.82999992370605
2017-12-18,26.979999542236328
2017-12-19,26.100000381469727
2017-12-20,25.84000015258789
2017-12-21,25.600000381469727
2017-12-22,25.670000076293945
2017-12-26,25.950000762939453
2017-12-27,25.8700008392334
2017-12-28,26.030000686645508
2017-12-29,26.07999992370605
2018-01-02,25.90999984741211
2018-01-03,25.89999961853028
2018-01-04,25.26000022888184
2018-01-05,25.01000022888184
2018-01-08,25.030000686645508
2018-01-09,24.5
2018-01-10,24.36000061035156
2018-01-11,24.170000076293945
2018-01-12,23.63999938964844
2018-01-16,23.71999931335449
2018-01-17,23.71999931335449
2018-01-18,23.32999992370605
2018-01-19,23.420000076293945
2018-01-22,23.64999961853028
2018-01-23,24.280000686645508
2018-01-24,24.209999084472656
2018-01-25,24.3799991607666
2018-01-26,24.229999542236328
2018-01-29,24.01000022888184
2018-01-30,23.57999992370605
2018-01-31,24.07999992370605
2018-02-01,23.56999969482422
2018-02-02,23.86000061035156
2018-02-05,23.25
2018-02-06,23.459999084472656
2018-02-07,23.3799991607666
2018-02-08,22.63999938964844
2018-02-09,23.209999084472656
2018-02-12,22.850000381469727
2018-02-13,22.799999237060547
2018-02-14,21.770000457763672
2018-02-15,22.290000915527344
2018-02-16,22.68000030517578
2018-02-20,22.450000762939453
2018-02-21,21.799999237060547
2018-02-22,21.88999938964844
2018-02-23,22.36000061035156
2018-02-26,22.440000534057617
2018-02-27,21.75
2018-02-28,21.63999938964844
2018-03-01,21.93000030517578
2018-03-02,21.84000015258789
2018-03-05,22.26000022888184
2018-03-06,22.290000915527344
2018-03-07,22.6299991607666
2018-03-08,22.86000061035156
2018-03-09,22.600000381469727
2018-03-12,23.1200008392334
2018-03-13,23.0
2018-03-14,22.950000762939453
2018-03-15,22.950000762939453
2018-03-16,23.190000534057617
2018-03-19,23.06999969482422
2018-03-20,22.68000030517578
2018-03-21,22.520000457763672
2018-03-22,22.61000061035156
2018-03-23,22.290000915527344
2018-03-26,22.309999465942383
2018-03-27,22.790000915527344
2018-03-28,23.38999938964844
2018-03-29,23.229999542236328
2018-04-02,23.18000030517578
2018-04-03,22.950000762939453
2018-04-04,23.3700008392334
2018-04-05,23.15999984741211
2018-04-06,23.200000762939453
2018-04-09,23.13999938964844
2018-04-10,23.020000457763672
2018-04-11,22.8799991607666
2018-04-12,22.239999771118164
2018-04-13,22.420000076293945
2018-04-16,22.530000686645508
2018-04-17,22.780000686645508
2018-04-18,22.670000076293945
2018-04-19,22.36000061035156
2018-04-20,21.8799991607666
2018-04-23,21.920000076293945
2018-04-24,22.309999465942383
2018-04-25,22.34000015258789
2018-04-26,22.3799991607666
2018-04-27,23.34000015258789
2018-04-30,23.36000061035156
2018-05-01,23.670000076293945
2018-05-02,23.440000534057617
2018-05-03,23.530000686645508
2018-05-04,23.440000534057617
2018-05-07,23.780000686645508
2018-05-08,23.520000457763672
2018-05-09,23.8799991607666
2018-05-10,24.059999465942383
2018-05-11,24.07999992370605
2018-05-14,23.790000915527344
2018-05-15,23.3700008392334
2018-05-16,23.32999992370605
2018-05-17,23.13999938964844
2018-05-18,23.020000457763672
2018-05-21,23.1299991607666
2018-05-22,23.100000381469727
2018-05-23,23.209999084472656
2018-05-24,23.11000061035156
2018-05-25,23.520000457763672
2018-05-29,23.700000762939453
2018-05-30,23.96999931335449
2018-05-31,23.96999931335449
2018-06-01,24.32999992370605
2018-06-04,24.31999969482422
2018-06-05,24.190000534057617
2018-06-06,24.030000686645508
2018-06-07,24.280000686645508
2018-06-08,24.34000015258789
2018-06-11,24.18000030517578
2018-06-12,24.270000457763672
2018-06-13,23.520000457763672
2018-06-14,23.8700008392334
2018-06-15,24.020000457763672
2018-06-18,23.950000762939453
2018-06-19,24.0
2018-06-20,24.5
2018-06-21,24.6200008392334
2018-06-22,24.81999969482422
2018-06-25,24.96999931335449
2018-06-26,25.1200008392334
2018-06-27,25.06999969482422
2018-06-28,25.700000762939453
2018-06-29,25.81999969482422
2018-07-02,25.549999237060547
2018-07-03,25.850000381469727
2018-07-05,26.190000534057617
2018-07-06,26.239999771118164
2018-07-09,25.93000030517578
2018-07-10,26.01000022888184
2018-07-11,25.93000030517578
2018-07-12,25.8799991607666
2018-07-13,25.84000015258789
2018-07-16,25.780000686645508
2018-07-17,25.56999969482422
2018-07-18,25.5
2018-07-19,26.020000457763672
2018-07-20,25.979999542236328
2018-07-23,26.030000686645508
2018-07-24,25.8700008392334
2018-07-25,26.229999542236328
2018-07-26,26.350000381469727
2018-07-27,25.450000762939453
2018-07-30,25.479999542236328
2018-07-31,25.89999961853028
2018-08-01,26.0
2018-08-02,26.040000915527344
2018-08-03,26.459999084472656
2018-08-06,26.26000022888184
2018-08-07,26.46999931335449
2018-08-08,26.09000015258789
2018-08-09,26.15999984741211
2018-08-10,25.979999542236328
2018-08-13,26.049999237060547
2018-08-14,26.280000686645508
2018-08-15,26.86000061035156
2018-08-16,26.979999542236328
2018-08-17,27.21999931335449
2018-08-20,27.06999969482422
2018-08-21,26.93000030517578
2018-08-22,26.739999771118164
2018-08-23,26.709999084472656
2018-08-24,26.71999931335449
2018-08-27,26.71999931335449
2018-08-28,27.030000686645508
2018-08-29,27.059999465942383
2018-08-30,26.93000030517578
2018-08-31,27.030000686645508
2018-09-04,26.540000915527344
2018-09-05,26.63999938964844
2018-09-06,26.979999542236328
2018-09-07,26.450000762939453
2018-09-10,26.6299991607666
2018-09-11,26.65999984741211
2018-09-12,26.6299991607666
2018-09-13,26.81999969482422
2018-09-14,26.299999237060547
2018-09-17,26.739999771118164
2018-09-18,26.280000686645508
2018-09-19,26.1200008392334
2018-09-20,26.350000381469727
2018-09-21,26.38999938964844
2018-09-24,25.700000762939453
2018-09-25,25.89999961853028
2018-09-26,25.559999465942383
2018-09-27,25.64999961853028
2018-09-28,26.31999969482422
2018-10-01,25.790000915527344
2018-10-02,25.6200008392334
2018-10-03,25.3799991607666
2018-10-04,25.31999969482422
2018-10-05,25.200000762939453
2018-10-08,25.65999984741211
2018-10-09,25.90999984741211
2018-10-10,25.799999237060547
2018-10-11,24.809999465942383
2018-10-12,24.709999084472656
2018-10-15,24.979999542236328
2018-10-16,25.68000030517578
2018-10-17,25.780000686645508
2018-10-18,25.88999938964844
2018-10-19,26.39999961853028
2018-10-22,25.950000762939453
2018-10-23,26.1299991607666
2018-10-24,26.799999237060547
2018-10-25,27.030000686645508
2018-10-26,26.489999771118164
2018-10-29,27.020000457763672
2018-10-30,27.350000381469727
2018-10-31,27.549999237060547
2018-11-01,28.1299991607666
2018-11-02,27.600000381469727
2018-11-05,28.21999931335449
2018-11-06,28.489999771118164
2018-11-07,28.71999931335449
2018-11-08,28.770000457763672
2018-11-09,28.81999969482422
2018-11-12,28.81999969482422
2018-11-13,28.780000686645508
2018-11-14,28.459999084472656
2018-11-15,28.40999984741211
2018-11-16,28.56999969482422
2018-11-19,28.65999984741211
2018-11-20,28.940000534057617
2018-11-21,28.86000061035156
2018-11-23,28.76000022888184
2018-11-26,28.739999771118164
2018-11-27,29.059999465942383
2018-11-28,28.89999961853028
2018-11-29,28.799999237060547
2018-11-30,29.26000022888184
2018-12-03,29.15999984741211
2018-12-04,29.07999992370605
2018-12-06,30.229999542236328
2018-12-07,29.8700008392334
2018-12-10,29.799999237060547
2018-12-11,29.600000381469727
2018-12-12,28.90999984741211
2018-12-13,29.0
2018-12-14,28.950000762939453
2018-12-17,27.979999542236328
2018-12-18,28.559999465942383
2018-12-19,28.34000015258789
2018-12-20,28.770000457763672
2018-12-21,28.270000457763672
2018-12-24,26.770000457763672
2018-12-26,27.940000534057617
2018-12-27,27.809999465942383
2018-12-28,27.8799991607666
2018-12-31,27.93000030517578
2019-01-02,26.979999542236328
2019-01-03,27.950000762939453
2019-01-04,27.96999931335449
2019-01-07,28.299999237060547
2019-01-08,28.61000061035156
2019-01-09,28.51000022888184
2019-01-10,28.8700008392334
2019-01-11,29.01000022888184
2019-01-14,28.96999931335449
2019-01-15,29.46999931335449
2019-01-16,29.690000534057617
2019-01-17,29.809999465942383
2019-01-18,29.8799991607666
2019-01-22,29.89999961853028
2019-01-23,29.88999938964844
2019-01-24,29.81999969482422
2019-01-25,30.3700008392334
2019-01-28,30.6299991607666
2019-01-29,30.76000022888184
2019-01-30,30.90999984741211
2019-01-31,31.540000915527344
2019-02-01,31.190000534057617
2019-02-04,31.21999931335449
2019-02-05,31.32999992370605
2019-02-06,31.09000015258789
2019-02-07,31.3700008392334
2019-02-08,31.239999771118164
2019-02-11,31.09000015258789
2019-02-12,30.38999938964844
2019-02-13,30.75
2019-02-14,30.940000534057617
2019-02-15,30.84000015258789
2019-02-19,30.959999084472656
2019-02-20,30.82999992370605
2019-02-21,31.01000022888184
2019-02-22,31.25
2019-02-25,30.799999237060547
2019-02-26,30.920000076293945
2019-02-27,30.780000686645508
2019-02-28,30.770000457763672
2019-03-01,30.520000457763672
2019-03-04,30.600000381469727
2019-03-05,30.729999542236328
2019-03-06,30.450000762939453
2019-03-07,30.39999961853028
2019-03-08,30.3700008392334
2019-03-11,30.940000534057617
2019-03-12,31.100000381469727
2019-03-13,31.229999542236328
2019-03-14,31.299999237060547
2019-03-15,31.1299991607666
2019-03-18,30.46999931335449
2019-03-19,30.309999465942383
2019-03-20,30.68000030517578
2019-03-21,31.64999961853028
2019-03-22,31.64999961853028
2019-03-25,31.690000534057617
2019-03-26,31.850000381469727
2019-03-27,31.51000022888184
2019-03-28,31.690000534057617
2019-03-29,31.299999237060547
2019-04-01,31.18000030517578
2019-04-02,31.25
2019-04-03,31.229999542236328
2019-04-04,31.049999237060547
2019-04-05,31.209999084472656
2019-04-08,30.920000076293945
2019-04-09,30.790000915527344
2019-04-10,30.96999931335449
2019-04-11,30.8700008392334
2019-04-12,30.86000061035156
2019-04-15,30.809999465942383
2019-04-16,29.82999992370605
2019-04-17,29.14999961853028
2019-04-18,29.82999992370605
2019-04-22,29.270000457763672
2019-04-23,29.56999969482422
2019-04-24,29.799999237060547
2019-04-25,29.920000076293945
2019-04-26,30.25
2019-04-29,29.549999237060547
2019-04-30,29.780000686645508
2019-05-01,29.93000030517578
2019-05-02,30.540000915527344
2019-05-03,30.690000534057617
2019-05-06,30.280000686645508
2019-05-07,29.799999237060547
2019-05-08,29.690000534057617
2019-05-09,30.0
2019-05-10,30.32999992370605
2019-05-13,30.950000762939453
2019-05-14,30.8799991607666
2019-05-15,31.190000534057617
2019-05-16,31.549999237060547
2019-05-17,31.61000061035156
2019-05-20,31.020000457763672
2019-05-21,31.25
2019-05-22,31.32999992370605
2019-05-23,31.790000915527344
2019-05-24,31.82999992370605
2019-05-28,31.39999961853028
2019-05-29,31.190000534057617
2019-05-30,31.39999961853028
2019-05-31,31.709999084472656
2019-06-03,31.809999465942383
2019-06-04,30.96999931335449
2019-06-05,31.530000686645508
2019-06-06,31.84000015258789
2019-06-07,31.729999542236328
2019-06-10,31.440000534057617
2019-06-11,31.530000686645508
2019-06-12,31.600000381469727
2019-06-13,31.940000534057617
2019-06-14,32.119998931884766
2019-06-17,32.459999084472656
2019-06-18,32.25
2019-06-19,32.43000030517578
2019-06-20,33.290000915527344
2019-06-21,32.70000076293945
2019-06-24,32.79999923706055
2019-06-25,32.22999954223633
2019-06-26,31.600000381469727
2019-06-27,31.799999237060547
2019-06-28,31.979999542236328
2019-07-01,31.56999969482422
2019-07-02,32.560001373291016
2019-07-03,32.95000076293945
2019-07-05,32.68000030517578
2019-07-08,33.06999969482422
2019-07-09,33.11000061035156
2019-07-10,33.27000045776367
2019-07-11,32.630001068115234
2019-07-12,32.56999969482422
2019-07-15,32.310001373291016
2019-07-16,32.27000045776367
2019-07-17,32.54999923706055
2019-07-18,32.63999938964844
2019-07-19,31.739999771118164
2019-07-22,31.6299991607666
2019-07-23,32.15999984741211
2019-07-24,31.950000762939453
2019-07-25,31.790000915527344
2019-07-26,32.08000183105469
2019-07-29,32.08000183105469
2019-07-30,32.25
2019-07-31,31.93000030517578
2019-08-01,32.75
2019-08-02,32.88999938964844
2019-08-05,32.45000076293945
2019-08-06,32.779998779296875
2019-08-07,33.709999084472656
2019-08-08,34.209999084472656
2019-08-09,34.099998474121094
2019-08-12,33.720001220703125
2019-08-13,33.619998931884766
2019-08-14,33.4900016784668
2019-08-15,34.29999923706055
2019-08-16,34.47999954223633
2019-08-19,34.630001068115234
2019-08-20,33.9900016784668
2019-08-21,34.25
2019-08-22,34.529998779296875
2019-08-23,34.150001525878906
2019-08-26,34.45000076293945
2019-08-27,34.59000015258789
2019-08-28,34.630001068115234
2019-08-29,34.75
2019-08-30,34.709999084472656
2019-09-03,35.540000915527344
2019-09-04,35.9900016784668
2019-09-05,35.349998474121094
2019-09-06,35.58000183105469
2019-09-09,35.209999084472656
2019-09-10,34.689998626708984
2019-09-11,34.599998474121094
2019-09-12,34.61000061035156
2019-09-13,33.7400016784668
2019-09-16,34.099998474121094
2019-09-17,35.11000061035156
2019-09-18,34.95000076293945
2019-09-19,35.09000015258789
2019-09-20,35.0099983215332
2019-09-23,35.060001373291016
2019-09-24,35.349998474121094
2019-09-25,35.09000015258789
2019-09-26,35.380001068115234
2019-09-27,35.52000045776367
2019-09-30,35.630001068115234
2019-10-01,35.709999084472656
2019-10-02,35.880001068115234
2019-10-03,36.18999862670898
2019-10-04,36.38999938964844
2019-10-07,36.31999969482422
2019-10-08,36.45000076293945
2019-10-09,36.45000076293945
2019-10-10,36.54999923706055
2019-10-11,36.34999847412109
2019-10-14,36.650001525878906
2019-10-15,36.709999084472656
2019-10-16,36.84000015258789
2019-10-17,37.0
2019-10-18,37.38999938964844
2019-10-21,37.56999969482422
2019-10-22,37.52000045776367
2019-10-23,37.93000030517578
2019-10-24,37.59000015258789
2019-10-25,36.29999923706055
2019-10-28,36.150001525878906
2019-10-29,36.400001525878906
2019-10-30,36.88999938964844
2019-10-31,37.619998931884766
2019-11-01,36.709999084472656
2019-11-04,35.779998779296875
2019-11-05,35.779998779296875
2019-11-06,34.529998779296875
2019-11-07,33.63999938964844
2019-11-08,33.689998626708984
2019-11-11,33.40999984741211
2019-11-12,33.25
2019-11-13,33.90999984741211
2019-11-14,33.9900016784668
2019-11-15,34.45000076293945
2019-11-18,34.75
2019-11-19,35.0
2019-11-20,35.09000015258789
2019-11-21,34.34000015258789
2019-11-22,34.400001525878906
2019-11-25,34.40999984741211
2019-11-26,34.86000061035156
2019-11-27,35.099998474121094
2019-11-29,34.880001068115234
2019-12-02,33.83000183105469
2019-12-03,34.380001068115234
2019-12-04,34.38999938964844
2019-12-05,34.529998779296875
2019-12-06,34.34000015258789
2019-12-09,34.189998626708984
2019-12-10,33.650001525878906
2019-12-11,33.189998626708984
2019-12-12,32.310001373291016
2019-12-13,32.25
2019-12-16,32.43000030517578
2019-12-17,32.029998779296875
2019-12-18,32.43000030517578
2019-12-19,32.88999938964844
2019-12-20,33.65999984741211
2019-12-23,33.41999816894531
2019-12-24,33.5
2019-12-26,33.70000076293945
2019-12-27,33.9900016784668
2019-12-30,34.060001373291016
2019-12-31,34.470001220703125
2020-01-02,33.68000030517578
2020-01-03,34.33000183105469
2020-01-06,34.650001525878906
2020-01-07,34.43000030517578
2020-01-08,34.4900016784668
2020-01-09,34.68000030517578
2020-01-10,34.93000030517578
2020-01-13,35.33000183105469
2020-01-14,35.20000076293945
2020-01-15,35.59000015258789
2020-01-16,36.43000030517578
2020-01-17,36.25
2020-01-21,36.77000045776367
2020-01-22,36.5099983215332
2020-01-23,37.02999877929688
2020-01-24,37.0
2020-01-27,36.79999923706055
2020-01-28,36.709999084472656
2020-01-29,36.65999984741211
2020-01-30,36.5099983215332
2020-01-31,35.9900016784668
2020-02-03,36.11000061035156
2020-02-04,36.45000076293945
2020-02-05,36.290000915527344
2020-02-06,36.31999969482422
2020-02-07,36.310001373291016
2020-02-10,36.900001525878906
2020-02-11,36.59000015258789
2020-02-12,36.75
2020-02-13,37.27999877929688
2020-02-14,37.310001373291016
2020-02-18,37.33000183105469
2020-02-19,36.81999969482422
2020-02-20,37.290000915527344
2020-02-21,37.150001525878906
2020-02-24,37.09999847412109
2020-02-25,35.65999984741211
2020-02-26,34.95000076293945
2020-02-27,32.77000045776367
2020-02-28,31.63999938964844
2020-03-02,32.83000183105469
2020-03-03,33.22999954223633
2020-03-04,34.56999969482422
2020-03-05,34.619998931884766
2020-03-06,33.720001220703125
2020-03-09,31.239999771118164
2020-03-10,32.099998474121094
2020-03-11,29.040000915527344
2020-03-12,25.1200008392334
2020-03-13,28.86000061035156
2020-03-16,22.270000457763672
2020-03-17,23.31999969482422
2020-03-18,20.850000381469727
2020-03-19,20.07999992370605
2020-03-20,20.959999084472656
2020-03-23,19.950000762939453
2020-03-24,21.15999984741211
2020-03-25,21.89999961853028
2020-03-26,24.31999969482422
2020-03-27,25.030000686645508
2020-03-30,24.350000381469727
2020-03-31,23.850000381469727
2020-04-01,21.290000915527344
2020-04-02,20.40999984741211
2020-04-03,20.290000915527344
2020-04-06,23.1200008392334
2020-04-07,23.89999961853028
2020-04-08,26.68000030517578
2020-04-09,28.350000381469727
2020-04-13,26.850000381469727
2020-04-14,27.34000015258789
2020-04-15,25.5
2020-04-16,24.739999771118164
2020-04-17,26.26000022888184
2020-04-20,25.38999938964844
2020-04-21,24.489999771118164
2020-04-22,24.8799991607666
2020-04-23,24.31999969482422
2020-04-24,24.229999542236328
2020-04-27,25.31999969482422
2020-04-28,26.51000022888184
2020-04-29,27.309999465942383
2020-04-30,26.13999938964844
2020-05-01,25.14999961853028
2020-05-04,25.1299991607666
2020-05-05,25.200000762939453
2020-05-06,24.030000686645508
2020-05-07,23.450000762939453
2020-05-08,24.25
2020-05-11,23.739999771118164
2020-05-12,21.940000534057617
2020-05-13,21.549999237060547
2020-05-14,22.229999542236328
2020-05-15,21.940000534057617
2020-05-18,24.059999465942383
2020-05-19,24.06999969482422
2020-05-20,23.940000534057617
2020-05-21,24.21999931335449
2020-05-22,24.549999237060547
2020-05-26,25.540000915527344
2020-05-27,25.729999542236328
2020-05-28,25.59000015258789
2020-05-29,24.63999938964844
2020-06-01,25.520000457763672
2020-06-02,26.07999992370605
2020-06-03,27.600000381469727
2020-06-04,27.780000686645508
2020-06-05,29.350000381469727
2020-06-08,29.81999969482422
2020-06-09,29.26000022888184
2020-06-10,28.15999984741211
2020-06-11,26.239999771118164
2020-06-12,27.479999542236328
2020-06-15,28.15999984741211
2020-06-16,28.549999237060547
2020-06-17,27.96999931335449
2020-06-18,28.0
2020-06-19,26.31999969482422
2020-06-22,26.8700008392334
2020-06-23,26.96999931335449
2020-06-24,25.989999771118164
2020-06-25,26.59000015258789
2020-06-26,26.489999771118164
2020-06-29,27.18000030517578
2020-06-30,27.559999465942383
2020-07-01,28.81999969482422
2020-07-02,28.46999931335449
2020-07-06,27.690000534057617
2020-07-07,27.049999237060547
2020-07-08,26.850000381469727
2020-07-09,26.86000061035156
2020-07-10,26.65999984741211
2020-07-13,26.32999992370605
2020-07-14,26.18000030517578
2020-07-15,26.850000381469727
2020-07-16,26.239999771118164
2020-07-17,27.11000061035156
2020-07-20,25.690000534057617
2020-07-21,25.8700008392334
2020-07-22,26.809999465942383
2020-07-23,26.57999992370605
2020-07-24,26.239999771118164
2020-07-27,26.459999084472656
2020-07-28,27.32999992370605
2020-07-29,27.89999961853028
2020-07-30,27.780000686645508
2020-07-31,27.290000915527344
2020-08-03,26.88999938964844
2020-08-04,27.309999465942383
2020-08-05,27.18000030517578
2020-08-06,28.049999237060547
2020-08-07,28.61000061035156
2020-08-10,29.030000686645508
2020-08-11,28.21999931335449
2020-08-12,28.63999938964844
2020-08-13,27.43000030517578
2020-08-14,27.01000022888184
2020-08-17,27.5
2020-08-18,27.68000030517578
2020-08-19,26.989999771118164
2020-08-20,27.40999984741211
2020-08-21,27.450000762939453
2020-08-24,27.940000534057617
2020-08-25,27.71999931335449
2020-08-26,27.299999237060547
2020-08-27,28.049999237060547
2020-08-28,28.459999084472656
2020-08-31,27.63999938964844
2020-09-01,27.459999084472656
2020-09-02,28.559999465942383
2020-09-03,28.40999984741211
2020-09-04,28.350000381469727
2020-09-08,27.75
2020-09-09,28.100000381469727
2020-09-10,27.93000030517578
2020-09-11,27.88999938964844
2020-09-14,28.76000022888184
2020-09-15,28.790000915527344
2020-09-16,28.68000030517578
2020-09-17,28.100000381469727
2020-09-18,26.600000381469727
2020-09-21,26.290000915527344
2020-09-22,26.600000381469727
2020-09-23,25.57999992370605
2020-09-24,25.979999542236328
2020-09-25,26.729999542236328
2020-09-28,27.32999992370605
2020-09-29,27.049999237060547
2020-09-30,27.14999961853028
2020-10-01,28.040000915527344
2020-10-02,28.5
2020-10-05,28.280000686645508
2020-10-06,28.25
2020-10-07,28.34000015258789
2020-10-08,29.040000915527344
2020-10-09,28.6299991607666
2020-10-12,28.51000022888184
2020-10-13,27.8700008392334
2020-10-14,27.51000022888184
2020-10-15,27.6200008392334
2020-10-16,27.030000686645508
2020-10-19,26.540000915527344
2020-10-20,27.09000015258789
2020-10-21,27.40999984741211
2020-10-22,28.46999931335449
2020-10-23,28.770000457763672
2020-10-26,27.940000534057617
2020-10-27,27.350000381469727
2020-10-28,26.57999992370605
2020-10-29,27.520000457763672
2020-10-30,26.96999931335449
2020-11-02,28.25
2020-11-03,28.530000686645508
2020-11-04,28.520000457763672
2020-11-05,28.65999984741211
2020-11-06,28.07999992370605
2020-11-09,29.11000061035156
2020-11-10,29.36000061035156
2020-11-11,29.07999992370605
2020-11-12,28.57999992370605
2020-11-13,29.709999084472656
2020-11-16,30.729999542236328
2020-11-17,30.809999465942383
2020-11-18,30.350000381469727
2020-11-19,30.600000381469727
2020-11-20,30.56999969482422
2020-11-23,30.51000022888184
2020-11-24,30.770000457763672
2020-11-25,30.51000022888184
2020-11-27,29.8799991607666
2020-11-30,28.86000061035156
2020-12-01,29.65999984741211
2020-12-02,29.5
2020-12-03,30.06999969482422
2020-12-04,30.59000015258789
2020-12-07,30.739999771118164
2020-12-08,30.8799991607666
2020-12-09,30.489999771118164
2020-12-10,29.540000915527344
2020-12-11,29.32999992370605
2020-12-14,28.8799991607666
2020-12-15,29.950000762939453
2020-12-16,30.3799991607666
2020-12-17,30.489999771118164
2020-12-18,29.82999992370605
2020-12-21,29.3799991607666
2020-12-22,29.670000076293945
2020-12-23,29.520000457763672
2020-12-24,29.76000022888184
2020-12-28,29.920000076293945
2020-12-29,29.76000022888184
2020-12-30,29.86000061035156
2020-12-31,30.229999542236328
2021-01-04,28.88999938964844
2021-01-05,29.09000015258789
2021-01-06,29.200000762939453
2021-01-07,28.420000076293945
2021-01-08,28.59000015258789
2021-01-11,28.46999931335449
2021-01-12,28.61000061035156
2021-01-13,29.440000534057617
2021-01-14,29.850000381469727
2021-01-15,29.959999084472656
2021-01-19,29.14999961853028
2021-01-20,30.15999984741211
2021-01-21,29.93000030517578
2021-01-22,30.18000030517578
2021-01-25,30.38999938964844
2021-01-26,30.1299991607666
2021-01-27,29.170000076293945
2021-01-28,30.01000022888184
2021-01-29,29.64999961853028
2021-02-01,30.3799991607666
2021-02-02,30.34000015258789
2021-02-03,30.549999237060547
2021-02-04,30.690000534057617
2021-02-05,30.5
2021-02-08,30.26000022888184
2021-02-09,29.920000076293945
2021-02-10,30.63999938964844
2021-02-11,31.200000762939453
2021-02-12,30.940000534057617
2021-02-16,30.14999961853028
2021-02-17,30.299999237060547
2021-02-18,30.229999542236328
2021-02-19,29.780000686645508
2021-02-22,30.18000030517578
2021-02-23,30.71999931335449
2021-02-24,31.299999237060547
2021-02-25,29.780000686645508
2021-02-26,29.09000015258789
2021-03-01,29.57999992370605
2021-03-02,29.770000457763672
2021-03-03,29.26000022888184
2021-03-04,29.489999771118164
2021-03-05,29.809999465942383
2021-03-08,30.239999771118164
2021-03-09,30.229999542236328
2021-03-10,30.770000457763672
2021-03-11,31.1299991607666
2021-03-12,31.76000022888184
2021-03-15,32.06999969482422
2021-03-16,32.130001068115234
2021-03-17,32.4900016784668
2021-03-18,32.08000183105469
2021-03-19,31.93000030517578
2021-03-22,31.63999938964844
2021-03-23,31.739999771118164
2021-03-24,31.34000015258789
2021-03-25,31.46999931335449
2021-03-26,32.060001373291016
2021-03-29,31.71999931335449
2021-03-30,31.979999542236328
2021-03-31,31.739999771118164
2021-04-01,32.709999084472656
2021-04-05,32.279998779296875
2021-04-06,32.56999969482422
2021-04-07,32.630001068115234
2021-04-08,32.630001068115234
2021-04-09,32.38999938964844
2021-04-12,32.84000015258789
2021-04-13,33.040000915527344
2021-04-14,32.5099983215332
2021-04-15,33.150001525878906
2021-04-16,33.25
2021-04-19,33.349998474121094
2021-04-20,34.04999923706055
2021-04-21,34.31999969482422
2021-04-22,34.040000915527344
2021-04-23,33.9900016784668
2021-04-26,34.16999816894531
2021-04-27,33.91999816894531
2021-04-28,33.58000183105469
2021-04-29,33.869998931884766
2021-04-30,34.34000015258789
2021-05-03,34.150001525878906
2021-05-04,34.029998779296875
2021-05-05,33.09000015258789
2021-05-06,33.54999923706055
2021-05-07,33.52000045776367
2021-05-10,33.5099983215332
2021-05-11,32.83000183105469
2021-05-12,32.11000061035156
2021-05-13,32.56999969482422
2021-05-14,33.08000183105469
2021-05-17,33.31999969482422
2021-05-18,33.400001525878906
2021-05-19,33.25
2021-05-20,33.18000030517578
2021-05-21,32.939998626708984
2021-05-24,33.45000076293945
2021-05-25,33.54999923706055
2021-05-26,33.27000045776367
2021-05-27,32.939998626708984
2021-05-28,33.380001068115234
2021-06-01,34.06999969482422
2021-06-02,34.18000030517578
2021-06-03,33.86000061035156
2021-06-04,33.689998626708984
2021-06-07,34.09000015258789
2021-06-08,34.27000045776367
2021-06-09,34.61000061035156
2021-06-10,34.939998626708984
2021-06-11,34.779998779296875
2021-06-14,35.29999923706055
2021-06-15,34.77000045776367
2021-06-16,34.22999954223633
2021-06-17,34.150001525878906
2021-06-18,33.09000015258789
2021-06-21,33.84000015258789
2021-06-22,33.68000030517578
2021-06-23,33.84000015258789
2021-06-24,33.86000061035156
2021-06-25,33.9900016784668
2021-06-28,33.54999923706055
2021-06-29,33.68000030517578
2021-06-30,33.290000915527344
2021-07-01,33.310001373291016
2021-07-02,33.40999984741211
2021-07-06,33.970001220703125
2021-07-07,34.34000015258789
2021-07-08,34.18000030517578
2021-07-09,34.7599983215332
2021-07-12,34.9900016784668
2021-07-13,34.47999954223633
2021-07-14,34.970001220703125
2021-07-15,35.279998779296875
2021-07-16,35.560001373291016
2021-07-19,34.939998626708984
2021-07-20,36.0
2021-07-21,36.130001068115234
2021-07-22,36.060001373291016
2021-07-23,36.27000045776367
2021-07-26,36.38999938964844
2021-07-27,36.970001220703125
2021-07-28,36.84000015258789
2021-07-29,37.13999938964844
2021-07-30,36.970001220703125
2021-08-02,36.65999984741211
2021-08-03,36.7400016784668
2021-08-04,36.95000076293945
2021-08-05,37.36000061035156
2021-08-06,36.34999847412109
2021-08-09,36.13999938964844
2021-08-10,35.369998931884766
2021-08-11,35.22999954223633
2021-08-12,35.20000076293945
2021-08-13,35.83000183105469
2021-08-16,35.630001068115234
2021-08-17,35.68000030517578
2021-08-18,35.310001373291016
2021-08-19,35.150001525878906
2021-08-20,35.15999984741211
2021-08-23,34.939998626708984
2021-08-24,35.150001525878906
2021-08-25,35.22999954223633
2021-08-26,35.15999984741211
2021-08-27,35.5
2021-08-30,35.79999923706055
2021-08-31,36.0
2021-09-01,36.52999877929688
2021-09-02,36.619998931884766
2021-09-03,36.34999847412109
2021-09-07,35.77000045776367
2021-09-08,36.34999847412109
2021-09-09,35.61000061035156
2021-09-10,35.349998474121094
2021-09-13,35.47999954223633
2021-09-14,35.369998931884766
2021-09-15,35.27000045776367
2021-09-16,35.29999923706055
2021-09-17,34.84000015258789
2021-09-20,34.72999954223633
2021-09-21,34.45000076293945
2021-09-22,34.619998931884766
2021-09-23,34.5
2021-09-24,34.040000915527344
2021-09-27,33.619998931884766
2021-09-28,33.619998931884766
2021-09-29,34.0099983215332
2021-09-30,33.47999954223633
2021-10-01,33.88999938964844
2021-10-04,34.119998931884766
2021-10-05,33.54999923706055
2021-10-06,33.86000061035156
2021-10-07,33.779998779296875
2021-10-08,33.619998931884766
2021-10-11,33.77000045776367
2021-10-12,33.7400016784668
2021-10-13,33.9900016784668
2021-10-14,34.43000030517578
2021-10-15,34.63999938964844
2021-10-18,34.61000061035156
2021-10-19,34.439998626708984
2021-10-20,34.880001068115234
2021-10-21,34.779998779296875
2021-10-22,34.720001220703125
2021-10-25,34.439998626708984
2021-10-26,35.06999969482422
2021-10-27,35.65999984741211
2021-10-28,36.13999938964844
2021-10-29,35.5099983215332
2021-11-01,35.58000183105469
2021-11-02,35.380001068115234
2021-11-03,34.95000076293945
2021-11-04,34.290000915527344
2021-11-05,34.2400016784668
2021-11-08,34.0
2021-11-09,33.97999954223633
2021-11-10,33.9900016784668
2021-11-11,34.18000030517578
2021-11-12,33.810001373291016
2021-11-15,34.15999984741211
2021-11-16,34.18000030517578
2021-11-17,34.9900016784668
2021-11-18,34.83000183105469
2021-11-19,34.209999084472656
2021-11-22,33.880001068115234
2021-11-23,34.220001220703125
2021-11-24,34.689998626708984
2021-11-26,33.900001525878906
2021-11-29,34.060001373291016
2021-11-30,32.86000061035156
2021-12-01,32.5099983215332
2021-12-02,33.52000045776367
2021-12-03,33.4900016784668
2021-12-06,34.08000183105469
2021-12-07,34.18000030517578
2021-12-08,34.529998779296875
2021-12-09,34.13999938964844
2021-12-10,33.790000915527344
2021-12-13,34.41999816894531
2021-12-14,34.0099983215332
2021-12-15,34.439998626708984
2021-12-16,34.75
2021-12-17,34.91999816894531
2021-12-20,34.88999938964844
2021-12-21,35.18000030517578
2021-12-22,35.41999816894531
2021-12-23,35.189998626708984
2021-12-27,35.70000076293945
2021-12-28,35.880001068115234
2021-12-29,36.09999847412109
2021-12-30,36.0
2021-12-31,36.09000015258789
2022-01-03,36.130001068115234
2022-01-04,36.65999984741211
2022-01-05,36.0
2022-01-06,35.959999084472656
2022-01-07,35.970001220703125
2022-01-10,35.83000183105469
2022-01-11,35.91999816894531
2022-01-12,36.0
2022-01-13,36.290000915527344
2022-01-14,36.08000183105469
2022-01-18,36.08000183105469
2022-01-19,35.70000076293945
2022-01-20,34.95000076293945
2022-01-21,35.040000915527344
2022-01-24,34.86000061035156
2022-01-25,35.15999984741211
2022-01-26,34.689998626708984
2022-01-27,34.34000015258789
2022-01-28,34.939998626708984
2022-01-31,35.369998931884766
2022-02-01,34.880001068115234
2022-02-02,34.70000076293945
2022-02-03,34.0
2022-02-04,33.02000045776367
2022-02-07,32.54999923706055
2022-02-08,32.619998931884766
2022-02-09,33.400001525878906
2022-02-10,32.16999816894531
2022-02-11,32.45000076293945
2022-02-14,32.099998474121094
2022-02-15,31.950000762939453
2022-02-16,32.02000045776367
2022-02-17,31.86000061035156
2022-02-18,31.729999542236328
2022-02-22,31.780000686645508
2022-02-23,30.8799991607666
2022-02-24,30.88999938964844
2022-02-25,31.63999938964844
2022-02-28,31.059999465942383
2022-03-01,30.75
2022-03-02,31.5
2022-03-03,32.209999084472656
2022-03-04,32.959999084472656
2022-03-07,32.15999984741211
2022-03-08,32.130001068115234
2022-03-09,32.22999954223633
2022-03-10,32.650001525878906
2022-03-11,32.40999984741211
2022-03-14,32.29999923706055
2022-03-15,32.650001525878906
2022-03-16,33.13999938964844
2022-03-17,33.2599983215332
2022-03-18,33.15999984741211
2022-03-21,33.18000030517578
2022-03-22,33.470001220703125
2022-03-23,33.33000183105469
2022-03-24,33.7599983215332
2022-03-25,34.27000045776367
2022-03-28,34.54999923706055
2022-03-29,35.290000915527344
2022-03-30,34.83000183105469
2022-03-31,34.33000183105469
2022-04-01,35.0099983215332
2022-04-04,35.25
2022-04-05,34.349998474121094
2022-04-06,35.36000061035156
2022-04-07,35.02000045776367
2022-04-08,35.220001220703125
2022-04-11,34.84000015258789
2022-04-12,35.08000183105469
2022-04-13,35.11000061035156
2022-04-14,35.029998779296875
2022-04-18,34.689998626708984
2022-04-19,34.869998931884766
2022-04-20,35.29999923706055
2022-04-21,35.400001525878906
2022-04-22,34.459999084472656
2022-04-25,34.279998779296875
2022-04-26,34.150001525878906
2022-04-27,33.77000045776367
2022-04-28,34.2400016784668
2022-04-29,32.810001373291016
2022-05-02,32.220001220703125
2022-05-03,33.040000915527344
2022-05-04,32.279998779296875
2022-05-05,31.479999542236328
2022-05-06,30.64999961853028
2022-05-09,30.020000457763672
2022-05-10,29.32999992370605
2022-05-11,29.57999992370605
2022-05-12,29.809999465942383
2022-05-13,30.07999992370605
2022-05-16,30.190000534057617
2022-05-17,30.88999938964844
2022-05-18,30.06999969482422
2022-05-19,29.280000686645508
2022-05-20,29.420000076293945
2022-05-23,29.43000030517578
2022-05-24,29.459999084472656
2022-05-25,29.5
2022-05-26,29.32999992370605
2022-05-27,30.07999992370605
2022-05-31,29.690000534057617
2022-06-01,29.32999992370605
2022-06-02,29.280000686645508
2022-06-03,28.690000534057617
2022-06-06,28.489999771118164
2022-06-07,28.75
2022-06-08,27.459999084472656
2022-06-09,25.959999084472656
2022-06-10,25.6299991607666
2022-06-13,24.040000915527344
2022-06-14,23.440000534057617
2022-06-15,24.3700008392334
2022-06-16,24.11000061035156
2022-06-17,24.21999931335449
2022-06-21,24.8799991607666
2022-06-22,25.18000030517578
2022-06-23,25.309999465942383
2022-06-24,26.100000381469727
2022-06-27,26.020000457763672
2022-06-28,25.46999931335449
2022-06-29,25.84000015258789
2022-06-30,25.90999984741211
2022-07-01,26.57999992370605
2022-07-05,26.350000381469727
2022-07-06,26.520000457763672
2022-07-07,26.39999961853028
2022-07-08,26.21999931335449
2022-07-11,26.290000915527344
2022-07-12,26.3799991607666
2022-07-13,25.959999084472656
2022-07-14,25.82999992370605
2022-07-15,26.21999931335449
2022-07-18,26.0
2022-07-19,26.450000762939453
2022-07-20,26.31999969482422
2022-07-21,26.65999984741211
2022-07-22,26.799999237060547
2022-07-25,26.739999771118164
2022-07-26,26.75
2022-07-27,26.89999961853028
2022-07-28,27.489999771118164
2022-07-29,27.6299991607666
2022-08-01,27.549999237060547
2022-08-02,27.299999237060547
2022-08-03,26.940000534057617
2022-08-04,26.8799991607666
2022-08-05,26.51000022888184
2022-08-08,27.21999931335449
2022-08-09,27.57999992370605
2022-08-10,28.18000030517578
2022-08-11,27.790000915527344
2022-08-12,28.3700008392334
2022-08-15,28.21999931335449
2022-08-16,28.25
2022-08-17,28.1299991607666
2022-08-18,28.11000061035156
2022-08-19,27.81999969482422
2022-08-22,27.809999465942383
2022-08-23,26.93000030517578
2022-08-24,27.09000015258789
2022-08-25,27.40999984741211
2022-08-26,26.82999992370605
2022-08-29,26.71999931335449
2022-08-30,26.290000915527344
2022-08-31,26.25
2022-09-01,26.290000915527344
2022-09-02,25.86000061035156
2022-09-06,26.170000076293945
2022-09-07,26.790000915527344
2022-09-08,26.65999984741211
2022-09-09,27.36000061035156
2022-09-12,27.540000915527344
2022-09-13,26.790000915527344
2022-09-14,26.420000076293945
2022-09-15,25.700000762939453
2022-09-16,25.71999931335449
2022-09-19,25.40999984741211
2022-09-20,24.65999984741211
2022-09-21,24.440000534057617
2022-09-22,24.549999237060547
2022-09-23,24.280000686645508
2022-09-26,23.440000534057617
2022-09-27,22.799999237060547
2022-09-28,23.34000015258789
2022-09-29,22.57999992370605
2022-09-30,22.920000076293945
2022-10-03,23.76000022888184
2022-10-04,23.8799991607666
2022-10-05,23.290000915527344
2022-10-06,22.59000015258789
2022-10-07,21.89999961853028
2022-10-10,21.61000061035156
2022-10-11,22.200000762939453
2022-10-12,22.15999984741211
2022-10-13,22.729999542236328
2022-10-14,22.270000457763672
2022-10-17,22.850000381469727
2022-10-18,23.15999984741211
2022-10-19,22.559999465942383
2022-10-20,22.450000762939453
2022-10-21,22.440000534057617
2022-10-24,22.229999542236328
2022-10-25,23.040000915527344
2022-10-26,23.0
2022-10-27,23.06999969482422
2022-10-28,23.770000457763672
2022-10-31,23.729999542236328
2022-11-01,23.799999237060547
2022-11-02,23.64999961853028
2022-11-03,23.989999771118164
2022-11-04,24.01000022888184
2022-11-07,24.200000762939453
2022-11-08,24.170000076293945
2022-11-09,23.89999961853028
2022-11-10,25.350000381469727
2022-11-11,25.420000076293945
2022-11-14,24.76000022888184
2022-11-15,25.200000762939453
2022-11-16,24.56999969482422
2022-11-17,24.39999961853028
2022-11-18,24.64999961853028
2022-11-21,25.190000534057617
2022-11-22,25.39999961853028
2022-11-23,25.26000022888184
2022-11-25,25.459999084472656
2022-11-28,24.81999969482422
2022-11-29,25.63999938964844
2022-11-30,26.26000022888184
2022-12-01,26.14999961853028
2022-12-02,26.18000030517578
2022-12-05,26.030000686645508
2022-12-06,25.809999465942383
2022-12-07,25.350000381469727
2022-12-08,25.520000457763672
2022-12-09,25.350000381469727
2022-12-12,25.299999237060547
2022-12-13,25.6299991607666
2022-12-14,25.489999771118164
2022-12-15,25.5
2022-12-16,25.14999961853028
2022-12-19,24.89999961853028
2022-12-20,24.739999771118164
2022-12-21,25.030000686645508
2022-12-22,24.93000030517578
2022-12-23,25.170000076293945
2022-12-27,25.309999465942383
2022-12-28,24.709999084472656
2022-12-29,25.200000762939453
2022-12-30,25.06999969482422
2023-01-03,25.440000534057617
2023-01-04,26.38999938964844
2023-01-05,25.959999084472656
2023-01-06,26.739999771118164
2023-01-09,26.270000457763672
2023-01-10,26.14999961853028
2023-01-11,27.07999992370605
2023-01-12,27.31999969482422
2023-01-13,27.049999237060547
2023-01-17,27.020000457763672
2023-01-18,26.739999771118164
2023-01-19,26.61000061035156
2023-01-20,26.850000381469727
2023-01-23,27.309999465942383
2023-01-24,27.200000762939453
2023-01-25,27.07999992370605
2023-01-26,27.290000915527344
2023-01-27,27.530000686645508
2023-01-30,27.13999938964844
2023-01-31,27.479999542236328
2023-02-01,27.420000076293945
2023-02-02,28.239999771118164
2023-02-03,27.6299991607666
2023-02-06,27.420000076293945
2023-02-07,27.229999542236328
2023-02-08,26.71999931335449
2023-02-09,26.309999465942383
2023-02-10,26.65999984741211
2023-02-13,26.489999771118164
2023-02-14,25.940000534057617
2023-02-15,26.049999237060547
2023-02-16,25.959999084472656
2023-02-17,26.1299991607666
2023-02-21,25.600000381469727
2023-02-22,25.09000015258789
2023-02-23,25.049999237060547
2023-02-24,24.549999237060547
2023-02-27,24.32999992370605
2023-02-28,24.059999465942383
2023-03-01,23.63999938964844
2023-03-02,23.799999237060547
2023-03-03,24.280000686645508
2023-03-06,24.190000534057617
2023-03-07,23.32999992370605
2023-03-08,23.51000022888184
2023-03-09,22.950000762939453
2023-03-10,21.420000076293945
2023-03-13,21.46999931335449
2023-03-14,21.559999465942383
2023-03-15,21.530000686645508
2023-03-16,21.38999938964844
2023-03-17,20.739999771118164
2023-03-20,21.0
2023-03-21,20.89999961853028
2023-03-22,20.229999542236328
2023-03-23,20.299999237060547
2023-03-24,20.90999984741211
2023-03-27,20.809999465942383
2023-03-28,20.8799991607666
2023-03-29,21.36000061035156
2023-03-30,21.690000534057617
2023-03-31,21.96999931335449
2023-04-03,21.71999931335449
2023-04-04,21.68000030517578
2023-04-05,21.479999542236328
2023-04-06,21.440000534057617
2023-04-10,21.68000030517578
2023-04-11,21.989999771118164
2023-04-12,21.530000686645508
2023-04-13,21.459999084472656
2023-04-14,21.01000022888184
2023-04-17,21.5
2023-04-18,21.209999084472656
2023-04-19,21.3700008392334
2023-04-20,21.059999465942383
2023-04-21,21.1299991607666
2023-04-24,21.200000762939453
2023-04-25,21.11000061035156
2023-04-26,20.770000457763672
2023-04-27,21.209999084472656
2023-04-28,21.96999931335449
2023-05-01,21.63999938964844
2023-05-02,21.18000030517578
2023-05-03,21.280000686645508
2023-05-04,21.3799991607666
2023-05-05,21.479999542236328
2023-05-08,21.21999931335449
2023-05-09,21.059999465942383
2023-05-10,21.07999992370605
2023-05-11,21.07999992370605
2023-05-12,20.96999931335449
2023-05-15,20.940000534057617
2023-05-16,20.280000686645508
2023-05-17,20.40999984741211
2023-05-18,20.200000762939453
2023-05-19,19.89999961853028
2023-05-22,20.100000381469727
2023-05-23,20.14999961853028
2023-05-24,19.63999938964844
2023-05-25,19.280000686645508
2023-05-26,19.46999931335449
2023-05-30,19.920000076293945
2023-05-31,19.959999084472656
2023-06-01,20.13999938964844
2023-06-02,20.71999931335449
2023-06-05,20.56999969482422
2023-06-06,21.18000030517578
2023-06-07,21.34000015258789
2023-06-08,20.93000030517578
2023-06-09,20.690000534057617
2023-06-12,20.75
2023-06-13,20.799999237060547
2023-06-14,20.700000762939453
2023-06-15,20.76000022888184
2023-06-16,20.670000076293945
2023-06-20,20.18000030517578
2023-06-21,19.8700008392334
2023-06-22,19.540000915527344
2023-06-23,19.270000457763672
2023-06-26,19.8700008392334
2023-06-27,20.14999961853028
2023-06-28,19.81999969482422
2023-06-29,19.979999542236328
2023-06-30,20.100000381469727
2023-07-03,20.57999992370605
2023-07-05,20.770000457763672
2023-07-06,20.71999931335449
2023-07-07,20.549999237060547
2023-07-10,20.59000015258789
2023-07-11,21.100000381469727
2023-07-12,20.96999931335449
2023-07-13,21.3799991607666
2023-07-14,21.39999961853028
2023-07-17,21.170000076293945
2023-07-18,20.89999961853028
2023-07-19,21.420000076293945
2023-07-20,21.64999961853028
2023-07-21,21.75
2023-07-24,22.1200008392334
2023-07-25,22.01000022888184
2023-07-26,22.209999084472656
2023-07-27,21.81999969482422
2023-07-28,21.729999542236328
2023-07-31,21.82999992370605
2023-08-01,21.690000534057617
2023-08-02,21.61000061035156
2023-08-03,21.520000457763672
2023-08-04,21.229999542236328
2023-08-07,21.489999771118164
2023-08-08,21.059999465942383
2023-08-09,21.15999984741211
2023-08-10,20.940000534057617
2023-08-11,20.89999961853028
2023-08-14,20.64999961853028
2023-08-15,20.32999992370605
2023-08-16,20.239999771118164
2023-08-17,20.280000686645508
2023-08-18,20.09000015258789
2023-08-21,19.8700008392334
2023-08-22,19.82999992370605
2023-08-23,20.25
2023-08-24,20.21999931335449
2023-08-25,20.229999542236328
2023-08-28,20.3799991607666
2023-08-29,20.46999931335449
2023-08-30,20.690000534057617
2023-08-31,20.57999992370605
2023-09-01,20.64999961853028
2023-09-05,20.39999961853028
2023-09-06,20.40999984741211
2023-09-07,20.1299991607666
2023-09-08,20.020000457763672
2023-09-11,19.76000022888184
2023-09-12,19.93000030517578
2023-09-13,19.86000061035156
2023-09-14,20.3700008392334
2023-09-15,20.38999938964844
2023-09-18,19.8799991607666
2023-09-19,19.940000534057617
2023-09-20,19.89999961853028
2023-09-21,19.059999465942383
2023-09-22,18.82999992370605
2023-09-25,18.71999931335449
2023-09-26,18.40999984741211
2023-09-27,18.049999237060547
2023-09-28,18.059999465942383
2023-09-29,18.36000061035156
2023-10-02,17.809999465942383
2023-10-03,17.31999969482422
2023-10-04,17.489999771118164
2023-10-05,17.389999389648438
2023-10-06,17.270000457763672
2023-10-09,17.540000915527344
2023-10-10,17.920000076293945
2023-10-11,18.13999938964844
2023-10-12,17.540000915527344
2023-10-13,17.389999389648438
2023-10-16,17.520000457763672
2023-10-17,17.40999984741211
2023-10-18,17.010000228881836
2023-10-19,16.68000030517578
2023-10-20,16.6200008392334
2023-10-23,16.5
2023-10-24,16.959999084472656
2023-10-25,16.399999618530273
2023-10-26,16.739999771118164
2023-10-27,16.420000076293945
2023-10-30,15.979999542236328
2023-10-31,15.550000190734863
2023-11-01,15.579999923706056
2023-11-02,16.829999923706055
2023-11-03,17.209999084472656
2023-11-06,16.770000457763672
2023-11-07,16.3700008392334
2023-11-08,16.489999771118164
2023-11-09,15.729999542236328
2023-11-10,15.9399995803833
2023-11-13,15.56999969482422
2023-11-14,16.940000534057617
2023-11-15,16.950000762939453
2023-11-16,16.549999237060547
2023-11-17,16.469999313354492
2023-11-20,16.639999389648438
2023-11-21,16.3700008392334
2023-11-22,16.6299991607666
2023-11-24,16.649999618530273
2023-11-27,16.760000228881836
2023-11-28,17.020000457763672
2023-11-29,17.139999389648438
2023-11-30,17.31999969482422
2023-12-01,18.200000762939453
2023-12-04,18.46999931335449
2023-12-05,18.36000061035156
2023-12-06,18.39999961853028
2023-12-07,18.770000457763672
2023-12-08,18.75
2023-12-11,18.770000457763672
2023-12-12,18.34000015258789
2023-12-13,19.190000534057617
2023-12-14,20.1200008392334
2023-12-15,19.549999237060547
2023-12-18,19.489999771118164
2023-12-19,19.81999969482422
2023-12-20,19.459999084472656
2023-12-21,19.39999961853028
2023-12-22,19.700000762939453
2023-12-26,19.959999084472656
2023-12-27,20.020000457763672
2023-12-28,20.18000030517578
2023-12-29,19.799999237060547
2024-01-02,20.030000686645508
2024-01-03,19.57999992370605
2024-01-04,19.65999984741211
2024-01-05,19.6299991607666
2024-01-08,19.979999542236328
2024-01-09,19.89999961853028
2024-01-10,19.96999931335449
2024-01-11,20.290000915527344
2024-01-12,20.84000015258789
2024-01-16,20.729999542236328
2024-01-17,20.040000915527344
2024-01-18,19.600000381469727
2024-01-19,19.75
2024-01-22,19.709999084472656
2024-01-23,19.3700008392334
2024-01-24,19.1299991607666
2024-01-25,19.36000061035156
2024-01-26,19.420000076293945
2024-01-29,19.21999931335449
2024-01-30,18.6200008392334
2024-01-31,18.5
2024-02-01,18.81999969482422
2024-02-02,18.309999465942383
2024-02-05,17.809999465942383
2024-02-06,18.07999992370605
2024-02-07,17.8700008392334
2024-02-08,17.989999771118164
2024-02-09,17.34000015258789
2024-02-12,17.540000915527344
2024-02-13,16.780000686645508
2024-02-14,16.860000610351562
2024-02-15,17.459999084472656
2024-02-16,17.15999984741211
2024-02-20,16.920000076293945
2024-02-21,16.81999969482422
2024-02-22,16.790000915527344
2024-02-23,16.6299991607666
2024-02-26,16.18000030517578
2024-02-27,16.239999771118164
2024-02-28,16.549999237060547
2024-02-29,16.75
2024-03-01,17.100000381469727
2024-03-04,16.850000381469727
2024-03-05,17.040000915527344
2024-03-06,17.56999969482422
2024-03-07,17.540000915527344
2024-03-08,17.739999771118164
2024-03-11,17.610000610351562
2024-03-12,17.389999389648438
2024-03-13,17.239999771118164
2024-03-14,16.90999984741211
2024-03-15,17.239999771118164
2024-03-18,17.31999969482422
2024-03-19,17.5
2024-03-20,17.579999923706055
2024-03-21,17.81999969482422
2024-03-22,17.540000915527344
2024-03-25,17.540000915527344
2024-03-26,17.559999465942383
2024-03-27,18.309999465942383
2024-03-28,18.75
2024-04-01,18.540000915527344
2024-04-02,18.25
2024-04-03,18.3799991607666
2024-04-04,18.32999992370605
2024-04-05,18.6299991607666
2024-04-08,18.979999542236328
2024-04-09,19.34000015258789
2024-04-10,18.68000030517578
2024-04-11,18.68000030517578
2024-04-12,18.520000457763672
2024-04-15,18.290000915527344
2024-04-16,17.81999969482422
2024-04-17,18.06999969482422
2024-04-18,18.010000228881836
2024-04-19,17.979999542236328
2024-04-22,18.229999542236328
2024-04-23,18.450000762939453
2024-04-24,18.6299991607666
2024-04-25,18.34000015258789
2024-04-26,18.799999237060547
2024-04-29,18.940000534057617
2024-04-30,18.61000061035156
2024-05-01,18.8799991607666
2024-05-02,19.170000076293945
2024-05-03,18.96999931335449
2024-05-06,18.96999931335449
2024-05-07,19.200000762939453
2024-05-08,19.14999961853028
2024-05-09,19.450000762939453
2024-05-10,19.549999237060547
2024-05-13,19.56999969482422
2024-05-14,19.81999969482422
2024-05-15,20.25
2024-05-16,19.96999931335449
2024-05-17,19.88999938964844
2024-05-20,19.790000915527344
2024-05-21,19.75
2024-05-22,19.520000457763672
2024-05-23,19.040000915527344
2024-05-24,19.100000381469727
2024-05-28,18.90999984741211
2024-05-29,18.959999084472656
2024-05-30,19.40999984741211
2024-05-31,19.89999961853028
2024-06-03,19.770000457763672
2024-06-04,19.739999771118164
2024-06-05,19.56999969482422
2024-06-06,19.530000686645508
2024-06-07,19.290000915527344
2024-06-10,19.229999542236328
2024-06-11,19.190000534057617
2024-06-12,19.39999961853028
2024-06-13,19.56999969482422
2024-06-14,19.64999961853028
2024-06-17,19.36000061035156
2024-06-18,19.479999542236328
2024-06-20,19.3799991607666
2024-06-21,19.239999771118164
2024-06-24,19.64999961853028
2024-06-25,19.190000534057617
2024-06-26,19.3700008392334
2024-06-27,19.239999771118164
2024-06-28,19.600000381469727
2024-07-01,19.46999931335449
2024-07-02,19.530000686645508
2024-07-03,19.479999542236328
2024-07-05,19.729999542236328
2024-07-08,19.6299991607666
2024-07-09,19.63999938964844
2024-07-10,19.81999969482422
2024-07-11,20.34000015258789
2024-07-12,20.540000915527344
2024-07-15,20.65999984741211
2024-07-16,21.07999992370605
2024-07-17,21.13999938964844
2024-07-18,20.93000030517578
2024-07-19,20.89999961853028
2024-07-22,21.01000022888184
2024-07-23,21.020000457763672
2024-07-24,20.76000022888184
2024-07-25,20.76000022888184
2024-07-26,21.89999961853028
2024-07-29,21.850000381469727
2024-07-30,21.84000015258789
2024-07-31,21.81999969482422
2024-08-01,21.729999542236328
2024-08-02,21.540000915527344
2024-08-05,20.739999771118164
2024-08-06,21.3799991607666
2024-08-07,21.229999542236328
2024-08-08,21.40999984741211
2024-08-09,21.6299991607666
2024-08-12,21.520000457763672
2024-08-13,21.940000534057617
2024-08-14,21.790000915527344
2024-08-15,21.57999992370605
2024-08-16,21.479999542236328
2024-08-19,21.700000762939453
2024-08-20,21.799999237060547
2024-08-21,21.88999938964844
2024-08-22,22.1200008392334
2024-08-23,22.459999084472656
2024-08-26,22.489999771118164
2024-08-27,22.280000686645508
2024-08-28,22.040000915527344
2024-08-29,22.1299991607666
2024-08-30,22.280000686645508
2024-09-03,22.200000762939453
2024-09-04,22.18000030517578
2024-09-05,22.09000015258789
2024-09-06,21.989999771118164
2024-09-09,22.1299991607666
2024-09-10,22.21999931335449
2024-09-11,22.14999961853028
2024-09-12,22.40999984741211
2024-09-13,22.57999992370605
2024-09-16,22.40999984741211
2024-09-17,21.940000534057617
2024-09-18,22.1200008392334
2024-09-19,21.89999961853028
2024-09-20,22.01000022888184
2024-09-23,22.56999969482422
2024-09-24,22.770000457763672
2024-09-25,22.799999237060547
2024-09-26,22.5
2024-09-27,22.600000381469727
2024-09-30,22.8700008392334
2024-10-01,22.670000076293945
2024-10-02,22.34000015258789
2024-10-03,22.21999931335449
2024-10-04,22.1200008392334
2024-10-07,22.01000022888184
2024-10-08,21.81999969482422
2024-10-09,21.780000686645508
2024-10-10,21.5
2024-10-11,21.670000076293945
2024-10-14,21.8799991607666
2024-10-15,22.31999969482422
2024-10-16,22.690000534057617
2024-10-17,22.309999465942383
2024-10-18,22.63999938964844
2024-10-21,22.18000030517578
2024-10-22,22.43000030517578
2024-10-23,23.1200008392334
2024-10-24,23.0
2024-10-25,22.290000915527344
2024-10-28,22.59000015258789
2024-10-29,22.520000457763672
2024-10-30,22.71999931335449
2024-10-31,22.450000762939453
2024-11-01,21.979999542236328
2024-11-04,21.989999771118164
2024-11-05,22.51000022888184
2024-11-06,22.32999992370605
2024-11-07,22.559999465942383
2024-11-08,22.76000022888184
2024-11-11,22.350000381469727
2024-11-12,21.790000915527344
2024-11-13,21.64999961853028
2024-11-14,21.25
2024-11-15,20.86000061035156
2024-11-18,20.8700008392334
2024-11-19,21.39999961853028
2024-11-20,21.43000030517578
2024-11-21,21.709999084472656
2024-11-22,21.6200008392334
2024-11-25,21.979999542236328
2024-11-26,22.31999969482422
2024-11-27,22.239999771118164
2024-11-29,21.989999771118164
2024-12-02,21.64999961853028
2024-12-03,21.51000022888184
2024-12-04,21.299999237060547
2024-12-05,21.489999771118164
2024-12-06,21.3799991607666
2024-12-09,21.700000762939453
2024-12-10,21.440000534057617
2024-12-11,21.270000457763672
2024-12-12,20.93000030517578
2024-12-13,20.76000022888184
2024-12-16,20.709999084472656
2024-12-17,20.8700008392334
2024-12-18,19.979999542236328
2024-12-19,19.76000022888184
2024-12-20,20.1200008392334
2024-12-23,20.18000030517578
2024-12-24,20.38999938964844
2024-12-26,20.26000022888184
2024-12-27,20.07999992370605
2024-12-30,19.979999542236328
2024-12-31,20.270000457763672
2025-01-02,20.15999984741211
2025-01-03,20.420000076293945
2025-01-06,20.020000457763672
2025-01-07,19.90999984741211
2025-01-08,20.31999969482422
2025-01-10,19.65999984741211
2025-01-13,20.0
2025-01-14,20.13999938964844
2025-01-15,20.31999969482422
2025-01-16,20.700000762939453
2025-01-17,20.780000686645508
2025-01-21,21.1200008392334
2025-01-22,20.549999237060547
2025-01-23,20.64999961853028
2025-01-24,20.82999992370605
2025-01-27,21.200000762939453
2025-01-28,20.65999984741211
2025-01-29,20.209999084472656
2025-01-30,20.51000022888184
2025-01-31,20.65999984741211
2025-02-03,20.3799991607666
2025-02-04,20.059999465942383
2025-02-05,20.040000915527344
2025-02-06,20.1200008392334
2025-02-07,19.86000061035156
2025-02-10,19.59000015258789
2025-02-11,19.61000061035156
2025-02-12,19.459999084472656
2025-02-13,19.959999084472656
2025-02-14,19.59000015258789
2025-02-18,19.57999992370605
2025-02-19,19.5
2025-02-20,19.770000457763672
2025-02-21,19.739999771118164
2025-02-24,19.82999992370605
2025-02-25,20.209999084472656
2025-02-26,20.020000457763672
2025-02-27,20.18000030517578
2025-02-28,20.459999084472656
2025-03-03,20.39999961853028
2025-03-04,20.25
2025-03-05,20.420000076293945
2025-03-06,20.1299991607666
2025-03-07,20.51000022888184
2025-03-10,20.670000076293945
2025-03-11,20.31999969482422
2025-03-12,20.200000762939453
2025-03-13,20.030000686645508
2025-03-14,20.46999931335449
2025-03-17,20.51000022888184
2025-03-18,20.46999931335449
2025-03-19,20.43000030517578
2025-03-20,20.350000381469727
2025-03-21,20.030000686645508
2025-03-24,20.450000762939453
2025-03-25,20.15999984741211
2025-03-26,20.309999465942383
2025-03-27,20.21999931335449
2025-03-28,20.190000534057617
2025-03-31,20.21999931335449
2025-04-01,20.020000457763672
2025-04-02,20.059999465942383
2025-04-03,19.459999084472656
2025-04-04,18.43000030517578
2025-04-07,18.200000762939453
2025-04-08,17.989999771118164
2025-04-09,18.63999938964844
2025-04-10,18.170000076293945
2025-04-11,18.15999984741211
2025-04-14,18.709999084472656
2025-04-15,18.770000457763672
2025-04-16,18.57999992370605
2025-04-17,18.75
2025-04-21,18.450000762939453
2025-04-22,18.809999465942383
2025-04-23,18.81999969482422
2025-04-24,18.809999465942383
2025-04-25,17.829999923706055
2025-04-28,17.75
2025-04-29,17.760000228881836
2025-04-30,17.84000015258789
2025-05-01,17.780000686645508
2025-05-02,17.809999465942383
2025-05-05,17.579999923706055
2025-05-06,17.440000534057617
2025-05-07,17.25
2025-05-08,17.389999389648438
2025-05-09,17.469999313354492
2025-05-12,17.549999237060547
2025-05-13,17.25
2025-05-14,16.969999313354492
2025-05-15,17.309999465942383
2025-05-16,17.729999542236328
2025-05-19,17.719999313354492
2025-05-20,17.489999771118164
2025-05-21,16.829999923706055
2025-05-22,16.81999969482422
2025-05-23,16.84000015258789
2025-05-27,17.350000381469727
2025-05-28,17.40999984741211
2025-05-29,17.520000457763672
2025-05-30,17.40999984741211
2025-06-02,17.40999984741211
2025-06-03,17.149999618530273
2025-06-04,17.100000381469727
2025-06-05,17.079999923706055
2025-06-06,17.260000228881836
2025-06-09,17.270000457763672
2025-06-10,17.600000381469727
2025-06-11,17.510000228881836
2025-06-12,17.5
2025-06-13,17.3799991607666
2025-06-16,17.139999389648438
2025-06-17,17.010000228881836
2025-06-18,17.049999237060547
2025-06-20,17.100000381469727
2025-06-23,17.489999771118164
2025-06-24,17.489999771118164
2025-06-25,17.309999465942383
2025-06-26,17.479999542236328
2025-06-27,17.360000610351562
2025-06-30,17.510000228881836
2025-07-01,17.8799991607666
2025-07-02,18.309999465942383
2025-07-03,18.21999931335449
2025-07-07,17.979999542236328
2025-07-08,18.209999084472656
2025-07-09,18.26000022888184
2025-07-10,18.540000915527344
2025-07-11,18.450000762939453
2025-07-14,18.540000915527344
2025-07-15,18.229999542236328
2025-07-16,18.26000022888184
2025-07-17,18.36000061035156
2025-07-18,18.31999969482422
2025-07-21,18.39999961853028
2025-07-22,18.989999771118164
2025-07-23,19.049999237060547
2025-07-24,18.8700008392334
2025-07-25,17.600000381469727
2025-07-28,17.260000228881836
2025-07-29,17.3700008392334
2025-07-30,17.219999313354492
2025-07-31,16.940000534057617
2025-08-01,16.770000457763672
2025-08-04,16.899999618530273
2025-08-05,17.190000534057617
2025-08-06,16.850000381469727
2025-08-07,16.959999084472656
2025-08-08,16.959999084472656
2025-08-11,16.770000457763672
2025-08-12,17.0
2025-08-13,17.139999389648438
2025-08-14,17.040000915527344
2025-08-15,17.309999465942383
2025-08-18,17.059999465942383
2025-08-19,17.219999313354492
2025-08-20,17.219999313354492
2025-08-21,17.280000686645508
2025-08-22,17.75
2025-08-25,17.649999618530273
2025-08-26,17.530000686645508
2025-08-27,17.899999618530273
2025-08-28,17.860000610351562
2025-08-29,17.940000534057617
2025-09-02,17.950000762939453
2025-09-03,17.729999542236328
2025-09-04,18.0
2025-09-05,18.38999938964844
2025-09-08,18.299999237060547
2025-09-09,18.059999465942383
2025-09-10,17.950000762939453
2025-09-11,18.13999938964844
2025-09-12,18.07999992370605
2025-09-15,18.25
2025-09-16,18.229999542236328
2025-09-17,18.209999084472656
2025-09-18,18.56999969482422
2025-09-19,18.46999931335449
2025-09-22,18.5
2025-09-23,18.88999938964844
2025-09-24,18.64999961853028
2025-09-25,18.540000915527344
2025-09-26,18.940000534057617
2025-09-29,19.01000022888184
2025-09-30,19.14999961853028
2025-10-01,19.18000030517578
2025-10-02,19.18000030517578
2025-10-03,19.3700008392334
2025-10-06,19.239999771118164
2025-10-07,19.13999938964844
2025-10-08,18.850000381469727
2025-10-09,18.450000762939453
2025-10-10,18.049999237060547
2025-10-13,17.959999084472656
2025-10-14,18.13999938964844
2025-10-15,18.51000022888184
2025-10-16,18.450000762939453
2025-10-17,18.549999237060547
2025-10-20,18.71999931335449
2025-10-21,18.57999992370605
2025-10-22,18.6200008392334
2025-10-23,18.540000915527344
2025-10-24,18.76000022888184
2025-10-27,19.059999465942383
2025-10-28,18.030000686645508
2025-10-29,17.579999923706055
2025-10-30,17.56999969482422
2025-10-31,17.950000762939453
2025-11-03,17.690000534057617
2025-11-04,17.540000915527344
2025-11-05,17.8700008392334
2025-11-06,17.559999465942383
2025-11-07,17.81999969482422
2025-11-10,17.700000762939453
2025-11-11,17.899999618530273
2025-11-12,17.639999389648438
2025-11-13,17.510000228881836
2025-11-14,17.350000381469727
2025-11-17,17.290000915527344
2025-11-18,17.690000534057617
2025-11-19,17.610000610351562
2025-11-20,17.399999618530273
2025-11-21,17.84000015258789
2025-11-24,17.850000381469727
2025-11-25,18.11000061035156
2025-11-26,18.21999931335449
2025-11-28,18.26000022888184
2025-12-01,18.190000534057617
2025-12-02,18.040000915527344
2025-12-03,17.290000915527344
2025-12-04,17.18000030517578
2025-12-05,17.020000457763672
2025-12-08,16.739999771118164
2025-12-09,16.489999771118164
2025-12-10,16.6299991607666
2025-12-11,16.68000030517578
2025-12-12,16.6200008392334
2025-12-15,16.65999984741211
2025-12-16,16.360000610351562
2025-12-17,16.399999618530273
2025-12-18,16.40999984741211
2025-12-19,15.989999771118164
2025-12-22,16.040000915527344
2025-12-23,15.779999732971191
2025-12-24,16.030000686645508
2025-12-26,16.110000610351562
2025-12-29,16.059999465942383
2025-12-30,16.18000030517578
2025-12-31,16.079999923706055
2026-01-02,16.200000762939453
2026-01-05,16.389999389648438
2026-01-06,16.5
2026-01-07,16.940000534057617
2026-01-08,17.040000915527344
2026-01-09,16.709999084472656
2026-01-12,16.809999465942383
2026-01-13,16.940000534057617
2026-01-14,17.260000228881836
2026-01-15,17.549999237060547
2026-01-16,17.829999923706055
2026-01-20,17.829999923706055
2026-01-21,17.90999984741211
2026-01-22,17.790000915527344
2026-01-23,18.07999992370605
2026-01-26,17.760000228881836
2026-01-27,17.709999084472656
2026-01-28,17.149999618530273
2026-01-29,17.139999389648438
2026-01-30,17.239999771118164
2026-02-02,16.920000076293945
2026-02-03,16.450000762939453
2026-02-04,16.780000686645508
2026-02-05,16.68000030517578
2026-02-06,16.850000381469727
2026-02-09,16.84000015258789
2026-02-10,17.0
2026-02-11,16.959999084472656
2026-02-12,16.280000686645508
2026-02-13,16.700000762939453
2026-02-17,17.219999313354492
2026-02-18,17.1200008392334
2026-02-19,17.059999465942383
2026-02-20,16.989999771118164
2026-02-23,17.299999237060547
2026-02-24,17.25
2026-02-25,17.510000228881836
2026-02-26,17.510000228881836
2026-02-27,17.68000030517578
2026-03-02,17.6299991607666
2026-03-03,17.489999771118164
2026-03-04,17.649999618530273
2026-03-05,17.40999984741211
2026-03-06,17.280000686645508
2026-03-09,17.420000076293945
2026-03-10,17.399999618530273
2026-03-11,17.06999969482422
2026-03-12,16.899999618530273
2026-03-13,16.979999542236328
2026-03-16,17.360000610351562
2026-03-17,17.649999618530273
2026-03-18,17.389999389648438
2026-03-19,17.729999542236328
2026-03-20,17.049999237060547
2026-03-23,17.170000076293945
2026-03-24,16.700000762939453
2026-03-25,16.809999465942383
2026-03-26,16.790000915527344
2026-03-27,16.59000015258789
2026-03-30,16.549999237060547
2026-03-31,16.43000030517578
2026-04-01,16.3799991607666
2026-04-02,16.520000457763672
2026-04-06,16.670000076293945
2026-04-07,16.8799991607666
2026-04-08,16.68000030517578
2026-04-09,16.690000534057617
2026-04-10,16.739999771118164
2026-04-13,16.5
2026-04-14,16.8700008392334
2026-04-15,17.200000762939453
2026-04-16,17.18000030517578
2026-04-17,17.3700008392334
2026-04-20,17.100000381469727
2026-04-21,16.469999313354492
2026-04-22,16.329999923706055
2026-04-23,16.40999984741211
2026-04-24,16.43000030517578
2026-04-27,16.200000762939453
2026-04-28,16.049999237060547
2026-04-29,15.989999771118164
2026-04-30,16.170000076293945
2026-05-01,16.420000076293945
2026-05-04,16.290000915527344
2026-05-05,16.510000228881836
2026-05-06,19.5
2026-05-07,19.65999984741211
2026-05-08,19.63999938964844
2026-05-11,19.760000228881836
2026-05-12,19.780000686645508
2026-05-13,19.549999237060547
2026-05-14,19.559999465942383
2026-05-15,19.36000061035156
2026-05-18,19.489999771118164
2026-05-19,19.299999237060547
2026-05-20,19.65999984741211
2026-05-21,19.63999938964844
2026-05-22,19.729999542236328
2026-05-26,20.030000686645508
2026-05-27,19.8700008392334
2026-05-28,19.510000228881836
2026-05-29,19.149999618530273
2026-06-01,19.0
2026-06-02,19.450000762939453
2026-06-03,19.06999969482422
2026-06-04,19.600000381469727
2026-06-05,19.790000915527344
