,DPZ
2015-01-02,94.29000091552734
2015-01-05,95.47000122070312
2015-01-06,94.29000091552734
2015-01-07,97.5
2015-01-08,100.77999877929688
2015-01-09,100.5
2015-01-12,102.12000274658205
2015-01-13,101.6999969482422
2015-01-14,98.91000366210938
2015-01-15,96.83000183105467
2015-01-16,98.48999786376952
2015-01-20,97.51000213623048
2015-01-21,97.37999725341795
2015-01-22,99.01000213623048
2015-01-23,98.0999984741211
2015-01-26,98.73999786376952
2015-01-27,98.93000030517578
2015-01-28,99.88999938964844
2015-01-29,101.29000091552734
2015-01-30,99.0500030517578
2015-02-02,98.08000183105467
2015-02-03,99.37000274658205
2015-02-04,99.72000122070312
2015-02-05,99.73999786376952
2015-02-06,99.86000061035156
2015-02-09,98.62999725341795
2015-02-10,100.93000030517578
2015-02-11,100.4499969482422
2015-02-12,100.55999755859376
2015-02-13,100.0
2015-02-17,100.66999816894533
2015-02-18,101.8499984741211
2015-02-19,101.75
2015-02-20,102.5
2015-02-23,104.5
2015-02-24,103.52999877929688
2015-02-25,103.93000030517578
2015-02-26,104.0
2015-02-27,101.52999877929688
2015-03-02,104.44000244140624
2015-03-03,102.83000183105467
2015-03-04,103.27999877929688
2015-03-05,103.37999725341795
2015-03-06,100.87000274658205
2015-03-09,101.36000061035156
2015-03-10,99.02999877929688
2015-03-11,98.16000366210938
2015-03-12,100.72000122070312
2015-03-13,99.72000122070312
2015-03-16,101.52999877929688
2015-03-17,102.1500015258789
2015-03-18,102.16999816894533
2015-03-19,103.7699966430664
2015-03-20,104.62999725341795
2015-03-23,104.0199966430664
2015-03-24,104.08999633789062
2015-03-25,101.11000061035156
2015-03-26,100.54000091552734
2015-03-27,101.0500030517578
2015-03-30,102.5500030517578
2015-03-31,100.5500030517578
2015-04-01,100.5
2015-04-02,100.98999786376952
2015-04-06,100.80999755859376
2015-04-07,99.38999938964844
2015-04-08,100.29000091552734
2015-04-09,99.1999969482422
2015-04-10,100.5
2015-04-13,100.1999969482422
2015-04-14,98.48999786376952
2015-04-15,98.36000061035156
2015-04-16,100.43000030517578
2015-04-17,99.23999786376952
2015-04-20,99.66000366210938
2015-04-21,99.4000015258789
2015-04-22,99.8000030517578
2015-04-23,109.2300033569336
2015-04-24,113.95999908447266
2015-04-27,110.25
2015-04-28,111.79000091552734
2015-04-29,109.38999938964844
2015-04-30,107.8499984741211
2015-05-01,108.33999633789062
2015-05-04,107.93000030517578
2015-05-05,105.70999908447266
2015-05-06,106.12999725341795
2015-05-07,107.93000030517578
2015-05-08,109.12999725341795
2015-05-11,109.83999633789062
2015-05-12,109.05999755859376
2015-05-13,108.68000030517578
2015-05-14,109.91000366210938
2015-05-15,110.33999633789062
2015-05-18,111.08999633789062
2015-05-19,110.5500030517578
2015-05-20,110.41000366210938
2015-05-21,110.06999969482422
2015-05-22,109.02999877929688
2015-05-26,108.55999755859376
2015-05-27,108.6500015258789
2015-05-28,109.20999908447266
2015-05-29,108.66000366210938
2015-06-01,109.0500030517578
2015-06-02,108.87000274658205
2015-06-03,108.98999786376952
2015-06-04,109.02999877929688
2015-06-05,110.0
2015-06-08,109.87000274658205
2015-06-09,110.43000030517578
2015-06-10,112.38999938964844
2015-06-11,111.93000030517578
2015-06-12,112.29000091552734
2015-06-15,110.80999755859376
2015-06-16,110.76000213623048
2015-06-17,110.91999816894533
2015-06-18,112.56999969482422
2015-06-19,111.91000366210938
2015-06-22,113.86000061035156
2015-06-23,113.62000274658205
2015-06-24,111.63999938964844
2015-06-25,111.72000122070312
2015-06-26,114.9000015258789
2015-06-29,114.0
2015-06-30,113.4000015258789
2015-07-01,114.5500030517578
2015-07-02,113.87999725341795
2015-07-06,113.12999725341795
2015-07-07,113.41999816894533
2015-07-08,113.23999786376952
2015-07-09,113.69000244140624
2015-07-10,115.91999816894533
2015-07-13,119.43000030517578
2015-07-14,118.79000091552734
2015-07-15,118.54000091552734
2015-07-16,115.56999969482422
2015-07-17,110.04000091552734
2015-07-20,111.04000091552734
2015-07-21,111.37000274658205
2015-07-22,112.30999755859376
2015-07-23,111.6500015258789
2015-07-24,110.95999908447266
2015-07-27,111.30999755859376
2015-07-28,111.7699966430664
2015-07-29,113.51000213623048
2015-07-30,113.83999633789062
2015-07-31,113.83999633789062
2015-08-03,114.2699966430664
2015-08-04,115.2300033569336
2015-08-05,114.4000015258789
2015-08-06,111.83999633789062
2015-08-07,113.43000030517578
2015-08-10,113.13999938964844
2015-08-11,113.48999786376952
2015-08-12,111.87999725341795
2015-08-13,114.1999969482422
2015-08-14,114.16999816894533
2015-08-17,114.98999786376952
2015-08-18,112.9000015258789
2015-08-19,110.52999877929688
2015-08-20,107.66000366210938
2015-08-21,104.4800033569336
2015-08-24,101.77999877929688
2015-08-25,105.0199966430664
2015-08-26,106.3000030517578
2015-08-27,107.8000030517578
2015-08-28,108.41000366210938
2015-08-31,105.94000244140624
2015-09-01,103.8499984741211
2015-09-02,105.18000030517578
2015-09-03,105.1500015258789
2015-09-04,105.5
2015-09-08,109.0
2015-09-09,108.18000030517578
2015-09-10,107.93000030517578
2015-09-11,110.22000122070312
2015-09-14,110.29000091552734
2015-09-15,111.81999969482422
2015-09-16,111.62000274658205
2015-09-17,112.5999984741211
2015-09-18,111.68000030517578
2015-09-21,111.02999877929688
2015-09-22,110.87000274658205
2015-09-23,110.97000122070312
2015-09-24,110.29000091552734
2015-09-25,112.9499969482422
2015-09-28,108.54000091552734
2015-09-29,105.87000274658205
2015-09-30,107.91000366210938
2015-10-01,105.33000183105467
2015-10-02,106.87999725341795
2015-10-05,108.3499984741211
2015-10-06,107.26000213623048
2015-10-07,108.02999877929688
2015-10-08,102.63999938964844
2015-10-09,105.37999725341795
2015-10-12,106.08000183105467
2015-10-13,106.16999816894533
2015-10-14,104.37000274658205
2015-10-15,105.86000061035156
2015-10-16,106.22000122070312
2015-10-19,107.25
2015-10-20,106.19000244140624
2015-10-21,103.45999908447266
2015-10-22,103.95999908447266
2015-10-23,104.0999984741211
2015-10-26,105.80999755859376
2015-10-27,104.95999908447266
2015-10-28,109.70999908447266
2015-10-29,109.4000015258789
2015-10-30,106.66999816894533
2015-11-02,108.75
2015-11-03,107.16999816894533
2015-11-04,105.0500030517578
2015-11-05,104.11000061035156
2015-11-06,104.44000244140624
2015-11-09,103.04000091552734
2015-11-10,104.2300033569336
2015-11-11,105.20999908447266
2015-11-12,102.88999938964844
2015-11-13,101.62000274658205
2015-11-16,103.48999786376952
2015-11-17,102.23999786376952
2015-11-18,104.06999969482422
2015-11-19,104.5199966430664
2015-11-20,105.0199966430664
2015-11-23,107.70999908447266
2015-11-24,107.44000244140624
2015-11-25,109.1500015258789
2015-11-27,108.6500015258789
2015-11-30,107.47000122070312
2015-12-01,108.86000061035156
2015-12-02,108.8000030517578
2015-12-03,107.44000244140624
2015-12-04,109.83000183105467
2015-12-07,110.38999938964844
2015-12-08,109.94000244140624
2015-12-09,109.0999984741211
2015-12-10,109.33999633789062
2015-12-11,108.63999938964844
2015-12-14,109.37999725341795
2015-12-15,109.93000030517578
2015-12-16,109.22000122070312
2015-12-17,109.37000274658205
2015-12-18,108.83999633789062
2015-12-21,109.7300033569336
2015-12-22,109.41000366210938
2015-12-23,109.4800033569336
2015-12-24,109.54000091552734
2015-12-28,110.12999725341795
2015-12-29,112.0
2015-12-30,111.51000213623048
2015-12-31,111.25
2016-01-04,109.2300033569336
2016-01-05,109.93000030517578
2016-01-06,109.7699966430664
2016-01-07,106.75
2016-01-08,108.97000122070312
2016-01-11,106.22000122070312
2016-01-12,109.76000213623048
2016-01-13,107.95999908447266
2016-01-14,107.13999938964844
2016-01-15,104.16000366210938
2016-01-19,104.91999816894533
2016-01-20,106.45999908447266
2016-01-21,107.70999908447266
2016-01-22,111.5999984741211
2016-01-25,110.7300033569336
2016-01-26,112.16999816894533
2016-01-27,111.05999755859376
2016-01-28,112.1999969482422
2016-01-29,113.93000030517578
2016-02-01,114.3499984741211
2016-02-02,113.75
2016-02-03,113.8000030517578
2016-02-04,114.0
2016-02-05,110.37000274658205
2016-02-08,108.16000366210938
2016-02-09,105.62000274658205
2016-02-10,107.0
2016-02-11,106.9000015258789
2016-02-12,109.5
2016-02-16,111.08000183105467
2016-02-17,112.9499969482422
2016-02-18,112.04000091552734
2016-02-19,112.87000274658205
2016-02-22,115.08999633789062
2016-02-23,117.62000274658205
2016-02-24,117.61000061035156
2016-02-25,132.89999389648438
2016-02-26,134.38999938964844
2016-02-29,133.0399932861328
2016-03-01,134.14999389648438
2016-03-02,133.05999755859375
2016-03-03,132.83999633789062
2016-03-04,132.99000549316406
2016-03-07,134.02000427246094
2016-03-08,134.24000549316406
2016-03-09,133.77999877929688
2016-03-10,133.00999450683594
2016-03-11,131.72000122070312
2016-03-14,132.64999389648438
2016-03-15,131.1999969482422
2016-03-16,131.85000610351562
2016-03-17,131.27000427246094
2016-03-18,130.80999755859375
2016-03-21,131.1699981689453
2016-03-22,130.72999572753906
2016-03-23,130.1199951171875
2016-03-24,128.74000549316406
2016-03-28,129.14999389648438
2016-03-29,130.08999633789062
2016-03-30,130.97000122070312
2016-03-31,131.86000061035156
2016-04-01,133.47000122070312
2016-04-04,133.36000061035156
2016-04-05,132.32000732421875
2016-04-06,135.94000244140625
2016-04-07,136.25999450683594
2016-04-08,137.0500030517578
2016-04-11,137.24000549316406
2016-04-12,136.74000549316406
2016-04-13,137.13999938964844
2016-04-14,137.27000427246094
2016-04-15,138.6199951171875
2016-04-18,138.64999389648438
2016-04-19,137.52000427246094
2016-04-20,140.00999450683594
2016-04-21,137.89999389648438
2016-04-22,132.41000366210938
2016-04-25,133.6699981689453
2016-04-26,133.80999755859375
2016-04-27,133.6300048828125
2016-04-28,120.47000122070312
2016-04-29,120.87999725341795
2016-05-02,120.37000274658205
2016-05-03,118.55999755859376
2016-05-04,119.0199966430664
2016-05-05,119.93000030517578
2016-05-06,119.30999755859376
2016-05-09,121.51000213623048
2016-05-10,122.22000122070312
2016-05-11,119.83000183105467
2016-05-12,121.45999908447266
2016-05-13,121.9499969482422
2016-05-16,123.16999816894533
2016-05-17,121.06999969482422
2016-05-18,121.12999725341795
2016-05-19,120.81999969482422
2016-05-20,123.05999755859376
2016-05-23,121.87999725341795
2016-05-24,122.5199966430664
2016-05-25,121.29000091552734
2016-05-26,123.0
2016-05-27,122.18000030517578
2016-05-31,120.87999725341795
2016-06-01,121.4000015258789
2016-06-02,123.25
2016-06-03,122.20999908447266
2016-06-06,124.36000061035156
2016-06-07,124.81999969482422
2016-06-08,126.38999938964844
2016-06-09,127.4800033569336
2016-06-10,126.25
2016-06-13,124.79000091552734
2016-06-14,126.36000061035156
2016-06-15,126.37999725341795
2016-06-16,126.9499969482422
2016-06-17,127.29000091552734
2016-06-20,127.48999786376952
2016-06-21,127.33000183105467
2016-06-22,125.31999969482422
2016-06-23,127.25
2016-06-24,124.97000122070312
2016-06-27,122.08000183105467
2016-06-28,124.52999877929688
2016-06-29,126.87999725341795
2016-06-30,131.3800048828125
2016-07-01,132.58999633789062
2016-07-05,133.92999267578125
2016-07-06,134.97999572753906
2016-07-07,133.86000061035156
2016-07-08,135.11000061035156
2016-07-11,136.0
2016-07-12,135.64999389648438
2016-07-13,135.4199981689453
2016-07-14,135.63999938964844
2016-07-15,135.6999969482422
2016-07-18,135.5500030517578
2016-07-19,135.5500030517578
2016-07-20,136.88999938964844
2016-07-21,144.66000366210938
2016-07-22,148.77999877929688
2016-07-25,147.69000244140625
2016-07-26,146.1300048828125
2016-07-27,147.22999572753906
2016-07-28,147.25
2016-07-29,147.3000030517578
2016-08-01,147.52000427246094
2016-08-02,145.4499969482422
2016-08-03,146.16000366210938
2016-08-04,146.5
2016-08-05,146.17999267578125
2016-08-08,144.6999969482422
2016-08-09,144.9199981689453
2016-08-10,145.0
2016-08-11,146.02000427246094
2016-08-12,146.1300048828125
2016-08-15,145.14999389648438
2016-08-16,143.97000122070312
2016-08-17,144.57000732421875
2016-08-18,147.1300048828125
2016-08-19,147.27999877929688
2016-08-22,150.07000732421875
2016-08-23,150.47999572753906
2016-08-24,149.82000732421875
2016-08-25,150.24000549316406
2016-08-26,148.35000610351562
2016-08-29,149.99000549316406
2016-08-30,149.42999267578125
2016-08-31,149.57000732421875
2016-09-01,149.00999450683594
2016-09-02,151.0
2016-09-06,150.17999267578125
2016-09-07,150.47999572753906
2016-09-08,149.24000549316406
2016-09-09,146.1300048828125
2016-09-12,150.2100067138672
2016-09-13,149.66000366210938
2016-09-14,150.3000030517578
2016-09-15,151.7899932861328
2016-09-16,150.02999877929688
2016-09-19,151.50999450683594
2016-09-20,151.94000244140625
2016-09-21,152.61000061035156
2016-09-22,154.0800018310547
2016-09-23,154.25999450683594
2016-09-26,153.49000549316406
2016-09-27,153.6300048828125
2016-09-28,152.77999877929688
2016-09-29,151.75
2016-09-30,151.85000610351562
2016-10-03,151.5800018310547
2016-10-04,151.47000122070312
2016-10-05,150.97000122070312
2016-10-06,151.1300048828125
2016-10-07,150.83999633789062
2016-10-10,153.19000244140625
2016-10-11,152.3800048828125
2016-10-12,152.24000549316406
2016-10-13,150.30999755859375
2016-10-14,151.1199951171875
2016-10-17,152.00999450683594
2016-10-18,159.4499969482422
2016-10-19,165.02000427246094
2016-10-20,165.39999389648438
2016-10-21,166.36000061035156
2016-10-24,166.52999877929688
2016-10-25,164.88999938964844
2016-10-26,164.8000030517578
2016-10-27,165.94000244140625
2016-10-28,167.9199981689453
2016-10-31,169.24000549316406
2016-11-01,167.55999755859375
2016-11-02,167.25
2016-11-03,166.1699981689453
2016-11-04,166.75999450683594
2016-11-07,168.2100067138672
2016-11-08,168.88999938964844
2016-11-09,170.36000061035156
2016-11-10,161.11000061035156
2016-11-11,159.6199951171875
2016-11-14,157.1699981689453
2016-11-15,161.33999633789062
2016-11-16,161.57000732421875
2016-11-17,161.57000732421875
2016-11-18,164.30999755859375
2016-11-21,166.4600067138672
2016-11-22,168.47000122070312
2016-11-23,170.55999755859375
2016-11-25,172.25999450683594
2016-11-28,170.0399932861328
2016-11-29,170.8699951171875
2016-11-30,168.0399932861328
2016-12-01,168.6999969482422
2016-12-02,168.0
2016-12-05,166.2899932861328
2016-12-06,169.08999633789062
2016-12-07,167.72000122070312
2016-12-08,164.52999877929688
2016-12-09,163.57000732421875
2016-12-12,161.8699951171875
2016-12-13,161.86000061035156
2016-12-14,161.99000549316406
2016-12-15,159.77999877929688
2016-12-16,160.0399932861328
2016-12-19,161.22999572753906
2016-12-20,161.10000610351562
2016-12-21,162.6300048828125
2016-12-22,161.3300018310547
2016-12-23,161.57000732421875
2016-12-27,161.97000122070312
2016-12-28,161.25
2016-12-29,162.36000061035156
2016-12-30,159.24000549316406
2017-01-03,158.36000061035156
2017-01-04,162.99000549316406
2017-01-05,162.77000427246094
2017-01-06,163.49000549316406
2017-01-09,164.50999450683594
2017-01-10,166.36000061035156
2017-01-11,168.9600067138672
2017-01-12,168.36000061035156
2017-01-13,167.16000366210938
2017-01-17,164.92999267578125
2017-01-18,165.57000732421875
2017-01-19,166.0399932861328
2017-01-20,167.8699951171875
2017-01-23,167.0399932861328
2017-01-24,169.50999450683594
2017-01-25,170.57000732421875
2017-01-26,170.94000244140625
2017-01-27,172.02000427246094
2017-01-30,173.92999267578125
2017-01-31,174.5399932861328
2017-02-01,170.88999938964844
2017-02-02,174.91000366210938
2017-02-03,175.88999938964844
2017-02-06,177.94000244140625
2017-02-07,182.9600067138672
2017-02-08,185.17999267578125
2017-02-09,185.8999938964844
2017-02-10,186.3699951171875
2017-02-13,183.8000030517578
2017-02-14,184.91000366210935
2017-02-15,185.94000244140625
2017-02-16,186.1000061035156
2017-02-17,187.92999267578125
2017-02-21,188.9199981689453
2017-02-22,183.0
2017-02-23,186.3000030517578
2017-02-24,186.27999877929688
2017-02-27,185.4199981689453
2017-02-28,189.80999755859372
2017-03-01,187.4499969482422
2017-03-02,189.3699951171875
2017-03-03,189.0399932861328
2017-03-06,188.88999938964844
2017-03-07,189.3000030517578
2017-03-08,188.3600006103516
2017-03-09,184.69000244140625
2017-03-10,186.72999572753903
2017-03-13,186.7899932861328
2017-03-14,183.6699981689453
2017-03-15,186.2700042724609
2017-03-16,185.6199951171875
2017-03-17,184.8300018310547
2017-03-20,183.69000244140625
2017-03-21,184.0200042724609
2017-03-22,184.1300048828125
2017-03-23,184.3500061035156
2017-03-24,182.9499969482422
2017-03-27,183.9499969482422
2017-03-28,184.94000244140625
2017-03-29,182.7700042724609
2017-03-30,184.1100006103516
2017-03-31,184.3000030517578
2017-04-03,186.22999572753903
2017-04-04,186.3600006103516
2017-04-05,185.13999938964844
2017-04-06,186.0
2017-04-07,175.16000366210938
2017-04-10,173.75
2017-04-11,175.50999450683594
2017-04-12,175.1300048828125
2017-04-13,174.0399932861328
2017-04-17,175.0399932861328
2017-04-18,176.6300048828125
2017-04-19,175.7100067138672
2017-04-20,176.91000366210938
2017-04-21,179.3000030517578
2017-04-24,180.58999633789065
2017-04-25,180.58999633789065
2017-04-26,180.9600067138672
2017-04-27,185.5500030517578
2017-04-28,181.38999938964844
2017-05-01,182.16000366210935
2017-05-02,184.41000366210935
2017-05-03,187.07000732421875
2017-05-04,190.38999938964844
2017-05-05,193.1199951171875
2017-05-08,192.2899932861328
2017-05-09,195.3600006103516
2017-05-10,195.6699981689453
2017-05-11,195.3800048828125
2017-05-12,195.27999877929688
2017-05-15,196.5200042724609
2017-05-16,196.22999572753903
2017-05-17,191.4600067138672
2017-05-18,194.7100067138672
2017-05-19,195.8000030517578
2017-05-22,198.82000732421875
2017-05-23,199.25
2017-05-24,205.97000122070312
2017-05-25,208.0399932861328
2017-05-26,207.0500030517578
2017-05-30,208.4900054931641
2017-05-31,211.72000122070312
2017-06-01,215.33999633789065
2017-06-02,218.0500030517578
2017-06-05,217.1000061035156
2017-06-06,217.8500061035156
2017-06-07,218.1499938964844
2017-06-08,217.8800048828125
2017-06-09,206.19000244140625
2017-06-12,204.07000732421875
2017-06-13,208.3999938964844
2017-06-14,210.55999755859372
2017-06-15,209.55999755859372
2017-06-16,210.83999633789065
2017-06-19,215.72999572753903
2017-06-20,215.02999877929688
2017-06-21,216.08999633789065
2017-06-22,218.08999633789065
2017-06-23,217.0500030517578
2017-06-26,218.8800048828125
2017-06-27,213.13999938964844
2017-06-28,213.6000061035156
2017-06-29,210.75
2017-06-30,211.52999877929688
2017-07-03,209.9199981689453
2017-07-05,208.02999877929688
2017-07-06,208.83999633789065
2017-07-07,212.32000732421875
2017-07-10,211.6199951171875
2017-07-11,212.1100006103516
2017-07-12,213.5399932861328
2017-07-13,210.4499969482422
2017-07-14,209.2100067138672
2017-07-17,208.25
2017-07-18,211.4499969482422
2017-07-19,212.5200042724609
2017-07-20,212.44000244140625
2017-07-21,213.22000122070312
2017-07-24,213.97000122070312
2017-07-25,192.3999938964844
2017-07-26,186.42999267578125
2017-07-27,182.42999267578125
2017-07-28,183.08999633789065
2017-07-31,186.5
2017-08-01,186.4499969482422
2017-08-02,192.3500061035156
2017-08-03,198.22999572753903
2017-08-04,196.7899932861328
2017-08-07,195.42999267578125
2017-08-08,192.13999938964844
2017-08-09,193.8300018310547
2017-08-10,192.52999877929688
2017-08-11,192.8600006103516
2017-08-14,193.91000366210935
2017-08-15,188.1699981689453
2017-08-16,187.6699981689453
2017-08-17,188.25999450683597
2017-08-18,188.66000366210935
2017-08-21,189.47999572753903
2017-08-22,189.00999450683597
2017-08-23,187.69000244140625
2017-08-24,183.3000030517578
2017-08-25,178.72999572753906
2017-08-28,178.75999450683594
2017-08-29,178.3800048828125
2017-08-30,178.92999267578125
2017-08-31,182.25999450683597
2017-09-01,183.58999633789065
2017-09-05,182.5
2017-09-06,182.6300048828125
2017-09-07,183.32000732421875
2017-09-08,186.42999267578125
2017-09-11,189.0200042724609
2017-09-12,189.9199981689453
2017-09-13,188.5500030517578
2017-09-14,189.91000366210935
2017-09-15,194.67999267578125
2017-09-18,195.6199951171875
2017-09-19,195.92999267578125
2017-09-20,197.5800018310547
2017-09-21,198.0399932861328
2017-09-22,197.2100067138672
2017-09-25,193.4199981689453
2017-09-26,193.30999755859372
2017-09-27,196.83999633789065
2017-09-28,197.0399932861328
2017-09-29,198.5500030517578
2017-10-02,199.9900054931641
2017-10-03,202.80999755859372
2017-10-04,201.63999938964844
2017-10-05,206.0200042724609
2017-10-06,205.38999938964844
2017-10-09,205.8000030517578
2017-10-10,209.44000244140625
2017-10-11,209.2400054931641
2017-10-12,201.02999877929688
2017-10-13,192.97999572753903
2017-10-16,193.19000244140625
2017-10-17,192.2700042724609
2017-10-18,187.7899932861328
2017-10-19,186.1199951171875
2017-10-20,186.1100006103516
2017-10-23,182.6300048828125
2017-10-24,183.83999633789065
2017-10-25,185.75
2017-10-26,185.67999267578125
2017-10-27,184.67999267578125
2017-10-30,181.6999969482422
2017-10-31,183.0
2017-11-01,177.25
2017-11-02,178.08999633789062
2017-11-03,177.94000244140625
2017-11-06,173.4600067138672
2017-11-07,170.10000610351562
2017-11-08,168.7100067138672
2017-11-09,173.2100067138672
2017-11-10,173.3300018310547
2017-11-13,173.02999877929688
2017-11-14,175.66000366210938
2017-11-15,175.75999450683594
2017-11-16,177.47000122070312
2017-11-17,178.64999389648438
2017-11-20,177.77000427246094
2017-11-21,176.8800048828125
2017-11-22,176.5500030517578
2017-11-24,177.33999633789062
2017-11-27,174.52000427246094
2017-11-28,172.2899932861328
2017-11-29,179.1699981689453
2017-11-30,186.16000366210935
2017-12-01,184.6199951171875
2017-12-04,187.6199951171875
2017-12-05,185.5
2017-12-06,181.1699981689453
2017-12-07,179.50999450683594
2017-12-08,183.91000366210935
2017-12-11,180.9600067138672
2017-12-12,180.6100006103516
2017-12-13,180.50999450683597
2017-12-14,182.5200042724609
2017-12-15,185.0399932861328
2017-12-18,186.0
2017-12-19,187.05999755859372
2017-12-20,183.6199951171875
2017-12-21,188.38999938964844
2017-12-22,192.8699951171875
2017-12-26,190.3699951171875
2017-12-27,190.57000732421875
2017-12-28,189.97999572753903
2017-12-29,188.9600067138672
2018-01-02,186.94000244140625
2018-01-03,191.66000366210935
2018-01-04,197.2899932861328
2018-01-05,200.3000030517578
2018-01-08,203.6100006103516
2018-01-09,206.7100067138672
2018-01-10,200.08999633789065
2018-01-11,209.8500061035156
2018-01-12,211.1499938964844
2018-01-16,209.2899932861328
2018-01-17,207.88999938964844
2018-01-18,210.91000366210935
2018-01-19,213.5399932861328
2018-01-22,216.2899932861328
2018-01-23,219.57000732421875
2018-01-24,218.72000122070312
2018-01-25,219.3300018310547
2018-01-26,216.77999877929688
2018-01-29,215.3300018310547
2018-01-30,215.9499969482422
2018-01-31,216.8500061035156
2018-02-01,218.6699981689453
2018-02-02,214.3800048828125
2018-02-05,208.0200042724609
2018-02-06,208.4600067138672
2018-02-07,211.30999755859372
2018-02-08,198.57000732421875
2018-02-09,206.08999633789065
2018-02-12,211.8699951171875
2018-02-13,208.0
2018-02-14,209.77999877929688
2018-02-15,217.6999969482422
2018-02-16,220.7400054931641
2018-02-20,221.4900054931641
2018-02-21,230.52999877929688
2018-02-22,227.0
2018-02-23,228.8500061035156
2018-02-26,228.0200042724609
2018-02-27,226.47000122070312
2018-02-28,222.41000366210935
2018-03-01,222.82000732421875
2018-03-02,223.1000061035156
2018-03-05,219.6100006103516
2018-03-06,221.44000244140625
2018-03-07,222.9600067138672
2018-03-08,222.77999877929688
2018-03-09,230.25999450683597
2018-03-12,227.69000244140625
2018-03-13,226.3999938964844
2018-03-14,226.66000366210935
2018-03-15,226.82000732421875
2018-03-16,229.7899932861328
2018-03-19,227.6699981689453
2018-03-20,231.58999633789065
2018-03-21,228.25999450683597
2018-03-22,226.3999938964844
2018-03-23,226.6499938964844
2018-03-26,231.27999877929688
2018-03-27,231.5800018310547
2018-03-28,233.8699951171875
2018-03-29,233.55999755859372
2018-04-02,230.4199981689453
2018-04-03,233.47000122070312
2018-04-04,231.4499969482422
2018-04-05,235.7899932861328
2018-04-06,231.4600067138672
2018-04-09,232.42999267578125
2018-04-10,231.6999969482422
2018-04-11,231.0
2018-04-12,231.47999572753903
2018-04-13,230.32000732421875
2018-04-16,232.3500061035156
2018-04-17,237.16000366210935
2018-04-18,238.19000244140625
2018-04-19,240.69000244140625
2018-04-20,238.92999267578125
2018-04-23,239.47999572753903
2018-04-24,231.82000732421875
2018-04-25,233.52999877929688
2018-04-26,250.6100006103516
2018-04-27,248.4199981689453
2018-04-30,241.72999572753903
2018-05-01,247.67999267578125
2018-05-02,244.27999877929688
2018-05-03,245.8300018310547
2018-05-04,248.2400054931641
2018-05-07,250.5
2018-05-08,250.41000366210935
2018-05-09,249.91000366210935
2018-05-10,249.72000122070312
2018-05-11,249.91000366210935
2018-05-14,246.13999938964844
2018-05-15,247.1000061035156
2018-05-16,247.33999633789065
2018-05-17,246.5500030517578
2018-05-18,244.8600006103516
2018-05-21,248.3699951171875
2018-05-22,248.2100067138672
2018-05-23,249.4900054931641
2018-05-24,252.2400054931641
2018-05-25,250.33999633789065
2018-05-29,245.8000030517578
2018-05-30,251.6999969482422
2018-05-31,251.47999572753903
2018-06-01,252.8500061035156
2018-06-04,255.38999938964844
2018-06-05,262.6300048828125
2018-06-06,269.6300048828125
2018-06-07,272.0400085449219
2018-06-08,270.0400085449219
2018-06-11,269.7699890136719
2018-06-12,273.20001220703125
2018-06-13,273.5799865722656
2018-06-14,273.6499938964844
2018-06-15,277.3399963378906
2018-06-18,281.7300109863281
2018-06-19,287.3900146484375
2018-06-20,287.8999938964844
2018-06-21,290.760009765625
2018-06-22,292.3900146484375
2018-06-25,279.510009765625
2018-06-26,283.1099853515625
2018-06-27,281.4700012207031
2018-06-28,282.0899963378906
2018-06-29,282.1700134277344
2018-07-02,281.0
2018-07-03,280.1300048828125
2018-07-05,277.739990234375
2018-07-06,279.1499938964844
2018-07-09,278.2699890136719
2018-07-10,272.3900146484375
2018-07-11,279.6600036621094
2018-07-12,279.0299987792969
2018-07-13,281.3999938964844
2018-07-16,279.19000244140625
2018-07-17,282.0400085449219
2018-07-18,283.67999267578125
2018-07-19,276.75
2018-07-20,277.1700134277344
2018-07-23,271.75
2018-07-24,263.07000732421875
2018-07-25,262.20001220703125
2018-07-26,260.0
2018-07-27,260.70001220703125
2018-07-30,256.4100036621094
2018-07-31,262.6600036621094
2018-08-01,270.3399963378906
2018-08-02,276.75
2018-08-03,279.5
2018-08-06,280.1400146484375
2018-08-07,277.45001220703125
2018-08-08,286.9200134277344
2018-08-09,291.45001220703125
2018-08-10,291.3099975585937
2018-08-13,288.6000061035156
2018-08-14,287.510009765625
2018-08-15,284.19000244140625
2018-08-16,287.7200012207031
2018-08-17,285.0400085449219
2018-08-20,284.75
2018-08-21,287.3699951171875
2018-08-22,291.5400085449219
2018-08-23,289.3999938964844
2018-08-24,297.95001220703125
2018-08-27,297.8900146484375
2018-08-28,299.42999267578125
2018-08-29,300.6400146484375
2018-08-30,300.6700134277344
2018-08-31,298.5599975585937
2018-09-04,296.6000061035156
2018-09-05,289.8099975585937
2018-09-06,290.5299987792969
2018-09-07,294.07000732421875
2018-09-10,293.7799987792969
2018-09-11,286.6199951171875
2018-09-12,285.239990234375
2018-09-13,284.8399963378906
2018-09-14,280.04998779296875
2018-09-17,274.6000061035156
2018-09-18,281.8099975585937
2018-09-19,279.4700012207031
2018-09-20,282.7099914550781
2018-09-21,286.2200012207031
2018-09-24,288.989990234375
2018-09-25,290.7900085449219
2018-09-26,289.17999267578125
2018-09-27,293.45001220703125
2018-09-28,294.79998779296875
2018-10-01,285.5199890136719
2018-10-02,282.2799987792969
2018-10-03,286.0
2018-10-04,281.7699890136719
2018-10-05,282.9100036621094
2018-10-08,280.239990234375
2018-10-09,284.17999267578125
2018-10-10,274.9200134277344
2018-10-11,270.8800048828125
2018-10-12,277.3399963378906
2018-10-15,272.94000244140625
2018-10-16,259.6300048828125
2018-10-17,267.69000244140625
2018-10-18,266.3800048828125
2018-10-19,267.75
2018-10-22,267.75
2018-10-23,265.82000732421875
2018-10-24,255.4900054931641
2018-10-25,261.7699890136719
2018-10-26,261.239990234375
2018-10-29,256.489990234375
2018-10-30,266.2300109863281
2018-10-31,268.7900085449219
2018-11-01,266.04998779296875
2018-11-02,265.29998779296875
2018-11-05,260.260009765625
2018-11-06,263.5599975585937
2018-11-07,271.4700012207031
2018-11-08,273.1499938964844
2018-11-09,274.3500061035156
2018-11-12,269.0899963378906
2018-11-13,264.7099914550781
2018-11-14,266.1199951171875
2018-11-15,259.6199951171875
2018-11-16,264.6199951171875
2018-11-19,252.07000732421875
2018-11-20,255.22000122070312
2018-11-21,259.5899963378906
2018-11-23,262.5
2018-11-26,266.3599853515625
2018-11-27,268.5799865722656
2018-11-28,273.79998779296875
2018-11-29,280.17999267578125
2018-11-30,277.32000732421875
2018-12-03,276.3599853515625
2018-12-04,266.0199890136719
2018-12-06,266.3999938964844
2018-12-07,258.32000732421875
2018-12-10,255.2100067138672
2018-12-11,252.0
2018-12-12,249.67999267578125
2018-12-13,250.16000366210935
2018-12-14,249.00999450683597
2018-12-17,242.19000244140625
2018-12-18,244.6499938964844
2018-12-19,239.3800048828125
2018-12-20,235.38999938964844
2018-12-21,239.4900054931641
2018-12-24,234.3500061035156
2018-12-26,248.91000366210935
2018-12-27,248.47000122070312
2018-12-28,249.9499969482422
2018-12-31,247.9900054931641
2019-01-02,243.3000030517578
2019-01-03,239.69000244140625
2019-01-04,243.6000061035156
2019-01-07,246.42999267578125
2019-01-08,242.2100067138672
2019-01-09,246.58999633789065
2019-01-10,246.19000244140625
2019-01-11,248.9900054931641
2019-01-14,244.1699981689453
2019-01-15,247.88999938964844
2019-01-16,246.8500061035156
2019-01-17,258.94000244140625
2019-01-18,267.4599914550781
2019-01-22,263.42999267578125
2019-01-23,273.1600036621094
2019-01-24,276.8800048828125
2019-01-25,284.1600036621094
2019-01-28,279.7900085449219
2019-01-29,274.8500061035156
2019-01-30,277.0599975585937
2019-01-31,283.7300109863281
2019-02-01,278.3900146484375
2019-02-04,281.07000732421875
2019-02-05,289.2900085449219
2019-02-06,287.8900146484375
2019-02-07,288.8900146484375
2019-02-08,290.1600036621094
2019-02-11,294.8599853515625
2019-02-12,287.2099914550781
2019-02-13,288.79998779296875
2019-02-14,287.17999267578125
2019-02-15,281.6499938964844
2019-02-19,279.2300109863281
2019-02-20,278.489990234375
2019-02-21,253.00999450683597
2019-02-22,260.7099914550781
2019-02-25,255.94000244140625
2019-02-26,252.80999755859372
2019-02-27,252.50999450683597
2019-02-28,250.94000244140625
2019-03-01,250.72999572753903
2019-03-04,248.57000732421875
2019-03-05,249.3300018310547
2019-03-06,248.6000061035156
2019-03-07,247.94000244140625
2019-03-08,250.5200042724609
2019-03-11,246.9900054931641
2019-03-12,240.0
2019-03-13,245.3699951171875
2019-03-14,247.25
2019-03-15,244.2700042724609
2019-03-18,243.41000366210935
2019-03-19,248.75999450683597
2019-03-20,243.94000244140625
2019-03-21,245.0500030517578
2019-03-22,239.25
2019-03-25,242.55999755859372
2019-03-26,245.3999938964844
2019-03-27,247.5800018310547
2019-03-28,253.9199981689453
2019-03-29,258.1000061035156
2019-04-01,249.4499969482422
2019-04-02,245.22000122070312
2019-04-03,253.1100006103516
2019-04-04,248.94000244140625
2019-04-05,254.55999755859372
2019-04-08,247.5
2019-04-09,247.8300018310547
2019-04-10,248.94000244140625
2019-04-11,255.5500030517578
2019-04-12,257.6099853515625
2019-04-15,258.8999938964844
2019-04-16,255.33999633789065
2019-04-17,265.25
2019-04-18,267.6099853515625
2019-04-22,266.0
2019-04-23,270.20001220703125
2019-04-24,283.4200134277344
2019-04-25,276.45001220703125
2019-04-26,273.42999267578125
2019-04-29,268.8699951171875
2019-04-30,270.5799865722656
2019-05-01,271.4599914550781
2019-05-02,274.32000732421875
2019-05-03,279.75
2019-05-06,282.0199890136719
2019-05-07,277.3900146484375
2019-05-08,283.1499938964844
2019-05-09,282.1600036621094
2019-05-10,278.3699951171875
2019-05-13,273.8800048828125
2019-05-14,272.8599853515625
2019-05-15,276.6700134277344
2019-05-16,277.8399963378906
2019-05-17,281.25
2019-05-20,284.8599853515625
2019-05-21,284.9700012207031
2019-05-22,284.42999267578125
2019-05-23,285.3099975585937
2019-05-24,282.6099853515625
2019-05-28,280.7300109863281
2019-05-29,277.7300109863281
2019-05-30,277.2799987792969
2019-05-31,279.5
2019-06-03,276.489990234375
2019-06-04,284.0
2019-06-05,285.3399963378906
2019-06-06,287.0
2019-06-07,287.0
2019-06-10,282.6400146484375
2019-06-11,280.1300048828125
2019-06-12,282.0
2019-06-13,281.2900085449219
2019-06-14,280.6499938964844
2019-06-17,282.0
2019-06-18,282.3500061035156
2019-06-19,280.67999267578125
2019-06-20,281.82000732421875
2019-06-21,280.3299865722656
2019-06-24,274.3699951171875
2019-06-25,277.1400146484375
2019-06-26,275.8699951171875
2019-06-27,277.94000244140625
2019-06-28,278.2799987792969
2019-07-01,271.1000061035156
2019-07-02,273.8099975585937
2019-07-03,280.9599914550781
2019-07-05,278.260009765625
2019-07-08,277.2099914550781
2019-07-09,280.0
2019-07-10,275.3500061035156
2019-07-11,277.6400146484375
2019-07-12,282.1099853515625
2019-07-15,269.9200134277344
2019-07-16,246.5399932861328
2019-07-17,253.00999450683597
2019-07-18,252.67999267578125
2019-07-19,257.92999267578125
2019-07-22,255.3999938964844
2019-07-23,257.7099914550781
2019-07-24,262.2099914550781
2019-07-25,260.6700134277344
2019-07-26,259.0599975585937
2019-07-29,252.47999572753903
2019-07-30,247.5500030517578
2019-07-31,244.52999877929688
2019-08-01,245.8300018310547
2019-08-02,244.75
2019-08-05,239.72000122070312
2019-08-06,242.50999450683597
2019-08-07,245.7400054931641
2019-08-08,246.75
2019-08-09,247.8300018310547
2019-08-12,240.00999450683597
2019-08-13,240.6000061035156
2019-08-14,236.1999969482422
2019-08-15,232.88999938964844
2019-08-16,234.9499969482422
2019-08-19,232.0200042724609
2019-08-20,232.42999267578125
2019-08-21,231.5200042724609
2019-08-22,231.8500061035156
2019-08-23,226.1499938964844
2019-08-26,227.69000244140625
2019-08-27,222.4499969482422
2019-08-28,225.8500061035156
2019-08-29,225.25999450683597
2019-08-30,226.83999633789065
2019-09-03,226.8699951171875
2019-09-04,239.05999755859372
2019-09-05,244.8300018310547
2019-09-06,237.3500061035156
2019-09-09,239.1999969482422
2019-09-10,243.57000732421875
2019-09-11,249.08999633789065
2019-09-12,246.7899932861328
2019-09-13,245.0500030517578
2019-09-16,244.7899932861328
2019-09-17,243.5399932861328
2019-09-18,245.0
2019-09-19,247.00999450683597
2019-09-20,247.6199951171875
2019-09-23,246.25999450683597
2019-09-24,242.97000122070312
2019-09-25,241.4499969482422
2019-09-26,239.4600067138672
2019-09-27,240.4600067138672
2019-09-30,244.58999633789065
2019-10-01,245.7700042724609
2019-10-02,241.75
2019-10-03,243.3500061035156
2019-10-04,242.1300048828125
2019-10-07,242.2100067138672
2019-10-08,253.47999572753903
2019-10-09,248.19000244140625
2019-10-10,254.7700042724609
2019-10-11,257.7900085449219
2019-10-14,252.1999969482422
2019-10-15,255.72999572753903
2019-10-16,255.9600067138672
2019-10-17,256.45001220703125
2019-10-18,255.6999969482422
2019-10-21,257.5199890136719
2019-10-22,258.94000244140625
2019-10-23,256.0
2019-10-24,263.6000061035156
2019-10-25,271.75
2019-10-28,269.4599914550781
2019-10-29,263.17999267578125
2019-10-30,270.8999938964844
2019-10-31,271.6199951171875
2019-11-01,269.260009765625
2019-11-04,269.2900085449219
2019-11-05,276.3099975585937
2019-11-06,277.82000732421875
2019-11-07,282.67999267578125
2019-11-08,280.6600036621094
2019-11-11,280.69000244140625
2019-11-12,277.8800048828125
2019-11-13,279.3999938964844
2019-11-14,278.6600036621094
2019-11-15,281.4100036621094
2019-11-18,284.6099853515625
2019-11-19,285.739990234375
2019-11-20,288.239990234375
2019-11-21,284.04998779296875
2019-11-22,285.760009765625
2019-11-25,293.0
2019-11-26,289.1400146484375
2019-11-27,295.3299865722656
2019-11-29,294.29998779296875
2019-12-02,294.04998779296875
2019-12-03,284.0899963378906
2019-12-04,286.0
2019-12-05,286.8699951171875
2019-12-06,286.57000732421875
2019-12-09,286.3699951171875
2019-12-10,285.239990234375
2019-12-11,293.6199951171875
2019-12-12,296.6499938964844
2019-12-13,294.92999267578125
2019-12-16,292.1499938964844
2019-12-17,291.75
2019-12-18,284.32000732421875
2019-12-19,292.0
2019-12-20,292.0
2019-12-23,288.2699890136719
2019-12-24,289.6400146484375
2019-12-26,292.239990234375
2019-12-27,292.3099975585937
2019-12-30,293.25
2019-12-31,293.7799987792969
2020-01-02,293.3999938964844
2020-01-03,294.6700134277344
2020-01-06,293.95001220703125
2020-01-07,291.8500061035156
2020-01-08,290.5599975585937
2020-01-09,288.8999938964844
2020-01-10,289.0899963378906
2020-01-13,284.0
2020-01-14,285.1199951171875
2020-01-15,288.57000732421875
2020-01-16,287.3599853515625
2020-01-17,286.4700012207031
2020-01-21,285.1099853515625
2020-01-22,285.9100036621094
2020-01-23,288.0199890136719
2020-01-24,285.1000061035156
2020-01-27,282.8900146484375
2020-01-28,284.17999267578125
2020-01-29,285.4700012207031
2020-01-30,282.3999938964844
2020-01-31,281.75
2020-02-03,270.75
2020-02-04,273.3999938964844
2020-02-05,278.010009765625
2020-02-06,279.4100036621094
2020-02-07,275.510009765625
2020-02-10,274.8500061035156
2020-02-11,275.75
2020-02-12,281.0299987792969
2020-02-13,286.0299987792969
2020-02-14,291.6000061035156
2020-02-18,295.7799987792969
2020-02-19,297.1000061035156
2020-02-20,373.1600036621094
2020-02-21,371.9599914550781
2020-02-24,363.010009765625
2020-02-25,368.6600036621094
2020-02-26,366.6700134277344
2020-02-27,347.8599853515625
2020-02-28,339.4599914550781
2020-03-02,347.5199890136719
2020-03-03,339.4700012207031
2020-03-04,341.8900146484375
2020-03-05,333.0299987792969
2020-03-06,336.4100036621094
2020-03-09,336.6700134277344
2020-03-10,343.95001220703125
2020-03-11,332.6600036621094
2020-03-12,317.1099853515625
2020-03-13,316.6300048828125
2020-03-16,286.32000732421875
2020-03-17,298.739990234375
2020-03-18,290.0
2020-03-19,323.1400146484375
2020-03-20,299.95001220703125
2020-03-23,323.8699951171875
2020-03-24,343.5599975585937
2020-03-25,321.45001220703125
2020-03-26,338.510009765625
2020-03-27,338.739990234375
2020-03-30,346.75
2020-03-31,324.07000732421875
2020-04-01,333.7699890136719
2020-04-02,333.45001220703125
2020-04-03,328.2300109863281
2020-04-06,338.5199890136719
2020-04-07,333.9599914550781
2020-04-08,343.8299865722656
2020-04-09,343.6400146484375
2020-04-13,355.1400146484375
2020-04-14,358.260009765625
2020-04-15,354.6199951171875
2020-04-16,360.4700012207031
2020-04-17,362.9700012207031
2020-04-20,370.4800109863281
2020-04-21,365.2200012207031
2020-04-22,383.75
2020-04-23,369.6400146484375
2020-04-24,367.2900085449219
2020-04-27,362.0299987792969
2020-04-28,356.010009765625
2020-04-29,362.010009765625
2020-04-30,361.9299926757813
2020-05-01,357.29998779296875
2020-05-04,359.1000061035156
2020-05-05,371.4599914550781
2020-05-06,372.2999877929688
2020-05-07,367.1700134277344
2020-05-08,369.1099853515625
2020-05-11,377.489990234375
2020-05-12,377.9400024414063
2020-05-13,384.9599914550781
2020-05-14,376.010009765625
2020-05-15,376.0400085449219
2020-05-18,364.5
2020-05-19,370.010009765625
2020-05-20,377.239990234375
2020-05-21,375.239990234375
2020-05-22,372.1000061035156
2020-05-26,360.1600036621094
2020-05-27,373.9700012207031
2020-05-28,365.5499877929688
2020-05-29,385.8399963378906
2020-06-01,383.5799865722656
2020-06-02,384.8599853515625
2020-06-03,390.1400146484375
2020-06-04,382.7799987792969
2020-06-05,376.4100036621094
2020-06-08,375.8200073242188
2020-06-09,382.2200012207031
2020-06-10,392.3200073242188
2020-06-11,382.7900085449219
2020-06-12,378.1499938964844
2020-06-15,377.9200134277344
2020-06-16,374.8599853515625
2020-06-17,380.6700134277344
2020-06-18,375.5499877929688
2020-06-19,378.4100036621094
2020-06-22,384.6300048828125
2020-06-23,377.5499877929688
2020-06-24,375.4800109863281
2020-06-25,373.7000122070313
2020-06-26,365.80999755859375
2020-06-29,369.1700134277344
2020-06-30,369.4400024414063
2020-07-01,375.7099914550781
2020-07-02,374.0899963378906
2020-07-06,385.0
2020-07-07,381.1400146484375
2020-07-08,384.1400146484375
2020-07-09,385.5
2020-07-10,398.30999755859375
2020-07-13,401.3800048828125
2020-07-14,402.2999877929688
2020-07-15,413.6799926757813
2020-07-16,407.5199890136719
2020-07-17,390.2200012207031
2020-07-20,391.4299926757813
2020-07-21,387.80999755859375
2020-07-22,389.1199951171875
2020-07-23,381.3200073242188
2020-07-24,386.9100036621094
2020-07-27,389.6099853515625
2020-07-28,385.4200134277344
2020-07-29,385.1499938964844
2020-07-30,384.5299987792969
2020-07-31,386.6099853515625
2020-08-03,387.0299987792969
2020-08-04,391.8599853515625
2020-08-05,393.4400024414063
2020-08-06,392.5499877929688
2020-08-07,389.1199951171875
2020-08-10,385.9299926757813
2020-08-11,388.6499938964844
2020-08-12,392.6700134277344
2020-08-13,399.0400085449219
2020-08-14,398.989990234375
2020-08-17,409.3900146484375
2020-08-18,411.4500122070313
2020-08-19,414.2300109863281
2020-08-20,418.3299865722656
2020-08-21,419.7000122070313
2020-08-24,418.989990234375
2020-08-25,419.3599853515625
2020-08-26,418.0899963378906
2020-08-27,416.3200073242188
2020-08-28,415.9800109863281
2020-08-31,408.9599914550781
2020-09-01,410.1499938964844
2020-09-02,403.6000061035156
2020-09-03,397.5
2020-09-04,381.80999755859375
2020-09-08,376.3200073242188
2020-09-09,382.0700073242188
2020-09-10,388.9700012207031
2020-09-11,394.6799926757813
2020-09-14,388.5199890136719
2020-09-15,389.5199890136719
2020-09-16,385.9800109863281
2020-09-17,395.0700073242188
2020-09-18,397.5899963378906
2020-09-21,404.9700012207031
2020-09-22,413.75
2020-09-23,413.5400085449219
2020-09-24,413.2999877929688
2020-09-25,418.0799865722656
2020-09-28,421.5400085449219
2020-09-29,423.4599914550781
2020-09-30,425.2799987792969
2020-10-01,426.989990234375
2020-10-02,433.7799987792969
2020-10-05,424.9400024414063
2020-10-06,427.5299987792969
2020-10-07,431.0499877929688
2020-10-08,401.010009765625
2020-10-09,390.9500122070313
2020-10-12,392.5799865722656
2020-10-13,407.7200012207031
2020-10-14,403.2099914550781
2020-10-15,401.8399963378906
2020-10-16,399.4500122070313
2020-10-19,394.8900146484375
2020-10-20,394.4100036621094
2020-10-21,389.9500122070313
2020-10-22,391.739990234375
2020-10-23,394.1000061035156
2020-10-26,394.6099853515625
2020-10-27,397.0299987792969
2020-10-28,384.0
2020-10-29,386.7200012207031
2020-10-30,378.3200073242188
2020-11-02,376.0299987792969
2020-11-03,383.239990234375
2020-11-04,392.5199890136719
2020-11-05,396.2200012207031
2020-11-06,399.8500061035156
2020-11-09,376.5499877929688
2020-11-10,381.6700134277344
2020-11-11,394.6700134277344
2020-11-12,390.5499877929688
2020-11-13,389.6000061035156
2020-11-16,384.8200073242188
2020-11-17,384.4700012207031
2020-11-18,382.4599914550781
2020-11-19,385.0400085449219
2020-11-20,389.55999755859375
2020-11-23,387.2099914550781
2020-11-24,383.1300048828125
2020-11-25,383.4400024414063
2020-11-27,390.4700012207031
2020-11-30,392.5700073242188
2020-12-01,391.75
2020-12-02,387.8299865722656
2020-12-03,383.3800048828125
2020-12-04,382.989990234375
2020-12-07,384.5499877929688
2020-12-08,386.6900024414063
2020-12-09,384.9700012207031
2020-12-10,386.0499877929688
2020-12-11,383.3699951171875
2020-12-14,383.2300109863281
2020-12-15,384.6799926757813
2020-12-16,382.5199890136719
2020-12-17,395.1600036621094
2020-12-18,396.7099914550781
2020-12-21,397.1799926757813
2020-12-22,398.7200012207031
2020-12-23,403.75
2020-12-24,396.7300109863281
2020-12-28,400.1799926757813
2020-12-29,384.3599853515625
2020-12-30,384.6199951171875
2020-12-31,383.4599914550781
2021-01-04,379.5
2021-01-05,381.3399963378906
2021-01-06,384.8699951171875
2021-01-07,383.1900024414063
2021-01-08,388.8299865722656
2021-01-11,390.5400085449219
2021-01-12,385.5
2021-01-13,381.8599853515625
2021-01-14,373.7999877929688
2021-01-15,375.2300109863281
2021-01-19,372.6499938964844
2021-01-20,379.0
2021-01-21,381.1199951171875
2021-01-22,380.3699951171875
2021-01-25,378.489990234375
2021-01-26,378.8399963378906
2021-01-27,376.9100036621094
2021-01-28,371.6000061035156
2021-01-29,370.760009765625
2021-02-01,371.4200134277344
2021-02-02,377.2200012207031
2021-02-03,373.3299865722656
2021-02-04,373.0
2021-02-05,377.2300109863281
2021-02-08,380.05999755859375
2021-02-09,382.9599914550781
2021-02-10,382.05999755859375
2021-02-11,385.2000122070313
2021-02-12,385.1700134277344
2021-02-16,377.9200134277344
2021-02-17,376.489990234375
2021-02-18,377.1400146484375
2021-02-19,371.4599914550781
2021-02-22,365.1600036621094
2021-02-23,366.739990234375
2021-02-24,364.5899963378906
2021-02-25,339.0
2021-02-26,346.510009765625
2021-03-01,345.0599975585937
2021-03-02,343.010009765625
2021-03-03,332.7300109863281
2021-03-04,330.5299987792969
2021-03-05,330.239990234375
2021-03-08,333.510009765625
2021-03-09,354.0799865722656
2021-03-10,357.92999267578125
2021-03-11,358.3699951171875
2021-03-12,361.1099853515625
2021-03-15,362.9700012207031
2021-03-16,366.010009765625
2021-03-17,363.25
2021-03-18,363.8200073242188
2021-03-19,363.7000122070313
2021-03-22,369.3200073242188
2021-03-23,374.4200134277344
2021-03-24,366.2200012207031
2021-03-25,367.6000061035156
2021-03-26,371.8399963378906
2021-03-29,372.0799865722656
2021-03-30,368.1300048828125
2021-03-31,367.7900085449219
2021-04-01,373.3800048828125
2021-04-05,371.6400146484375
2021-04-06,380.6799926757813
2021-04-07,382.2999877929688
2021-04-08,383.9200134277344
2021-04-09,390.3500061035156
2021-04-12,390.6199951171875
2021-04-13,394.9299926757813
2021-04-14,390.6400146484375
2021-04-15,392.989990234375
2021-04-16,394.8299865722656
2021-04-19,397.9599914550781
2021-04-20,398.0499877929688
2021-04-21,394.7999877929688
2021-04-22,398.760009765625
2021-04-23,397.7099914550781
2021-04-26,400.2099914550781
2021-04-27,401.0299987792969
2021-04-28,403.9500122070313
2021-04-29,415.9800109863281
2021-04-30,422.3399963378906
2021-05-03,433.5899963378906
2021-05-04,433.989990234375
2021-05-05,431.8900146484375
2021-05-06,430.0299987792969
2021-05-07,432.4700012207031
2021-05-10,431.0700073242188
2021-05-11,422.3399963378906
2021-05-12,425.4400024414063
2021-05-13,422.3999938964844
2021-05-14,427.2900085449219
2021-05-17,432.8599853515625
2021-05-18,432.8599853515625
2021-05-19,431.9500122070313
2021-05-20,428.9400024414063
2021-05-21,427.6499938964844
2021-05-24,420.8999938964844
2021-05-25,421.0400085449219
2021-05-26,420.6900024414063
2021-05-27,423.9700012207031
2021-05-28,426.8699951171875
2021-06-01,423.0
2021-06-02,426.2000122070313
2021-06-03,425.1199951171875
2021-06-04,431.1400146484375
2021-06-07,437.9200134277344
2021-06-08,443.3599853515625
2021-06-09,442.7099914550781
2021-06-10,448.4299926757813
2021-06-11,452.9599914550781
2021-06-14,448.1600036621094
2021-06-15,445.760009765625
2021-06-16,447.5899963378906
2021-06-17,457.2000122070313
2021-06-18,460.1900024414063
2021-06-21,459.4599914550781
2021-06-22,459.8200073242188
2021-06-23,456.75
2021-06-24,459.80999755859375
2021-06-25,457.9800109863281
2021-06-28,463.5299987792969
2021-06-29,463.4500122070313
2021-06-30,466.489990234375
2021-07-01,466.0199890136719
2021-07-02,474.239990234375
2021-07-06,476.6099853515625
2021-07-07,478.1799926757813
2021-07-08,474.5499877929688
2021-07-09,477.55999755859375
2021-07-12,480.1099853515625
2021-07-13,485.6799926757813
2021-07-14,485.3200073242188
2021-07-15,484.8399963378906
2021-07-16,482.6799926757813
2021-07-19,478.489990234375
2021-07-20,474.9700012207031
2021-07-21,470.3699951171875
2021-07-22,538.8200073242188
2021-07-23,525.4500122070312
2021-07-26,534.3200073242188
2021-07-27,538.010009765625
2021-07-28,524.5700073242188
2021-07-29,526.1699829101562
2021-07-30,525.489990234375
2021-08-02,530.3599853515625
2021-08-03,540.469970703125
2021-08-04,536.6799926757812
2021-08-05,535.47998046875
2021-08-06,533.4400024414062
2021-08-09,529.469970703125
2021-08-10,518.9299926757812
2021-08-11,515.3300170898438
2021-08-12,516.47998046875
2021-08-13,517.02001953125
2021-08-16,513.1900024414062
2021-08-17,527.75
2021-08-18,525.6199951171875
2021-08-19,518.3200073242188
2021-08-20,509.5199890136719
2021-08-23,509.5199890136719
2021-08-24,501.5799865722656
2021-08-25,512.1400146484375
2021-08-26,510.5899963378906
2021-08-27,511.8699951171875
2021-08-30,517.25
2021-08-31,516.8900146484375
2021-09-01,515.4000244140625
2021-09-02,517.2899780273438
2021-09-03,514.5
2021-09-07,514.02001953125
2021-09-08,521.3699951171875
2021-09-09,516.1199951171875
2021-09-10,510.8699951171875
2021-09-13,511.1000061035156
2021-09-14,506.9599914550781
2021-09-15,505.55999755859375
2021-09-16,511.2099914550781
2021-09-17,503.5400085449219
2021-09-20,497.05999755859375
2021-09-21,498.1499938964844
2021-09-22,495.5199890136719
2021-09-23,492.80999755859375
2021-09-24,489.8399963378906
2021-09-27,487.2300109863281
2021-09-28,484.9100036621094
2021-09-29,483.0
2021-09-30,476.9599914550781
2021-10-01,475.0700073242188
2021-10-04,470.9100036621094
2021-10-05,474.6199951171875
2021-10-06,482.6600036621094
2021-10-07,482.7099914550781
2021-10-08,480.3200073242188
2021-10-11,479.4800109863281
2021-10-12,480.0499877929688
2021-10-13,476.2799987792969
2021-10-14,477.4800109863281
2021-10-15,454.9100036621094
2021-10-18,459.8999938964844
2021-10-19,465.3699951171875
2021-10-20,458.5799865722656
2021-10-21,467.9599914550781
2021-10-22,464.3299865722656
2021-10-25,466.239990234375
2021-10-26,465.7799987792969
2021-10-27,480.2699890136719
2021-10-28,479.3299865722656
2021-10-29,488.9700012207031
2021-11-01,487.3800048828125
2021-11-02,486.8699951171875
2021-11-03,485.260009765625
2021-11-04,509.3800048828125
2021-11-05,495.8800048828125
2021-11-08,496.6700134277344
2021-11-09,498.489990234375
2021-11-10,495.1499938964844
2021-11-11,506.9599914550781
2021-11-12,513.2999877929688
2021-11-15,517.3200073242188
2021-11-16,525.25
2021-11-17,531.47998046875
2021-11-18,536.8300170898438
2021-11-19,535.5900268554688
2021-11-22,533.3599853515625
2021-11-23,531.9099731445312
2021-11-24,533.97998046875
2021-11-26,529.8800048828125
2021-11-29,533.9500122070312
2021-11-30,524.1400146484375
2021-12-01,511.6499938964844
2021-12-02,525.0
2021-12-03,521.77001953125
2021-12-06,517.0800170898438
2021-12-07,537.4299926757812
2021-12-08,534.1699829101562
2021-12-09,530.2899780273438
2021-12-10,534.4199829101562
2021-12-13,537.3599853515625
2021-12-14,523.1500244140625
2021-12-15,523.9199829101562
2021-12-16,532.2000122070312
2021-12-17,528.3800048828125
2021-12-20,530.6099853515625
2021-12-21,529.9600219726562
2021-12-22,534.8300170898438
2021-12-23,545.8400268554688
2021-12-27,557.2100219726562
2021-12-28,557.77001953125
2021-12-29,562.4000244140625
2021-12-30,557.4099731445312
2021-12-31,564.3300170898438
2022-01-03,553.219970703125
2022-01-04,535.280029296875
2022-01-05,520.530029296875
2022-01-06,524.4099731445312
2022-01-07,508.4299926757813
2022-01-10,502.6499938964844
2022-01-11,486.4200134277344
2022-01-12,486.8900146484375
2022-01-13,481.3999938964844
2022-01-14,473.0400085449219
2022-01-18,466.4599914550781
2022-01-19,469.3900146484375
2022-01-20,452.2699890136719
2022-01-21,434.80999755859375
2022-01-24,456.239990234375
2022-01-25,436.3599853515625
2022-01-26,423.7000122070313
2022-01-27,429.5799865722656
2022-01-28,441.010009765625
2022-01-31,454.6499938964844
2022-02-01,458.2999877929688
2022-02-02,451.9400024414063
2022-02-03,443.7900085449219
2022-02-04,438.0700073242188
2022-02-07,434.3599853515625
2022-02-08,438.7300109863281
2022-02-09,444.760009765625
2022-02-10,438.5799865722656
2022-02-11,431.5199890136719
2022-02-14,430.7099914550781
2022-02-15,432.0
2022-02-16,433.3399963378906
2022-02-17,430.5299987792969
2022-02-18,435.6199951171875
2022-02-22,422.1099853515625
2022-02-23,402.0899963378906
2022-02-24,417.4100036621094
2022-02-25,429.9800109863281
2022-02-28,432.2099914550781
2022-03-01,432.2099914550781
2022-03-02,423.25
2022-03-03,402.6700134277344
2022-03-04,413.7099914550781
2022-03-07,400.0700073242188
2022-03-08,393.1499938964844
2022-03-09,397.1900024414063
2022-03-10,393.1400146484375
2022-03-11,386.3699951171875
2022-03-14,386.1799926757813
2022-03-15,389.9100036621094
2022-03-16,405.4700012207031
2022-03-17,409.4599914550781
2022-03-18,415.6600036621094
2022-03-21,400.0499877929688
2022-03-22,396.8299865722656
2022-03-23,393.9400024414063
2022-03-24,393.2000122070313
2022-03-25,394.739990234375
2022-03-28,399.0700073242188
2022-03-29,412.010009765625
2022-03-30,406.2699890136719
2022-03-31,407.010009765625
2022-04-01,397.1799926757813
2022-04-04,403.7900085449219
2022-04-05,391.1700134277344
2022-04-06,391.1000061035156
2022-04-07,397.3999938964844
2022-04-08,394.7900085449219
2022-04-11,387.9200134277344
2022-04-12,388.5700073242188
2022-04-13,392.1600036621094
2022-04-14,387.239990234375
2022-04-18,379.489990234375
2022-04-19,394.0799865722656
2022-04-20,396.489990234375
2022-04-21,391.0
2022-04-22,378.8299865722656
2022-04-25,378.1600036621094
2022-04-26,369.7300109863281
2022-04-27,372.9100036621094
2022-04-28,353.8800048828125
2022-04-29,338.0
2022-05-02,351.1199951171875
2022-05-03,343.8399963378906
2022-05-04,353.20001220703125
2022-05-05,341.69000244140625
2022-05-06,341.7900085449219
2022-05-09,333.6000061035156
2022-05-10,335.7200012207031
2022-05-11,325.1300048828125
2022-05-12,327.8500061035156
2022-05-13,340.94000244140625
2022-05-16,336.45001220703125
2022-05-17,336.4599914550781
2022-05-18,328.0199890136719
2022-05-19,336.42999267578125
2022-05-20,341.69000244140625
2022-05-23,343.010009765625
2022-05-24,342.1700134277344
2022-05-25,352.57000732421875
2022-05-26,355.6099853515625
2022-05-27,365.9100036621094
2022-05-31,363.1700134277344
2022-06-01,360.8500061035156
2022-06-02,372.8699951171875
2022-06-03,368.1199951171875
2022-06-06,377.2699890136719
2022-06-07,385.2799987792969
2022-06-08,384.0
2022-06-09,385.4400024414063
2022-06-10,380.5
2022-06-13,380.6300048828125
2022-06-14,377.1300048828125
2022-06-15,385.4200134277344
2022-06-16,379.5499877929688
2022-06-17,379.1700134277344
2022-06-21,386.3599853515625
2022-06-22,389.760009765625
2022-06-23,398.1300048828125
2022-06-24,396.5400085449219
2022-06-27,397.5799865722656
2022-06-28,390.7099914550781
2022-06-29,389.0400085449219
2022-06-30,389.7099914550781
2022-07-01,403.6099853515625
2022-07-05,396.7999877929688
2022-07-06,397.5700073242188
2022-07-07,405.5400085449219
2022-07-08,401.3500061035156
2022-07-11,397.25
2022-07-12,391.489990234375
2022-07-13,401.3699951171875
2022-07-14,399.1499938964844
2022-07-15,406.6000061035156
2022-07-18,406.80999755859375
2022-07-19,410.239990234375
2022-07-20,410.8599853515625
2022-07-21,405.6400146484375
2022-07-22,399.2699890136719
2022-07-25,387.989990234375
2022-07-26,386.75
2022-07-27,392.989990234375
2022-07-28,389.8200073242188
2022-07-29,392.1099853515625
2022-08-01,390.1199951171875
2022-08-02,391.0700073242188
2022-08-03,390.9100036621094
2022-08-04,391.3399963378906
2022-08-05,387.9299926757813
2022-08-08,394.8900146484375
2022-08-09,392.55999755859375
2022-08-10,405.75
2022-08-11,404.1300048828125
2022-08-12,412.239990234375
2022-08-15,410.8599853515625
2022-08-16,410.9299926757813
2022-08-17,411.989990234375
2022-08-18,416.9500122070313
2022-08-19,405.2000122070313
2022-08-22,401.2099914550781
2022-08-23,392.4599914550781
2022-08-24,396.9599914550781
2022-08-25,406.9700012207031
2022-08-26,390.2799987792969
2022-08-29,378.510009765625
2022-08-30,380.3699951171875
2022-08-31,371.8599853515625
2022-09-01,371.6199951171875
2022-09-02,365.7999877929688
2022-09-06,362.7699890136719
2022-09-07,362.6099853515625
2022-09-08,362.0
2022-09-09,367.1199951171875
2022-09-12,364.4400024414063
2022-09-13,350.3800048828125
2022-09-14,340.2799987792969
2022-09-15,349.510009765625
2022-09-16,342.9700012207031
2022-09-19,332.9800109863281
2022-09-20,332.3500061035156
2022-09-21,333.20001220703125
2022-09-22,320.1400146484375
2022-09-23,330.0
2022-09-26,324.739990234375
2022-09-27,314.19000244140625
2022-09-28,321.17999267578125
2022-09-29,316.3500061035156
2022-09-30,310.20001220703125
2022-10-03,316.44000244140625
2022-10-04,330.6099853515625
2022-10-05,335.1300048828125
2022-10-06,324.2200012207031
2022-10-07,314.5199890136719
2022-10-10,309.6700134277344
2022-10-11,303.5
2022-10-12,301.760009765625
2022-10-13,333.260009765625
2022-10-14,317.3399963378906
2022-10-17,321.1600036621094
2022-10-18,328.8999938964844
2022-10-19,323.3999938964844
2022-10-20,319.5
2022-10-21,321.5599975585937
2022-10-24,323.1600036621094
2022-10-25,328.8800048828125
2022-10-26,322.0199890136719
2022-10-27,331.5
2022-10-28,334.79998779296875
2022-10-31,332.239990234375
2022-11-01,333.44000244140625
2022-11-02,339.0299987792969
2022-11-03,352.07000732421875
2022-11-04,359.6499938964844
2022-11-07,347.92999267578125
2022-11-08,337.489990234375
2022-11-09,338.5400085449219
2022-11-10,357.82000732421875
2022-11-11,366.5199890136719
2022-11-14,370.2300109863281
2022-11-15,366.739990234375
2022-11-16,364.4700012207031
2022-11-17,366.7300109863281
2022-11-18,367.8900146484375
2022-11-21,377.8299865722656
2022-11-22,376.0700073242188
2022-11-23,391.739990234375
2022-11-25,389.05999755859375
2022-11-28,382.2900085449219
2022-11-29,383.05999755859375
2022-11-30,388.7300109863281
2022-12-01,385.5799865722656
2022-12-02,382.760009765625
2022-12-05,381.260009765625
2022-12-06,369.3599853515625
2022-12-07,372.1400146484375
2022-12-08,374.9400024414063
2022-12-09,362.6499938964844
2022-12-12,363.3500061035156
2022-12-13,361.8699951171875
2022-12-14,366.739990234375
2022-12-15,356.989990234375
2022-12-16,357.2300109863281
2022-12-19,356.3299865722656
2022-12-20,353.7300109863281
2022-12-21,358.3299865722656
2022-12-22,352.2099914550781
2022-12-23,353.0199890136719
2022-12-27,354.3999938964844
2022-12-28,344.4100036621094
2022-12-29,349.79998779296875
2022-12-30,346.3999938964844
2023-01-03,339.2699890136719
2023-01-04,344.3900146484375
2023-01-05,338.8299865722656
2023-01-06,342.6199951171875
2023-01-09,333.8800048828125
2023-01-10,339.7300109863281
2023-01-11,349.8500061035156
2023-01-12,337.6199951171875
2023-01-13,337.44000244140625
2023-01-17,344.19000244140625
2023-01-18,346.4800109863281
2023-01-19,348.8500061035156
2023-01-20,348.0400085449219
2023-01-23,345.45001220703125
2023-01-24,339.3399963378906
2023-01-25,350.6400146484375
2023-01-26,354.0400085449219
2023-01-27,355.1700134277344
2023-01-30,348.489990234375
2023-01-31,353.0
2023-02-01,359.7900085449219
2023-02-02,360.4700012207031
2023-02-03,359.6199951171875
2023-02-06,355.9800109863281
2023-02-07,357.20001220703125
2023-02-08,353.5899963378906
2023-02-09,354.9700012207031
2023-02-10,354.0599975585937
2023-02-13,355.04998779296875
2023-02-14,347.5799865722656
2023-02-15,360.1000061035156
2023-02-16,356.8299865722656
2023-02-17,357.3599853515625
2023-02-21,350.2300109863281
2023-02-22,348.4599914550781
2023-02-23,307.8599853515625
2023-02-24,297.4700012207031
2023-02-27,295.6300048828125
2023-02-28,294.010009765625
2023-03-01,301.7300109863281
2023-03-02,305.32000732421875
2023-03-03,304.760009765625
2023-03-06,316.32000732421875
2023-03-07,310.8500061035156
2023-03-08,312.1300048828125
2023-03-09,309.1199951171875
2023-03-10,300.1600036621094
2023-03-13,302.5899963378906
2023-03-14,307.1000061035156
2023-03-15,312.6000061035156
2023-03-16,313.94000244140625
2023-03-17,310.6700134277344
2023-03-20,317.17999267578125
2023-03-21,317.6400146484375
2023-03-22,312.2799987792969
2023-03-23,315.42999267578125
2023-03-24,311.510009765625
2023-03-27,322.2200012207031
2023-03-28,324.2300109863281
2023-03-29,327.5799865722656
2023-03-30,327.6499938964844
2023-03-31,329.8699951171875
2023-04-03,332.5199890136719
2023-04-04,328.9700012207031
2023-04-05,328.3800048828125
2023-04-06,330.5799865722656
2023-04-10,329.7099914550781
2023-04-11,332.44000244140625
2023-04-12,326.44000244140625
2023-04-13,332.6000061035156
2023-04-14,330.3800048828125
2023-04-17,329.8999938964844
2023-04-18,326.70001220703125
2023-04-19,325.6600036621094
2023-04-20,322.8999938964844
2023-04-21,330.5199890136719
2023-04-24,330.2699890136719
2023-04-25,329.6300048828125
2023-04-26,339.0299987792969
2023-04-27,317.1400146484375
2023-04-28,317.4700012207031
2023-05-01,311.25
2023-05-02,311.5899963378906
2023-05-03,314.8599853515625
2023-05-04,311.4100036621094
2023-05-05,311.1099853515625
2023-05-08,308.94000244140625
2023-05-09,308.6400146484375
2023-05-10,306.8900146484375
2023-05-11,306.92999267578125
2023-05-12,307.5799865722656
2023-05-15,307.8500061035156
2023-05-16,301.8500061035156
2023-05-17,305.04998779296875
2023-05-18,311.3599853515625
2023-05-19,312.4599914550781
2023-05-22,308.9100036621094
2023-05-23,304.2900085449219
2023-05-24,306.79998779296875
2023-05-25,304.5
2023-05-26,299.8299865722656
2023-05-30,291.3900146484375
2023-05-31,289.8500061035156
2023-06-01,296.6700134277344
2023-06-02,303.19000244140625
2023-06-05,297.8299865722656
2023-06-06,297.739990234375
2023-06-07,297.5599975585937
2023-06-08,299.8999938964844
2023-06-09,298.07000732421875
2023-06-12,301.8599853515625
2023-06-13,301.8900146484375
2023-06-14,305.7200012207031
2023-06-15,325.4599914550781
2023-06-16,331.4100036621094
2023-06-20,325.5400085449219
2023-06-21,323.1099853515625
2023-06-22,321.0400085449219
2023-06-23,316.82000732421875
2023-06-26,319.239990234375
2023-06-27,324.92999267578125
2023-06-28,325.5199890136719
2023-06-29,330.7300109863281
2023-06-30,336.989990234375
2023-07-03,336.6600036621094
2023-07-05,334.9599914550781
2023-07-06,333.9100036621094
2023-07-07,341.67999267578125
2023-07-10,347.4100036621094
2023-07-11,349.7900085449219
2023-07-12,388.5899963378906
2023-07-13,386.8699951171875
2023-07-14,384.6600036621094
2023-07-17,389.739990234375
2023-07-18,392.2900085449219
2023-07-19,392.3299865722656
2023-07-20,387.8299865722656
2023-07-21,385.4400024414063
2023-07-24,385.8999938964844
2023-07-25,397.0499877929688
2023-07-26,401.3599853515625
2023-07-27,402.5799865722656
2023-07-28,400.8800048828125
2023-07-31,396.739990234375
2023-08-01,399.6499938964844
2023-08-02,398.2999877929688
2023-08-03,401.3599853515625
2023-08-04,395.3599853515625
2023-08-07,398.6900024414063
2023-08-08,398.010009765625
2023-08-09,396.2200012207031
2023-08-10,398.3999938964844
2023-08-11,394.1700134277344
2023-08-14,397.5899963378906
2023-08-15,393.8200073242188
2023-08-16,389.1099853515625
2023-08-17,382.2999877929688
2023-08-18,378.8299865722656
2023-08-21,379.8800048828125
2023-08-22,379.7200012207031
2023-08-23,382.6199951171875
2023-08-24,378.8599853515625
2023-08-25,380.7200012207031
2023-08-28,388.25
2023-08-29,386.1700134277344
2023-08-30,394.1900024414063
2023-08-31,387.3999938964844
2023-09-01,391.1400146484375
2023-09-05,389.8900146484375
2023-09-06,384.4400024414063
2023-09-07,389.3500061035156
2023-09-08,387.3699951171875
2023-09-11,394.8999938964844
2023-09-12,393.5899963378906
2023-09-13,396.4599914550781
2023-09-14,399.0700073242188
2023-09-15,388.4800109863281
2023-09-18,384.30999755859375
2023-09-19,382.8299865722656
2023-09-20,384.8399963378906
2023-09-21,378.0499877929688
2023-09-22,381.3500061035156
2023-09-25,383.1099853515625
2023-09-26,379.2200012207031
2023-09-27,380.2099914550781
2023-09-28,382.30999755859375
2023-09-29,378.7900085449219
2023-10-02,380.5400085449219
2023-10-03,364.1799926757813
2023-10-04,371.0
2023-10-05,363.2300109863281
2023-10-06,341.5599975585937
2023-10-09,350.1400146484375
2023-10-10,355.6000061035156
2023-10-11,354.04998779296875
2023-10-12,350.1700134277344
2023-10-13,346.8099975585937
2023-10-16,351.67999267578125
2023-10-17,350.489990234375
2023-10-18,345.1199951171875
2023-10-19,344.3099975585937
2023-10-20,347.69000244140625
2023-10-23,348.29998779296875
2023-10-24,353.5899963378906
2023-10-25,349.9100036621094
2023-10-26,345.94000244140625
2023-10-27,340.6000061035156
2023-10-30,338.7099914550781
2023-10-31,338.989990234375
2023-11-01,344.1300048828125
2023-11-02,348.3800048828125
2023-11-03,361.9400024414063
2023-11-06,368.25
2023-11-07,371.7000122070313
2023-11-08,371.8399963378906
2023-11-09,369.6900024414063
2023-11-10,378.510009765625
2023-11-13,374.5499877929688
2023-11-14,382.4100036621094
2023-11-15,381.4299926757813
2023-11-16,374.739990234375
2023-11-17,372.4200134277344
2023-11-20,368.5
2023-11-21,369.30999755859375
2023-11-22,369.489990234375
2023-11-24,370.3200073242188
2023-11-27,387.0700073242188
2023-11-28,388.2699890136719
2023-11-29,388.8599853515625
2023-11-30,392.8900146484375
2023-12-01,397.1799926757813
2023-12-04,399.8200073242188
2023-12-05,394.0499877929688
2023-12-06,392.5400085449219
2023-12-07,402.0
2023-12-08,394.8999938964844
2023-12-11,397.4800109863281
2023-12-12,396.80999755859375
2023-12-13,402.7999877929688
2023-12-14,402.8500061035156
2023-12-15,400.0499877929688
2023-12-18,403.0400085449219
2023-12-19,406.5499877929688
2023-12-20,403.25
2023-12-21,408.7999877929688
2023-12-22,409.8399963378906
2023-12-26,411.3399963378906
2023-12-27,413.8500061035156
2023-12-28,411.2099914550781
2023-12-29,412.2300109863281
2024-01-02,413.1400146484375
2024-01-03,400.4599914550781
2024-01-04,401.2699890136719
2024-01-05,400.0299987792969
2024-01-08,402.6900024414063
2024-01-09,410.1400146484375
2024-01-10,414.1300048828125
2024-01-11,411.7999877929688
2024-01-12,411.2999877929688
2024-01-16,425.9400024414063
2024-01-17,422.3999938964844
2024-01-18,425.9299926757813
2024-01-19,426.7699890136719
2024-01-22,428.010009765625
2024-01-23,425.7099914550781
2024-01-24,421.7699890136719
2024-01-25,418.0799865722656
2024-01-26,419.1199951171875
2024-01-29,433.4400024414063
2024-01-30,434.739990234375
2024-01-31,426.2200012207031
2024-02-01,433.5299987792969
2024-02-02,422.05999755859375
2024-02-05,418.0499877929688
2024-02-06,421.5799865722656
2024-02-07,421.9500122070313
2024-02-08,426.5799865722656
2024-02-09,425.0899963378906
2024-02-12,427.2900085449219
2024-02-13,421.5
2024-02-14,424.4800109863281
2024-02-15,424.7200012207031
2024-02-16,421.8500061035156
2024-02-20,417.1499938964844
2024-02-21,420.760009765625
2024-02-22,428.010009765625
2024-02-23,433.6499938964844
2024-02-26,459.0
2024-02-27,446.2699890136719
2024-02-28,446.3699951171875
2024-02-29,448.3500061035156
2024-03-01,447.2300109863281
2024-03-04,449.989990234375
2024-03-05,449.5899963378906
2024-03-06,447.239990234375
2024-03-07,447.3699951171875
2024-03-08,445.010009765625
2024-03-11,443.8999938964844
2024-03-12,452.5799865722656
2024-03-13,452.4800109863281
2024-03-14,443.6600036621094
2024-03-15,441.2200012207031
2024-03-18,442.7900085449219
2024-03-19,444.8999938964844
2024-03-20,451.7200012207031
2024-03-21,455.8699951171875
2024-03-22,458.4200134277344
2024-03-25,465.1099853515625
2024-03-26,483.0
2024-03-27,492.1300048828125
2024-03-28,496.8800048828125
2024-04-01,493.9200134277344
2024-04-02,497.260009765625
2024-04-03,505.8599853515625
2024-04-04,482.8599853515625
2024-04-05,493.2000122070313
2024-04-08,501.9800109863281
2024-04-09,498.4500122070313
2024-04-10,506.8299865722656
2024-04-11,504.5199890136719
2024-04-12,495.30999755859375
2024-04-15,488.0199890136719
2024-04-16,486.6499938964844
2024-04-17,482.0499877929688
2024-04-18,481.6600036621094
2024-04-19,473.5499877929688
2024-04-22,471.2799987792969
2024-04-23,481.1600036621094
2024-04-24,487.7099914550781
2024-04-25,494.7699890136719
2024-04-26,499.0700073242188
2024-04-29,527.1300048828125
2024-04-30,529.27001953125
2024-05-01,516.4199829101562
2024-05-02,512.7000122070312
2024-05-03,514.3300170898438
2024-05-06,522.3800048828125
2024-05-07,517.22998046875
2024-05-08,516.6699829101562
2024-05-09,517.260009765625
2024-05-10,518.6500244140625
2024-05-13,510.239990234375
2024-05-14,510.7099914550781
2024-05-15,517.6799926757812
2024-05-16,513.2999877929688
2024-05-17,513.030029296875
2024-05-20,516.0800170898438
2024-05-21,513.719970703125
2024-05-22,511.9200134277344
2024-05-23,502.1300048828125
2024-05-24,502.1600036621094
2024-05-28,509.0799865722656
2024-05-29,510.010009765625
2024-05-30,509.1000061035156
2024-05-31,508.5799865722656
2024-06-03,522.97998046875
2024-06-04,520.97998046875
2024-06-05,517.0999755859375
2024-06-06,513.6900024414062
2024-06-07,513.5499877929688
2024-06-10,526.5499877929688
2024-06-11,527.9500122070312
2024-06-12,531.4000244140625
2024-06-13,528.75
2024-06-14,521.4099731445312
2024-06-17,532.1599731445312
2024-06-18,533.6400146484375
2024-06-20,525.0
2024-06-21,521.8300170898438
2024-06-24,533.4199829101562
2024-06-25,527.8699951171875
2024-06-26,519.3699951171875
2024-06-27,515.989990234375
2024-06-28,516.3300170898438
2024-07-01,505.3500061035156
2024-07-02,492.6099853515625
2024-07-03,497.3299865722656
2024-07-05,493.7300109863281
2024-07-08,500.3299865722656
2024-07-09,477.8299865722656
2024-07-10,477.989990234375
2024-07-11,473.0899963378906
2024-07-12,491.4800109863281
2024-07-15,483.0299987792969
2024-07-16,489.8500061035156
2024-07-17,473.2699890136719
2024-07-18,409.0400085449219
2024-07-19,404.1700134277344
2024-07-22,415.5499877929688
2024-07-23,422.9400024414063
2024-07-24,424.7300109863281
2024-07-25,425.1700134277344
2024-07-26,417.4500122070313
2024-07-29,428.1300048828125
2024-07-30,429.1499938964844
2024-07-31,428.7000122070313
2024-08-01,426.6400146484375
2024-08-02,429.0
2024-08-05,429.2200012207031
2024-08-06,428.9800109863281
2024-08-07,427.5700073242188
2024-08-08,437.6099853515625
2024-08-09,438.3999938964844
2024-08-12,444.8999938964844
2024-08-13,441.2999877929688
2024-08-14,442.239990234375
2024-08-15,444.5799865722656
2024-08-16,442.9100036621094
2024-08-19,432.8399963378906
2024-08-20,427.05999755859375
2024-08-21,427.7000122070313
2024-08-22,416.2300109863281
2024-08-23,425.2799987792969
2024-08-26,424.4800109863281
2024-08-27,418.4100036621094
2024-08-28,416.0899963378906
2024-08-29,412.9599914550781
2024-08-30,414.2099914550781
2024-09-03,403.5499877929688
2024-09-04,405.5299987792969
2024-09-05,410.260009765625
2024-09-06,408.489990234375
2024-09-09,420.1600036621094
2024-09-10,416.7699890136719
2024-09-11,407.9700012207031
2024-09-12,405.8399963378906
2024-09-13,402.5199890136719
2024-09-16,408.9700012207031
2024-09-17,412.4400024414063
2024-09-18,409.0199890136719
2024-09-19,411.7099914550781
2024-09-20,414.4200134277344
2024-09-23,420.7000122070313
2024-09-24,426.5400085449219
2024-09-25,425.9200134277344
2024-09-26,432.3500061035156
2024-09-27,429.0299987792969
2024-09-30,430.1400146484375
2024-10-01,430.6600036621094
2024-10-02,423.2000122070313
2024-10-03,420.8900146484375
2024-10-04,425.30999755859375
2024-10-07,410.0
2024-10-08,411.1499938964844
2024-10-09,413.2000122070313
2024-10-10,408.75
2024-10-11,429.6700134277344
2024-10-14,428.0799865722656
2024-10-15,427.260009765625
2024-10-16,428.3599853515625
2024-10-17,429.3800048828125
2024-10-18,428.8500061035156
2024-10-21,431.2900085449219
2024-10-22,426.7799987792969
2024-10-23,422.7000122070313
2024-10-24,415.1099853515625
2024-10-25,413.80999755859375
2024-10-28,417.239990234375
2024-10-29,413.1400146484375
2024-10-30,410.0199890136719
2024-10-31,413.7300109863281
2024-11-01,425.8299865722656
2024-11-04,429.9800109863281
2024-11-05,428.0
2024-11-06,441.9500122070313
2024-11-07,448.4400024414063
2024-11-08,459.7300109863281
2024-11-11,446.8699951171875
2024-11-12,440.6000061035156
2024-11-13,439.5499877929688
2024-11-14,435.9700012207031
2024-11-15,430.4299926757813
2024-11-18,444.8999938964844
2024-11-19,439.7999877929688
2024-11-20,438.9700012207031
2024-11-21,445.8500061035156
2024-11-22,453.3500061035156
2024-11-25,469.1799926757813
2024-11-26,472.9100036621094
2024-11-27,472.3399963378906
2024-11-29,476.1900024414063
2024-12-02,466.1799926757813
2024-12-03,462.2200012207031
2024-12-04,466.8599853515625
2024-12-05,465.4100036621094
2024-12-06,459.5899963378906
2024-12-09,457.739990234375
2024-12-10,454.1600036621094
2024-12-11,457.3500061035156
2024-12-12,464.8900146484375
2024-12-13,453.1700134277344
2024-12-16,447.7200012207031
2024-12-17,446.739990234375
2024-12-18,430.7099914550781
2024-12-19,427.6400146484375
2024-12-20,426.1799926757813
2024-12-23,426.5400085449219
2024-12-24,431.0
2024-12-26,432.6199951171875
2024-12-27,429.6199951171875
2024-12-30,420.7200012207031
2024-12-31,419.760009765625
2025-01-02,434.9299926757813
2025-01-03,438.0799865722656
2025-01-06,424.5
2025-01-07,410.8999938964844
2025-01-08,412.6900024414063
2025-01-10,402.3299865722656
2025-01-13,410.1400146484375
2025-01-14,416.0799865722656
2025-01-15,413.9299926757813
2025-01-16,418.9100036621094
2025-01-17,427.3500061035156
2025-01-21,440.7999877929688
2025-01-22,442.1199951171875
2025-01-23,447.760009765625
2025-01-24,434.2300109863281
2025-01-27,431.1499938964844
2025-01-28,429.80999755859375
2025-01-29,427.7799987792969
2025-01-30,450.7999877929688
2025-01-31,449.1199951171875
2025-02-03,455.8500061035156
2025-02-04,465.9299926757813
2025-02-05,454.75
2025-02-06,470.55999755859375
2025-02-07,466.739990234375
2025-02-10,474.9400024414063
2025-02-11,474.05999755859375
2025-02-12,471.4700012207031
2025-02-13,479.8800048828125
2025-02-14,476.6600036621094
2025-02-18,477.5299987792969
2025-02-19,475.3500061035156
2025-02-20,471.760009765625
2025-02-21,462.3699951171875
2025-02-24,455.6400146484375
2025-02-25,470.1400146484375
2025-02-26,479.1099853515625
2025-02-27,482.2799987792969
2025-02-28,489.7099914550781
2025-03-03,483.8200073242188
2025-03-04,481.7699890136719
2025-03-05,476.1799926757813
2025-03-06,480.239990234375
2025-03-07,472.0499877929688
2025-03-10,440.0299987792969
2025-03-11,430.55999755859375
2025-03-12,438.7099914550781
2025-03-13,428.6700134277344
2025-03-14,425.5799865722656
2025-03-17,449.6000061035156
2025-03-18,452.6799926757813
2025-03-19,461.6700134277344
2025-03-20,466.0499877929688
2025-03-21,461.3999938964844
2025-03-24,466.0400085449219
2025-03-25,460.2699890136719
2025-03-26,466.8399963378906
2025-03-27,471.2799987792969
2025-03-28,447.1199951171875
2025-03-31,459.4500122070313
2025-04-01,465.4700012207031
2025-04-02,468.3500061035156
2025-04-03,463.7799987792969
2025-04-04,444.2099914550781
2025-04-07,436.5700073242188
2025-04-08,430.7200012207031
2025-04-09,456.3500061035156
2025-04-10,453.0499877929688
2025-04-11,462.1700134277344
2025-04-14,475.8699951171875
2025-04-15,468.55999755859375
2025-04-16,462.25
2025-04-17,466.739990234375
2025-04-21,468.2699890136719
2025-04-22,486.1400146484375
2025-04-23,485.8800048828125
2025-04-24,487.9700012207031
2025-04-25,487.5799865722656
2025-04-28,490.6400146484375
2025-04-29,493.4299926757813
2025-04-30,490.3699951171875
2025-05-01,481.3900146484375
2025-05-02,484.6099853515625
2025-05-05,477.8399963378906
2025-05-06,479.489990234375
2025-05-07,476.6799926757813
2025-05-08,476.8200073242188
2025-05-09,478.8999938964844
2025-05-12,482.1099853515625
2025-05-13,484.3999938964844
2025-05-14,483.2300109863281
2025-05-15,485.9100036621094
2025-05-16,495.0499877929688
2025-05-19,497.5199890136719
2025-05-20,493.0700073242188
2025-05-21,480.489990234375
2025-05-22,482.260009765625
2025-05-23,480.4299926757813
2025-05-27,484.55999755859375
2025-05-28,483.1099853515625
2025-05-29,474.5199890136719
2025-05-30,473.8200073242188
2025-06-02,466.0
2025-06-03,464.5299987792969
2025-06-04,465.9100036621094
2025-06-05,460.0299987792969
2025-06-06,468.2099914550781
2025-06-09,467.9500122070313
2025-06-10,455.489990234375
2025-06-11,446.8999938964844
2025-06-12,451.0
2025-06-13,452.1499938964844
2025-06-16,454.4500122070313
2025-06-17,458.7799987792969
2025-06-18,446.7699890136719
2025-06-20,447.2799987792969
2025-06-23,457.6099853515625
2025-06-24,459.9700012207031
2025-06-25,453.1300048828125
2025-06-26,454.7200012207031
2025-06-27,446.3900146484375
2025-06-30,450.6000061035156
2025-07-01,457.5299987792969
2025-07-02,453.9400024414063
2025-07-03,452.1799926757813
2025-07-07,453.2200012207031
2025-07-08,459.4299926757813
2025-07-09,463.4800109863281
2025-07-10,469.9200134277344
2025-07-11,464.4800109863281
2025-07-14,472.9400024414063
2025-07-15,465.3900146484375
2025-07-16,465.2999877929688
2025-07-17,468.7099914550781
2025-07-18,465.9500122070313
2025-07-21,462.239990234375
2025-07-22,480.9700012207031
2025-07-23,478.0499877929688
2025-07-24,476.3399963378906
2025-07-25,485.5299987792969
2025-07-28,474.3200073242188
2025-07-29,470.0499877929688
2025-07-30,475.3800048828125
2025-07-31,463.2099914550781
2025-08-01,466.1700134277344
2025-08-04,467.9800109863281
2025-08-05,447.1300048828125
2025-08-06,443.7799987792969
2025-08-07,442.4200134277344
2025-08-08,440.0400085449219
2025-08-11,440.5400085449219
2025-08-12,441.1900024414063
2025-08-13,450.9800109863281
2025-08-14,450.5899963378906
2025-08-15,451.260009765625
2025-08-18,444.8500061035156
2025-08-19,450.55999755859375
2025-08-20,442.8599853515625
2025-08-21,446.8599853515625
2025-08-22,450.989990234375
2025-08-25,460.6600036621094
2025-08-26,451.2200012207031
2025-08-27,452.5499877929688
2025-08-28,448.9599914550781
2025-08-29,458.2999877929688
2025-09-02,467.2999877929688
2025-09-03,466.6000061035156
2025-09-04,462.6000061035156
2025-09-05,463.8299865722656
2025-09-08,466.1099853515625
2025-09-09,458.9700012207031
2025-09-10,450.55999755859375
2025-09-11,456.6199951171875
2025-09-12,452.0499877929688
2025-09-15,449.9500122070313
2025-09-16,442.4200134277344
2025-09-17,438.2099914550781
2025-09-18,430.0799865722656
2025-09-19,428.7099914550781
2025-09-22,424.9599914550781
2025-09-23,423.8900146484375
2025-09-24,425.2999877929688
2025-09-25,422.75
2025-09-26,435.75
2025-09-29,434.4100036621094
2025-09-30,431.7099914550781
2025-10-01,428.1600036621094
2025-10-02,431.239990234375
2025-10-03,426.7099914550781
2025-10-06,422.9100036621094
2025-10-07,411.4299926757813
2025-10-08,413.5
2025-10-09,405.3299865722656
2025-10-10,406.3699951171875
2025-10-13,408.260009765625
2025-10-14,424.2300109863281
2025-10-15,417.4599914550781
2025-10-16,416.9500122070313
2025-10-17,416.260009765625
2025-10-20,422.9400024414063
2025-10-21,419.8800048828125
2025-10-22,424.8200073242188
2025-10-23,421.760009765625
2025-10-24,414.8599853515625
2025-10-27,412.7000122070313
2025-10-28,410.9700012207031
2025-10-29,405.8699951171875
2025-10-30,403.9599914550781
2025-10-31,398.4599914550781
2025-11-03,403.6300048828125
2025-11-04,406.8800048828125
2025-11-05,400.4100036621094
2025-11-06,401.4599914550781
2025-11-07,410.1799926757813
2025-11-10,407.5899963378906
2025-11-11,409.2300109863281
2025-11-12,403.760009765625
2025-11-13,408.6799926757813
2025-11-14,410.1600036621094
2025-11-17,404.6300048828125
2025-11-18,403.3399963378906
2025-11-19,399.6700134277344
2025-11-20,397.2099914550781
2025-11-21,407.3999938964844
2025-11-24,402.6700134277344
2025-11-25,417.6199951171875
2025-11-26,415.5899963378906
2025-11-28,419.6300048828125
2025-12-01,423.8500061035156
2025-12-02,424.6400146484375
2025-12-03,431.6900024414063
2025-12-04,427.0700073242188
2025-12-05,416.5499877929688
2025-12-08,418.4700012207031
2025-12-09,417.1900024414063
2025-12-10,418.8800048828125
2025-12-11,433.6700134277344
2025-12-12,431.7300109863281
2025-12-15,437.5
2025-12-16,433.8999938964844
2025-12-17,438.4200134277344
2025-12-18,431.3699951171875
2025-12-19,431.510009765625
2025-12-22,427.8900146484375
2025-12-23,426.1799926757813
2025-12-24,425.4299926757813
2025-12-26,425.55999755859375
2025-12-29,421.25
2025-12-30,421.9200134277344
2025-12-31,416.8200073242188
2026-01-02,425.2799987792969
2026-01-05,411.4400024414063
2026-01-06,406.5
2026-01-07,405.5
2026-01-08,406.5799865722656
2026-01-09,405.0899963378906
2026-01-12,415.9500122070313
2026-01-13,410.9100036621094
2026-01-14,407.3800048828125
2026-01-15,409.0899963378906
2026-01-16,400.2799987792969
2026-01-20,387.6400146484375
2026-01-21,398.9200134277344
2026-01-22,405.3299865722656
2026-01-23,411.5
2026-01-26,413.9100036621094
2026-01-27,413.8699951171875
2026-01-28,405.3699951171875
2026-01-29,407.0799865722656
2026-01-30,410.3299865722656
2026-02-02,409.2200012207031
2026-02-03,401.1099853515625
2026-02-04,401.7300109863281
2026-02-05,393.4299926757813
2026-02-06,394.8800048828125
2026-02-09,392.1600036621094
2026-02-10,389.7300109863281
2026-02-11,384.0
2026-02-12,381.7799987792969
2026-02-13,375.5
2026-02-17,373.5
2026-02-18,382.989990234375
2026-02-19,385.1300048828125
2026-02-20,384.6099853515625
2026-02-23,400.3599853515625
2026-02-24,414.2000122070313
2026-02-25,403.9400024414063
2026-02-26,399.2900085449219
2026-02-27,402.510009765625
2026-03-02,401.3699951171875
2026-03-03,408.3800048828125
2026-03-04,406.6199951171875
2026-03-05,402.7000122070313
2026-03-06,408.4100036621094
2026-03-09,415.7799987792969
2026-03-10,400.5199890136719
2026-03-11,393.2900085449219
2026-03-12,395.9800109863281
2026-03-13,401.6300048828125
2026-03-16,392.2699890136719
2026-03-17,396.1799926757813
2026-03-18,376.9200134277344
2026-03-19,375.2999877929688
2026-03-20,373.3500061035156
2026-03-23,366.7999877929688
2026-03-24,360.0899963378906
2026-03-25,362.5299987792969
2026-03-26,358.5400085449219
2026-03-27,348.1400146484375
2026-03-30,352.94000244140625
2026-03-31,358.7900085449219
2026-04-01,361.5400085449219
2026-04-02,370.8200073242188
2026-04-06,380.7699890136719
2026-04-07,368.1499938964844
2026-04-08,376.239990234375
2026-04-09,373.2999877929688
2026-04-10,365.9500122070313
2026-04-13,368.8299865722656
2026-04-14,369.1700134277344
2026-04-15,368.07000732421875
2026-04-16,369.0
2026-04-17,372.05999755859375
