,EG
2015-01-02,168.82000732421875
2015-01-05,167.91000366210938
2015-01-06,168.97000122070312
2015-01-07,170.11000061035156
2015-01-08,174.9600067138672
2015-01-09,171.60000610351562
2015-01-12,169.7100067138672
2015-01-13,169.05999755859375
2015-01-14,166.99000549316406
2015-01-15,167.9499969482422
2015-01-16,170.6999969482422
2015-01-20,169.1699981689453
2015-01-21,169.5399932861328
2015-01-22,173.22999572753906
2015-01-23,172.74000549316406
2015-01-26,174.82000732421875
2015-01-27,174.75
2015-01-28,172.63999938964844
2015-01-29,173.35000610351562
2015-01-30,171.3800048828125
2015-02-02,173.5500030517578
2015-02-03,176.14999389648438
2015-02-04,177.99000549316406
2015-02-05,181.8300018310547
2015-02-06,182.6199951171875
2015-02-09,181.33999633789065
2015-02-10,181.8999938964844
2015-02-11,182.009994506836
2015-02-12,182.1000061035156
2015-02-13,181.4199981689453
2015-02-17,178.8000030517578
2015-02-18,179.72999572753906
2015-02-19,178.97000122070312
2015-02-20,178.9499969482422
2015-02-23,177.69000244140625
2015-02-24,179.64999389648438
2015-02-25,177.7100067138672
2015-02-26,178.1300048828125
2015-02-27,177.42999267578125
2015-03-02,179.8699951171875
2015-03-03,178.5500030517578
2015-03-04,178.0800018310547
2015-03-05,178.32000732421875
2015-03-06,178.0800018310547
2015-03-09,177.22999572753906
2015-03-10,173.91000366210938
2015-03-11,175.9499969482422
2015-03-12,178.61000061035156
2015-03-13,177.3699951171875
2015-03-16,177.7100067138672
2015-03-17,177.33999633789062
2015-03-18,177.60000610351562
2015-03-19,176.10000610351562
2015-03-20,177.08999633789062
2015-03-23,178.4499969482422
2015-03-24,176.67999267578125
2015-03-25,175.1300048828125
2015-03-26,174.4499969482422
2015-03-27,173.60000610351562
2015-03-30,176.5
2015-03-31,174.0
2015-04-01,173.10000610351562
2015-04-02,173.89999389648438
2015-04-06,176.72999572753906
2015-04-07,176.13999938964844
2015-04-08,179.22000122070312
2015-04-09,180.00999450683594
2015-04-10,179.9600067138672
2015-04-13,180.509994506836
2015-04-14,183.3500061035156
2015-04-15,183.4900054931641
2015-04-16,183.8000030517578
2015-04-17,180.9900054931641
2015-04-20,181.58999633789065
2015-04-21,179.9600067138672
2015-04-22,180.6199951171875
2015-04-23,181.66000366210932
2015-04-24,182.2899932861328
2015-04-27,180.1999969482422
2015-04-28,181.27999877929688
2015-04-29,179.41000366210938
2015-04-30,178.91000366210938
2015-05-01,180.75
2015-05-04,181.3099975585937
2015-05-05,179.86000061035156
2015-05-06,179.6999969482422
2015-05-07,180.3800048828125
2015-05-08,181.66000366210932
2015-05-11,182.33999633789065
2015-05-12,182.0599975585937
2015-05-13,182.4900054931641
2015-05-14,184.759994506836
2015-05-15,183.17999267578125
2015-05-18,184.6000061035156
2015-05-19,184.7100067138672
2015-05-20,185.2899932861328
2015-05-21,184.8699951171875
2015-05-22,184.38999938964844
2015-05-26,182.97999572753903
2015-05-27,184.07000732421875
2015-05-28,184.1499938964844
2015-05-29,181.509994506836
2015-06-01,182.1699981689453
2015-06-02,182.58999633789065
2015-06-03,183.8800048828125
2015-06-04,182.7700042724609
2015-06-05,182.6100006103516
2015-06-08,180.25
2015-06-09,179.27999877929688
2015-06-10,181.75
2015-06-11,184.88999938964844
2015-06-12,183.44000244140625
2015-06-15,182.3300018310547
2015-06-16,183.72000122070312
2015-06-17,184.1000061035156
2015-06-18,185.5500030517578
2015-06-19,184.8300018310547
2015-06-22,185.58999633789065
2015-06-23,186.2899932861328
2015-06-24,184.1199951171875
2015-06-25,183.3000030517578
2015-06-26,184.509994506836
2015-06-29,181.3699951171875
2015-06-30,182.009994506836
2015-07-01,185.8000030517578
2015-07-02,184.7400054931641
2015-07-06,185.69000244140625
2015-07-07,187.6199951171875
2015-07-08,186.1999969482422
2015-07-09,184.83999633789065
2015-07-10,187.6199951171875
2015-07-13,188.88999938964844
2015-07-14,188.97999572753903
2015-07-15,190.17999267578125
2015-07-16,191.5399932861328
2015-07-17,190.3000030517578
2015-07-20,190.6100006103516
2015-07-21,190.42999267578125
2015-07-22,190.3699951171875
2015-07-23,188.92999267578125
2015-07-24,187.6999969482422
2015-07-27,186.5500030517578
2015-07-28,180.3600006103516
2015-07-29,183.2100067138672
2015-07-30,182.9900054931641
2015-07-31,183.1199951171875
2015-08-03,183.77999877929688
2015-08-04,183.27999877929688
2015-08-05,184.42999267578125
2015-08-06,184.0
2015-08-07,184.22999572753903
2015-08-10,185.8099975585937
2015-08-11,185.3000030517578
2015-08-12,184.8999938964844
2015-08-13,184.9499969482422
2015-08-14,185.6999969482422
2015-08-17,185.9600067138672
2015-08-18,186.2400054931641
2015-08-19,184.72999572753903
2015-08-20,182.259994506836
2015-08-21,179.63999938964844
2015-08-24,169.80999755859375
2015-08-25,167.74000549316406
2015-08-26,170.77000427246094
2015-08-27,175.36000061035156
2015-08-28,174.92999267578125
2015-08-31,175.80999755859375
2015-09-01,172.97000122070312
2015-09-02,174.5500030517578
2015-09-03,174.91000366210938
2015-09-04,172.9499969482422
2015-09-08,175.8699951171875
2015-09-09,174.94000244140625
2015-09-10,176.22000122070312
2015-09-11,177.25
2015-09-14,177.16000366210938
2015-09-15,176.64999389648438
2015-09-16,176.80999755859375
2015-09-17,176.05999755859375
2015-09-18,172.85000610351562
2015-09-21,174.6199951171875
2015-09-22,172.6300048828125
2015-09-23,172.9600067138672
2015-09-24,173.32000732421875
2015-09-25,173.8300018310547
2015-09-28,170.9600067138672
2015-09-29,172.0399932861328
2015-09-30,173.33999633789062
2015-10-01,172.19000244140625
2015-10-02,173.66000366210938
2015-10-05,175.27999877929688
2015-10-06,175.33999633789062
2015-10-07,177.00999450683594
2015-10-08,178.9600067138672
2015-10-09,176.8800048828125
2015-10-12,178.27999877929688
2015-10-13,176.4499969482422
2015-10-14,176.99000549316406
2015-10-15,178.2100067138672
2015-10-16,178.50999450683594
2015-10-19,177.24000549316406
2015-10-20,179.6699981689453
2015-10-21,179.2100067138672
2015-10-22,181.6199951171875
2015-10-23,179.27000427246094
2015-10-26,180.8000030517578
2015-10-27,181.63999938964844
2015-10-28,182.19000244140625
2015-10-29,182.0
2015-10-30,177.97000122070312
2015-11-02,178.3300018310547
2015-11-03,177.77999877929688
2015-11-04,179.1999969482422
2015-11-05,179.97000122070312
2015-11-06,181.08999633789065
2015-11-09,180.41000366210932
2015-11-10,181.02999877929688
2015-11-11,181.67999267578125
2015-11-12,181.57000732421875
2015-11-13,181.1300048828125
2015-11-16,182.0800018310547
2015-11-17,181.0599975585937
2015-11-18,184.1100006103516
2015-11-19,186.0599975585937
2015-11-20,185.6100006103516
2015-11-23,185.19000244140625
2015-11-24,184.8000030517578
2015-11-25,184.6699981689453
2015-11-27,185.4199981689453
2015-11-30,184.44000244140625
2015-12-01,186.8500061035156
2015-12-02,184.5200042724609
2015-12-03,183.759994506836
2015-12-04,186.91000366210932
2015-12-07,188.82000732421875
2015-12-08,187.2100067138672
2015-12-09,185.38999938964844
2015-12-10,184.38999938964844
2015-12-11,182.9600067138672
2015-12-14,184.17999267578125
2015-12-15,183.6999969482422
2015-12-16,181.8600006103516
2015-12-17,181.91000366210932
2015-12-18,181.1100006103516
2015-12-21,182.42999267578125
2015-12-22,184.67999267578125
2015-12-23,184.509994506836
2015-12-24,185.07000732421875
2015-12-28,185.27999877929688
2015-12-29,187.3300018310547
2015-12-30,186.0599975585937
2015-12-31,183.08999633789065
2016-01-04,181.0800018310547
2016-01-05,180.3699951171875
2016-01-06,178.86000061035156
2016-01-07,176.97999572753906
2016-01-08,175.08999633789062
2016-01-11,175.64999389648438
2016-01-12,175.66000366210938
2016-01-13,172.77999877929688
2016-01-14,174.5500030517578
2016-01-15,173.2100067138672
2016-01-19,171.24000549316406
2016-01-20,169.72000122070312
2016-01-21,169.35000610351562
2016-01-22,172.44000244140625
2016-01-25,170.36000061035156
2016-01-26,173.00999450683594
2016-01-27,172.27999877929688
2016-01-28,174.4600067138672
2016-01-29,178.94000244140625
2016-02-01,180.6199951171875
2016-02-02,176.7100067138672
2016-02-03,177.6999969482422
2016-02-04,182.5599975585937
2016-02-05,180.00999450683594
2016-02-08,187.3500061035156
2016-02-09,187.91000366210932
2016-02-10,184.58999633789065
2016-02-11,182.9199981689453
2016-02-12,185.66000366210932
2016-02-16,184.69000244140625
2016-02-17,185.32000732421875
2016-02-18,185.92999267578125
2016-02-19,186.5500030517578
2016-02-22,186.0599975585937
2016-02-23,186.509994506836
2016-02-24,187.6499938964844
2016-02-25,189.2899932861328
2016-02-26,186.8699951171875
2016-02-29,186.1300048828125
2016-03-01,190.94000244140625
2016-03-02,191.8500061035156
2016-03-03,191.97999572753903
2016-03-04,193.6000061035156
2016-03-07,193.8000030517578
2016-03-08,192.38999938964844
2016-03-09,193.3500061035156
2016-03-10,193.6199951171875
2016-03-11,196.0800018310547
2016-03-14,195.8099975585937
2016-03-15,193.1699981689453
2016-03-16,195.1199951171875
2016-03-17,194.7400054931641
2016-03-18,191.2899932861328
2016-03-21,193.91000366210932
2016-03-22,193.509994506836
2016-03-23,193.3300018310547
2016-03-24,191.3600006103516
2016-03-28,194.41000366210932
2016-03-29,195.77999877929688
2016-03-30,196.8000030517578
2016-03-31,197.42999267578125
2016-04-01,199.2700042724609
2016-04-04,197.8000030517578
2016-04-05,195.67999267578125
2016-04-06,195.9199981689453
2016-04-07,195.22999572753903
2016-04-08,194.8800048828125
2016-04-11,194.8600006103516
2016-04-12,197.22000122070312
2016-04-13,199.0599975585937
2016-04-14,197.6300048828125
2016-04-15,197.67999267578125
2016-04-18,197.8699951171875
2016-04-19,197.88999938964844
2016-04-20,197.6000061035156
2016-04-21,191.58999633789065
2016-04-22,193.3699951171875
2016-04-25,193.42999267578125
2016-04-26,185.8300018310547
2016-04-27,184.8000030517578
2016-04-28,184.33999633789065
2016-04-29,184.8999938964844
2016-05-02,186.0599975585937
2016-05-03,184.7100067138672
2016-05-04,182.75
2016-05-05,183.1699981689453
2016-05-06,181.52999877929688
2016-05-09,180.75
2016-05-10,183.259994506836
2016-05-11,182.5800018310547
2016-05-12,184.0800018310547
2016-05-13,183.38999938964844
2016-05-16,184.2700042724609
2016-05-17,182.1499938964844
2016-05-18,181.94000244140625
2016-05-19,179.88999938964844
2016-05-20,180.05999755859375
2016-05-23,178.24000549316406
2016-05-24,179.60000610351562
2016-05-25,179.08999633789062
2016-05-26,179.0800018310547
2016-05-27,178.52999877929688
2016-05-31,179.11000061035156
2016-06-01,178.99000549316406
2016-06-02,177.85000610351562
2016-06-03,177.86000061035156
2016-06-06,177.63999938964844
2016-06-07,176.30999755859375
2016-06-08,180.13999938964844
2016-06-09,180.4199981689453
2016-06-10,179.11000061035156
2016-06-13,175.66000366210938
2016-06-14,173.66000366210938
2016-06-15,171.72999572753906
2016-06-16,172.9199981689453
2016-06-17,175.38999938964844
2016-06-20,175.08999633789062
2016-06-21,175.33999633789062
2016-06-22,175.5399932861328
2016-06-23,177.4199981689453
2016-06-24,172.50999450683594
2016-06-27,169.2100067138672
2016-06-28,174.00999450683594
2016-06-29,173.8800048828125
2016-06-30,182.6699981689453
2016-07-01,181.5200042724609
2016-07-05,179.66000366210938
2016-07-06,180.7700042724609
2016-07-07,180.8699951171875
2016-07-08,181.72000122070312
2016-07-11,181.1999969482422
2016-07-12,182.1999969482422
2016-07-13,181.27999877929688
2016-07-14,180.9600067138672
2016-07-15,179.75999450683594
2016-07-18,177.74000549316406
2016-07-19,179.1199951171875
2016-07-20,179.6199951171875
2016-07-21,178.5800018310547
2016-07-22,181.259994506836
2016-07-25,181.44000244140625
2016-07-26,184.77999877929688
2016-07-27,186.0
2016-07-28,189.02999877929688
2016-07-29,189.009994506836
2016-08-01,189.66000366210932
2016-08-02,189.9199981689453
2016-08-03,190.3500061035156
2016-08-04,190.2700042724609
2016-08-05,190.8999938964844
2016-08-08,190.5800018310547
2016-08-09,190.97000122070312
2016-08-10,191.1300048828125
2016-08-11,189.47000122070312
2016-08-12,189.8000030517578
2016-08-15,190.1300048828125
2016-08-16,189.66000366210932
2016-08-17,188.63999938964844
2016-08-18,189.27999877929688
2016-08-19,188.9199981689453
2016-08-22,189.1499938964844
2016-08-23,188.22000122070312
2016-08-24,189.33999633789065
2016-08-25,190.08999633789065
2016-08-26,190.0800018310547
2016-08-29,191.3500061035156
2016-08-30,192.83999633789065
2016-08-31,193.3800048828125
2016-09-01,192.6000061035156
2016-09-02,192.6300048828125
2016-09-06,192.7700042724609
2016-09-07,195.0800018310547
2016-09-08,193.2400054931641
2016-09-09,189.3099975585937
2016-09-12,190.91000366210932
2016-09-13,190.1000061035156
2016-09-14,188.8999938964844
2016-09-15,190.4900054931641
2016-09-16,188.2100067138672
2016-09-19,190.42999267578125
2016-09-20,191.2899932861328
2016-09-21,193.69000244140625
2016-09-22,195.1499938964844
2016-09-23,192.2700042724609
2016-09-26,191.47999572753903
2016-09-27,191.6000061035156
2016-09-28,193.1300048828125
2016-09-29,190.3999938964844
2016-09-30,189.97000122070312
2016-10-03,188.1499938964844
2016-10-04,190.1199951171875
2016-10-05,185.6300048828125
2016-10-06,184.2400054931641
2016-10-07,189.8099975585937
2016-10-10,191.41000366210932
2016-10-11,190.1999969482422
2016-10-12,191.82000732421875
2016-10-13,193.3800048828125
2016-10-14,194.4600067138672
2016-10-17,195.5599975585937
2016-10-18,195.33999633789065
2016-10-19,195.6199951171875
2016-10-20,192.6000061035156
2016-10-21,192.9199981689453
2016-10-24,194.13999938964844
2016-10-25,201.72999572753903
2016-10-26,203.58999633789065
2016-10-27,201.27999877929688
2016-10-28,201.0800018310547
2016-10-31,203.5200042724609
2016-11-01,203.83999633789065
2016-11-02,204.6699981689453
2016-11-03,205.759994506836
2016-11-04,205.4499969482422
2016-11-07,207.1000061035156
2016-11-08,207.92999267578125
2016-11-09,207.8800048828125
2016-11-10,209.509994506836
2016-11-11,211.52999877929688
2016-11-14,212.07000732421875
2016-11-15,212.07000732421875
2016-11-16,213.07000732421875
2016-11-17,212.8600006103516
2016-11-18,211.47999572753903
2016-11-21,210.8800048828125
2016-11-22,208.5
2016-11-23,209.6699981689453
2016-11-25,209.1499938964844
2016-11-28,208.66000366210932
2016-11-29,211.91000366210932
2016-11-30,210.5500030517578
2016-12-01,210.6100006103516
2016-12-02,209.9499969482422
2016-12-05,209.57000732421875
2016-12-06,210.8300018310547
2016-12-07,211.67999267578125
2016-12-08,213.3000030517578
2016-12-09,214.3699951171875
2016-12-12,217.3500061035156
2016-12-13,216.82000732421875
2016-12-14,216.6499938964844
2016-12-15,213.4499969482422
2016-12-16,214.3000030517578
2016-12-19,218.3800048828125
2016-12-20,217.0599975585937
2016-12-21,216.47999572753903
2016-12-22,217.22999572753903
2016-12-23,217.4600067138672
2016-12-27,217.41000366210932
2016-12-28,215.5800018310547
2016-12-29,216.1199951171875
2016-12-30,216.3999938964844
2017-01-03,216.0399932861328
2017-01-04,217.8000030517578
2017-01-05,217.77999877929688
2017-01-06,218.82000732421875
2017-01-09,216.97000122070312
2017-01-10,219.4199981689453
2017-01-11,220.08999633789065
2017-01-12,219.77999877929688
2017-01-13,219.25
2017-01-17,217.8699951171875
2017-01-18,221.17999267578125
2017-01-19,219.38999938964844
2017-01-20,218.6199951171875
2017-01-23,219.1499938964844
2017-01-24,218.3800048828125
2017-01-25,219.8999938964844
2017-01-26,221.8600006103516
2017-01-27,221.1199951171875
2017-01-30,220.44000244140625
2017-01-31,219.92999267578125
2017-02-01,219.5
2017-02-02,222.19000244140625
2017-02-03,221.6100006103516
2017-02-06,222.1000061035156
2017-02-07,227.8500061035156
2017-02-08,229.4600067138672
2017-02-09,229.7899932861328
2017-02-10,230.7100067138672
2017-02-13,233.0800018310547
2017-02-14,233.57000732421875
2017-02-15,234.1100006103516
2017-02-16,235.509994506836
2017-02-17,235.1199951171875
2017-02-21,233.94000244140625
2017-02-22,234.91000366210932
2017-02-23,235.3800048828125
2017-02-24,235.02999877929688
2017-02-27,233.02999877929688
2017-02-28,235.13999938964844
2017-03-01,239.1499938964844
2017-03-02,237.17999267578125
2017-03-03,235.6199951171875
2017-03-06,232.66000366210932
2017-03-07,231.42999267578125
2017-03-08,233.0500030517578
2017-03-09,232.7400054931641
2017-03-10,234.9900054931641
2017-03-13,235.0
2017-03-14,234.7100067138672
2017-03-15,236.27999877929688
2017-03-16,235.6699981689453
2017-03-17,235.9900054931641
2017-03-20,235.1699981689453
2017-03-21,233.47000122070312
2017-03-22,234.42999267578125
2017-03-23,234.0399932861328
2017-03-24,233.3999938964844
2017-03-27,231.7700042724609
2017-03-28,233.8099975585937
2017-03-29,233.42999267578125
2017-03-30,234.88999938964844
2017-03-31,233.8099975585937
2017-04-03,233.8000030517578
2017-04-04,236.1100006103516
2017-04-05,233.8000030517578
2017-04-06,233.63999938964844
2017-04-07,232.6199951171875
2017-04-10,233.66000366210932
2017-04-11,234.3500061035156
2017-04-12,233.3500061035156
2017-04-13,230.6300048828125
2017-04-17,234.5599975585937
2017-04-18,233.91000366210932
2017-04-19,233.2100067138672
2017-04-20,234.9499969482422
2017-04-21,233.72999572753903
2017-04-24,239.3800048828125
2017-04-25,251.9199981689453
2017-04-26,256.9100036621094
2017-04-27,253.91000366210932
2017-04-28,251.7100067138672
2017-05-01,250.3300018310547
2017-05-02,247.9900054931641
2017-05-03,248.67999267578125
2017-05-04,248.3800048828125
2017-05-05,246.4199981689453
2017-05-08,246.19000244140625
2017-05-09,243.0599975585937
2017-05-10,244.0
2017-05-11,244.4199981689453
2017-05-12,243.9499969482422
2017-05-15,244.6999969482422
2017-05-16,244.5399932861328
2017-05-17,241.6499938964844
2017-05-18,243.8500061035156
2017-05-19,243.94000244140625
2017-05-22,243.97000122070312
2017-05-23,246.2700042724609
2017-05-24,247.6000061035156
2017-05-25,249.009994506836
2017-05-26,248.66000366210932
2017-05-30,248.2700042724609
2017-05-31,254.6499938964844
2017-06-01,255.6000061035156
2017-06-02,255.52999877929688
2017-06-05,254.0800018310547
2017-06-06,252.0800018310547
2017-06-07,252.42999267578125
2017-06-08,253.1699981689453
2017-06-09,255.57000732421875
2017-06-12,258.1199951171875
2017-06-13,255.259994506836
2017-06-14,252.3800048828125
2017-06-15,252.08999633789065
2017-06-16,255.58999633789065
2017-06-19,257.32000732421875
2017-06-20,254.8600006103516
2017-06-21,256.5799865722656
2017-06-22,256.739990234375
2017-06-23,253.97999572753903
2017-06-26,254.1499938964844
2017-06-27,253.41000366210932
2017-06-28,255.07000732421875
2017-06-29,255.16000366210932
2017-06-30,254.58999633789065
2017-07-03,263.95001220703125
2017-07-05,262.75
2017-07-06,261.32000732421875
2017-07-07,263.2099914550781
2017-07-10,265.5799865722656
2017-07-11,262.239990234375
2017-07-12,262.7200012207031
2017-07-13,263.8299865722656
2017-07-14,263.75
2017-07-17,264.8599853515625
2017-07-18,267.3299865722656
2017-07-19,269.0400085449219
2017-07-20,269.1099853515625
2017-07-21,270.1199951171875
2017-07-24,271.1199951171875
2017-07-25,266.7300109863281
2017-07-26,260.0199890136719
2017-07-27,259.5299987792969
2017-07-28,259.8599853515625
2017-07-31,262.3900146484375
2017-08-01,263.989990234375
2017-08-02,265.3399963378906
2017-08-03,266.0599975585937
2017-08-04,265.6700134277344
2017-08-07,265.5899963378906
2017-08-08,266.19000244140625
2017-08-09,268.7200012207031
2017-08-10,269.29998779296875
2017-08-11,265.07000732421875
2017-08-14,268.94000244140625
2017-08-15,267.4100036621094
2017-08-16,266.9100036621094
2017-08-17,262.5
2017-08-18,263.0199890136719
2017-08-21,262.4700012207031
2017-08-22,263.67999267578125
2017-08-23,262.7900085449219
2017-08-24,257.6099853515625
2017-08-25,260.239990234375
2017-08-28,252.88999938964844
2017-08-29,252.4900054931641
2017-08-30,251.75
2017-08-31,252.47999572753903
2017-09-01,248.3800048828125
2017-09-05,231.19000244140625
2017-09-06,227.3800048828125
2017-09-07,211.94000244140625
2017-09-08,222.47999572753903
2017-09-11,231.9600067138672
2017-09-12,233.25
2017-09-13,233.32000732421875
2017-09-14,229.2899932861328
2017-09-15,231.66000366210932
2017-09-18,226.6699981689453
2017-09-19,225.8800048828125
2017-09-20,224.82000732421875
2017-09-21,227.3000030517578
2017-09-22,226.259994506836
2017-09-25,223.94000244140625
2017-09-26,220.2700042724609
2017-09-27,221.0800018310547
2017-09-28,222.8800048828125
2017-09-29,228.38999938964844
2017-10-02,229.27999877929688
2017-10-03,229.32000732421875
2017-10-04,227.6999969482422
2017-10-05,226.75
2017-10-06,225.009994506836
2017-10-09,226.0200042724609
2017-10-10,224.7700042724609
2017-10-11,222.509994506836
2017-10-12,226.8099975585937
2017-10-13,240.509994506836
2017-10-16,238.1199951171875
2017-10-17,236.3999938964844
2017-10-18,235.0
2017-10-19,237.25
2017-10-20,236.6699981689453
2017-10-23,235.8500061035156
2017-10-24,234.27999877929688
2017-10-25,232.94000244140625
2017-10-26,234.9499969482422
2017-10-27,236.9499969482422
2017-10-30,239.1199951171875
2017-10-31,237.4499969482422
2017-11-01,234.7899932861328
2017-11-02,227.44000244140625
2017-11-03,227.83999633789065
2017-11-06,228.4600067138672
2017-11-07,227.02999877929688
2017-11-08,228.3600006103516
2017-11-09,230.7899932861328
2017-11-10,231.13999938964844
2017-11-13,228.5500030517578
2017-11-14,226.1300048828125
2017-11-15,229.2700042724609
2017-11-16,225.47000122070312
2017-11-17,226.32000732421875
2017-11-20,223.83999633789065
2017-11-21,222.25
2017-11-22,219.2400054931641
2017-11-24,217.6699981689453
2017-11-27,223.07000732421875
2017-11-28,225.009994506836
2017-11-29,222.7400054931641
2017-11-30,219.6000061035156
2017-12-01,218.0599975585937
2017-12-04,213.5599975585937
2017-12-05,212.1499938964844
2017-12-06,211.0599975585937
2017-12-07,210.3600006103516
2017-12-08,212.27999877929688
2017-12-11,217.47000122070312
2017-12-12,219.82000732421875
2017-12-13,216.9199981689453
2017-12-14,217.6999969482422
2017-12-15,222.1100006103516
2017-12-18,219.22000122070312
2017-12-19,218.8800048828125
2017-12-20,216.509994506836
2017-12-21,218.44000244140625
2017-12-22,218.9499969482422
2017-12-26,219.72999572753903
2017-12-27,219.97999572753903
2017-12-28,222.57000732421875
2017-12-29,221.259994506836
2018-01-02,216.47000122070312
2018-01-03,219.7700042724609
2018-01-04,221.7700042724609
2018-01-05,222.3500061035156
2018-01-08,218.75
2018-01-09,216.9499969482422
2018-01-10,219.97000122070312
2018-01-11,222.8099975585937
2018-01-12,224.1999969482422
2018-01-16,222.75
2018-01-17,226.0
2018-01-18,223.2400054931641
2018-01-19,224.6000061035156
2018-01-22,230.5
2018-01-23,231.63999938964844
2018-01-24,231.9600067138672
2018-01-25,230.92999267578125
2018-01-26,229.25
2018-01-29,228.82000732421875
2018-01-30,227.4499969482422
2018-01-31,229.8000030517578
2018-02-01,230.13999938964844
2018-02-02,229.6100006103516
2018-02-05,225.42999267578125
2018-02-06,242.32000732421875
2018-02-07,246.6999969482422
2018-02-08,241.0599975585937
2018-02-09,239.7700042724609
2018-02-12,239.47999572753903
2018-02-13,238.17999267578125
2018-02-14,242.58999633789065
2018-02-15,242.38999938964844
2018-02-16,243.259994506836
2018-02-20,243.259994506836
2018-02-21,239.94000244140625
2018-02-22,239.3999938964844
2018-02-23,242.94000244140625
2018-02-26,241.6300048828125
2018-02-27,243.17999267578125
2018-02-28,240.2400054931641
2018-03-01,238.3800048828125
2018-03-02,239.0
2018-03-05,254.3500061035156
2018-03-06,254.6999969482422
2018-03-07,255.57000732421875
2018-03-08,257.3099975585937
2018-03-09,262.6199951171875
2018-03-12,261.3900146484375
2018-03-13,261.7699890136719
2018-03-14,260.3699951171875
2018-03-15,259.3699951171875
2018-03-16,261.3999938964844
2018-03-19,262.6700134277344
2018-03-20,260.260009765625
2018-03-21,259.5899963378906
2018-03-22,253.2899932861328
2018-03-23,248.6300048828125
2018-03-26,252.4499969482422
2018-03-27,250.6999969482422
2018-03-28,258.3299865722656
2018-03-29,256.82000732421875
2018-04-02,254.4199981689453
2018-04-03,257.0400085449219
2018-04-04,258.2699890136719
2018-04-05,256.3900146484375
2018-04-06,254.25
2018-04-09,257.8399963378906
2018-04-10,256.20001220703125
2018-04-11,260.0
2018-04-12,250.6499938964844
2018-04-13,249.19000244140625
2018-04-16,250.9199981689453
2018-04-17,247.42999267578125
2018-04-18,243.8699951171875
2018-04-19,242.3500061035156
2018-04-20,246.9900054931641
2018-04-23,245.3600006103516
2018-04-24,244.6499938964844
2018-04-25,240.44000244140625
2018-04-26,231.91000366210932
2018-04-27,236.72000122070312
2018-04-30,232.6699981689453
2018-05-01,232.8999938964844
2018-05-02,228.1699981689453
2018-05-03,226.1499938964844
2018-05-04,227.5200042724609
2018-05-07,226.5399932861328
2018-05-08,227.1699981689453
2018-05-09,227.9499969482422
2018-05-10,228.19000244140625
2018-05-11,228.2899932861328
2018-05-14,226.91000366210932
2018-05-15,228.0200042724609
2018-05-16,229.07000732421875
2018-05-17,227.8000030517578
2018-05-18,226.5399932861328
2018-05-21,228.9199981689453
2018-05-22,229.0399932861328
2018-05-23,226.5399932861328
2018-05-24,226.52999877929688
2018-05-25,227.44000244140625
2018-05-29,224.72000122070312
2018-05-30,225.509994506836
2018-05-31,225.2899932861328
2018-06-01,225.9199981689453
2018-06-04,226.67999267578125
2018-06-05,226.5200042724609
2018-06-06,228.1000061035156
2018-06-07,230.0800018310547
2018-06-08,230.32000732421875
2018-06-11,228.47999572753903
2018-06-12,227.2899932861328
2018-06-13,227.33999633789065
2018-06-14,226.0
2018-06-15,226.6000061035156
2018-06-18,226.75
2018-06-19,229.22999572753903
2018-06-20,230.1300048828125
2018-06-21,228.6699981689453
2018-06-22,230.0
2018-06-25,232.6699981689453
2018-06-26,229.8999938964844
2018-06-27,228.72000122070312
2018-06-28,231.47999572753903
2018-06-29,230.47999572753903
2018-07-02,227.16000366210932
2018-07-03,226.38999938964844
2018-07-05,230.63999938964844
2018-07-06,230.4600067138672
2018-07-09,235.009994506836
2018-07-10,234.22000122070312
2018-07-11,233.75
2018-07-12,232.8500061035156
2018-07-13,231.5500030517578
2018-07-16,235.17999267578125
2018-07-17,235.1100006103516
2018-07-18,236.32000732421875
2018-07-19,234.3000030517578
2018-07-20,224.82000732421875
2018-07-23,225.259994506836
2018-07-24,223.47999572753903
2018-07-25,223.6199951171875
2018-07-26,227.25
2018-07-27,226.19000244140625
2018-07-30,223.7400054931641
2018-07-31,218.3500061035156
2018-08-01,219.8699951171875
2018-08-02,219.97000122070312
2018-08-03,220.69000244140625
2018-08-06,218.8999938964844
2018-08-07,218.3600006103516
2018-08-08,217.13999938964844
2018-08-09,215.2100067138672
2018-08-10,215.1699981689453
2018-08-13,214.9199981689453
2018-08-14,214.66000366210932
2018-08-15,216.2100067138672
2018-08-16,217.509994506836
2018-08-17,218.3999938964844
2018-08-20,220.3999938964844
2018-08-21,220.27999877929688
2018-08-22,219.9900054931641
2018-08-23,220.08999633789065
2018-08-24,220.8500061035156
2018-08-27,222.4900054931641
2018-08-28,222.4499969482422
2018-08-29,222.8600006103516
2018-08-30,222.4199981689453
2018-08-31,223.0200042724609
2018-09-04,221.5599975585937
2018-09-05,221.1000061035156
2018-09-06,219.3099975585937
2018-09-07,215.4900054931641
2018-09-10,209.83999633789065
2018-09-11,210.509994506836
2018-09-12,214.009994506836
2018-09-13,220.69000244140625
2018-09-14,223.3800048828125
2018-09-17,223.259994506836
2018-09-18,225.72999572753903
2018-09-19,229.5599975585937
2018-09-20,231.6999969482422
2018-09-21,233.1300048828125
2018-09-24,228.75
2018-09-25,229.0599975585937
2018-09-26,227.7899932861328
2018-09-27,228.19000244140625
2018-09-28,228.47000122070312
2018-10-01,224.3800048828125
2018-10-02,227.1199951171875
2018-10-03,225.9600067138672
2018-10-04,226.8800048828125
2018-10-05,226.9600067138672
2018-10-08,227.1999969482422
2018-10-09,229.509994506836
2018-10-10,217.72999572753903
2018-10-11,215.0
2018-10-12,212.9900054931641
2018-10-15,214.5200042724609
2018-10-16,215.3999938964844
2018-10-17,216.009994506836
2018-10-18,211.1199951171875
2018-10-19,216.17999267578125
2018-10-22,212.6300048828125
2018-10-23,209.9499969482422
2018-10-24,205.0800018310547
2018-10-25,207.5500030517578
2018-10-26,205.02999877929688
2018-10-29,206.4600067138672
2018-10-30,219.4900054931641
2018-10-31,217.8600006103516
2018-11-01,219.7700042724609
2018-11-02,219.3099975585937
2018-11-05,221.3500061035156
2018-11-06,223.509994506836
2018-11-07,224.0599975585937
2018-11-08,222.57000732421875
2018-11-09,221.22000122070312
2018-11-12,213.8300018310547
2018-11-13,214.1999969482422
2018-11-14,212.16000366210932
2018-11-15,214.5
2018-11-16,216.42999267578125
2018-11-19,215.8099975585937
2018-11-20,215.5
2018-11-21,214.5
2018-11-23,214.2400054931641
2018-11-26,217.1999969482422
2018-11-27,214.5800018310547
2018-11-28,216.5599975585937
2018-11-29,220.1199951171875
2018-11-30,222.0800018310547
2018-12-03,224.41000366210932
2018-12-04,222.5
2018-12-06,225.44000244140625
2018-12-07,228.8699951171875
2018-12-10,230.1699981689453
2018-12-11,222.6999969482422
2018-12-12,220.0200042724609
2018-12-13,217.72999572753903
2018-12-14,215.3099975585937
2018-12-17,217.77999877929688
2018-12-18,219.66000366210932
2018-12-19,220.16000366210932
2018-12-20,216.2400054931641
2018-12-21,213.2700042724609
2018-12-24,205.759994506836
2018-12-26,210.2400054931641
2018-12-27,214.83999633789065
2018-12-28,216.02999877929688
2018-12-31,217.759994506836
2019-01-02,213.66000366210932
2019-01-03,208.8000030517578
2019-01-04,214.91000366210932
2019-01-07,211.3699951171875
2019-01-08,213.3999938964844
2019-01-09,211.9900054931641
2019-01-10,214.44000244140625
2019-01-11,213.1699981689453
2019-01-14,213.67999267578125
2019-01-15,215.47999572753903
2019-01-16,212.72000122070312
2019-01-17,215.3300018310547
2019-01-18,216.69000244140625
2019-01-22,214.6699981689453
2019-01-23,217.6000061035156
2019-01-24,215.72000122070312
2019-01-25,213.4199981689453
2019-01-28,214.27999877929688
2019-01-29,214.1100006103516
2019-01-30,219.2700042724609
2019-01-31,219.0500030517578
2019-02-01,222.2899932861328
2019-02-04,219.66000366210932
2019-02-05,220.4499969482422
2019-02-06,222.3000030517578
2019-02-07,222.5
2019-02-08,221.8000030517578
2019-02-11,220.3800048828125
2019-02-12,212.38999938964844
2019-02-13,214.47000122070312
2019-02-14,214.0399932861328
2019-02-15,216.92999267578125
2019-02-19,219.57000732421875
2019-02-20,221.6499938964844
2019-02-21,222.8099975585937
2019-02-22,223.91000366210932
2019-02-25,223.1999969482422
2019-02-26,222.8099975585937
2019-02-27,224.2899932861328
2019-02-28,226.1100006103516
2019-03-01,225.38999938964844
2019-03-04,224.8800048828125
2019-03-05,223.02999877929688
2019-03-06,222.1100006103516
2019-03-07,218.13999938964844
2019-03-08,216.77999877929688
2019-03-11,217.92999267578125
2019-03-12,218.22999572753903
2019-03-13,218.3099975585937
2019-03-14,219.009994506836
2019-03-15,219.0500030517578
2019-03-18,220.38999938964844
2019-03-19,218.88999938964844
2019-03-20,211.9499969482422
2019-03-21,215.47999572753903
2019-03-22,214.9900054931641
2019-03-25,214.8000030517578
2019-03-26,215.47999572753903
2019-03-27,214.6499938964844
2019-03-28,215.3699951171875
2019-03-29,215.9600067138672
2019-04-01,217.3300018310547
2019-04-02,214.88999938964844
2019-04-03,216.13999938964844
2019-04-04,215.2899932861328
2019-04-05,216.3099975585937
2019-04-08,217.94000244140625
2019-04-09,214.69000244140625
2019-04-10,216.8099975585937
2019-04-11,221.91000366210932
2019-04-12,226.33999633789065
2019-04-15,226.2100067138672
2019-04-16,229.3000030517578
2019-04-17,228.69000244140625
2019-04-18,229.0399932861328
2019-04-22,228.509994506836
2019-04-23,229.7700042724609
2019-04-24,231.27999877929688
2019-04-25,228.5
2019-04-26,230.7100067138672
2019-04-29,231.3099975585937
2019-04-30,235.5
2019-05-01,236.4600067138672
2019-05-02,236.7899932861328
2019-05-03,238.66000366210932
2019-05-06,237.7899932861328
2019-05-07,246.88999938964844
2019-05-08,241.88999938964844
2019-05-09,245.66000366210932
2019-05-10,248.7400054931641
2019-05-13,246.5599975585937
2019-05-14,248.4499969482422
2019-05-15,248.259994506836
2019-05-16,249.4199981689453
2019-05-17,248.259994506836
2019-05-20,249.509994506836
2019-05-21,249.3300018310547
2019-05-22,250.3300018310547
2019-05-23,251.6000061035156
2019-05-24,249.91000366210932
2019-05-28,244.0599975585937
2019-05-29,244.6300048828125
2019-05-30,245.4199981689453
2019-05-31,247.66000366210932
2019-06-03,251.92999267578125
2019-06-04,248.2700042724609
2019-06-05,253.3099975585937
2019-06-06,252.91000366210932
2019-06-07,252.6499938964844
2019-06-10,252.1699981689453
2019-06-11,249.0500030517578
2019-06-12,250.27999877929688
2019-06-13,250.1100006103516
2019-06-14,251.0500030517578
2019-06-17,250.16000366210932
2019-06-18,250.13999938964844
2019-06-19,251.9600067138672
2019-06-20,252.5599975585937
2019-06-21,250.1499938964844
2019-06-24,251.509994506836
2019-06-25,251.3099975585937
2019-06-26,242.92999267578125
2019-06-27,244.3600006103516
2019-06-28,247.17999267578125
2019-07-01,250.47999572753903
2019-07-02,251.13999938964844
2019-07-03,254.9600067138672
2019-07-05,254.509994506836
2019-07-08,254.509994506836
2019-07-09,257.3900146484375
2019-07-10,258.2699890136719
2019-07-11,256.8800048828125
2019-07-12,257.7200012207031
2019-07-15,258.29998779296875
2019-07-16,255.2700042724609
2019-07-17,251.2100067138672
2019-07-18,252.0599975585937
2019-07-19,252.009994506836
2019-07-22,253.41000366210932
2019-07-23,253.2100067138672
2019-07-24,255.0
2019-07-25,255.5200042724609
2019-07-26,259.5199890136719
2019-07-29,256.79998779296875
2019-07-30,251.69000244140625
2019-07-31,246.63999938964844
2019-08-01,244.3300018310547
2019-08-02,243.1199951171875
2019-08-05,239.1499938964844
2019-08-06,244.8500061035156
2019-08-07,248.1999969482422
2019-08-08,251.6000061035156
2019-08-09,251.83999633789065
2019-08-12,250.0500030517578
2019-08-13,252.63999938964844
2019-08-14,246.5599975585937
2019-08-15,246.75
2019-08-16,249.2899932861328
2019-08-19,249.9199981689453
2019-08-20,246.7899932861328
2019-08-21,247.8500061035156
2019-08-22,248.8500061035156
2019-08-23,244.8800048828125
2019-08-26,247.1699981689453
2019-08-27,245.5500030517578
2019-08-28,239.509994506836
2019-08-29,239.88999938964844
2019-08-30,235.8800048828125
2019-09-03,241.6699981689453
2019-09-04,246.3600006103516
2019-09-05,248.7400054931641
2019-09-06,249.0
2019-09-09,251.7700042724609
2019-09-10,251.0200042724609
2019-09-11,254.82000732421875
2019-09-12,251.6999969482422
2019-09-13,256.3900146484375
2019-09-16,254.9499969482422
2019-09-17,260.44000244140625
2019-09-18,261.75
2019-09-19,262.2900085449219
2019-09-20,264.5
2019-09-23,265.0
2019-09-24,266.760009765625
2019-09-25,263.0599975585937
2019-09-26,266.3599853515625
2019-09-27,265.9800109863281
2019-09-30,266.0899963378906
2019-10-01,263.8500061035156
2019-10-02,259.20001220703125
2019-10-03,257.6099853515625
2019-10-04,259.70001220703125
2019-10-07,254.66000366210932
2019-10-08,250.4499969482422
2019-10-09,250.47999572753903
2019-10-10,249.5
2019-10-11,250.5
2019-10-14,250.6100006103516
2019-10-15,251.5399932861328
2019-10-16,252.72000122070312
2019-10-17,249.4600067138672
2019-10-18,251.0800018310547
2019-10-21,253.0200042724609
2019-10-22,248.509994506836
2019-10-23,249.3000030517578
2019-10-24,249.6699981689453
2019-10-25,248.58999633789065
2019-10-28,247.0200042724609
2019-10-29,256.239990234375
2019-10-30,254.5500030517578
2019-10-31,257.0899963378906
2019-11-01,259.3500061035156
2019-11-04,258.42999267578125
2019-11-05,259.17999267578125
2019-11-06,261.67999267578125
2019-11-07,263.5899963378906
2019-11-08,265.3500061035156
2019-11-11,266.6600036621094
2019-11-12,269.75
2019-11-13,266.9100036621094
2019-11-14,268.5
2019-11-15,267.1700134277344
2019-11-18,267.44000244140625
2019-11-19,267.0199890136719
2019-11-20,267.7099914550781
2019-11-21,267.1000061035156
2019-11-22,267.2300109863281
2019-11-25,269.82000732421875
2019-11-26,272.3699951171875
2019-11-27,272.760009765625
2019-11-29,271.260009765625
2019-12-02,268.8099975585937
2019-12-03,265.82000732421875
2019-12-04,267.5
2019-12-05,268.3999938964844
2019-12-06,268.95001220703125
2019-12-09,271.5599975585937
2019-12-10,270.29998779296875
2019-12-11,271.010009765625
2019-12-12,275.0599975585937
2019-12-13,274.6700134277344
2019-12-16,276.3699951171875
2019-12-17,279.010009765625
2019-12-18,276.1199951171875
2019-12-19,275.54998779296875
2019-12-20,277.2799987792969
2019-12-23,273.5
2019-12-24,274.5
2019-12-26,274.57000732421875
2019-12-27,276.010009765625
2019-12-30,277.45001220703125
2019-12-31,276.8399963378906
2020-01-02,278.1499938964844
2020-01-03,277.239990234375
2020-01-06,276.5899963378906
2020-01-07,274.1700134277344
2020-01-08,273.3399963378906
2020-01-09,276.239990234375
2020-01-10,274.8299865722656
2020-01-13,275.9599914550781
2020-01-14,274.6499938964844
2020-01-15,275.5400085449219
2020-01-16,277.42999267578125
2020-01-17,279.9700012207031
2020-01-21,280.0
2020-01-22,281.0
2020-01-23,280.9200134277344
2020-01-24,277.3500061035156
2020-01-27,272.67999267578125
2020-01-28,275.1400146484375
2020-01-29,274.6199951171875
2020-01-30,276.8800048828125
2020-01-31,276.57000732421875
2020-02-03,279.5899963378906
2020-02-04,277.5899963378906
2020-02-05,283.29998779296875
2020-02-06,280.45001220703125
2020-02-07,282.5799865722656
2020-02-10,285.8800048828125
2020-02-11,291.6400146484375
2020-02-12,287.67999267578125
2020-02-13,291.7799987792969
2020-02-14,291.3699951171875
2020-02-18,289.7900085449219
2020-02-19,290.5799865722656
2020-02-20,287.92999267578125
2020-02-21,289.8500061035156
2020-02-24,283.0400085449219
2020-02-25,278.54998779296875
2020-02-26,273.2300109863281
2020-02-27,261.8099975585937
2020-02-28,247.8800048828125
2020-03-02,258.1600036621094
2020-03-03,253.44000244140625
2020-03-04,269.3900146484375
2020-03-05,257.17999267578125
2020-03-06,253.509994506836
2020-03-09,234.7700042724609
2020-03-10,240.4499969482422
2020-03-11,227.9499969482422
2020-03-12,200.82000732421875
2020-03-13,213.08999633789065
2020-03-16,182.6100006103516
2020-03-17,198.02999877929688
2020-03-18,188.7100067138672
2020-03-19,187.2400054931641
2020-03-20,194.6499938964844
2020-03-23,171.9600067138672
2020-03-24,185.5800018310547
2020-03-25,174.8300018310547
2020-03-26,195.3300018310547
2020-03-27,189.2899932861328
2020-03-30,198.4900054931641
2020-03-31,192.4199981689453
2020-04-01,181.2400054931641
2020-04-02,187.6699981689453
2020-04-03,178.02000427246094
2020-04-06,189.92999267578125
2020-04-07,191.25
2020-04-08,197.8000030517578
2020-04-09,212.3000030517578
2020-04-13,202.13999938964844
2020-04-14,203.1199951171875
2020-04-15,191.02999877929688
2020-04-16,187.1499938964844
2020-04-17,196.3500061035156
2020-04-20,190.5200042724609
2020-04-21,179.60000610351562
2020-04-22,179.3800048828125
2020-04-23,177.08999633789062
2020-04-24,170.80999755859375
2020-04-27,175.72000122070312
2020-04-28,179.64999389648438
2020-04-29,184.4499969482422
2020-04-30,173.1300048828125
2020-05-01,165.00999450683594
2020-05-04,162.82000732421875
2020-05-05,167.7100067138672
2020-05-06,164.47000122070312
2020-05-07,173.8300018310547
2020-05-08,176.8000030517578
2020-05-11,178.99000549316406
2020-05-12,172.00999450683594
2020-05-13,164.22000122070312
2020-05-14,161.72000122070312
2020-05-15,168.94000244140625
2020-05-18,180.3600006103516
2020-05-19,186.3600006103516
2020-05-20,199.22999572753903
2020-05-21,206.009994506836
2020-05-22,205.67999267578125
2020-05-26,203.32000732421875
2020-05-27,203.0599975585937
2020-05-28,204.509994506836
2020-05-29,198.41000366210932
2020-06-01,193.7700042724609
2020-06-02,206.0500030517578
2020-06-03,213.259994506836
2020-06-04,217.1300048828125
2020-06-05,226.1499938964844
2020-06-08,231.07000732421875
2020-06-09,227.4600067138672
2020-06-10,221.69000244140625
2020-06-11,211.0
2020-06-12,214.9499969482422
2020-06-15,216.8800048828125
2020-06-16,220.5800018310547
2020-06-17,215.9199981689453
2020-06-18,215.5
2020-06-19,215.72999572753903
2020-06-22,213.3699951171875
2020-06-23,213.009994506836
2020-06-24,206.0
2020-06-25,207.2700042724609
2020-06-26,200.8699951171875
2020-06-29,202.52999877929688
2020-06-30,206.1999969482422
2020-07-01,203.88999938964844
2020-07-02,200.9499969482422
2020-07-06,205.9900054931641
2020-07-07,203.72000122070312
2020-07-08,204.41000366210932
2020-07-09,198.0599975585937
2020-07-10,206.7899932861328
2020-07-13,207.67999267578125
2020-07-14,211.44000244140625
2020-07-15,218.2899932861328
2020-07-16,223.1000061035156
2020-07-17,222.6199951171875
2020-07-20,219.8500061035156
2020-07-21,220.5800018310547
2020-07-22,223.8099975585937
2020-07-23,223.0599975585937
2020-07-24,224.009994506836
2020-07-27,220.8000030517578
2020-07-28,216.32000732421875
2020-07-29,219.94000244140625
2020-07-30,216.08999633789065
2020-07-31,218.7899932861328
2020-08-03,220.9600067138672
2020-08-04,217.16000366210932
2020-08-05,219.1199951171875
2020-08-06,223.66000366210932
2020-08-07,232.19000244140625
2020-08-10,231.8800048828125
2020-08-11,228.2700042724609
2020-08-12,227.72000122070312
2020-08-13,225.259994506836
2020-08-14,225.27999877929688
2020-08-17,221.92999267578125
2020-08-18,220.72000122070312
2020-08-19,217.3099975585937
2020-08-20,216.3600006103516
2020-08-21,213.8099975585937
2020-08-24,218.6300048828125
2020-08-25,218.83999633789065
2020-08-26,216.97000122070312
2020-08-27,221.8800048828125
2020-08-28,221.6699981689453
2020-08-31,220.0800018310547
2020-09-01,217.8699951171875
2020-09-02,217.91000366210932
2020-09-03,216.0
2020-09-04,215.5500030517578
2020-09-08,211.5500030517578
2020-09-09,213.58999633789065
2020-09-10,207.58999633789065
2020-09-11,206.33999633789065
2020-09-14,209.6999969482422
2020-09-15,206.1199951171875
2020-09-16,206.27999877929688
2020-09-17,204.9600067138672
2020-09-18,201.3500061035156
2020-09-21,202.3099975585937
2020-09-22,200.1100006103516
2020-09-23,197.1000061035156
2020-09-24,199.6699981689453
2020-09-25,198.63999938964844
2020-09-28,201.6000061035156
2020-09-29,199.77999877929688
2020-09-30,197.5399932861328
2020-10-01,196.92999267578125
2020-10-02,198.66000366210932
2020-10-05,203.97999572753903
2020-10-06,199.82000732421875
2020-10-07,198.3300018310547
2020-10-08,204.08999633789065
2020-10-09,204.94000244140625
2020-10-12,205.6999969482422
2020-10-13,202.509994506836
2020-10-14,202.3600006103516
2020-10-15,201.8000030517578
2020-10-16,200.8000030517578
2020-10-19,197.2899932861328
2020-10-20,199.83999633789065
2020-10-21,205.47000122070312
2020-10-22,207.0399932861328
2020-10-23,214.0200042724609
2020-10-26,209.1100006103516
2020-10-27,202.1000061035156
2020-10-28,196.1999969482422
2020-10-29,202.1100006103516
2020-10-30,197.0800018310547
2020-11-02,207.0
2020-11-03,215.63999938964844
2020-11-04,211.63999938964844
2020-11-05,211.8300018310547
2020-11-06,210.67999267578125
2020-11-09,231.69000244140625
2020-11-10,240.1999969482422
2020-11-11,235.02999877929688
2020-11-12,230.3000030517578
2020-11-13,232.3099975585937
2020-11-16,238.8000030517578
2020-11-17,238.38999938964844
2020-11-18,235.1300048828125
2020-11-19,233.8300018310547
2020-11-20,231.1000061035156
2020-11-23,233.72999572753903
2020-11-24,241.5399932861328
2020-11-25,237.4900054931641
2020-11-27,233.4499969482422
2020-11-30,227.3300018310547
2020-12-01,230.7100067138672
2020-12-02,232.38999938964844
2020-12-03,232.57000732421875
2020-12-04,234.63999938964844
2020-12-07,230.32000732421875
2020-12-08,234.7400054931641
2020-12-09,236.0
2020-12-10,235.82000732421875
2020-12-11,231.6199951171875
2020-12-14,229.6999969482422
2020-12-15,233.2700042724609
2020-12-16,233.3699951171875
2020-12-17,235.16000366210932
2020-12-18,232.52999877929688
2020-12-21,229.13999938964844
2020-12-22,228.13999938964844
2020-12-23,229.5500030517578
2020-12-24,229.17999267578125
2020-12-28,230.77999877929688
2020-12-29,229.3300018310547
2020-12-30,230.3600006103516
2020-12-31,234.08999633789065
2021-01-04,228.1100006103516
2021-01-05,226.22999572753903
2021-01-06,239.63999938964844
2021-01-07,241.3600006103516
2021-01-08,238.97000122070312
2021-01-11,237.25
2021-01-12,239.4199981689453
2021-01-13,238.2400054931641
2021-01-14,235.1999969482422
2021-01-15,231.1999969482422
2021-01-19,232.7400054931641
2021-01-20,236.5800018310547
2021-01-21,231.8000030517578
2021-01-22,228.9199981689453
2021-01-25,228.25
2021-01-26,227.1699981689453
2021-01-27,218.92999267578125
2021-01-28,217.1000061035156
2021-01-29,211.0800018310547
2021-02-01,211.5
2021-02-02,214.1100006103516
2021-02-03,214.27999877929688
2021-02-04,220.92999267578125
2021-02-05,219.3999938964844
2021-02-08,225.19000244140625
2021-02-09,233.0399932861328
2021-02-10,234.69000244140625
2021-02-11,244.9499969482422
2021-02-12,243.5399932861328
2021-02-16,240.44000244140625
2021-02-17,242.72000122070312
2021-02-18,240.8999938964844
2021-02-19,239.3000030517578
2021-02-22,241.8099975585937
2021-02-23,239.97999572753903
2021-02-24,244.72000122070312
2021-02-25,238.97000122070312
2021-02-26,241.8099975585937
2021-03-01,242.63999938964844
2021-03-02,241.9199981689453
2021-03-03,242.22999572753903
2021-03-04,239.67999267578125
2021-03-05,246.8999938964844
2021-03-08,251.0399932861328
2021-03-09,247.1499938964844
2021-03-10,250.22000122070312
2021-03-11,249.4199981689453
2021-03-12,252.82000732421875
2021-03-15,255.97000122070312
2021-03-16,253.3699951171875
2021-03-17,251.27999877929688
2021-03-18,251.9499969482422
2021-03-19,245.8300018310547
2021-03-22,243.8800048828125
2021-03-23,241.3600006103516
2021-03-24,242.9499969482422
2021-03-25,247.8600006103516
2021-03-26,250.1499938964844
2021-03-29,254.08999633789065
2021-03-30,254.2899932861328
2021-03-31,247.8099975585937
2021-04-01,251.1100006103516
2021-04-05,251.009994506836
2021-04-06,253.5800018310547
2021-04-07,255.759994506836
2021-04-08,253.3000030517578
2021-04-09,254.7700042724609
2021-04-12,254.97999572753903
2021-04-13,256.07000732421875
2021-04-14,259.45001220703125
2021-04-15,262.79998779296875
2021-04-16,262.1000061035156
2021-04-19,264.0
2021-04-20,262.42999267578125
2021-04-21,267.6400146484375
2021-04-22,264.510009765625
2021-04-23,266.82000732421875
2021-04-26,266.0
2021-04-27,267.04998779296875
2021-04-28,266.1199951171875
2021-04-29,272.45001220703125
2021-04-30,276.95001220703125
2021-05-03,272.07000732421875
2021-05-04,273.4200134277344
2021-05-05,273.1099853515625
2021-05-06,273.32000732421875
2021-05-07,273.1000061035156
2021-05-10,272.8099975585937
2021-05-11,265.57000732421875
2021-05-12,262.44000244140625
2021-05-13,270.9599914550781
2021-05-14,271.42999267578125
2021-05-17,272.1099853515625
2021-05-18,271.510009765625
2021-05-19,269.20001220703125
2021-05-20,268.4200134277344
2021-05-21,264.2900085449219
2021-05-24,263.57000732421875
2021-05-25,254.44000244140625
2021-05-26,254.6999969482422
2021-05-27,259.92999267578125
2021-05-28,259.9599914550781
2021-06-01,259.79998779296875
2021-06-02,257.0899963378906
2021-06-03,257.0
2021-06-04,259.3699951171875
2021-06-07,257.7900085449219
2021-06-08,259.1700134277344
2021-06-09,257.6499938964844
2021-06-10,254.8800048828125
2021-06-11,253.83999633789065
2021-06-14,254.02999877929688
2021-06-15,256.5799865722656
2021-06-16,254.19000244140625
2021-06-17,245.52999877929688
2021-06-18,236.2100067138672
2021-06-21,243.5800018310547
2021-06-22,244.44000244140625
2021-06-23,245.77999877929688
2021-06-24,252.6100006103516
2021-06-25,256.239990234375
2021-06-28,251.5500030517578
2021-06-29,253.0
2021-06-30,252.009994506836
2021-07-01,256.82000732421875
2021-07-02,252.3500061035156
2021-07-06,248.3800048828125
2021-07-07,250.97999572753903
2021-07-08,242.9900054931641
2021-07-09,247.8600006103516
2021-07-12,248.8999938964844
2021-07-13,244.6699981689453
2021-07-14,245.2100067138672
2021-07-15,246.3699951171875
2021-07-16,246.77999877929688
2021-07-19,236.67999267578125
2021-07-20,241.25
2021-07-21,244.52999877929688
2021-07-22,242.72000122070312
2021-07-23,242.7899932861328
2021-07-26,243.58999633789065
2021-07-27,245.02999877929688
2021-07-28,243.3999938964844
2021-07-29,247.5800018310547
2021-07-30,252.8300018310547
2021-08-02,254.759994506836
2021-08-03,259.8099975585937
2021-08-04,258.19000244140625
2021-08-05,259.17999267578125
2021-08-06,262.6700134277344
2021-08-09,262.75
2021-08-10,264.2900085449219
2021-08-11,268.8099975585937
2021-08-12,271.4200134277344
2021-08-13,272.9200134277344
2021-08-16,271.67999267578125
2021-08-17,273.67999267578125
2021-08-18,271.5799865722656
2021-08-19,271.42999267578125
2021-08-20,271.94000244140625
2021-08-23,272.8299865722656
2021-08-24,272.1700134277344
2021-08-25,272.7099914550781
2021-08-26,266.3699951171875
2021-08-27,267.9100036621094
2021-08-30,263.0199890136719
2021-08-31,264.8999938964844
2021-09-01,261.25
2021-09-02,259.1300048828125
2021-09-03,256.6400146484375
2021-09-07,252.17999267578125
2021-09-08,263.42999267578125
2021-09-09,260.0799865722656
2021-09-10,255.33999633789065
2021-09-13,257.1400146484375
2021-09-14,253.91000366210932
2021-09-15,253.38999938964844
2021-09-16,252.32000732421875
2021-09-17,255.8600006103516
2021-09-20,253.32000732421875
2021-09-21,252.8999938964844
2021-09-22,253.3800048828125
2021-09-23,255.22000122070312
2021-09-24,255.7400054931641
2021-09-27,258.8900146484375
2021-09-28,254.38999938964844
2021-09-29,253.0399932861328
2021-09-30,250.77999877929688
2021-10-01,252.02999877929688
2021-10-04,250.41000366210932
2021-10-05,255.7700042724609
2021-10-06,260.8500061035156
2021-10-07,266.07000732421875
2021-10-08,268.6000061035156
2021-10-11,265.44000244140625
2021-10-12,265.7900085449219
2021-10-13,266.19000244140625
2021-10-14,277.8699951171875
2021-10-15,278.4599914550781
2021-10-18,276.3500061035156
2021-10-19,276.6400146484375
2021-10-20,279.010009765625
2021-10-21,279.5799865722656
2021-10-22,280.9200134277344
2021-10-25,282.6400146484375
2021-10-26,286.6199951171875
2021-10-27,280.17999267578125
2021-10-28,267.3999938964844
2021-10-29,261.5
2021-11-01,265.4200134277344
2021-11-02,273.8099975585937
2021-11-03,273.9700012207031
2021-11-04,268.8099975585937
2021-11-05,273.54998779296875
2021-11-08,273.69000244140625
2021-11-09,272.44000244140625
2021-11-10,270.32000732421875
2021-11-11,272.82000732421875
2021-11-12,274.1499938964844
2021-11-15,275.5
2021-11-16,278.5400085449219
2021-11-17,278.1300048828125
2021-11-18,274.3999938964844
2021-11-19,267.1099853515625
2021-11-22,273.8699951171875
2021-11-23,279.489990234375
2021-11-24,277.8999938964844
2021-11-26,268.3999938964844
2021-11-29,264.3699951171875
2021-11-30,256.3800048828125
2021-12-01,256.8999938964844
2021-12-02,263.8299865722656
2021-12-03,262.4700012207031
2021-12-06,266.9700012207031
2021-12-07,270.8900146484375
2021-12-08,273.8299865722656
2021-12-09,271.19000244140625
2021-12-10,269.9700012207031
2021-12-13,267.4800109863281
2021-12-14,269.7099914550781
2021-12-15,269.8800048828125
2021-12-16,270.5599975585937
2021-12-17,266.92999267578125
2021-12-20,261.6700134277344
2021-12-21,264.8399963378906
2021-12-22,263.07000732421875
2021-12-23,267.0199890136719
2021-12-27,271.2200012207031
2021-12-28,274.2300109863281
2021-12-29,276.20001220703125
2021-12-30,274.2099914550781
2021-12-31,273.9200134277344
2022-01-03,272.7900085449219
2022-01-04,272.8699951171875
2022-01-05,269.25
2022-01-06,274.3099975585937
2022-01-07,279.1700134277344
2022-01-10,280.20001220703125
2022-01-11,285.6400146484375
2022-01-12,283.0199890136719
2022-01-13,284.6000061035156
2022-01-14,290.29998779296875
2022-01-18,290.8999938964844
2022-01-19,287.3399963378906
2022-01-20,287.1000061035156
2022-01-21,284.0299987792969
2022-01-24,284.1099853515625
2022-01-25,285.2900085449219
2022-01-26,281.760009765625
2022-01-27,277.94000244140625
2022-01-28,280.75
2022-01-31,283.3999938964844
2022-02-01,284.5299987792969
2022-02-02,290.2099914550781
2022-02-03,285.239990234375
2022-02-04,285.989990234375
2022-02-07,286.760009765625
2022-02-08,290.3699951171875
2022-02-09,289.1199951171875
2022-02-10,291.44000244140625
2022-02-11,294.92999267578125
2022-02-14,293.1199951171875
2022-02-15,300.6300048828125
2022-02-16,303.0799865722656
2022-02-17,302.760009765625
2022-02-18,304.4200134277344
2022-02-22,300.44000244140625
2022-02-23,300.0799865722656
2022-02-24,291.5
2022-02-25,302.32000732421875
2022-02-28,298.2200012207031
2022-03-01,284.0899963378906
2022-03-02,292.6700134277344
2022-03-03,289.1099853515625
2022-03-04,282.4100036621094
2022-03-07,267.3500061035156
2022-03-08,267.3599853515625
2022-03-09,275.4800109863281
2022-03-10,273.7900085449219
2022-03-11,271.4100036621094
2022-03-14,272.010009765625
2022-03-15,278.760009765625
2022-03-16,283.3999938964844
2022-03-17,285.17999267578125
2022-03-18,286.6600036621094
2022-03-21,286.8999938964844
2022-03-22,292.2900085449219
2022-03-23,291.8399963378906
2022-03-24,295.0
2022-03-25,299.010009765625
2022-03-28,297.7699890136719
2022-03-29,302.5799865722656
2022-03-30,304.7200012207031
2022-03-31,301.3800048828125
2022-04-01,307.1000061035156
2022-04-04,297.2900085449219
2022-04-05,298.8800048828125
2022-04-06,297.5400085449219
2022-04-07,296.5400085449219
2022-04-08,297.82000732421875
2022-04-11,296.9599914550781
2022-04-12,289.9200134277344
2022-04-13,291.7699890136719
2022-04-14,290.57000732421875
2022-04-18,290.07000732421875
2022-04-19,291.1300048828125
2022-04-20,297.42999267578125
2022-04-21,293.0599975585937
2022-04-22,286.17999267578125
2022-04-25,284.239990234375
2022-04-26,278.510009765625
2022-04-27,284.79998779296875
2022-04-28,282.6600036621094
2022-04-29,274.7099914550781
2022-05-02,277.42999267578125
2022-05-03,279.5299987792969
2022-05-04,286.20001220703125
2022-05-05,284.1400146484375
2022-05-06,287.32000732421875
2022-05-09,280.5599975585937
2022-05-10,279.2900085449219
2022-05-11,278.5599975585937
2022-05-12,273.989990234375
2022-05-13,280.0199890136719
2022-05-16,282.3800048828125
2022-05-17,289.5299987792969
2022-05-18,280.3900146484375
2022-05-19,276.3399963378906
2022-05-20,270.57000732421875
2022-05-23,274.4200134277344
2022-05-24,273.94000244140625
2022-05-25,274.4200134277344
2022-05-26,279.2099914550781
2022-05-27,284.7900085449219
2022-05-31,282.5
2022-06-01,278.5199890136719
2022-06-02,281.6300048828125
2022-06-03,280.2900085449219
2022-06-06,285.3900146484375
2022-06-07,288.2099914550781
2022-06-08,281.7900085449219
2022-06-09,277.92999267578125
2022-06-10,278.1000061035156
2022-06-13,269.67999267578125
2022-06-14,272.6700134277344
2022-06-15,275.260009765625
2022-06-16,265.0
2022-06-17,269.1199951171875
2022-06-21,270.8900146484375
2022-06-22,271.5799865722656
2022-06-23,272.2300109863281
2022-06-24,283.19000244140625
2022-06-27,283.0299987792969
2022-06-28,280.42999267578125
2022-06-29,278.5400085449219
2022-06-30,280.2799987792969
2022-07-01,283.7799987792969
2022-07-05,277.4200134277344
2022-07-06,281.5
2022-07-07,285.6700134277344
2022-07-08,280.7200012207031
2022-07-11,279.8599853515625
2022-07-12,276.8500061035156
2022-07-13,276.92999267578125
2022-07-14,263.1400146484375
2022-07-15,263.17999267578125
2022-07-18,261.6300048828125
2022-07-19,269.9800109863281
2022-07-20,269.54998779296875
2022-07-21,270.239990234375
2022-07-22,271.94000244140625
2022-07-25,273.8099975585937
2022-07-26,271.82000732421875
2022-07-27,271.1199951171875
2022-07-28,258.260009765625
2022-07-29,261.3500061035156
2022-08-01,252.3600006103516
2022-08-02,249.27999877929688
2022-08-03,253.22000122070312
2022-08-04,251.8099975585937
2022-08-05,255.66000366210932
2022-08-08,257.79998779296875
2022-08-09,260.82000732421875
2022-08-10,264.3099975585937
2022-08-11,271.2200012207031
2022-08-12,275.54998779296875
2022-08-15,275.1400146484375
2022-08-16,277.29998779296875
2022-08-17,278.1700134277344
2022-08-18,282.19000244140625
2022-08-19,281.5
2022-08-22,274.6600036621094
2022-08-23,272.6700134277344
2022-08-24,273.7099914550781
2022-08-25,276.8299865722656
2022-08-26,272.9200134277344
2022-08-29,272.1300048828125
2022-08-30,269.5
2022-08-31,269.04998779296875
2022-09-01,272.3500061035156
2022-09-02,274.010009765625
2022-09-06,274.3999938964844
2022-09-07,281.4200134277344
2022-09-08,285.5299987792969
2022-09-09,282.69000244140625
2022-09-12,282.8299865722656
2022-09-13,279.4800109863281
2022-09-14,280.1499938964844
2022-09-15,285.0199890136719
2022-09-16,283.07000732421875
2022-09-19,284.0199890136719
2022-09-20,271.4599914550781
2022-09-21,260.82000732421875
2022-09-22,257.5
2022-09-23,255.1199951171875
2022-09-26,245.7899932861328
2022-09-27,253.8500061035156
2022-09-28,259.44000244140625
2022-09-29,267.5
2022-09-30,262.44000244140625
2022-10-03,265.8900146484375
2022-10-04,276.94000244140625
2022-10-05,273.7300109863281
2022-10-06,272.3099975585937
2022-10-07,264.42999267578125
2022-10-10,267.5
2022-10-11,267.69000244140625
2022-10-12,260.8399963378906
2022-10-13,273.8800048828125
2022-10-14,270.3099975585937
2022-10-17,273.6499938964844
2022-10-18,278.260009765625
2022-10-19,279.67999267578125
2022-10-20,270.010009765625
2022-10-21,279.8800048828125
2022-10-24,284.3900146484375
2022-10-25,283.0599975585937
2022-10-26,281.5799865722656
2022-10-27,301.760009765625
2022-10-28,321.6400146484375
2022-10-31,322.6600036621094
2022-11-01,316.0299987792969
2022-11-02,321.8699951171875
2022-11-03,331.07000732421875
2022-11-04,333.1600036621094
2022-11-07,328.7699890136719
2022-11-08,325.67999267578125
2022-11-09,320.0400085449219
2022-11-10,320.19000244140625
2022-11-11,308.7099914550781
2022-11-14,310.0799865722656
2022-11-15,316.2099914550781
2022-11-16,317.3999938964844
2022-11-17,317.3800048828125
2022-11-18,323.489990234375
2022-11-21,324.04998779296875
2022-11-22,327.25
2022-11-23,328.9100036621094
2022-11-25,334.4200134277344
2022-11-28,329.1400146484375
2022-11-29,332.79998779296875
2022-11-30,337.94000244140625
2022-12-01,330.3399963378906
2022-12-02,333.4700012207031
2022-12-05,330.5899963378906
2022-12-06,336.760009765625
2022-12-07,332.95001220703125
2022-12-08,333.739990234375
2022-12-09,332.5599975585937
2022-12-12,332.5400085449219
2022-12-13,331.3500061035156
2022-12-14,325.3900146484375
2022-12-15,322.489990234375
2022-12-16,323.1099853515625
2022-12-19,322.3800048828125
2022-12-20,327.010009765625
2022-12-21,335.2300109863281
2022-12-22,332.79998779296875
2022-12-23,334.9200134277344
2022-12-27,336.0799865722656
2022-12-28,333.95001220703125
2022-12-29,334.8599853515625
2022-12-30,331.2699890136719
2023-01-03,333.3800048828125
2023-01-04,341.0899963378906
2023-01-05,342.1400146484375
2023-01-06,351.3999938964844
2023-01-09,352.69000244140625
2023-01-10,358.95001220703125
2023-01-11,352.7699890136719
2023-01-12,349.6099853515625
2023-01-13,352.9100036621094
2023-01-17,346.6700134277344
2023-01-18,345.4800109863281
2023-01-19,344.489990234375
2023-01-20,338.32000732421875
2023-01-23,338.9100036621094
2023-01-24,343.5
2023-01-25,350.8399963378906
2023-01-26,357.04998779296875
2023-01-27,350.989990234375
2023-01-30,346.9200134277344
2023-01-31,349.69000244140625
2023-02-01,356.3299865722656
2023-02-02,341.42999267578125
2023-02-03,342.3900146484375
2023-02-06,345.7900085449219
2023-02-07,355.1300048828125
2023-02-08,357.0899963378906
2023-02-09,378.4599914550781
2023-02-10,379.4800109863281
2023-02-13,382.0
2023-02-14,379.6600036621094
2023-02-15,384.4700012207031
2023-02-16,380.3599853515625
2023-02-17,386.75
2023-02-21,381.7300109863281
2023-02-22,379.7799987792969
2023-02-23,380.760009765625
2023-02-24,386.1700134277344
2023-02-27,381.1199951171875
2023-02-28,383.9700012207031
2023-03-01,390.8399963378906
2023-03-02,383.3800048828125
2023-03-03,382.7699890136719
2023-03-06,381.3299865722656
2023-03-07,383.2200012207031
2023-03-08,382.1099853515625
2023-03-09,368.1600036621094
2023-03-10,356.8999938964844
2023-03-13,346.1400146484375
2023-03-14,358.6700134277344
2023-03-15,338.3800048828125
2023-03-16,354.25
2023-03-17,334.1700134277344
2023-03-20,347.8699951171875
2023-03-21,353.75
2023-03-22,345.8699951171875
2023-03-23,341.7900085449219
2023-03-24,344.8299865722656
2023-03-27,349.7300109863281
2023-03-28,353.8800048828125
2023-03-29,359.0199890136719
2023-03-30,356.1099853515625
2023-03-31,358.0199890136719
2023-04-03,361.9500122070313
2023-04-04,358.5599975585937
2023-04-05,363.0
2023-04-06,362.1000061035156
2023-04-10,364.75
2023-04-11,363.2799987792969
2023-04-12,365.6000061035156
2023-04-13,362.7200012207031
2023-04-14,359.2099914550781
2023-04-17,363.7999877929688
2023-04-18,369.6499938964844
2023-04-19,374.3399963378906
2023-04-20,375.6000061035156
2023-04-21,370.6199951171875
2023-04-24,371.2900085449219
2023-04-25,370.0
2023-04-26,368.9400024414063
2023-04-27,373.8699951171875
2023-04-28,378.0
2023-05-01,380.3399963378906
2023-05-02,382.0
2023-05-03,376.0400085449219
2023-05-04,371.5499877929688
2023-05-05,375.3999938964844
2023-05-08,383.2200012207031
2023-05-09,382.8699951171875
2023-05-10,385.9800109863281
2023-05-11,387.1000061035156
2023-05-12,385.8800048828125
2023-05-15,383.25
2023-05-16,378.3999938964844
2023-05-17,369.0
2023-05-18,377.5
2023-05-19,376.4700012207031
2023-05-22,361.489990234375
2023-05-23,365.010009765625
2023-05-24,361.4299926757813
2023-05-25,359.95001220703125
2023-05-26,350.0599975585937
2023-05-30,351.4100036621094
2023-05-31,340.0199890136719
2023-06-01,339.42999267578125
2023-06-02,343.1300048828125
2023-06-05,342.5299987792969
2023-06-06,349.510009765625
2023-06-07,348.95001220703125
2023-06-08,341.6499938964844
2023-06-09,344.5899963378906
2023-06-12,338.67999267578125
2023-06-13,346.42999267578125
2023-06-14,341.1099853515625
2023-06-15,344.25
2023-06-16,352.3500061035156
2023-06-20,352.739990234375
2023-06-21,351.8500061035156
2023-06-22,353.42999267578125
2023-06-23,345.6600036621094
2023-06-26,339.9700012207031
2023-06-27,337.8999938964844
2023-06-28,332.8699951171875
2023-06-29,339.6600036621094
2023-06-30,341.8599853515625
2023-07-03,341.8699951171875
2023-07-05,339.6300048828125
2023-07-06,341.2799987792969
2023-07-07,351.2799987792969
2023-07-10,347.0599975585937
2023-07-11,351.82000732421875
2023-07-12,352.6400146484375
2023-07-13,353.739990234375
2023-07-14,352.6600036621094
2023-07-17,359.0199890136719
2023-07-18,358.0400085449219
2023-07-19,357.2300109863281
2023-07-20,365.05999755859375
2023-07-21,366.9599914550781
2023-07-24,370.1099853515625
2023-07-25,366.5700073242188
2023-07-26,364.75
2023-07-27,357.8399963378906
2023-07-28,359.1499938964844
2023-07-31,360.510009765625
2023-08-01,359.2300109863281
2023-08-02,359.54998779296875
2023-08-03,362.2999877929688
2023-08-04,355.29998779296875
2023-08-07,358.6700134277344
2023-08-08,346.0599975585937
2023-08-09,359.0
2023-08-10,358.6000061035156
2023-08-11,356.0199890136719
2023-08-14,355.760009765625
2023-08-15,354.8800048828125
2023-08-16,354.9100036621094
2023-08-17,347.19000244140625
2023-08-18,348.3999938964844
2023-08-21,348.6000061035156
2023-08-22,346.79998779296875
2023-08-23,352.6099853515625
2023-08-24,358.0799865722656
2023-08-25,352.8800048828125
2023-08-28,351.75
2023-08-29,359.8500061035156
2023-08-30,362.7000122070313
2023-08-31,360.6799926757813
2023-09-01,364.7999877929688
2023-09-05,361.6600036621094
2023-09-06,366.30999755859375
2023-09-07,367.2200012207031
2023-09-08,370.7000122070313
2023-09-11,377.8500061035156
2023-09-12,376.2900085449219
2023-09-13,375.1600036621094
2023-09-14,380.1700134277344
2023-09-15,379.2099914550781
2023-09-18,384.3699951171875
2023-09-19,388.6300048828125
2023-09-20,391.989990234375
2023-09-21,392.4700012207031
2023-09-22,391.7999877929688
2023-09-25,388.6900024414063
2023-09-26,386.0700073242188
2023-09-27,381.7200012207031
2023-09-28,381.489990234375
2023-09-29,371.6700134277344
2023-10-02,375.6199951171875
2023-10-03,372.1900024414063
2023-10-04,385.2900085449219
2023-10-05,387.0799865722656
2023-10-06,391.7799987792969
2023-10-09,390.0799865722656
2023-10-10,385.30999755859375
2023-10-11,392.5
2023-10-12,393.8800048828125
2023-10-13,398.3800048828125
2023-10-16,405.2799987792969
2023-10-17,408.0400085449219
2023-10-18,406.25
2023-10-19,401.8500061035156
2023-10-20,396.0199890136719
2023-10-23,389.0299987792969
2023-10-24,397.1000061035156
2023-10-25,396.6900024414063
2023-10-26,383.2200012207031
2023-10-27,385.5799865722656
2023-10-30,392.6400146484375
2023-10-31,395.6199951171875
2023-11-01,402.3900146484375
2023-11-02,382.0400085449219
2023-11-03,385.4100036621094
2023-11-06,382.7699890136719
2023-11-07,383.989990234375
2023-11-08,381.2699890136719
2023-11-09,380.1700134277344
2023-11-10,384.6799926757813
2023-11-13,385.8500061035156
2023-11-14,393.1600036621094
2023-11-15,390.0199890136719
2023-11-16,399.30999755859375
2023-11-17,396.2999877929688
2023-11-20,399.7000122070313
2023-11-21,406.989990234375
2023-11-22,408.010009765625
2023-11-24,414.25
2023-11-27,414.5899963378906
2023-11-28,406.25
2023-11-29,402.3399963378906
2023-11-30,410.5499877929688
2023-12-01,407.6300048828125
2023-12-04,399.05999755859375
2023-12-05,397.1900024414063
2023-12-06,390.3699951171875
2023-12-07,383.3599853515625
2023-12-08,384.7799987792969
2023-12-11,390.7300109863281
2023-12-12,396.1300048828125
2023-12-13,386.8299865722656
2023-12-14,360.7799987792969
2023-12-15,356.0799865722656
2023-12-18,363.7999877929688
2023-12-19,364.989990234375
2023-12-20,356.7900085449219
2023-12-21,357.6300048828125
2023-12-22,353.6400146484375
2023-12-26,351.2799987792969
2023-12-27,350.69000244140625
2023-12-28,352.6099853515625
2023-12-29,353.5799865722656
2024-01-02,361.6499938964844
2024-01-03,363.9500122070313
2024-01-04,367.6900024414063
2024-01-05,371.4100036621094
2024-01-08,372.5
2024-01-09,368.510009765625
2024-01-10,370.5
2024-01-11,374.3699951171875
2024-01-12,370.4299926757813
2024-01-16,369.2300109863281
2024-01-17,365.2000122070313
2024-01-18,368.9200134277344
2024-01-19,373.8399963378906
2024-01-22,374.7000122070313
2024-01-23,374.989990234375
2024-01-24,375.010009765625
2024-01-25,376.55999755859375
2024-01-26,379.75
2024-01-29,377.510009765625
2024-01-30,379.7300109863281
2024-01-31,384.9700012207031
2024-02-01,378.4100036621094
2024-02-02,381.3399963378906
2024-02-05,381.80999755859375
2024-02-06,380.6300048828125
2024-02-07,383.9400024414063
2024-02-08,354.5599975585937
2024-02-09,353.760009765625
2024-02-12,360.9299926757813
2024-02-13,368.1600036621094
2024-02-14,371.0400085449219
2024-02-15,374.3800048828125
2024-02-16,367.8699951171875
2024-02-20,368.1099853515625
2024-02-21,361.8999938964844
2024-02-22,370.4500122070313
2024-02-23,370.8800048828125
2024-02-26,367.0
2024-02-27,367.7099914550781
2024-02-28,370.3500061035156
2024-02-29,368.8800048828125
2024-03-01,369.9200134277344
2024-03-04,367.5
2024-03-05,366.9299926757813
2024-03-06,370.1799926757813
2024-03-07,367.5
2024-03-08,367.7000122070313
2024-03-11,379.6700134277344
2024-03-12,383.5700073242188
2024-03-13,386.0400085449219
2024-03-14,388.30999755859375
2024-03-15,392.8699951171875
2024-03-18,388.1099853515625
2024-03-19,387.3999938964844
2024-03-20,390.7200012207031
2024-03-21,384.4299926757813
2024-03-22,384.1700134277344
2024-03-25,391.8999938964844
2024-03-26,388.30999755859375
2024-03-27,395.7900085449219
2024-03-28,397.5
2024-04-01,398.0400085449219
2024-04-02,391.8699951171875
2024-04-03,387.6199951171875
2024-04-04,379.4599914550781
2024-04-05,379.8599853515625
2024-04-08,381.1099853515625
2024-04-09,371.5
2024-04-10,371.6400146484375
2024-04-11,366.1499938964844
2024-04-12,361.80999755859375
2024-04-15,359.5299987792969
2024-04-16,359.9200134277344
2024-04-17,357.1400146484375
2024-04-18,360.2099914550781
2024-04-19,370.260009765625
2024-04-22,372.8399963378906
2024-04-23,368.6700134277344
2024-04-24,365.739990234375
2024-04-25,365.760009765625
2024-04-26,364.7000122070313
2024-04-29,369.1099853515625
2024-04-30,366.4100036621094
2024-05-01,369.8999938964844
2024-05-02,372.0700073242188
2024-05-03,369.6499938964844
2024-05-06,379.0
2024-05-07,378.6400146484375
2024-05-08,380.9700012207031
2024-05-09,380.5299987792969
2024-05-10,382.9299926757813
2024-05-13,381.1799926757813
2024-05-14,378.760009765625
2024-05-15,375.1099853515625
2024-05-16,388.2699890136719
2024-05-17,392.9200134277344
2024-05-20,389.7999877929688
2024-05-21,394.1600036621094
2024-05-22,399.5299987792969
2024-05-23,387.3800048828125
2024-05-24,391.7799987792969
2024-05-28,388.4599914550781
2024-05-29,382.6900024414063
2024-05-30,388.5299987792969
2024-05-31,390.9299926757813
2024-06-03,386.760009765625
2024-06-04,384.7099914550781
2024-06-05,380.5700073242188
2024-06-06,379.6600036621094
2024-06-07,382.80999755859375
2024-06-10,381.6099853515625
2024-06-11,379.1000061035156
2024-06-12,373.7099914550781
2024-06-13,374.4299926757813
2024-06-14,367.55999755859375
2024-06-17,376.3900146484375
2024-06-18,377.25
2024-06-20,380.2799987792969
2024-06-21,377.1900024414063
2024-06-24,382.010009765625
2024-06-25,381.6600036621094
2024-06-26,376.1900024414063
2024-06-27,380.5
2024-06-28,381.0199890136719
2024-07-01,378.6199951171875
2024-07-02,369.6700134277344
2024-07-03,364.7699890136719
2024-07-05,362.8500061035156
2024-07-08,373.0400085449219
2024-07-09,372.7999877929688
2024-07-10,378.1499938964844
2024-07-11,379.80999755859375
2024-07-12,381.6400146484375
2024-07-15,396.260009765625
2024-07-16,394.6000061035156
2024-07-17,398.0799865722656
2024-07-18,400.0
2024-07-19,385.3200073242188
2024-07-22,388.7200012207031
2024-07-23,384.8599853515625
2024-07-24,381.5400085449219
2024-07-25,373.75
2024-07-26,382.9299926757813
2024-07-29,384.0
2024-07-30,389.4400024414063
2024-07-31,392.8699951171875
2024-08-01,368.3399963378906
2024-08-02,364.1300048828125
2024-08-05,356.29998779296875
2024-08-06,358.6400146484375
2024-08-07,360.6300048828125
2024-08-08,364.2000122070313
2024-08-09,364.5
2024-08-12,360.9100036621094
2024-08-13,363.1099853515625
2024-08-14,369.5400085449219
2024-08-15,373.4599914550781
2024-08-16,374.5400085449219
2024-08-19,378.739990234375
2024-08-20,377.239990234375
2024-08-21,378.6499938964844
2024-08-22,382.1700134277344
2024-08-23,388.6300048828125
2024-08-26,389.4599914550781
2024-08-27,388.1300048828125
2024-08-28,389.6099853515625
2024-08-29,390.4200134277344
2024-08-30,392.239990234375
2024-09-03,393.2699890136719
2024-09-04,392.5
2024-09-05,389.5
2024-09-06,383.3900146484375
2024-09-09,387.0199890136719
2024-09-10,381.1600036621094
2024-09-11,376.55999755859375
2024-09-12,379.0499877929688
2024-09-13,382.75
2024-09-16,389.4299926757813
2024-09-17,387.5400085449219
2024-09-18,388.6600036621094
2024-09-19,388.2999877929688
2024-09-20,387.5
2024-09-23,386.7000122070313
2024-09-24,383.1400146484375
2024-09-25,382.8500061035156
2024-09-26,387.5400085449219
2024-09-27,395.1400146484375
2024-09-30,391.8299865722656
2024-10-01,396.2200012207031
2024-10-02,396.3999938964844
2024-10-03,393.6199951171875
2024-10-04,407.0400085449219
2024-10-07,372.5499877929688
2024-10-08,373.7300109863281
2024-10-09,388.8900146484375
2024-10-10,393.8599853515625
2024-10-11,393.9599914550781
2024-10-14,398.6600036621094
2024-10-15,388.239990234375
2024-10-16,386.0700073242188
2024-10-17,385.9700012207031
2024-10-18,384.2300109863281
2024-10-21,386.6499938964844
2024-10-22,385.3500061035156
2024-10-23,385.6600036621094
2024-10-24,387.1000061035156
2024-10-25,379.6099853515625
2024-10-28,381.4400024414063
2024-10-29,376.760009765625
2024-10-30,380.0
2024-10-31,355.6099853515625
2024-11-01,350.9700012207031
2024-11-04,347.75
2024-11-05,354.6099853515625
2024-11-06,366.6000061035156
2024-11-07,362.0499877929688
2024-11-08,368.2900085449219
2024-11-11,369.4200134277344
2024-11-12,368.7099914550781
2024-11-13,370.6799926757813
2024-11-14,366.5
2024-11-15,371.3299865722656
2024-11-18,373.3299865722656
2024-11-19,370.4400024414063
2024-11-20,376.8699951171875
2024-11-21,385.1499938964844
2024-11-22,389.0
2024-11-25,390.1000061035156
2024-11-26,387.5
2024-11-27,389.0
2024-11-29,387.55999755859375
2024-12-02,383.7300109863281
2024-12-03,385.2099914550781
2024-12-04,378.7699890136719
2024-12-05,374.7099914550781
2024-12-06,371.3999938964844
2024-12-09,368.1700134277344
2024-12-10,362.4500122070313
2024-12-11,362.3500061035156
2024-12-12,362.6199951171875
2024-12-13,362.80999755859375
2024-12-16,357.7699890136719
2024-12-17,355.0599975585937
2024-12-18,348.3299865722656
2024-12-19,349.3599853515625
2024-12-20,356.6400146484375
2024-12-23,359.3500061035156
2024-12-24,362.3800048828125
2024-12-26,362.1300048828125
2024-12-27,359.95001220703125
2024-12-30,359.67999267578125
2024-12-31,362.4599914550781
2025-01-02,363.3299865722656
2025-01-03,365.1400146484375
2025-01-06,361.6700134277344
2025-01-07,371.0199890136719
2025-01-08,368.4299926757813
2025-01-10,353.5199890136719
2025-01-13,351.69000244140625
2025-01-14,358.3399963378906
2025-01-15,357.8900146484375
2025-01-16,360.239990234375
2025-01-17,362.1700134277344
2025-01-21,364.3299865722656
2025-01-22,363.7099914550781
2025-01-23,363.25
2025-01-24,365.1400146484375
2025-01-27,373.0
2025-01-28,367.4700012207031
2025-01-29,351.510009765625
2025-01-30,352.0899963378906
2025-01-31,347.510009765625
2025-02-03,345.2699890136719
2025-02-04,341.7200012207031
2025-02-05,339.82000732421875
2025-02-06,336.29998779296875
2025-02-07,338.0299987792969
2025-02-10,333.4700012207031
2025-02-11,335.6300048828125
2025-02-12,331.5799865722656
2025-02-13,335.4100036621094
2025-02-14,332.69000244140625
2025-02-18,338.17999267578125
2025-02-19,336.2900085449219
2025-02-20,338.2099914550781
2025-02-21,337.1400146484375
2025-02-24,340.9200134277344
2025-02-25,343.20001220703125
2025-02-26,343.5799865722656
2025-02-27,347.4100036621094
2025-02-28,353.2200012207031
2025-03-03,356.1000061035156
2025-03-04,355.3699951171875
2025-03-05,358.6400146484375
2025-03-06,363.5400085449219
2025-03-07,363.760009765625
2025-03-10,357.20001220703125
2025-03-11,354.19000244140625
2025-03-12,347.75
2025-03-13,349.5899963378906
2025-03-14,358.6600036621094
2025-03-17,365.05999755859375
2025-03-18,359.6199951171875
2025-03-19,356.2200012207031
2025-03-20,354.79998779296875
2025-03-21,352.4200134277344
2025-03-24,359.1300048828125
2025-03-25,362.25
2025-03-26,366.1600036621094
2025-03-27,367.510009765625
2025-03-28,361.989990234375
2025-03-31,363.3299865722656
2025-04-01,365.4100036621094
2025-04-02,365.3399963378906
2025-04-03,361.760009765625
2025-04-04,337.0199890136719
2025-04-07,326.44000244140625
2025-04-08,332.0400085449219
2025-04-09,348.3800048828125
2025-04-10,341.3999938964844
2025-04-11,349.5400085449219
2025-04-14,353.0199890136719
2025-04-15,349.8500061035156
2025-04-16,347.6000061035156
2025-04-17,349.92999267578125
2025-04-21,342.8699951171875
2025-04-22,357.20001220703125
2025-04-23,356.20001220703125
2025-04-24,355.19000244140625
2025-04-25,353.1499938964844
2025-04-28,355.0299987792969
2025-04-29,359.2900085449219
2025-04-30,358.8299865722656
2025-05-01,337.3800048828125
2025-05-02,348.3900146484375
2025-05-05,347.3599853515625
2025-05-06,344.6099853515625
2025-05-07,342.04998779296875
2025-05-08,347.2099914550781
2025-05-09,348.0400085449219
2025-05-12,347.79998779296875
2025-05-13,346.1499938964844
2025-05-14,341.0
2025-05-15,343.8900146484375
2025-05-16,348.0799865722656
2025-05-19,347.57000732421875
2025-05-20,347.510009765625
2025-05-21,340.5299987792969
2025-05-22,336.29998779296875
2025-05-23,335.94000244140625
2025-05-27,343.760009765625
2025-05-28,335.5899963378906
2025-05-29,346.3500061035156
2025-05-30,347.19000244140625
2025-06-02,351.739990234375
2025-06-03,351.2200012207031
2025-06-04,344.7799987792969
2025-06-05,343.82000732421875
2025-06-06,346.17999267578125
2025-06-09,340.6199951171875
2025-06-10,336.2900085449219
2025-06-11,335.29998779296875
2025-06-12,339.82000732421875
2025-06-13,334.6099853515625
2025-06-16,339.1300048828125
2025-06-17,333.0199890136719
2025-06-18,332.8999938964844
2025-06-20,337.29998779296875
2025-06-23,341.82000732421875
2025-06-24,340.8299865722656
2025-06-25,336.44000244140625
2025-06-26,339.4100036621094
2025-06-27,336.7799987792969
2025-06-30,339.8500061035156
2025-07-01,340.8699951171875
2025-07-02,334.0299987792969
2025-07-03,337.4800109863281
2025-07-07,334.0599975585937
2025-07-08,341.4200134277344
2025-07-09,340.19000244140625
2025-07-10,340.45001220703125
2025-07-11,339.3500061035156
2025-07-14,341.04998779296875
2025-07-15,330.2699890136719
2025-07-16,331.9100036621094
2025-07-17,334.0
2025-07-18,333.07000732421875
2025-07-21,329.9700012207031
2025-07-22,337.0199890136719
2025-07-23,335.8699951171875
2025-07-24,331.8900146484375
2025-07-25,336.8599853515625
2025-07-28,331.3500061035156
2025-07-29,332.2799987792969
2025-07-30,332.5599975585937
2025-07-31,335.79998779296875
2025-08-01,331.3399963378906
2025-08-04,326.0400085449219
2025-08-05,327.9200134277344
2025-08-06,328.489990234375
2025-08-07,328.1499938964844
2025-08-08,329.79998779296875
2025-08-11,330.3999938964844
2025-08-12,328.2099914550781
2025-08-13,336.760009765625
2025-08-14,337.1199951171875
2025-08-15,331.8399963378906
2025-08-18,331.9700012207031
2025-08-19,337.7900085449219
2025-08-20,343.5199890136719
2025-08-21,348.0599975585937
2025-08-22,343.94000244140625
2025-08-25,341.32000732421875
2025-08-26,338.7200012207031
2025-08-27,343.3399963378906
2025-08-28,339.8800048828125
2025-08-29,341.8800048828125
2025-09-02,345.3500061035156
2025-09-03,348.5299987792969
2025-09-04,345.260009765625
2025-09-05,340.0
2025-09-08,339.5799865722656
2025-09-09,340.6099853515625
2025-09-10,340.0299987792969
2025-09-11,348.44000244140625
2025-09-12,349.3699951171875
2025-09-15,339.8399963378906
2025-09-16,330.6300048828125
2025-09-17,333.6499938964844
2025-09-18,334.75
2025-09-19,335.3800048828125
2025-09-22,334.8299865722656
2025-09-23,337.92999267578125
2025-09-24,345.5400085449219
2025-09-25,345.2099914550781
2025-09-26,349.1099853515625
2025-09-29,345.489990234375
2025-09-30,350.2300109863281
2025-10-01,353.5299987792969
2025-10-02,351.04998779296875
2025-10-03,356.8500061035156
2025-10-06,361.55999755859375
2025-10-07,364.8599853515625
2025-10-08,360.0
2025-10-09,351.7699890136719
2025-10-10,346.69000244140625
2025-10-13,351.0199890136719
2025-10-14,356.739990234375
2025-10-15,348.54998779296875
2025-10-16,340.8500061035156
2025-10-17,349.1300048828125
2025-10-20,350.95001220703125
2025-10-21,349.1600036621094
2025-10-22,348.4200134277344
2025-10-23,349.2699890136719
2025-10-24,348.94000244140625
2025-10-27,343.9800109863281
2025-10-28,304.9100036621094
2025-10-29,309.45001220703125
2025-10-30,309.17999267578125
2025-10-31,314.5199890136719
2025-11-03,313.45001220703125
2025-11-04,317.69000244140625
2025-11-05,321.989990234375
2025-11-06,319.6099853515625
2025-11-07,326.1400146484375
2025-11-10,328.6099853515625
2025-11-11,324.42999267578125
2025-11-12,325.0299987792969
2025-11-13,327.489990234375
2025-11-14,326.2300109863281
2025-11-17,320.3299865722656
2025-11-18,320.0199890136719
2025-11-19,312.8399963378906
2025-11-20,304.989990234375
2025-11-21,311.3399963378906
2025-11-24,309.989990234375
2025-11-25,314.0400085449219
2025-11-26,312.0299987792969
2025-11-28,314.2900085449219
2025-12-01,312.0899963378906
2025-12-02,312.2099914550781
2025-12-03,314.0299987792969
2025-12-04,313.7099914550781
2025-12-05,309.9700012207031
2025-12-08,308.3999938964844
2025-12-09,310.5599975585937
2025-12-10,315.4700012207031
2025-12-11,324.3800048828125
2025-12-12,327.1600036621094
2025-12-15,328.6099853515625
2025-12-16,327.3500061035156
2025-12-17,328.6300048828125
2025-12-18,332.5199890136719
2025-12-19,331.3099975585937
2025-12-22,335.6600036621094
2025-12-23,337.0400085449219
2025-12-24,336.2099914550781
2025-12-26,337.5299987792969
2025-12-29,340.0299987792969
2025-12-30,341.260009765625
2025-12-31,339.3500061035156
2026-01-02,334.4800109863281
2026-01-05,341.2799987792969
2026-01-06,332.32000732421875
2026-01-07,331.42999267578125
2026-01-08,338.1000061035156
2026-01-09,333.17999267578125
2026-01-12,328.3800048828125
2026-01-13,319.9200134277344
2026-01-14,325.9100036621094
2026-01-15,321.2099914550781
2026-01-16,318.8099975585937
2026-01-20,320.0
2026-01-21,322.94000244140625
2026-01-22,321.70001220703125
2026-01-23,323.57000732421875
2026-01-26,327.1000061035156
2026-01-27,323.94000244140625
2026-01-28,324.9100036621094
2026-01-29,329.6199951171875
2026-01-30,331.2799987792969
2026-02-02,331.760009765625
2026-02-03,329.8299865722656
2026-02-04,333.4200134277344
2026-02-05,325.8900146484375
2026-02-06,328.3900146484375
2026-02-09,322.1199951171875
2026-02-10,330.4800109863281
2026-02-11,332.4200134277344
2026-02-12,336.1199951171875
2026-02-13,338.0299987792969
2026-02-17,346.0299987792969
2026-02-18,345.510009765625
2026-02-19,342.92999267578125
2026-02-20,342.4800109863281
2026-02-23,337.7699890136719
2026-02-24,339.6499938964844
2026-02-25,335.8099975585937
2026-02-26,337.82000732421875
2026-02-27,335.489990234375
2026-03-02,339.6300048828125
2026-03-03,335.1300048828125
2026-03-04,334.1099853515625
2026-03-05,332.8399963378906
2026-03-06,334.1099853515625
2026-03-09,328.04998779296875
2026-03-10,327.5
2026-03-11,321.4800109863281
2026-03-12,322.3399963378906
2026-03-13,320.3599853515625
2026-03-16,320.5199890136719
2026-03-17,322.5
2026-03-18,319.8599853515625
2026-03-19,315.9599914550781
2026-03-20,316.0199890136719
2026-03-23,324.29998779296875
2026-03-24,323.7699890136719
2026-03-25,323.92999267578125
2026-03-26,323.8900146484375
2026-03-27,317.92999267578125
2026-03-30,323.3299865722656
2026-03-31,326.8500061035156
2026-04-01,323.8699951171875
2026-04-02,327.0899963378906
2026-04-06,328.4200134277344
2026-04-07,327.3800048828125
2026-04-08,333.260009765625
2026-04-09,335.6099853515625
2026-04-10,329.8699951171875
2026-04-13,333.42999267578125
2026-04-14,341.239990234375
2026-04-15,345.6099853515625
2026-04-16,344.4100036621094
2026-04-17,351.489990234375
2026-04-20,350.6400146484375
2026-04-21,349.82000732421875
2026-04-22,345.0
2026-04-23,350.80999755859375
2026-04-24,343.3800048828125
2026-04-27,343.5199890136719
2026-04-28,347.07000732421875
2026-04-29,344.010009765625
2026-04-30,356.760009765625
2026-05-01,353.57000732421875
2026-05-04,347.5199890136719
2026-05-05,349.67999267578125
2026-05-06,351.8999938964844
2026-05-07,351.7300109863281
2026-05-08,351.5199890136719
2026-05-11,350.7799987792969
2026-05-12,351.6700134277344
2026-05-13,347.9700012207031
2026-05-14,347.989990234375
2026-05-15,351.6700134277344
2026-05-18,355.82000732421875
2026-05-19,357.0299987792969
2026-05-20,358.4200134277344
2026-05-21,356.45001220703125
2026-05-22,352.7099914550781
