,ELV
2015-01-02,125.45999908447266
2015-01-05,123.26000213623048
2015-01-06,124.94000244140624
2015-01-07,125.55999755859376
2015-01-08,131.5500030517578
2015-01-09,129.8000030517578
2015-01-12,128.8300018310547
2015-01-13,130.27999877929688
2015-01-14,131.80999755859375
2015-01-15,134.08999633789062
2015-01-16,136.00999450683594
2015-01-20,137.1300048828125
2015-01-21,139.67999267578125
2015-01-22,142.86000061035156
2015-01-23,140.77000427246094
2015-01-26,138.6999969482422
2015-01-27,137.77999877929688
2015-01-28,133.5800018310547
2015-01-29,137.10000610351562
2015-01-30,134.9600067138672
2015-02-02,135.5
2015-02-03,136.9600067138672
2015-02-04,137.64999389648438
2015-02-05,137.22999572753906
2015-02-06,135.69000244140625
2015-02-09,134.8800048828125
2015-02-10,138.74000549316406
2015-02-11,141.49000549316406
2015-02-12,142.0
2015-02-13,141.0500030517578
2015-02-17,141.75999450683594
2015-02-18,141.83999633789062
2015-02-19,142.64999389648438
2015-02-20,144.58999633789062
2015-02-23,147.35000610351562
2015-02-24,147.27999877929688
2015-02-25,146.97000122070312
2015-02-26,146.72000122070312
2015-02-27,146.4499969482422
2015-03-02,146.92999267578125
2015-03-03,145.99000549316406
2015-03-04,146.5500030517578
2015-03-05,146.85000610351562
2015-03-06,145.16000366210938
2015-03-09,146.75
2015-03-10,144.27999877929688
2015-03-11,144.3800048828125
2015-03-12,147.4600067138672
2015-03-13,150.00999450683594
2015-03-16,153.25
2015-03-17,153.3000030517578
2015-03-18,157.38999938964844
2015-03-19,157.32000732421875
2015-03-20,158.3800048828125
2015-03-23,157.57000732421875
2015-03-24,157.60000610351562
2015-03-25,154.4199981689453
2015-03-26,152.82000732421875
2015-03-27,156.27000427246094
2015-03-30,156.85000610351562
2015-03-31,154.41000366210938
2015-04-01,153.99000549316406
2015-04-02,153.9499969482422
2015-04-06,155.42999267578125
2015-04-07,155.19000244140625
2015-04-08,154.63999938964844
2015-04-09,153.49000549316406
2015-04-10,153.9199981689453
2015-04-13,153.50999450683594
2015-04-14,154.25
2015-04-15,151.3000030517578
2015-04-16,154.92999267578125
2015-04-17,152.47999572753906
2015-04-20,152.8699951171875
2015-04-21,152.8800048828125
2015-04-22,152.83999633789062
2015-04-23,154.1999969482422
2015-04-24,154.27999877929688
2015-04-27,151.02000427246094
2015-04-28,154.22000122070312
2015-04-29,151.07000732421875
2015-04-30,150.92999267578125
2015-05-01,153.22999572753906
2015-05-04,155.83999633789062
2015-05-05,154.1999969482422
2015-05-06,159.85000610351562
2015-05-07,155.8000030517578
2015-05-08,158.39999389648438
2015-05-11,158.80999755859375
2015-05-12,158.47000122070312
2015-05-13,158.7899932861328
2015-05-14,160.0
2015-05-15,161.3699951171875
2015-05-18,163.25
2015-05-19,164.44000244140625
2015-05-20,163.57000732421875
2015-05-21,164.6199951171875
2015-05-22,164.19000244140625
2015-05-26,162.33999633789062
2015-05-27,163.3800048828125
2015-05-28,164.22000122070312
2015-05-29,167.85000610351562
2015-06-01,168.07000732421875
2015-06-02,164.13999938964844
2015-06-03,163.75999450683594
2015-06-04,161.4499969482422
2015-06-05,162.82000732421875
2015-06-08,161.88999938964844
2015-06-09,162.58999633789062
2015-06-10,164.3699951171875
2015-06-11,163.97000122070312
2015-06-12,160.7100067138672
2015-06-15,164.4600067138672
2015-06-16,166.85000610351562
2015-06-17,165.16000366210938
2015-06-18,165.24000549316406
2015-06-19,165.05999755859375
2015-06-22,171.0399932861328
2015-06-23,170.0
2015-06-24,167.97000122070312
2015-06-25,170.33999633789062
2015-06-26,164.67999267578125
2015-06-29,163.05999755859375
2015-06-30,164.13999938964844
2015-07-01,165.22000122070312
2015-07-02,163.13999938964844
2015-07-06,161.60000610351562
2015-07-07,160.3300018310547
2015-07-08,159.38999938964844
2015-07-09,158.5800018310547
2015-07-10,159.72999572753906
2015-07-13,156.4499969482422
2015-07-14,159.97000122070312
2015-07-15,159.60000610351562
2015-07-16,157.60000610351562
2015-07-17,158.58999633789062
2015-07-20,156.58999633789062
2015-07-21,155.77999877929688
2015-07-22,155.10000610351562
2015-07-23,155.2100067138672
2015-07-24,150.86000061035156
2015-07-27,151.5
2015-07-28,154.1999969482422
2015-07-29,155.27000427246094
2015-07-30,154.88999938964844
2015-07-31,154.27000427246094
2015-08-03,152.77999877929688
2015-08-04,152.5
2015-08-05,154.9499969482422
2015-08-06,152.44000244140625
2015-08-07,152.6300048828125
2015-08-10,152.3300018310547
2015-08-11,152.4199981689453
2015-08-12,149.47000122070312
2015-08-13,149.69000244140625
2015-08-14,149.3000030517578
2015-08-17,151.89999389648438
2015-08-18,153.3000030517578
2015-08-19,151.9499969482422
2015-08-20,147.86000061035156
2015-08-21,146.6199951171875
2015-08-24,140.67999267578125
2015-08-25,138.13999938964844
2015-08-26,142.16000366210938
2015-08-27,142.16000366210938
2015-08-28,140.55999755859375
2015-08-31,141.0500030517578
2015-09-01,138.05999755859375
2015-09-02,140.47000122070312
2015-09-03,142.9499969482422
2015-09-04,142.0500030517578
2015-09-08,146.42999267578125
2015-09-09,145.60000610351562
2015-09-10,143.94000244140625
2015-09-11,147.08999633789062
2015-09-14,145.8699951171875
2015-09-15,148.24000549316406
2015-09-16,151.14999389648438
2015-09-17,150.27000427246094
2015-09-18,146.86000061035156
2015-09-21,149.57000732421875
2015-09-22,148.66000366210938
2015-09-23,149.27999877929688
2015-09-24,147.05999755859375
2015-09-25,141.91000366210938
2015-09-28,136.30999755859375
2015-09-29,137.72000122070312
2015-09-30,140.0
2015-10-01,138.94000244140625
2015-10-02,141.85000610351562
2015-10-05,142.85000610351562
2015-10-06,139.4600067138672
2015-10-07,139.41000366210938
2015-10-08,137.3300018310547
2015-10-09,140.49000549316406
2015-10-12,143.86000061035156
2015-10-13,146.52999877929688
2015-10-14,143.35000610351562
2015-10-15,145.22999572753906
2015-10-16,147.0500030517578
2015-10-19,148.80999755859375
2015-10-20,148.24000549316406
2015-10-21,142.7899932861328
2015-10-22,139.41000366210938
2015-10-23,140.9499969482422
2015-10-26,141.74000549316406
2015-10-27,144.69000244140625
2015-10-28,141.8000030517578
2015-10-29,141.33999633789062
2015-10-30,139.14999389648438
2015-11-02,139.86000061035156
2015-11-03,137.0500030517578
2015-11-04,135.33999633789062
2015-11-05,136.0399932861328
2015-11-06,133.97999572753906
2015-11-09,133.77000427246094
2015-11-10,135.27000427246094
2015-11-11,134.19000244140625
2015-11-12,133.42999267578125
2015-11-13,132.5500030517578
2015-11-16,135.05999755859375
2015-11-17,136.25
2015-11-18,137.3000030517578
2015-11-19,127.86000061035156
2015-11-20,131.2899932861328
2015-11-23,131.1300048828125
2015-11-24,131.6300048828125
2015-11-25,131.0
2015-11-27,131.22000122070312
2015-11-30,130.3800048828125
2015-12-01,135.82000732421875
2015-12-02,132.9199981689453
2015-12-03,129.42999267578125
2015-12-04,132.75
2015-12-07,132.77999877929688
2015-12-08,131.60000610351562
2015-12-09,132.4600067138672
2015-12-10,134.83999633789062
2015-12-11,135.77999877929688
2015-12-14,135.52999877929688
2015-12-15,135.02000427246094
2015-12-16,137.77999877929688
2015-12-17,139.00999450683594
2015-12-18,137.75
2015-12-21,139.52999877929688
2015-12-22,140.19000244140625
2015-12-23,140.50999450683594
2015-12-24,140.55999755859375
2015-12-28,140.02999877929688
2015-12-29,141.85000610351562
2015-12-30,140.9600067138672
2015-12-31,139.44000244140625
2016-01-04,139.2100067138672
2016-01-05,141.24000549316406
2016-01-06,137.7899932861328
2016-01-07,135.42999267578125
2016-01-08,132.1300048828125
2016-01-11,128.36000061035156
2016-01-12,135.60000610351562
2016-01-13,134.13999938964844
2016-01-14,138.10000610351562
2016-01-15,134.99000549316406
2016-01-19,136.85000610351562
2016-01-20,137.49000549316406
2016-01-21,138.77999877929688
2016-01-22,141.39999389648438
2016-01-25,138.6699981689453
2016-01-26,137.75999450683594
2016-01-27,131.22999572753906
2016-01-28,126.41999816894533
2016-01-29,130.49000549316406
2016-02-01,129.72000122070312
2016-02-02,127.01000213623048
2016-02-03,126.83000183105467
2016-02-04,126.63999938964844
2016-02-05,123.37999725341795
2016-02-08,117.22000122070312
2016-02-09,119.81999969482422
2016-02-10,121.47000122070312
2016-02-11,119.9800033569336
2016-02-12,121.5500030517578
2016-02-16,124.83000183105467
2016-02-17,127.55999755859376
2016-02-18,128.02000427246094
2016-02-19,127.2300033569336
2016-02-22,132.1699981689453
2016-02-23,131.27000427246094
2016-02-24,130.75
2016-02-25,132.22999572753906
2016-02-26,132.5
2016-02-29,130.69000244140625
2016-03-01,131.8000030517578
2016-03-02,134.08999633789062
2016-03-03,132.97000122070312
2016-03-04,132.35000610351562
2016-03-07,133.1999969482422
2016-03-08,132.47999572753906
2016-03-09,134.5399932861328
2016-03-10,137.80999755859375
2016-03-11,143.10000610351562
2016-03-14,144.1699981689453
2016-03-15,142.30999755859375
2016-03-16,143.50999450683594
2016-03-17,140.35000610351562
2016-03-18,142.67999267578125
2016-03-21,140.0
2016-03-22,140.8699951171875
2016-03-23,139.5
2016-03-24,139.97000122070312
2016-03-28,139.55999755859375
2016-03-29,140.27999877929688
2016-03-30,139.97000122070312
2016-03-31,138.99000549316406
2016-04-01,141.85000610351562
2016-04-04,147.25999450683594
2016-04-05,143.33999633789062
2016-04-06,144.8699951171875
2016-04-07,143.4199981689453
2016-04-08,143.74000549316406
2016-04-11,140.89999389648438
2016-04-12,142.8699951171875
2016-04-13,143.5500030517578
2016-04-14,143.2100067138672
2016-04-15,142.91000366210938
2016-04-18,142.58999633789062
2016-04-19,144.39999389648438
2016-04-20,145.52000427246094
2016-04-21,145.91000366210938
2016-04-22,147.52000427246094
2016-04-25,146.08999633789062
2016-04-26,147.07000732421875
2016-04-27,144.75999450683594
2016-04-28,144.0
2016-04-29,140.77000427246094
2016-05-02,140.47999572753906
2016-05-03,141.4199981689453
2016-05-04,138.72999572753906
2016-05-05,137.07000732421875
2016-05-06,137.25
2016-05-09,138.44000244140625
2016-05-10,140.16000366210938
2016-05-11,139.57000732421875
2016-05-12,136.0800018310547
2016-05-13,135.50999450683594
2016-05-16,137.22999572753906
2016-05-17,136.2100067138672
2016-05-18,136.0800018310547
2016-05-19,133.7899932861328
2016-05-20,135.72999572753906
2016-05-23,133.17999267578125
2016-05-24,128.47999572753906
2016-05-25,130.9600067138672
2016-05-26,129.61000061035156
2016-05-27,130.6999969482422
2016-05-31,132.16000366210938
2016-06-01,132.50999450683594
2016-06-02,133.2899932861328
2016-06-03,131.83999633789062
2016-06-06,132.44000244140625
2016-06-07,132.91000366210938
2016-06-08,134.1999969482422
2016-06-09,133.75
2016-06-10,131.52000427246094
2016-06-13,130.67999267578125
2016-06-14,130.52000427246094
2016-06-15,130.61000061035156
2016-06-16,132.27999877929688
2016-06-17,132.33999633789062
2016-06-20,132.72000122070312
2016-06-21,131.4499969482422
2016-06-22,128.72000122070312
2016-06-23,128.6699981689453
2016-06-24,126.37999725341795
2016-06-27,124.8499984741211
2016-06-28,127.0500030517578
2016-06-29,131.47999572753906
2016-06-30,131.33999633789062
2016-07-01,131.6699981689453
2016-07-05,130.83999633789062
2016-07-06,132.1199951171875
2016-07-07,129.44000244140625
2016-07-08,132.14999389648438
2016-07-11,131.55999755859375
2016-07-12,131.8800048828125
2016-07-13,133.74000549316406
2016-07-14,133.91000366210938
2016-07-15,134.30999755859375
2016-07-18,135.0
2016-07-19,132.05999755859375
2016-07-20,135.47000122070312
2016-07-21,139.0
2016-07-22,142.94000244140625
2016-07-25,139.97999572753906
2016-07-26,137.58999633789062
2016-07-27,133.86000061035156
2016-07-28,132.89999389648438
2016-07-29,131.33999633789062
2016-08-01,127.61000061035156
2016-08-02,125.55999755859376
2016-08-03,127.87000274658205
2016-08-04,126.81999969482422
2016-08-05,127.86000061035156
2016-08-08,127.73999786376952
2016-08-09,128.4499969482422
2016-08-10,128.14999389648438
2016-08-11,128.1999969482422
2016-08-12,130.19000244140625
2016-08-15,129.2899932861328
2016-08-16,129.3300018310547
2016-08-17,129.5399932861328
2016-08-18,129.42999267578125
2016-08-19,129.52000427246094
2016-08-22,129.72000122070312
2016-08-23,129.1199951171875
2016-08-24,127.61000061035156
2016-08-25,127.11000061035156
2016-08-26,124.94000244140624
2016-08-29,124.18000030517578
2016-08-30,125.41999816894533
2016-08-31,125.08000183105467
2016-09-01,123.36000061035156
2016-09-02,124.23999786376952
2016-09-06,124.29000091552734
2016-09-07,125.8499984741211
2016-09-08,127.66999816894533
2016-09-09,126.88999938964844
2016-09-12,128.5800018310547
2016-09-13,124.56999969482422
2016-09-14,123.29000091552734
2016-09-15,124.33999633789062
2016-09-16,125.5199966430664
2016-09-19,126.31999969482422
2016-09-20,125.76000213623048
2016-09-21,128.58999633789062
2016-09-22,128.4199981689453
2016-09-23,126.55999755859376
2016-09-26,125.08000183105467
2016-09-27,126.3000030517578
2016-09-28,127.37000274658205
2016-09-29,124.93000030517578
2016-09-30,125.30999755859376
2016-10-03,122.9000015258789
2016-10-04,122.44000244140624
2016-10-05,122.06999969482422
2016-10-06,122.3499984741211
2016-10-07,121.9000015258789
2016-10-10,124.8000030517578
2016-10-11,121.9000015258789
2016-10-12,120.8499984741211
2016-10-13,121.0
2016-10-14,121.08999633789062
2016-10-17,118.27999877929688
2016-10-18,123.1500015258789
2016-10-19,123.83000183105467
2016-10-20,124.02999877929688
2016-10-21,123.5
2016-10-24,124.48999786376952
2016-10-25,124.5
2016-10-26,124.16999816894533
2016-10-27,123.48999786376952
2016-10-28,121.62000274658205
2016-10-31,121.86000061035156
2016-11-01,117.41999816894533
2016-11-02,122.98999786376952
2016-11-03,120.02999877929688
2016-11-04,119.29000091552734
2016-11-07,123.48999786376952
2016-11-08,126.83999633789062
2016-11-09,128.75
2016-11-10,133.86000061035156
2016-11-11,133.67999267578125
2016-11-14,138.60000610351562
2016-11-15,138.4199981689453
2016-11-16,138.38999938964844
2016-11-17,137.8800048828125
2016-11-18,135.35000610351562
2016-11-21,137.36000061035156
2016-11-22,141.30999755859375
2016-11-23,143.6199951171875
2016-11-25,144.74000549316406
2016-11-28,143.24000549316406
2016-11-29,145.27999877929688
2016-11-30,142.52999877929688
2016-12-01,145.1699981689453
2016-12-02,145.10000610351562
2016-12-05,144.08999633789062
2016-12-06,143.5500030517578
2016-12-07,145.1999969482422
2016-12-08,146.61000061035156
2016-12-09,145.8800048828125
2016-12-12,145.7899932861328
2016-12-13,146.5800018310547
2016-12-14,144.69000244140625
2016-12-15,143.6699981689453
2016-12-16,145.4600067138672
2016-12-19,144.8800048828125
2016-12-20,147.66000366210938
2016-12-21,144.97999572753906
2016-12-22,144.5800018310547
2016-12-23,146.02000427246094
2016-12-27,145.67999267578125
2016-12-28,144.25999450683594
2016-12-29,144.75999450683594
2016-12-30,143.77000427246094
2017-01-03,143.24000549316406
2017-01-04,143.0500030517578
2017-01-05,144.57000732421875
2017-01-06,144.35000610351562
2017-01-09,142.7899932861328
2017-01-10,146.33999633789062
2017-01-11,145.8300018310547
2017-01-12,148.19000244140625
2017-01-13,148.52999877929688
2017-01-17,146.75
2017-01-18,147.22000122070312
2017-01-19,148.11000061035156
2017-01-20,150.6300048828125
2017-01-23,150.16000366210938
2017-01-24,150.22999572753906
2017-01-25,153.7100067138672
2017-01-26,152.39999389648438
2017-01-27,153.35000610351562
2017-01-30,154.17999267578125
2017-01-31,154.13999938964844
2017-02-01,160.7899932861328
2017-02-02,157.66000366210938
2017-02-03,159.0800018310547
2017-02-06,156.80999755859375
2017-02-07,158.58999633789062
2017-02-08,158.60000610351562
2017-02-09,161.67999267578125
2017-02-10,162.32000732421875
2017-02-13,163.52000427246094
2017-02-14,163.32000732421875
2017-02-15,162.69000244140625
2017-02-16,163.77000427246094
2017-02-17,160.25
2017-02-21,164.22000122070312
2017-02-22,163.27000427246094
2017-02-23,163.9199981689453
2017-02-24,163.8300018310547
2017-02-27,164.91000366210938
2017-02-28,164.82000732421875
2017-03-01,166.97000122070312
2017-03-02,165.97000122070312
2017-03-03,166.0
2017-03-06,165.83999633789062
2017-03-07,166.00999450683594
2017-03-08,165.64999389648438
2017-03-09,166.17999267578125
2017-03-10,166.41000366210938
2017-03-13,167.24000549316406
2017-03-14,165.17999267578125
2017-03-15,169.1999969482422
2017-03-16,168.4199981689453
2017-03-17,168.27000427246094
2017-03-20,167.58999633789062
2017-03-21,166.99000549316406
2017-03-22,166.44000244140625
2017-03-23,165.3800048828125
2017-03-24,162.75
2017-03-27,162.19000244140625
2017-03-28,164.60000610351562
2017-03-29,164.97999572753906
2017-03-30,167.0800018310547
2017-03-31,165.3800048828125
2017-04-03,166.49000549316406
2017-04-04,165.6999969482422
2017-04-05,164.75
2017-04-06,165.9199981689453
2017-04-07,166.25999450683594
2017-04-10,167.44000244140625
2017-04-11,167.42999267578125
2017-04-12,166.42999267578125
2017-04-13,164.99000549316406
2017-04-17,166.94000244140625
2017-04-18,166.3699951171875
2017-04-19,166.7899932861328
2017-04-20,168.07000732421875
2017-04-21,167.8000030517578
2017-04-24,168.41000366210938
2017-04-25,172.4600067138672
2017-04-26,179.02999877929688
2017-04-27,178.3000030517578
2017-04-28,177.88999938964844
2017-05-01,179.1999969482422
2017-05-02,181.2700042724609
2017-05-03,179.94000244140625
2017-05-04,179.88999938964844
2017-05-05,180.3000030517578
2017-05-08,179.8300018310547
2017-05-09,177.72999572753906
2017-05-10,180.1300048828125
2017-05-11,182.72000122070312
2017-05-12,181.44000244140625
2017-05-15,182.3000030517578
2017-05-16,180.8099975585937
2017-05-17,176.1199951171875
2017-05-18,176.69000244140625
2017-05-19,176.41000366210938
2017-05-22,176.5
2017-05-23,177.7100067138672
2017-05-24,180.0800018310547
2017-05-25,181.5
2017-05-26,183.0800018310547
2017-05-30,183.32000732421875
2017-05-31,182.3500061035156
2017-06-01,187.69000244140625
2017-06-02,187.5800018310547
2017-06-05,186.69000244140625
2017-06-06,187.6499938964844
2017-06-07,188.3300018310547
2017-06-08,187.58999633789065
2017-06-09,186.9199981689453
2017-06-12,186.7400054931641
2017-06-13,187.16000366210932
2017-06-14,188.7700042724609
2017-06-15,188.75
2017-06-16,189.9600067138672
2017-06-19,192.7400054931641
2017-06-20,192.0
2017-06-21,192.07000732421875
2017-06-22,193.3600006103516
2017-06-23,190.1699981689453
2017-06-26,188.1499938964844
2017-06-27,187.41000366210932
2017-06-28,187.9199981689453
2017-06-29,187.1699981689453
2017-06-30,188.1300048828125
2017-07-03,189.6000061035156
2017-07-05,191.25
2017-07-06,190.27999877929688
2017-07-07,191.6100006103516
2017-07-10,192.1199951171875
2017-07-11,192.1000061035156
2017-07-12,193.5399932861328
2017-07-13,192.5500030517578
2017-07-14,192.5599975585937
2017-07-17,192.08999633789065
2017-07-18,189.4499969482422
2017-07-19,190.2899932861328
2017-07-20,190.69000244140625
2017-07-21,190.6499938964844
2017-07-24,191.0
2017-07-25,190.5800018310547
2017-07-26,184.9900054931641
2017-07-27,183.5200042724609
2017-07-28,187.7899932861328
2017-07-31,186.2100067138672
2017-08-01,186.6699981689453
2017-08-02,188.9499969482422
2017-08-03,191.44000244140625
2017-08-04,190.47999572753903
2017-08-07,190.6100006103516
2017-08-08,191.97999572753903
2017-08-09,192.8500061035156
2017-08-10,189.72000122070312
2017-08-11,189.42999267578125
2017-08-14,191.3099975585937
2017-08-15,192.9900054931641
2017-08-16,193.3500061035156
2017-08-17,191.9600067138672
2017-08-18,191.0200042724609
2017-08-21,192.97000122070312
2017-08-22,194.9499969482422
2017-08-23,195.22999572753903
2017-08-24,192.8999938964844
2017-08-25,192.67999267578125
2017-08-28,193.47999572753903
2017-08-29,193.8300018310547
2017-08-30,191.5
2017-08-31,196.0399932861328
2017-09-01,197.42999267578125
2017-09-05,197.17999267578125
2017-09-06,193.6499938964844
2017-09-07,192.63999938964844
2017-09-08,193.8500061035156
2017-09-11,195.9499969482422
2017-09-12,189.2400054931641
2017-09-13,189.72000122070312
2017-09-14,186.75
2017-09-15,186.58999633789065
2017-09-18,185.0
2017-09-19,181.44000244140625
2017-09-20,183.4900054931641
2017-09-21,183.5
2017-09-22,182.8600006103516
2017-09-25,181.5
2017-09-26,184.27999877929688
2017-09-27,186.4499969482422
2017-09-28,189.77999877929688
2017-09-29,189.8800048828125
2017-10-02,191.1100006103516
2017-10-03,193.22999572753903
2017-10-04,193.4199981689453
2017-10-05,192.9199981689453
2017-10-06,193.22000122070312
2017-10-09,190.7400054931641
2017-10-10,188.63999938964844
2017-10-11,189.88999938964844
2017-10-12,189.7400054931641
2017-10-13,183.8300018310547
2017-10-16,183.759994506836
2017-10-17,187.259994506836
2017-10-18,191.7899932861328
2017-10-19,193.1999969482422
2017-10-20,194.69000244140625
2017-10-23,195.63999938964844
2017-10-24,195.25
2017-10-25,205.7100067138672
2017-10-26,206.91000366210932
2017-10-27,211.33999633789065
2017-10-30,209.4600067138672
2017-10-31,209.2100067138672
2017-11-01,209.52999877929688
2017-11-02,210.58999633789065
2017-11-03,211.8000030517578
2017-11-06,216.3000030517578
2017-11-07,217.47000122070312
2017-11-08,216.8699951171875
2017-11-09,215.97999572753903
2017-11-10,218.2700042724609
2017-11-13,218.4600067138672
2017-11-14,218.4499969482422
2017-11-15,218.1999969482422
2017-11-16,220.88999938964844
2017-11-17,220.8300018310547
2017-11-20,219.5
2017-11-21,220.0200042724609
2017-11-22,220.4199981689453
2017-11-24,220.38999938964844
2017-11-27,220.02999877929688
2017-11-28,222.27999877929688
2017-11-29,227.3099975585937
2017-11-30,234.9600067138672
2017-12-01,232.33999633789065
2017-12-04,224.9499969482422
2017-12-05,223.4900054931641
2017-12-06,222.7100067138672
2017-12-07,223.63999938964844
2017-12-08,224.8500061035156
2017-12-11,226.0200042724609
2017-12-12,228.75
2017-12-13,232.0599975585937
2017-12-14,227.1199951171875
2017-12-15,226.2100067138672
2017-12-18,227.0200042724609
2017-12-19,227.9900054931641
2017-12-20,227.9199981689453
2017-12-21,225.0800018310547
2017-12-22,225.6000061035156
2017-12-26,225.42999267578125
2017-12-27,225.2400054931641
2017-12-28,227.0399932861328
2017-12-29,225.009994506836
2018-01-02,226.0
2018-01-03,229.1499938964844
2018-01-04,230.2100067138672
2018-01-05,234.33999633789065
2018-01-08,231.82000732421875
2018-01-09,234.66000366210932
2018-01-10,233.88999938964844
2018-01-11,235.0
2018-01-12,239.82000732421875
2018-01-16,241.75
2018-01-17,249.1499938964844
2018-01-18,249.6499938964844
2018-01-19,250.0599975585937
2018-01-22,250.5
2018-01-23,250.5
2018-01-24,252.9900054931641
2018-01-25,251.3500061035156
2018-01-26,258.19000244140625
2018-01-29,257.0199890136719
2018-01-30,243.44000244140625
2018-01-31,247.8500061035156
2018-02-01,243.92999267578125
2018-02-02,239.17999267578125
2018-02-05,230.4499969482422
2018-02-06,234.8300018310547
2018-02-07,238.44000244140625
2018-02-08,230.57000732421875
2018-02-09,231.7100067138672
2018-02-12,232.7700042724609
2018-02-13,233.4499969482422
2018-02-14,235.0200042724609
2018-02-15,232.0599975585937
2018-02-16,235.0200042724609
2018-02-20,232.22000122070312
2018-02-21,232.02999877929688
2018-02-22,233.67999267578125
2018-02-23,235.2400054931641
2018-02-26,238.22000122070312
2018-02-27,237.2100067138672
2018-02-28,235.3800048828125
2018-03-01,232.0399932861328
2018-03-02,233.0800018310547
2018-03-05,232.0399932861328
2018-03-06,232.75
2018-03-07,231.8600006103516
2018-03-08,228.7899932861328
2018-03-09,232.8000030517578
2018-03-12,229.8600006103516
2018-03-13,230.22000122070312
2018-03-14,229.02999877929688
2018-03-15,230.0
2018-03-16,228.1100006103516
2018-03-19,227.9900054931641
2018-03-20,229.97999572753903
2018-03-21,225.9900054931641
2018-03-22,218.8500061035156
2018-03-23,215.6300048828125
2018-03-26,221.0800018310547
2018-03-27,219.44000244140625
2018-03-28,221.47999572753903
2018-03-29,219.6999969482422
2018-04-02,220.1300048828125
2018-04-03,227.509994506836
2018-04-04,228.4199981689453
2018-04-05,230.72999572753903
2018-04-06,224.77999877929688
2018-04-09,222.8699951171875
2018-04-10,224.9499969482422
2018-04-11,220.32000732421875
2018-04-12,220.4600067138672
2018-04-13,222.0200042724609
2018-04-16,225.2700042724609
2018-04-17,229.5200042724609
2018-04-18,230.6499938964844
2018-04-19,227.6699981689453
2018-04-20,226.07000732421875
2018-04-23,227.1999969482422
2018-04-24,225.0
2018-04-25,238.83999633789065
2018-04-26,237.0
2018-04-27,239.1499938964844
2018-04-30,235.9900054931641
2018-05-01,235.52999877929688
2018-05-02,229.17999267578125
2018-05-03,230.7700042724609
2018-05-04,233.17999267578125
2018-05-07,229.259994506836
2018-05-08,224.1000061035156
2018-05-09,221.7700042724609
2018-05-10,225.6699981689453
2018-05-11,232.0500030517578
2018-05-14,232.3099975585937
2018-05-15,230.8699951171875
2018-05-16,232.3999938964844
2018-05-17,231.7899932861328
2018-05-18,231.8699951171875
2018-05-21,233.6499938964844
2018-05-22,233.92999267578125
2018-05-23,232.0599975585937
2018-05-24,230.6199951171875
2018-05-25,232.38999938964844
2018-05-29,229.2899932861328
2018-05-30,231.5800018310547
2018-05-31,221.4199981689453
2018-06-01,221.5
2018-06-04,225.2400054931641
2018-06-05,227.8699951171875
2018-06-06,227.8600006103516
2018-06-07,229.58999633789065
2018-06-08,228.3000030517578
2018-06-11,232.3300018310547
2018-06-12,231.67999267578125
2018-06-13,236.3000030517578
2018-06-14,241.7400054931641
2018-06-15,245.16000366210932
2018-06-18,244.0399932861328
2018-06-19,244.4900054931641
2018-06-20,243.9499969482422
2018-06-21,243.0800018310547
2018-06-22,244.82000732421875
2018-06-25,243.33999633789065
2018-06-26,241.2700042724609
2018-06-27,240.5399932861328
2018-06-28,239.2700042724609
2018-06-29,238.02999877929688
2018-07-02,238.2700042724609
2018-07-03,238.72999572753903
2018-07-05,240.0500030517578
2018-07-06,242.1499938964844
2018-07-09,248.69000244140625
2018-07-10,249.5200042724609
2018-07-11,249.5800018310547
2018-07-12,250.5800018310547
2018-07-13,250.509994506836
2018-07-16,248.27999877929688
2018-07-17,246.02999877929688
2018-07-18,248.6300048828125
2018-07-19,248.63999938964844
2018-07-20,248.5200042724609
2018-07-23,248.8300018310547
2018-07-24,246.0800018310547
2018-07-25,247.92999267578125
2018-07-26,247.0800018310547
2018-07-27,249.47999572753903
2018-07-30,252.2100067138672
2018-07-31,253.0
2018-08-01,252.2700042724609
2018-08-02,256.5299987792969
2018-08-03,257.95001220703125
2018-08-06,258.1300048828125
2018-08-07,257.9700012207031
2018-08-08,260.5400085449219
2018-08-09,261.1300048828125
2018-08-10,260.0400085449219
2018-08-13,262.94000244140625
2018-08-14,264.9700012207031
2018-08-15,264.1700134277344
2018-08-16,266.5299987792969
2018-08-17,263.95001220703125
2018-08-20,263.1700134277344
2018-08-21,262.6000061035156
2018-08-22,262.94000244140625
2018-08-23,264.2799987792969
2018-08-24,265.3800048828125
2018-08-27,266.2300109863281
2018-08-28,266.7099914550781
2018-08-29,267.1300048828125
2018-08-30,265.010009765625
2018-08-31,264.7300109863281
2018-09-04,263.70001220703125
2018-09-05,267.8500061035156
2018-09-06,270.8900146484375
2018-09-07,271.8999938964844
2018-09-10,262.5899963378906
2018-09-11,264.1700134277344
2018-09-12,266.3399963378906
2018-09-13,270.3399963378906
2018-09-14,270.7799987792969
2018-09-17,269.6300048828125
2018-09-18,270.9700012207031
2018-09-19,271.8500061035156
2018-09-20,274.1199951171875
2018-09-21,272.5199890136719
2018-09-24,273.2300109863281
2018-09-25,270.25
2018-09-26,269.4599914550781
2018-09-27,271.6400146484375
2018-09-28,274.04998779296875
2018-10-01,276.20001220703125
2018-10-02,276.1199951171875
2018-10-03,276.239990234375
2018-10-04,274.989990234375
2018-10-05,275.9200134277344
2018-10-08,277.3900146484375
2018-10-09,279.17999267578125
2018-10-10,272.6499938964844
2018-10-11,268.5199890136719
2018-10-12,271.4100036621094
2018-10-15,267.3800048828125
2018-10-16,278.4200134277344
2018-10-17,279.5799865722656
2018-10-18,281.19000244140625
2018-10-19,279.1499938964844
2018-10-22,275.7300109863281
2018-10-23,274.0899963378906
2018-10-24,265.42999267578125
2018-10-25,270.92999267578125
2018-10-26,265.75
2018-10-29,263.5199890136719
2018-10-30,265.489990234375
2018-10-31,275.57000732421875
2018-11-01,265.92999267578125
2018-11-02,268.0
2018-11-05,269.17999267578125
2018-11-06,272.010009765625
2018-11-07,289.94000244140625
2018-11-08,287.3699951171875
2018-11-09,287.0599975585937
2018-11-12,282.6700134277344
2018-11-13,280.25
2018-11-14,280.1000061035156
2018-11-15,284.1400146484375
2018-11-16,286.3299865722656
2018-11-19,281.7900085449219
2018-11-20,277.8599853515625
2018-11-21,278.95001220703125
2018-11-23,280.739990234375
2018-11-26,281.3299865722656
2018-11-27,282.0799865722656
2018-11-28,291.29998779296875
2018-11-29,292.1700134277344
2018-11-30,290.07000732421875
2018-12-03,296.25
2018-12-04,292.9200134277344
2018-12-06,287.4100036621094
2018-12-07,280.5299987792969
2018-12-10,276.6600036621094
2018-12-11,276.239990234375
2018-12-12,278.5599975585937
2018-12-13,280.45001220703125
2018-12-14,275.5799865722656
2018-12-17,266.69000244140625
2018-12-18,259.3599853515625
2018-12-19,257.6099853515625
2018-12-20,252.1100006103516
2018-12-21,251.9600067138672
2018-12-24,249.0
2018-12-26,259.3999938964844
2018-12-27,260.8800048828125
2018-12-28,259.0799865722656
2018-12-31,262.6300048828125
2019-01-02,255.0200042724609
2019-01-03,248.4199981689453
2019-01-04,249.91000366210932
2019-01-07,250.3500061035156
2019-01-08,249.4600067138672
2019-01-09,251.3500061035156
2019-01-10,252.2700042724609
2019-01-11,256.6400146484375
2019-01-14,255.1199951171875
2019-01-15,260.3500061035156
2019-01-16,261.9200134277344
2019-01-17,261.8900146484375
2019-01-18,266.1199951171875
2019-01-22,264.57000732421875
2019-01-23,268.1000061035156
2019-01-24,265.6000061035156
2019-01-25,272.67999267578125
2019-01-28,270.010009765625
2019-01-29,272.7099914550781
2019-01-30,297.5599975585937
2019-01-31,303.0
2019-02-01,303.2900085449219
2019-02-04,304.2099914550781
2019-02-05,303.54998779296875
2019-02-06,311.3599853515625
2019-02-07,308.04998779296875
2019-02-08,304.25
2019-02-11,302.1700134277344
2019-02-12,306.44000244140625
2019-02-13,305.70001220703125
2019-02-14,308.1700134277344
2019-02-15,311.5799865722656
2019-02-19,311.6000061035156
2019-02-20,312.95001220703125
2019-02-21,311.29998779296875
2019-02-22,316.7900085449219
2019-02-25,314.3999938964844
2019-02-26,317.4200134277344
2019-02-27,306.07000732421875
2019-02-28,300.7300109863281
2019-03-01,307.67999267578125
2019-03-04,292.5899963378906
2019-03-05,298.69000244140625
2019-03-06,294.4599914550781
2019-03-07,291.4200134277344
2019-03-08,295.0400085449219
2019-03-11,295.9700012207031
2019-03-12,296.9800109863281
2019-03-13,303.6099853515625
2019-03-14,305.45001220703125
2019-03-15,303.0
2019-03-18,308.2300109863281
2019-03-19,307.989990234375
2019-03-20,303.010009765625
2019-03-21,304.8599853515625
2019-03-22,301.510009765625
2019-03-25,297.75
2019-03-26,288.29998779296875
2019-03-27,283.0
2019-03-28,282.3500061035156
2019-03-29,286.9800109863281
2019-04-01,288.3299865722656
2019-04-02,288.20001220703125
2019-04-03,287.6600036621094
2019-04-04,291.20001220703125
2019-04-05,293.3099975585937
2019-04-08,289.5
2019-04-09,290.1000061035156
2019-04-10,288.0400085449219
2019-04-11,276.2900085449219
2019-04-12,252.8500061035156
2019-04-15,262.8800048828125
2019-04-16,245.1300048828125
2019-04-17,236.25
2019-04-18,239.6199951171875
2019-04-22,244.0
2019-04-23,250.63999938964844
2019-04-24,251.0
2019-04-25,255.91000366210932
2019-04-26,266.3999938964844
2019-04-29,266.2900085449219
2019-04-30,263.0299987792969
2019-05-01,260.7200012207031
2019-05-02,261.5899963378906
2019-05-03,261.70001220703125
2019-05-06,268.70001220703125
2019-05-07,264.8900146484375
2019-05-08,264.6499938964844
2019-05-09,266.04998779296875
2019-05-10,268.3099975585937
2019-05-13,261.20001220703125
2019-05-14,261.3299865722656
2019-05-15,258.6499938964844
2019-05-16,263.82000732421875
2019-05-17,265.07000732421875
2019-05-20,266.3099975585937
2019-05-21,277.0599975585937
2019-05-22,277.1400146484375
2019-05-23,277.7200012207031
2019-05-24,277.25
2019-05-28,272.260009765625
2019-05-29,275.57000732421875
2019-05-30,277.82000732421875
2019-05-31,277.9800109863281
2019-06-03,276.44000244140625
2019-06-04,279.8099975585937
2019-06-05,276.9200134277344
2019-06-06,277.5
2019-06-07,278.1300048828125
2019-06-10,282.1400146484375
2019-06-11,283.45001220703125
2019-06-12,281.1000061035156
2019-06-13,285.1000061035156
2019-06-14,285.32000732421875
2019-06-17,287.45001220703125
2019-06-18,288.3299865722656
2019-06-19,291.07000732421875
2019-06-20,291.2300109863281
2019-06-21,293.760009765625
2019-06-24,290.5299987792969
2019-06-25,285.17999267578125
2019-06-26,278.8399963378906
2019-06-27,282.4200134277344
2019-06-28,282.2099914550781
2019-07-01,282.7200012207031
2019-07-02,280.6600036621094
2019-07-03,282.7799987792969
2019-07-05,284.0599975585937
2019-07-08,284.739990234375
2019-07-09,284.1600036621094
2019-07-10,287.9200134277344
2019-07-11,303.8800048828125
2019-07-12,310.4800109863281
2019-07-15,306.8500061035156
2019-07-16,305.4100036621094
2019-07-17,304.69000244140625
2019-07-18,304.57000732421875
2019-07-19,302.1199951171875
2019-07-22,301.7799987792969
2019-07-23,302.5899963378906
2019-07-24,288.9100036621094
2019-07-25,293.95001220703125
2019-07-26,299.9800109863281
2019-07-29,298.32000732421875
2019-07-30,299.6400146484375
2019-07-31,294.6099853515625
2019-08-01,292.95001220703125
2019-08-02,290.57000732421875
2019-08-05,283.6199951171875
2019-08-06,291.0400085449219
2019-08-07,286.5
2019-08-08,288.6499938964844
2019-08-09,287.3299865722656
2019-08-12,282.0
2019-08-13,286.8999938964844
2019-08-14,272.8999938964844
2019-08-15,274.1099853515625
2019-08-16,275.5400085449219
2019-08-19,273.4100036621094
2019-08-20,266.57000732421875
2019-08-21,267.8800048828125
2019-08-22,261.0599975585937
2019-08-23,260.3800048828125
2019-08-26,260.510009765625
2019-08-27,251.3000030517578
2019-08-28,253.8099975585937
2019-08-29,259.7900085449219
2019-08-30,261.5199890136719
2019-09-03,258.1000061035156
2019-09-04,254.22999572753903
2019-09-05,251.22000122070312
2019-09-06,249.3800048828125
2019-09-09,250.4499969482422
2019-09-10,252.58999633789065
2019-09-11,249.8099975585937
2019-09-12,248.16000366210932
2019-09-13,253.0800018310547
2019-09-16,258.5799865722656
2019-09-17,257.2900085449219
2019-09-18,251.7899932861328
2019-09-19,255.4499969482422
2019-09-20,252.08999633789065
2019-09-23,251.3999938964844
2019-09-24,248.19000244140625
2019-09-25,244.0
2019-09-26,238.8000030517578
2019-09-27,237.69000244140625
2019-09-30,240.1000061035156
2019-10-01,238.44000244140625
2019-10-02,237.8999938964844
2019-10-03,238.22999572753903
2019-10-04,241.7899932861328
2019-10-07,241.02999877929688
2019-10-08,235.5200042724609
2019-10-09,238.25
2019-10-10,237.22999572753903
2019-10-11,237.5500030517578
2019-10-14,234.82000732421875
2019-10-15,248.94000244140625
2019-10-16,245.0200042724609
2019-10-17,249.25
2019-10-18,249.3999938964844
2019-10-21,253.07000732421875
2019-10-22,260.25
2019-10-23,263.510009765625
2019-10-24,259.489990234375
2019-10-25,263.07000732421875
2019-10-28,267.6700134277344
2019-10-29,272.6400146484375
2019-10-30,273.4599914550781
2019-10-31,269.0799865722656
2019-11-01,270.75
2019-11-04,271.7200012207031
2019-11-05,273.0
2019-11-06,277.32000732421875
2019-11-07,279.7699890136719
2019-11-08,282.0899963378906
2019-11-11,279.1499938964844
2019-11-12,283.6700134277344
2019-11-13,283.739990234375
2019-11-14,282.010009765625
2019-11-15,297.82000732421875
2019-11-18,294.0
2019-11-19,292.7200012207031
2019-11-20,292.70001220703125
2019-11-21,293.7300109863281
2019-11-22,291.8299865722656
2019-11-25,293.8900146484375
2019-11-26,287.239990234375
2019-11-27,289.45001220703125
2019-11-29,288.6600036621094
2019-12-02,287.42999267578125
2019-12-03,286.19000244140625
2019-12-04,287.3800048828125
2019-12-05,286.29998779296875
2019-12-06,285.2699890136719
2019-12-09,282.3299865722656
2019-12-10,283.8500061035156
2019-12-11,280.6000061035156
2019-12-12,284.4200134277344
2019-12-13,284.1199951171875
2019-12-16,291.7799987792969
2019-12-17,290.739990234375
2019-12-18,293.17999267578125
2019-12-19,298.2200012207031
2019-12-20,303.0
2019-12-23,303.17999267578125
2019-12-24,304.5
2019-12-26,304.760009765625
2019-12-27,306.4200134277344
2019-12-30,305.3099975585937
2019-12-31,302.0299987792969
2020-01-02,300.8699951171875
2020-01-03,296.8800048828125
2020-01-06,300.45001220703125
2020-01-07,299.5400085449219
2020-01-08,307.4800109863281
2020-01-09,306.4100036621094
2020-01-10,307.739990234375
2020-01-13,296.739990234375
2020-01-14,296.8800048828125
2020-01-15,301.54998779296875
2020-01-16,305.04998779296875
2020-01-17,305.3900146484375
2020-01-21,305.989990234375
2020-01-22,303.510009765625
2020-01-23,304.3999938964844
2020-01-24,297.2799987792969
2020-01-27,283.7900085449219
2020-01-28,290.32000732421875
2020-01-29,272.9100036621094
2020-01-30,265.8900146484375
2020-01-31,265.2799987792969
2020-02-03,266.42999267578125
2020-02-04,273.3699951171875
2020-02-05,287.3299865722656
2020-02-06,282.3299865722656
2020-02-07,276.4800109863281
2020-02-10,276.54998779296875
2020-02-11,279.9100036621094
2020-02-12,296.0
2020-02-13,298.8699951171875
2020-02-14,297.82000732421875
2020-02-18,302.45001220703125
2020-02-19,304.0599975585937
2020-02-20,293.94000244140625
2020-02-21,294.7099914550781
2020-02-24,277.5
2020-02-25,267.3999938964844
2020-02-26,268.1499938964844
2020-02-27,257.8599853515625
2020-02-28,257.0899963378906
2020-03-02,271.2699890136719
2020-03-03,256.3800048828125
2020-03-04,296.4200134277344
2020-03-05,287.1600036621094
2020-03-06,282.19000244140625
2020-03-09,269.82000732421875
2020-03-10,286.04998779296875
2020-03-11,281.69000244140625
2020-03-12,256.2099914550781
2020-03-13,270.3399963378906
2020-03-16,224.0399932861328
2020-03-17,238.32000732421875
2020-03-18,206.9600067138672
2020-03-19,200.8699951171875
2020-03-20,191.58999633789065
2020-03-23,174.67999267578125
2020-03-24,196.83999633789065
2020-03-25,216.3699951171875
2020-03-26,235.6699981689453
2020-03-27,222.9600067138672
2020-03-30,230.5800018310547
2020-03-31,227.0399932861328
2020-04-01,214.3000030517578
2020-04-02,211.38999938964844
2020-04-03,203.3000030517578
2020-04-06,225.72000122070312
2020-04-07,224.0500030517578
2020-04-08,247.0200042724609
2020-04-09,242.4600067138672
2020-04-13,240.52999877929688
2020-04-14,252.009994506836
2020-04-15,250.47000122070312
2020-04-16,271.8399963378906
2020-04-17,267.82000732421875
2020-04-20,263.20001220703125
2020-04-21,249.3699951171875
2020-04-22,262.9599914550781
2020-04-23,261.54998779296875
2020-04-24,264.1199951171875
2020-04-27,270.0599975585937
2020-04-28,268.2200012207031
2020-04-29,280.6099853515625
2020-04-30,280.7300109863281
2020-05-01,269.57000732421875
2020-05-04,271.0
2020-05-05,275.07000732421875
2020-05-06,270.6199951171875
2020-05-07,265.7300109863281
2020-05-08,274.3299865722656
2020-05-11,272.3699951171875
2020-05-12,272.9599914550781
2020-05-13,267.79998779296875
2020-05-14,273.2799987792969
2020-05-15,278.0899963378906
2020-05-18,279.9599914550781
2020-05-19,281.1000061035156
2020-05-20,280.0
2020-05-21,278.67999267578125
2020-05-22,277.1099853515625
2020-05-26,283.4200134277344
2020-05-27,287.25
2020-05-28,291.3699951171875
2020-05-29,294.1099853515625
2020-06-01,290.0299987792969
2020-06-02,294.20001220703125
2020-06-03,289.2699890136719
2020-06-04,282.0899963378906
2020-06-05,287.8900146484375
2020-06-08,300.5899963378906
2020-06-09,291.010009765625
2020-06-10,288.5400085449219
2020-06-11,264.5400085449219
2020-06-12,265.739990234375
2020-06-15,262.3299865722656
2020-06-16,267.42999267578125
2020-06-17,265.7200012207031
2020-06-18,265.5299987792969
2020-06-19,266.42999267578125
2020-06-22,265.2099914550781
2020-06-23,268.989990234375
2020-06-24,257.3099975585937
2020-06-25,261.0
2020-06-26,255.6499938964844
2020-06-29,259.2699890136719
2020-06-30,262.9800109863281
2020-07-01,268.67999267578125
2020-07-02,267.0
2020-07-06,269.0
2020-07-07,264.8900146484375
2020-07-08,262.5400085449219
2020-07-09,255.0
2020-07-10,255.0
2020-07-13,257.5799865722656
2020-07-14,263.4700012207031
2020-07-15,267.2799987792969
2020-07-16,264.0899963378906
2020-07-17,266.3699951171875
2020-07-20,259.0
2020-07-21,265.7099914550781
2020-07-22,268.0899963378906
2020-07-23,269.92999267578125
2020-07-24,270.489990234375
2020-07-27,263.989990234375
2020-07-28,265.2300109863281
2020-07-29,281.5599975585937
2020-07-30,277.19000244140625
2020-07-31,273.79998779296875
2020-08-03,270.75
2020-08-04,270.8900146484375
2020-08-05,275.6499938964844
2020-08-06,271.4800109863281
2020-08-07,276.6600036621094
2020-08-10,278.8500061035156
2020-08-11,280.3299865722656
2020-08-12,283.17999267578125
2020-08-13,282.3299865722656
2020-08-14,283.2300109863281
2020-08-17,283.1099853515625
2020-08-18,282.45001220703125
2020-08-19,283.3999938964844
2020-08-20,281.75
2020-08-21,284.6300048828125
2020-08-24,279.1600036621094
2020-08-25,276.4700012207031
2020-08-26,270.2099914550781
2020-08-27,274.5899963378906
2020-08-28,277.2799987792969
2020-08-31,281.5199890136719
2020-09-01,273.0799865722656
2020-09-02,279.9700012207031
2020-09-03,277.0
2020-09-04,276.2200012207031
2020-09-08,267.2099914550781
2020-09-09,267.4200134277344
2020-09-10,260.8399963378906
2020-09-11,258.0299987792969
2020-09-14,265.6000061035156
2020-09-15,260.1499938964844
2020-09-16,263.6199951171875
2020-09-17,263.0
2020-09-18,264.19000244140625
2020-09-21,257.7099914550781
2020-09-22,247.44000244140625
2020-09-23,245.72999572753903
2020-09-24,248.77999877929688
2020-09-25,255.25
2020-09-28,257.0599975585937
2020-09-29,259.7900085449219
2020-09-30,268.5899963378906
2020-10-01,270.1700134277344
2020-10-02,275.010009765625
2020-10-05,284.7900085449219
2020-10-06,283.6400146484375
2020-10-07,293.1199951171875
2020-10-08,293.2900085449219
2020-10-09,294.4100036621094
2020-10-12,298.57000732421875
2020-10-13,297.44000244140625
2020-10-14,292.3399963378906
2020-10-15,294.8999938964844
2020-10-16,296.8699951171875
2020-10-19,292.2099914550781
2020-10-20,291.19000244140625
2020-10-21,296.1600036621094
2020-10-22,305.1700134277344
2020-10-23,310.760009765625
2020-10-26,299.75
2020-10-27,298.8800048828125
2020-10-28,285.79998779296875
2020-10-29,273.260009765625
2020-10-30,272.79998779296875
2020-11-02,278.25
2020-11-03,293.4599914550781
2020-11-04,327.8599853515625
2020-11-05,319.6000061035156
2020-11-06,313.32000732421875
2020-11-09,322.4100036621094
2020-11-10,328.5599975585937
2020-11-11,323.3699951171875
2020-11-12,329.9200134277344
2020-11-13,332.9599914550781
2020-11-16,333.1499938964844
2020-11-17,329.8399963378906
2020-11-18,322.3800048828125
2020-11-19,311.8500061035156
2020-11-20,305.6199951171875
2020-11-23,310.6600036621094
2020-11-24,313.94000244140625
2020-11-25,309.04998779296875
2020-11-27,312.79998779296875
2020-11-30,311.5199890136719
2020-12-01,313.8999938964844
2020-12-02,318.45001220703125
2020-12-03,323.0299987792969
2020-12-04,323.2699890136719
2020-12-07,319.239990234375
2020-12-08,322.69000244140625
2020-12-09,318.44000244140625
2020-12-10,313.75
2020-12-11,311.3999938964844
2020-12-14,310.1000061035156
2020-12-15,313.2200012207031
2020-12-16,310.239990234375
2020-12-17,314.0799865722656
2020-12-18,308.6400146484375
2020-12-21,306.3800048828125
2020-12-22,303.29998779296875
2020-12-23,308.3500061035156
2020-12-24,308.6700134277344
2020-12-28,312.8900146484375
2020-12-29,314.3299865722656
2020-12-30,314.04998779296875
2020-12-31,321.0899963378906
2021-01-04,318.5799865722656
2021-01-05,315.1000061035156
2021-01-06,328.32000732421875
2021-01-07,337.3800048828125
2021-01-08,337.0799865722656
2021-01-11,338.7699890136719
2021-01-12,334.7799987792969
2021-01-13,330.42999267578125
2021-01-14,322.5199890136719
2021-01-15,326.4200134277344
2021-01-19,323.69000244140625
2021-01-20,321.5199890136719
2021-01-21,321.70001220703125
2021-01-22,314.0899963378906
2021-01-25,315.3699951171875
2021-01-26,312.5199890136719
2021-01-27,290.1700134277344
2021-01-28,300.510009765625
2021-01-29,296.9800109863281
2021-02-01,292.5599975585937
2021-02-02,298.989990234375
2021-02-03,298.3599853515625
2021-02-04,294.3599853515625
2021-02-05,290.8500061035156
2021-02-08,287.70001220703125
2021-02-09,298.70001220703125
2021-02-10,298.1700134277344
2021-02-11,292.8399963378906
2021-02-12,290.67999267578125
2021-02-16,289.6199951171875
2021-02-17,290.25
2021-02-18,296.3299865722656
2021-02-19,294.9700012207031
2021-02-22,295.69000244140625
2021-02-23,304.5799865722656
2021-02-24,305.7900085449219
2021-02-25,300.239990234375
2021-02-26,303.19000244140625
2021-03-01,311.4800109863281
2021-03-02,311.6600036621094
2021-03-03,314.7099914550781
2021-03-04,321.489990234375
2021-03-05,333.6000061035156
2021-03-08,339.5899963378906
2021-03-09,333.7799987792969
2021-03-10,333.5299987792969
2021-03-11,335.0199890136719
2021-03-12,341.7200012207031
2021-03-15,342.8099975585937
2021-03-16,343.57000732421875
2021-03-17,341.9200134277344
2021-03-18,353.32000732421875
2021-03-19,354.1300048828125
2021-03-22,351.1400146484375
2021-03-23,351.8299865722656
2021-03-24,360.8699951171875
2021-03-25,366.8699951171875
2021-03-26,371.30999755859375
2021-03-29,369.3699951171875
2021-03-30,364.0899963378906
2021-03-31,358.95001220703125
2021-04-01,353.760009765625
2021-04-05,354.8900146484375
2021-04-06,352.2699890136719
2021-04-07,352.19000244140625
2021-04-08,352.8900146484375
2021-04-09,361.010009765625
2021-04-12,359.4200134277344
2021-04-13,359.0199890136719
2021-04-14,362.6199951171875
2021-04-15,372.6000061035156
2021-04-16,375.6199951171875
2021-04-19,379.6600036621094
2021-04-20,381.8800048828125
2021-04-21,384.8399963378906
2021-04-22,379.7799987792969
2021-04-23,381.9500122070313
2021-04-26,377.510009765625
2021-04-27,376.8599853515625
2021-04-28,375.2799987792969
2021-04-29,383.0299987792969
2021-04-30,379.3900146484375
2021-05-03,386.5799865722656
2021-05-04,391.6700134277344
2021-05-05,389.1199951171875
2021-05-06,388.7200012207031
2021-05-07,396.5700073242188
2021-05-10,401.8999938964844
2021-05-11,394.489990234375
2021-05-12,390.1700134277344
2021-05-13,395.4500122070313
2021-05-14,393.9299926757813
2021-05-17,393.6600036621094
2021-05-18,393.4400024414063
2021-05-19,393.4299926757813
2021-05-20,391.1300048828125
2021-05-21,396.0799865722656
2021-05-24,394.3399963378906
2021-05-25,395.1499938964844
2021-05-26,394.8900146484375
2021-05-27,397.8399963378906
2021-05-28,398.2200012207031
2021-06-01,394.2200012207031
2021-06-02,393.4700012207031
2021-06-03,395.6400146484375
2021-06-04,393.2000122070313
2021-06-07,389.1000061035156
2021-06-08,391.8999938964844
2021-06-09,385.9599914550781
2021-06-10,384.4299926757813
2021-06-11,383.8699951171875
2021-06-14,383.510009765625
2021-06-15,384.9700012207031
2021-06-16,378.4500122070313
2021-06-17,377.80999755859375
2021-06-18,369.2099914550781
2021-06-21,376.4100036621094
2021-06-22,379.0
2021-06-23,377.9800109863281
2021-06-24,378.3299865722656
2021-06-25,380.8200073242188
2021-06-28,380.8999938964844
2021-06-29,381.55999755859375
2021-06-30,381.7999877929688
2021-07-01,383.8200073242188
2021-07-02,387.2000122070313
2021-07-06,385.239990234375
2021-07-07,387.510009765625
2021-07-08,384.1700134277344
2021-07-09,388.6099853515625
2021-07-12,396.0400085449219
2021-07-13,398.1300048828125
2021-07-14,395.0700073242188
2021-07-15,396.1199951171875
2021-07-16,393.5899963378906
2021-07-19,384.4400024414063
2021-07-20,389.9400024414063
2021-07-21,383.5899963378906
2021-07-22,384.2999877929688
2021-07-23,382.2900085449219
2021-07-26,378.5
2021-07-27,382.6300048828125
2021-07-28,379.9299926757813
2021-07-29,384.3299865722656
2021-07-30,384.010009765625
2021-08-02,390.2900085449219
2021-08-03,395.2900085449219
2021-08-04,395.5899963378906
2021-08-05,376.6799926757813
2021-08-06,379.4500122070313
2021-08-09,376.3200073242188
2021-08-10,377.3699951171875
2021-08-11,367.6400146484375
2021-08-12,367.6300048828125
2021-08-13,367.489990234375
2021-08-16,376.3900146484375
2021-08-17,380.2300109863281
2021-08-18,371.3999938964844
2021-08-19,375.8999938964844
2021-08-20,377.989990234375
2021-08-23,377.3399963378906
2021-08-24,376.75
2021-08-25,373.1799926757813
2021-08-26,370.0700073242188
2021-08-27,372.6700134277344
2021-08-30,370.5700073242188
2021-08-31,375.1300048828125
2021-09-01,369.3800048828125
2021-09-02,382.9400024414063
2021-09-03,378.7300109863281
2021-09-07,377.7099914550781
2021-09-08,370.9500122070313
2021-09-09,371.4299926757813
2021-09-10,357.510009765625
2021-09-13,368.6400146484375
2021-09-14,366.4700012207031
2021-09-15,374.5199890136719
2021-09-16,374.9400024414063
2021-09-17,379.5199890136719
2021-09-20,376.8999938964844
2021-09-21,379.0700073242188
2021-09-22,375.489990234375
2021-09-23,380.2999877929688
2021-09-24,381.3299865722656
2021-09-27,388.4800109863281
2021-09-28,385.7000122070313
2021-09-29,388.7999877929688
2021-09-30,372.7999877929688
2021-10-01,375.9299926757813
2021-10-04,370.2000122070313
2021-10-05,373.5499877929688
2021-10-06,370.0799865722656
2021-10-07,380.6600036621094
2021-10-08,386.1700134277344
2021-10-11,380.9100036621094
2021-10-12,377.489990234375
2021-10-13,375.4500122070313
2021-10-14,390.7099914550781
2021-10-15,393.0499877929688
2021-10-18,388.2099914550781
2021-10-19,393.75
2021-10-20,424.0499877929688
2021-10-21,430.4100036621094
2021-10-22,433.3399963378906
2021-10-25,434.55999755859375
2021-10-26,436.239990234375
2021-10-27,433.6799926757813
2021-10-28,433.3599853515625
2021-10-29,435.1300048828125
2021-11-01,428.760009765625
2021-11-02,420.2000122070313
2021-11-03,424.6300048828125
2021-11-04,422.6099853515625
2021-11-05,422.05999755859375
2021-11-08,426.5899963378906
2021-11-09,430.1199951171875
2021-11-10,424.9400024414063
2021-11-11,430.6700134277344
2021-11-12,437.010009765625
2021-11-15,434.3900146484375
2021-11-16,430.4599914550781
2021-11-17,429.6799926757813
2021-11-18,425.8800048828125
2021-11-19,415.2099914550781
2021-11-22,419.3999938964844
2021-11-23,423.6600036621094
2021-11-24,424.7900085449219
2021-11-26,415.5199890136719
2021-11-29,416.2200012207031
2021-11-30,406.2300109863281
2021-12-01,404.6499938964844
2021-12-02,399.739990234375
2021-12-03,395.0
2021-12-06,403.6199951171875
2021-12-07,411.239990234375
2021-12-08,415.9700012207031
2021-12-09,419.6600036621094
2021-12-10,431.0
2021-12-13,430.0400085449219
2021-12-14,433.9400024414063
2021-12-15,443.55999755859375
2021-12-16,447.8800048828125
2021-12-17,445.1000061035156
2021-12-20,439.4599914550781
2021-12-21,446.489990234375
2021-12-22,453.9100036621094
2021-12-23,455.7099914550781
2021-12-27,459.5199890136719
2021-12-28,464.2099914550781
2021-12-29,467.6700134277344
2021-12-30,467.1499938964844
2021-12-31,463.5400085449219
2022-01-03,464.8599853515625
2022-01-04,458.1700134277344
2022-01-05,458.2200012207031
2022-01-06,439.4500122070313
2022-01-07,434.989990234375
2022-01-10,437.8299865722656
2022-01-11,453.7300109863281
2022-01-12,451.8299865722656
2022-01-13,446.8299865722656
2022-01-14,452.1400146484375
2022-01-18,448.0899963378906
2022-01-19,448.2900085449219
2022-01-20,452.7200012207031
2022-01-21,441.55999755859375
2022-01-24,449.5
2022-01-25,439.1799926757813
2022-01-26,428.4400024414063
2022-01-27,435.8299865722656
2022-01-28,442.0899963378906
2022-01-31,440.989990234375
2022-02-01,438.8999938964844
2022-02-02,444.1600036621094
2022-02-03,451.7900085449219
2022-02-04,446.260009765625
2022-02-07,449.4299926757813
2022-02-08,465.760009765625
2022-02-09,468.010009765625
2022-02-10,457.6000061035156
2022-02-11,447.9100036621094
2022-02-14,443.9700012207031
2022-02-15,449.8900146484375
2022-02-16,458.5799865722656
2022-02-17,451.3399963378906
2022-02-18,446.239990234375
2022-02-22,444.010009765625
2022-02-23,442.5299987792969
2022-02-24,441.80999755859375
2022-02-25,453.6900024414063
2022-02-28,451.8500061035156
2022-03-01,451.5
2022-03-02,463.489990234375
2022-03-03,469.0199890136719
2022-03-04,476.8399963378906
2022-03-07,454.5299987792969
2022-03-08,456.0700073242188
2022-03-09,465.3699951171875
2022-03-10,473.2000122070313
2022-03-11,465.260009765625
2022-03-14,458.3299865722656
2022-03-15,467.6900024414063
2022-03-16,470.8200073242188
2022-03-17,478.1300048828125
2022-03-18,478.0199890136719
2022-03-21,476.0
2022-03-22,471.5400085449219
2022-03-23,462.1700134277344
2022-03-24,473.7300109863281
2022-03-25,480.760009765625
2022-03-28,484.7900085449219
2022-03-29,491.0299987792969
2022-03-30,502.4800109863281
2022-03-31,491.2200012207031
2022-04-01,499.3299865722656
2022-04-04,489.3399963378906
2022-04-05,494.7799987792969
2022-04-06,506.8699951171875
2022-04-07,514.6599731445312
2022-04-08,520.6699829101562
2022-04-11,510.6400146484375
2022-04-12,509.6099853515625
2022-04-13,512.2100219726562
2022-04-14,516.719970703125
2022-04-18,512.9500122070312
2022-04-19,517.0399780273438
2022-04-20,529.8400268554688
2022-04-21,522.8699951171875
2022-04-22,502.6300048828125
2022-04-25,506.8699951171875
2022-04-26,502.30999755859375
2022-04-27,508.3800048828125
2022-04-28,516.739990234375
2022-04-29,501.9299926757813
2022-05-02,497.1099853515625
2022-05-03,498.4800109863281
2022-05-04,510.2900085449219
2022-05-05,506.8599853515625
2022-05-06,504.6400146484375
2022-05-09,490.8800048828125
2022-05-10,489.3200073242188
2022-05-11,487.3599853515625
2022-05-12,484.5199890136719
2022-05-13,486.4500122070313
2022-05-16,493.5899963378906
2022-05-17,497.1900024414063
2022-05-18,476.3900146484375
2022-05-19,479.9200134277344
2022-05-20,492.8500061035156
2022-05-23,494.8500061035156
2022-05-24,505.2900085449219
2022-05-25,504.7799987792969
2022-05-26,512.4299926757812
2022-05-27,520.5499877929688
2022-05-31,509.6099853515625
2022-06-01,499.1900024414063
2022-06-02,496.9299926757813
2022-06-03,493.260009765625
2022-06-06,497.4200134277344
2022-06-07,500.4100036621094
2022-06-08,498.2999877929688
2022-06-09,486.2000122070313
2022-06-10,482.8299865722656
2022-06-13,462.8900146484375
2022-06-14,460.3999938964844
2022-06-15,462.8800048828125
2022-06-16,454.760009765625
2022-06-17,444.3200073242188
2022-06-21,460.760009765625
2022-06-22,465.75
2022-06-23,472.3399963378906
2022-06-24,469.8699951171875
2022-06-27,482.5799865722656
2022-06-28,473.0899963378906
2022-06-29,485.5700073242188
2022-06-30,482.5799865722656
2022-07-01,485.9800109863281
2022-07-05,476.9400024414063
2022-07-06,484.2699890136719
2022-07-07,478.8299865722656
2022-07-08,484.2900085449219
2022-07-11,481.6199951171875
2022-07-12,477.9700012207031
2022-07-13,470.7099914550781
2022-07-14,466.3900146484375
2022-07-15,488.9200134277344
2022-07-18,480.7999877929688
2022-07-19,497.4299926757813
2022-07-20,459.5400085449219
2022-07-21,461.9400024414063
2022-07-22,459.6000061035156
2022-07-25,470.8599853515625
2022-07-26,468.9599914550781
2022-07-27,468.0
2022-07-28,475.7300109863281
2022-07-29,477.1000061035156
2022-08-01,470.8999938964844
2022-08-02,472.1400146484375
2022-08-03,479.5299987792969
2022-08-04,474.8999938964844
2022-08-05,475.1300048828125
2022-08-08,475.7200012207031
2022-08-09,483.9700012207031
2022-08-10,481.3299865722656
2022-08-11,477.1099853515625
2022-08-12,491.7000122070313
2022-08-15,493.2200012207031
2022-08-16,492.2799987792969
2022-08-17,490.8500061035156
2022-08-18,491.7699890136719
2022-08-19,503.5400085449219
2022-08-22,507.0
2022-08-23,493.2300109863281
2022-08-24,493.3999938964844
2022-08-25,492.3399963378906
2022-08-26,483.4800109863281
2022-08-29,488.510009765625
2022-08-30,486.8500061035156
2022-08-31,485.1099853515625
2022-09-01,490.1700134277344
2022-09-02,481.989990234375
2022-09-06,477.0
2022-09-07,485.0199890136719
2022-09-08,489.3500061035156
2022-09-09,493.6000061035156
2022-09-12,493.6600036621094
2022-09-13,480.55999755859375
2022-09-14,470.1099853515625
2022-09-15,485.3299865722656
2022-09-16,480.2300109863281
2022-09-19,479.989990234375
2022-09-20,475.4700012207031
2022-09-21,465.739990234375
2022-09-22,462.8800048828125
2022-09-23,453.8500061035156
2022-09-26,448.1400146484375
2022-09-27,445.9800109863281
2022-09-28,453.1000061035156
2022-09-29,456.7900085449219
2022-09-30,454.239990234375
2022-10-03,470.05999755859375
2022-10-04,479.2300109863281
2022-10-05,478.7999877929688
2022-10-06,477.9500122070313
2022-10-07,467.05999755859375
2022-10-10,467.1499938964844
2022-10-11,470.7300109863281
2022-10-12,465.2300109863281
2022-10-13,474.1400146484375
2022-10-14,470.7699890136719
2022-10-17,477.0799865722656
2022-10-18,478.2699890136719
2022-10-19,487.80999755859375
2022-10-20,502.2200012207031
2022-10-21,511.0400085449219
2022-10-24,526.5
2022-10-25,523.9500122070312
2022-10-26,533.5700073242188
2022-10-27,531.6199951171875
2022-10-28,543.6500244140625
2022-10-31,546.77001953125
2022-11-01,544.530029296875
2022-11-02,538.1199951171875
2022-11-03,533.8599853515625
2022-11-04,526.6599731445312
2022-11-07,528.4600219726562
2022-11-08,530.3099975585938
2022-11-09,520.0
2022-11-10,521.8800048828125
2022-11-11,491.3599853515625
2022-11-14,490.7999877929688
2022-11-15,479.010009765625
2022-11-16,476.1400146484375
2022-11-17,477.010009765625
2022-11-18,495.3200073242188
2022-11-21,499.9100036621094
2022-11-22,505.05999755859375
2022-11-23,507.1600036621094
2022-11-25,513.8599853515625
2022-11-28,512.780029296875
2022-11-29,515.3599853515625
2022-11-30,532.9199829101562
2022-12-01,525.25
2022-12-02,523.5999755859375
2022-12-05,522.3400268554688
2022-12-06,528.4000244140625
2022-12-07,529.9000244140625
2022-12-08,529.1199951171875
2022-12-09,524.9199829101562
2022-12-12,534.1799926757812
2022-12-13,519.3200073242188
2022-12-14,520.1500244140625
2022-12-15,508.9800109863281
2022-12-16,502.0499877929688
2022-12-19,502.8900146484375
2022-12-20,504.6499938964844
2022-12-21,510.8399963378906
2022-12-22,510.05999755859375
2022-12-23,514.2899780273438
2022-12-27,514.2100219726562
2022-12-28,512.6799926757812
2022-12-29,512.8800048828125
2022-12-30,512.969970703125
2023-01-03,502.2000122070313
2023-01-04,485.4400024414063
2023-01-05,473.0
2023-01-06,475.4800109863281
2023-01-09,470.7099914550781
2023-01-10,470.6799926757813
2023-01-11,480.5400085449219
2023-01-12,477.0799865722656
2023-01-13,483.0
2023-01-17,480.9599914550781
2023-01-18,471.7099914550781
2023-01-19,480.2200012207031
2023-01-20,479.489990234375
2023-01-23,477.9400024414063
2023-01-24,478.5199890136719
2023-01-25,495.5899963378906
2023-01-26,502.1900024414063
2023-01-27,492.5299987792969
2023-01-30,489.0799865722656
2023-01-31,499.989990234375
2023-02-01,498.7699890136719
2023-02-02,480.4100036621094
2023-02-03,477.7099914550781
2023-02-06,478.6700134277344
2023-02-07,477.8699951171875
2023-02-08,483.5400085449219
2023-02-09,485.6000061035156
2023-02-10,490.7799987792969
2023-02-13,495.2099914550781
2023-02-14,491.4800109863281
2023-02-15,487.1300048828125
2023-02-16,486.989990234375
2023-02-17,495.0400085449219
2023-02-21,478.8200073242188
2023-02-22,483.8200073242188
2023-02-23,486.1199951171875
2023-02-24,478.0299987792969
2023-02-27,476.2999877929688
2023-02-28,469.6700134277344
2023-03-01,469.0299987792969
2023-03-02,468.7799987792969
2023-03-03,470.239990234375
2023-03-06,472.8399963378906
2023-03-07,466.7900085449219
2023-03-08,466.6700134277344
2023-03-09,459.9599914550781
2023-03-10,454.55999755859375
2023-03-13,458.9500122070313
2023-03-14,458.5799865722656
2023-03-15,456.4800109863281
2023-03-16,468.5
2023-03-17,463.1700134277344
2023-03-20,466.989990234375
2023-03-21,469.7000122070313
2023-03-22,465.3900146484375
2023-03-23,446.2999877929688
2023-03-24,456.6900024414063
2023-03-27,463.9700012207031
2023-03-28,458.5299987792969
2023-03-29,456.1700134277344
2023-03-30,458.9200134277344
2023-03-31,459.80999755859375
2023-04-03,476.489990234375
2023-04-04,475.4299926757813
2023-04-05,484.6900024414063
2023-04-06,483.5400085449219
2023-04-10,484.9299926757813
2023-04-11,489.6799926757813
2023-04-12,492.989990234375
2023-04-13,496.2000122070313
2023-04-14,484.4599914550781
2023-04-17,484.2699890136719
2023-04-18,483.0799865722656
2023-04-19,457.3299865722656
2023-04-20,454.9299926757813
2023-04-21,450.739990234375
2023-04-24,462.9200134277344
2023-04-25,460.8699951171875
2023-04-26,452.3800048828125
2023-04-27,465.3999938964844
2023-04-28,468.6499938964844
2023-05-01,472.2799987792969
2023-05-02,466.3200073242188
2023-05-03,458.1799926757813
2023-05-04,456.6900024414063
2023-05-05,464.4700012207031
2023-05-08,465.1900024414063
2023-05-09,460.4800109863281
2023-05-10,459.3500061035156
2023-05-11,456.7799987792969
2023-05-12,457.4599914550781
2023-05-15,452.5499877929688
2023-05-16,445.8800048828125
2023-05-17,459.739990234375
2023-05-18,455.010009765625
2023-05-19,457.8299865722656
2023-05-22,457.0400085449219
2023-05-23,457.510009765625
2023-05-24,456.5899963378906
2023-05-25,450.0799865722656
2023-05-26,445.8900146484375
2023-05-30,441.7300109863281
2023-05-31,447.8200073242188
2023-06-01,464.4299926757813
2023-06-02,471.0199890136719
2023-06-05,480.4299926757813
2023-06-06,464.6000061035156
2023-06-07,460.1300048828125
2023-06-08,466.260009765625
2023-06-09,470.1700134277344
2023-06-12,472.8800048828125
2023-06-13,468.6300048828125
2023-06-14,436.3299865722656
2023-06-15,451.7300109863281
2023-06-16,443.2099914550781
2023-06-20,437.9299926757813
2023-06-21,445.0299987792969
2023-06-22,449.8699951171875
2023-06-23,450.3999938964844
2023-06-26,448.7699890136719
2023-06-27,444.5199890136719
2023-06-28,437.1099853515625
2023-06-29,440.1000061035156
2023-06-30,444.2900085449219
2023-07-03,444.4800109863281
2023-07-05,443.0299987792969
2023-07-06,439.2999877929688
2023-07-07,429.3999938964844
2023-07-10,432.4200134277344
2023-07-11,434.9200134277344
2023-07-12,414.1300048828125
2023-07-13,417.6300048828125
2023-07-14,438.7300109863281
2023-07-17,437.1700134277344
2023-07-18,443.6900024414063
2023-07-19,463.2099914550781
2023-07-20,475.760009765625
2023-07-21,475.9299926757813
2023-07-24,471.1600036621094
2023-07-25,475.8500061035156
2023-07-26,469.5899963378906
2023-07-27,470.6900024414063
2023-07-28,467.0400085449219
2023-07-31,471.6300048828125
2023-08-01,467.9800109863281
2023-08-02,471.7200012207031
2023-08-03,468.010009765625
2023-08-04,463.1799926757813
2023-08-07,470.8200073242188
2023-08-08,462.6700134277344
2023-08-09,460.3299865722656
2023-08-10,466.1099853515625
2023-08-11,474.05999755859375
2023-08-14,471.3999938964844
2023-08-15,467.8200073242188
2023-08-16,465.1499938964844
2023-08-17,459.3800048828125
2023-08-18,462.7799987792969
2023-08-21,466.2699890136719
2023-08-22,463.2999877929688
2023-08-23,459.8399963378906
2023-08-24,456.0
2023-08-25,452.5199890136719
2023-08-28,454.4100036621094
2023-08-29,457.80999755859375
2023-08-30,459.5700073242188
2023-08-31,442.010009765625
2023-09-01,442.3800048828125
2023-09-05,450.1499938964844
2023-09-06,446.0
2023-09-07,450.3299865722656
2023-09-08,448.75
2023-09-11,449.260009765625
2023-09-12,445.2999877929688
2023-09-13,443.1900024414063
2023-09-14,444.3599853515625
2023-09-15,441.9200134277344
2023-09-18,442.7200012207031
2023-09-19,438.7799987792969
2023-09-20,445.8299865722656
2023-09-21,450.8299865722656
2023-09-22,447.1000061035156
2023-09-25,454.0400085449219
2023-09-26,448.1600036621094
2023-09-27,444.760009765625
2023-09-28,447.2799987792969
2023-09-29,435.4200134277344
2023-10-02,440.1900024414063
2023-10-03,433.510009765625
2023-10-04,437.9500122070313
2023-10-05,443.8699951171875
2023-10-06,449.9599914550781
2023-10-09,453.010009765625
2023-10-10,455.1300048828125
2023-10-11,453.5700073242188
2023-10-12,453.5299987792969
2023-10-13,454.1099853515625
2023-10-16,462.6199951171875
2023-10-17,465.6900024414063
2023-10-18,469.30999755859375
2023-10-19,463.2799987792969
2023-10-20,453.7799987792969
2023-10-23,451.7699890136719
2023-10-24,452.5899963378906
2023-10-25,450.0700073242188
2023-10-26,449.7900085449219
2023-10-27,441.4599914550781
2023-10-30,448.0199890136719
2023-10-31,450.0899963378906
2023-11-01,446.6600036621094
2023-11-02,451.510009765625
2023-11-03,449.8599853515625
2023-11-06,454.5199890136719
2023-11-07,457.239990234375
2023-11-08,453.1900024414063
2023-11-09,453.05999755859375
2023-11-10,458.25
2023-11-13,461.3900146484375
2023-11-14,461.75
2023-11-15,456.7200012207031
2023-11-16,463.6099853515625
2023-11-17,462.9500122070313
2023-11-20,465.3699951171875
2023-11-21,470.6000061035156
2023-11-22,479.9700012207031
2023-11-24,478.7300109863281
2023-11-27,477.4100036621094
2023-11-28,475.489990234375
2023-11-29,465.3599853515625
2023-11-30,479.489990234375
2023-12-01,483.1199951171875
2023-12-04,483.1000061035156
2023-12-05,482.0499877929688
2023-12-06,478.2999877929688
2023-12-07,476.9599914550781
2023-12-08,477.9700012207031
2023-12-11,476.1000061035156
2023-12-12,483.5299987792969
2023-12-13,488.05999755859375
2023-12-14,479.8699951171875
2023-12-15,468.4599914550781
2023-12-18,469.3699951171875
2023-12-19,465.7799987792969
2023-12-20,459.2300109863281
2023-12-21,464.0899963378906
2023-12-22,466.5899963378906
2023-12-26,466.510009765625
2023-12-27,465.80999755859375
2023-12-28,468.6700134277344
2023-12-29,471.55999755859375
2024-01-02,478.8299865722656
2024-01-03,480.489990234375
2024-01-04,484.8399963378906
2024-01-05,480.0299987792969
2024-01-08,480.0499877929688
2024-01-09,483.239990234375
2024-01-10,480.239990234375
2024-01-11,482.30999755859375
2024-01-12,475.1199951171875
2024-01-16,473.2900085449219
2024-01-17,476.1199951171875
2024-01-18,469.3299865722656
2024-01-19,464.6099853515625
2024-01-22,471.8399963378906
2024-01-23,472.1600036621094
2024-01-24,473.6700134277344
2024-01-25,480.30999755859375
2024-01-26,483.7999877929688
2024-01-29,486.5299987792969
2024-01-30,492.3500061035156
2024-01-31,493.4400024414063
2024-02-01,495.4299926757813
2024-02-02,495.1199951171875
2024-02-05,490.3299865722656
2024-02-06,493.8299865722656
2024-02-07,497.7900085449219
2024-02-08,502.1499938964844
2024-02-09,506.0799865722656
2024-02-12,505.239990234375
2024-02-13,505.30999755859375
2024-02-14,506.1099853515625
2024-02-15,508.8299865722656
2024-02-16,512.6300048828125
2024-02-20,508.9100036621094
2024-02-21,509.3800048828125
2024-02-22,512.1699829101562
2024-02-23,514.0900268554688
2024-02-26,506.5499877929688
2024-02-27,507.4100036621094
2024-02-28,503.1099853515625
2024-02-29,501.25
2024-03-01,499.1099853515625
2024-03-04,504.3599853515625
2024-03-05,498.3500061035156
2024-03-06,504.7699890136719
2024-03-07,501.5799865722656
2024-03-08,502.9700012207031
2024-03-11,506.7900085449219
2024-03-12,505.5700073242188
2024-03-13,509.489990234375
2024-03-14,510.5700073242188
2024-03-15,513.0800170898438
2024-03-18,511.2999877929688
2024-03-19,515.8300170898438
2024-03-20,514.2999877929688
2024-03-21,514.6699829101562
2024-03-22,513.8499755859375
2024-03-25,510.3599853515625
2024-03-26,517.239990234375
2024-03-27,519.9600219726562
2024-03-28,518.5399780273438
2024-04-01,516.0
2024-04-02,499.2200012207031
2024-04-03,506.0
2024-04-04,498.6000061035156
2024-04-05,507.3500061035156
2024-04-08,510.0
2024-04-09,514.4000244140625
2024-04-10,507.739990234375
2024-04-11,501.9599914550781
2024-04-12,497.489990234375
2024-04-15,500.0899963378906
2024-04-16,506.9700012207031
2024-04-17,508.9700012207031
2024-04-18,525.1900024414062
2024-04-19,531.4199829101562
2024-04-22,532.219970703125
2024-04-23,532.9199829101562
2024-04-24,533.72998046875
2024-04-25,539.6799926757812
2024-04-26,537.260009765625
2024-04-29,533.97998046875
2024-04-30,528.5800170898438
2024-05-01,524.8400268554688
2024-05-02,525.6099853515625
2024-05-03,526.9600219726562
2024-05-06,529.9299926757812
2024-05-07,536.1699829101562
2024-05-08,533.3499755859375
2024-05-09,538.5800170898438
2024-05-10,539.1799926757812
2024-05-13,538.77001953125
2024-05-14,534.6300048828125
2024-05-15,539.989990234375
2024-05-16,543.8900146484375
2024-05-17,547.7100219726562
2024-05-20,541.6199951171875
2024-05-21,545.6099853515625
2024-05-22,547.7999877929688
2024-05-23,543.9400024414062
2024-05-24,521.4099731445312
2024-05-28,519.1900024414062
2024-05-29,505.5199890136719
2024-05-30,507.3399963378906
2024-05-31,538.47998046875
2024-06-03,542.719970703125
2024-06-04,540.4299926757812
2024-06-05,540.010009765625
2024-06-06,541.0399780273438
2024-06-07,538.9400024414062
2024-06-10,536.25
2024-06-11,536.9299926757812
2024-06-12,530.6099853515625
2024-06-13,538.75
2024-06-14,534.8099975585938
2024-06-17,534.3800048828125
2024-06-18,527.3099975585938
2024-06-20,534.7899780273438
2024-06-21,534.4199829101562
2024-06-24,541.7100219726562
2024-06-25,535.2899780273438
2024-06-26,534.3200073242188
2024-06-27,535.77001953125
2024-06-28,541.8599853515625
2024-07-01,534.5499877929688
2024-07-02,535.9199829101562
2024-07-03,530.3900146484375
2024-07-05,530.3099975585938
2024-07-08,526.5499877929688
2024-07-09,529.239990234375
2024-07-10,534.5900268554688
2024-07-11,533.8200073242188
2024-07-12,535.5399780273438
2024-07-15,530.6599731445312
2024-07-16,553.1400146484375
2024-07-17,520.9299926757812
2024-07-18,504.7200012207031
2024-07-19,500.1199951171875
2024-07-22,503.8900146484375
2024-07-23,502.4200134277344
2024-07-24,512.1199951171875
2024-07-25,514.030029296875
2024-07-26,527.5
2024-07-29,529.8599853515625
2024-07-30,536.260009765625
2024-07-31,532.030029296875
2024-08-01,532.22998046875
2024-08-02,535.1699829101562
2024-08-05,523.489990234375
2024-08-06,523.6799926757812
2024-08-07,521.1400146484375
2024-08-08,526.52001953125
2024-08-09,532.0700073242188
2024-08-12,525.8499755859375
2024-08-13,531.6500244140625
2024-08-14,539.219970703125
2024-08-15,541.719970703125
2024-08-16,543.7000122070312
2024-08-19,543.3900146484375
2024-08-20,543.0399780273438
2024-08-21,542.3400268554688
2024-08-22,543.3200073242188
2024-08-23,545.9600219726562
2024-08-26,544.6300048828125
2024-08-27,548.4299926757812
2024-08-28,551.0900268554688
2024-08-29,552.0900268554688
2024-08-30,556.8900146484375
2024-09-03,562.2899780273438
2024-09-04,547.3099975585938
2024-09-05,544.4000244140625
2024-09-06,541.9099731445312
2024-09-09,543.6599731445312
2024-09-10,544.1500244140625
2024-09-11,543.3900146484375
2024-09-12,545.8499755859375
2024-09-13,550.8400268554688
2024-09-16,553.5
2024-09-17,543.510009765625
2024-09-18,539.4600219726562
2024-09-19,538.0
2024-09-20,539.8599853515625
2024-09-23,533.9000244140625
2024-09-24,527.3499755859375
2024-09-25,520.489990234375
2024-09-26,520.280029296875
2024-09-27,523.9500122070312
2024-09-30,520.0
2024-10-01,511.260009765625
2024-10-02,505.1600036621094
2024-10-03,498.25
2024-10-04,492.0700073242188
2024-10-07,492.0199890136719
2024-10-08,489.4700012207031
2024-10-09,493.510009765625
2024-10-10,492.1799926757813
2024-10-11,501.8800048828125
2024-10-14,509.0199890136719
2024-10-15,483.8699951171875
2024-10-16,496.9599914550781
2024-10-17,444.3500061035156
2024-10-18,430.7699890136719
2024-10-21,422.260009765625
2024-10-22,419.8399963378906
2024-10-23,415.5400085449219
2024-10-24,419.0400085449219
2024-10-25,425.2699890136719
2024-10-28,417.260009765625
2024-10-29,410.5700073242188
2024-10-30,410.760009765625
2024-10-31,405.760009765625
2024-11-01,414.010009765625
2024-11-04,417.8599853515625
2024-11-05,417.7699890136719
2024-11-06,428.9299926757813
2024-11-07,429.3399963378906
2024-11-08,422.6199951171875
2024-11-11,425.3900146484375
2024-11-12,412.9200134277344
2024-11-13,410.8900146484375
2024-11-14,407.0400085449219
2024-11-15,400.6900024414063
2024-11-18,400.7000122070313
2024-11-19,394.2000122070313
2024-11-20,397.4800109863281
2024-11-21,403.6000061035156
2024-11-22,402.5499877929688
2024-11-25,407.6000061035156
2024-11-26,401.9599914550781
2024-11-27,402.75
2024-11-29,406.9599914550781
2024-12-02,410.3900146484375
2024-12-03,408.0700073242188
2024-12-04,400.1099853515625
2024-12-05,392.9800109863281
2024-12-06,382.1400146484375
2024-12-09,395.6600036621094
2024-12-10,389.8599853515625
2024-12-11,385.55999755859375
2024-12-12,378.3900146484375
2024-12-13,381.4100036621094
2024-12-16,373.2999877929688
2024-12-17,366.2999877929688
2024-12-18,366.260009765625
2024-12-19,366.4800109863281
2024-12-20,365.9599914550781
2024-12-23,370.8900146484375
2024-12-24,372.9400024414063
2024-12-26,373.6600036621094
2024-12-27,371.0700073242188
2024-12-30,368.7999877929688
2024-12-31,368.8999938964844
2025-01-02,365.8299865722656
2025-01-03,371.55999755859375
2025-01-06,379.6499938964844
2025-01-07,380.75
2025-01-08,383.239990234375
2025-01-10,381.1499938964844
2025-01-13,396.489990234375
2025-01-14,393.1600036621094
2025-01-15,389.2900085449219
2025-01-16,385.260009765625
2025-01-17,385.2900085449219
2025-01-21,389.2200012207031
2025-01-22,390.7300109863281
2025-01-23,401.3599853515625
2025-01-24,400.9599914550781
2025-01-27,411.239990234375
2025-01-28,405.3999938964844
2025-01-29,400.2999877929688
2025-01-30,399.3200073242188
2025-01-31,395.7000122070313
2025-02-03,405.1000061035156
2025-02-04,401.9800109863281
2025-02-05,402.1600036621094
2025-02-06,390.4700012207031
2025-02-07,391.4200134277344
2025-02-10,396.1400146484375
2025-02-11,391.2200012207031
2025-02-12,385.6600036621094
2025-02-13,391.6000061035156
2025-02-14,389.25
2025-02-18,382.4800109863281
2025-02-19,391.7099914550781
2025-02-20,390.5
2025-02-21,385.1000061035156
2025-02-24,385.260009765625
2025-02-25,401.9299926757813
2025-02-26,386.1300048828125
2025-02-27,392.8699951171875
2025-02-28,396.8800048828125
2025-03-03,395.5
2025-03-04,397.2699890136719
2025-03-05,397.4700012207031
2025-03-06,402.7699890136719
2025-03-07,409.4599914550781
2025-03-10,409.5499877929688
2025-03-11,422.0400085449219
2025-03-12,411.0400085449219
2025-03-13,417.25
2025-03-14,420.9400024414063
2025-03-17,430.5899963378906
2025-03-18,436.25
2025-03-19,430.4800109863281
2025-03-20,434.2799987792969
2025-03-21,427.1900024414063
2025-03-24,427.2300109863281
2025-03-25,423.4700012207031
2025-03-26,430.5299987792969
2025-03-27,431.9500122070313
2025-03-28,432.0
2025-03-31,434.9599914550781
2025-04-01,432.6799926757813
2025-04-02,429.3299865722656
2025-04-03,452.6900024414063
2025-04-04,428.8900146484375
2025-04-07,423.1400146484375
2025-04-08,430.8999938964844
2025-04-09,435.6799926757813
2025-04-10,436.3699951171875
2025-04-11,439.80999755859375
2025-04-14,441.1700134277344
2025-04-15,437.7699890136719
2025-04-16,435.0400085449219
2025-04-17,424.5299987792969
2025-04-21,406.6900024414063
2025-04-22,415.8999938964844
2025-04-23,426.8699951171875
2025-04-24,428.7900085449219
2025-04-25,421.6799926757813
2025-04-28,413.8200073242188
2025-04-29,413.6499938964844
2025-04-30,420.5799865722656
2025-05-01,408.30999755859375
2025-05-02,409.9800109863281
2025-05-05,416.2999877929688
2025-05-06,413.9800109863281
2025-05-07,417.4299926757813
2025-05-08,412.3800048828125
2025-05-09,404.5799865722656
2025-05-12,416.6900024414063
2025-05-13,375.3999938964844
2025-05-14,374.2900085449219
2025-05-15,390.0
2025-05-16,403.2900085449219
2025-05-19,403.80999755859375
2025-05-20,412.489990234375
2025-05-21,400.1199951171875
2025-05-22,384.510009765625
2025-05-23,372.2699890136719
2025-05-27,375.9800109863281
2025-05-28,377.9500122070313
2025-05-29,380.5299987792969
2025-05-30,383.8399963378906
2025-06-02,377.0499877929688
2025-06-03,378.9599914550781
2025-06-04,380.0700073242188
2025-06-05,384.6499938964844
2025-06-06,393.3599853515625
2025-06-09,389.6099853515625
2025-06-10,383.9200134277344
2025-06-11,380.9299926757813
2025-06-12,386.2200012207031
2025-06-13,384.5499877929688
2025-06-16,376.5299987792969
2025-06-17,375.1900024414063
2025-06-18,375.9100036621094
2025-06-20,374.5199890136719
2025-06-23,372.4200134277344
2025-06-24,376.4200134277344
2025-06-25,373.8599853515625
2025-06-26,373.1799926757813
2025-06-27,381.489990234375
2025-06-30,388.9599914550781
2025-07-01,395.760009765625
2025-07-02,350.25
2025-07-03,347.8399963378906
2025-07-07,346.8800048828125
2025-07-08,349.4599914550781
2025-07-09,346.3599853515625
2025-07-10,345.8599853515625
2025-07-11,340.6700134277344
2025-07-14,340.07000732421875
2025-07-15,336.2099914550781
2025-07-16,344.54998779296875
2025-07-17,302.45001220703125
2025-07-18,277.0899963378906
2025-07-21,276.45001220703125
2025-07-22,281.7200012207031
2025-07-23,296.6000061035156
2025-07-24,280.42999267578125
2025-07-25,289.1000061035156
2025-07-28,285.9800109863281
2025-07-29,288.7300109863281
2025-07-30,293.54998779296875
2025-07-31,283.0799865722656
2025-08-01,274.6600036621094
2025-08-04,274.92999267578125
2025-08-05,276.4100036621094
2025-08-06,276.29998779296875
2025-08-07,283.4800109863281
2025-08-08,293.989990234375
2025-08-11,290.7900085449219
2025-08-12,292.4800109863281
2025-08-13,294.42999267578125
2025-08-14,295.42999267578125
2025-08-15,309.57000732421875
2025-08-18,309.32000732421875
2025-08-19,312.0
2025-08-20,310.0
2025-08-21,309.6000061035156
2025-08-22,316.54998779296875
2025-08-25,314.0
2025-08-26,310.0299987792969
2025-08-27,309.8099975585937
2025-08-28,310.4100036621094
2025-08-29,318.6499938964844
2025-09-02,322.3299865722656
2025-09-03,321.5899963378906
2025-09-04,308.04998779296875
2025-09-05,313.6400146484375
2025-09-08,308.1600036621094
2025-09-09,315.0899963378906
2025-09-10,306.75
2025-09-11,314.8900146484375
2025-09-12,311.760009765625
2025-09-15,306.9100036621094
2025-09-16,310.0
2025-09-17,308.4800109863281
2025-09-18,315.7699890136719
2025-09-19,313.7099914550781
2025-09-22,317.8900146484375
2025-09-23,323.7300109863281
2025-09-24,326.3800048828125
2025-09-25,316.70001220703125
2025-09-26,318.6099853515625
2025-09-29,319.69000244140625
2025-09-30,323.1199951171875
2025-10-01,332.6600036621094
2025-10-02,340.239990234375
2025-10-03,350.5
2025-10-06,349.94000244140625
2025-10-07,357.489990234375
2025-10-08,362.3399963378906
2025-10-09,358.1300048828125
2025-10-10,353.239990234375
2025-10-13,351.4200134277344
2025-10-14,350.4800109863281
2025-10-15,349.489990234375
2025-10-16,348.17999267578125
2025-10-17,348.7699890136719
2025-10-20,354.07000732421875
2025-10-21,349.75
2025-10-22,345.2099914550781
2025-10-23,346.2799987792969
2025-10-24,342.3500061035156
2025-10-27,342.489990234375
2025-10-28,339.3999938964844
2025-10-29,336.3599853515625
2025-10-30,321.95001220703125
2025-10-31,317.20001220703125
2025-11-03,313.19000244140625
2025-11-04,316.6199951171875
2025-11-05,318.0799865722656
2025-11-06,314.44000244140625
2025-11-07,317.7799987792969
2025-11-10,303.7799987792969
2025-11-11,315.25
2025-11-12,327.6300048828125
2025-11-13,328.2799987792969
2025-11-14,325.8299865722656
2025-11-17,330.9100036621094
2025-11-18,324.5299987792969
2025-11-19,316.3699951171875
2025-11-20,313.989990234375
2025-11-21,321.7300109863281
2025-11-24,329.6000061035156
2025-11-25,336.2699890136719
2025-11-26,338.5199890136719
2025-11-28,338.260009765625
2025-12-01,329.67999267578125
2025-12-02,330.9200134277344
2025-12-03,330.75
2025-12-04,333.489990234375
2025-12-05,330.75
2025-12-08,330.6099853515625
2025-12-09,329.8099975585937
2025-12-10,341.0400085449219
2025-12-11,360.2200012207031
2025-12-12,359.07000732421875
2025-12-15,360.6700134277344
2025-12-16,351.8999938964844
2025-12-17,345.9599914550781
2025-12-18,344.6000061035156
2025-12-19,340.69000244140625
2025-12-22,344.2699890136719
2025-12-23,343.2200012207031
2025-12-24,343.29998779296875
2025-12-26,349.8800048828125
2025-12-29,348.3800048828125
2025-12-30,348.79998779296875
2025-12-31,350.54998779296875
2026-01-02,354.25
2026-01-05,363.510009765625
2026-01-06,371.3699951171875
2026-01-07,366.6900024414063
2026-01-08,374.7699890136719
2026-01-09,372.8299865722656
2026-01-12,374.9700012207031
2026-01-13,370.6799926757813
2026-01-14,372.8399963378906
2026-01-15,381.9299926757813
2026-01-16,374.8699951171875
2026-01-20,367.05999755859375
2026-01-21,369.8800048828125
2026-01-22,372.239990234375
2026-01-23,371.05999755859375
2026-01-26,376.9299926757813
2026-01-27,322.9200134277344
2026-01-28,341.8500061035156
2026-01-29,346.9800109863281
2026-01-30,345.739990234375
2026-02-02,341.8299865722656
2026-02-03,338.6499938964844
2026-02-04,340.6000061035156
2026-02-05,332.25
2026-02-06,338.9800109863281
2026-02-09,327.5
2026-02-10,325.6400146484375
2026-02-11,330.25
2026-02-12,336.0400085449219
2026-02-13,346.79998779296875
2026-02-17,344.7799987792969
2026-02-18,346.239990234375
2026-02-19,348.17999267578125
2026-02-20,342.92999267578125
2026-02-23,335.8699951171875
2026-02-24,327.1400146484375
2026-02-25,330.510009765625
2026-02-26,323.04998779296875
2026-02-27,320.0
2026-03-02,294.07000732421875
2026-03-03,284.0299987792969
2026-03-04,291.45001220703125
2026-03-05,286.4800109863281
2026-03-06,289.6400146484375
2026-03-09,280.739990234375
2026-03-10,282.67999267578125
2026-03-11,289.7900085449219
2026-03-12,287.8900146484375
2026-03-13,291.6300048828125
2026-03-16,292.07000732421875
2026-03-17,295.75
2026-03-18,294.95001220703125
2026-03-19,291.1499938964844
2026-03-20,291.4800109863281
2026-03-23,289.239990234375
2026-03-24,290.3299865722656
2026-03-25,296.0899963378906
2026-03-26,294.25
2026-03-27,286.3900146484375
2026-03-30,284.7900085449219
2026-03-31,292.75
2026-04-01,298.5
2026-04-02,300.739990234375
2026-04-06,302.6099853515625
2026-04-07,311.8299865722656
2026-04-08,318.2300109863281
2026-04-09,316.8699951171875
2026-04-10,311.5299987792969
2026-04-13,316.07000732421875
2026-04-14,313.3500061035156
2026-04-15,311.17999267578125
2026-04-16,315.82000732421875
2026-04-17,323.04998779296875
2026-04-20,319.3599853515625
2026-04-21,328.1099853515625
2026-04-22,328.20001220703125
2026-04-23,346.2900085449219
2026-04-24,344.760009765625
2026-04-27,356.1300048828125
2026-04-28,362.739990234375
2026-04-29,376.6300048828125
2026-04-30,376.4200134277344
2026-05-01,372.67999267578125
2026-05-04,371.8999938964844
2026-05-05,369.07000732421875
2026-05-06,374.7099914550781
2026-05-07,372.9200134277344
2026-05-08,378.07000732421875
2026-05-11,381.75
2026-05-12,393.29998779296875
2026-05-13,399.6400146484375
2026-05-14,396.7099914550781
2026-05-15,392.67999267578125
2026-05-18,394.07000732421875
2026-05-19,402.2699890136719
2026-05-20,396.2099914550781
2026-05-21,389.82000732421875
2026-05-22,394.69000244140625
