,FDS
2015-01-02,140.58999633789062
2015-01-05,138.38999938964844
2015-01-06,137.66000366210938
2015-01-07,138.75999450683594
2015-01-08,140.47000122070312
2015-01-09,139.3699951171875
2015-01-12,139.4600067138672
2015-01-13,140.27999877929688
2015-01-14,140.00999450683594
2015-01-15,138.47999572753906
2015-01-16,140.22999572753906
2015-01-20,139.42999267578125
2015-01-21,139.02000427246094
2015-01-22,142.88999938964844
2015-01-23,144.32000732421875
2015-01-26,146.07000732421875
2015-01-27,145.85000610351562
2015-01-28,144.94000244140625
2015-01-29,144.9600067138672
2015-01-30,143.58999633789062
2015-02-02,144.30999755859375
2015-02-03,148.67999267578125
2015-02-04,147.77000427246094
2015-02-05,148.41000366210938
2015-02-06,147.99000549316406
2015-02-09,148.52000427246094
2015-02-10,149.97999572753906
2015-02-11,150.80999755859375
2015-02-12,153.80999755859375
2015-02-13,155.0500030517578
2015-02-17,154.0399932861328
2015-02-18,155.50999450683594
2015-02-19,156.14999389648438
2015-02-20,158.0500030517578
2015-02-23,158.0800018310547
2015-02-24,157.5
2015-02-25,157.25999450683594
2015-02-26,155.8800048828125
2015-02-27,155.5500030517578
2015-03-02,155.86000061035156
2015-03-03,154.61000061035156
2015-03-04,152.69000244140625
2015-03-05,154.5
2015-03-06,152.10000610351562
2015-03-09,152.66000366210938
2015-03-10,150.1199951171875
2015-03-11,150.7899932861328
2015-03-12,153.44000244140625
2015-03-13,151.77999877929688
2015-03-16,154.19000244140625
2015-03-17,158.9600067138672
2015-03-18,157.5800018310547
2015-03-19,156.4499969482422
2015-03-20,155.6300048828125
2015-03-23,156.7100067138672
2015-03-24,157.38999938964844
2015-03-25,155.4600067138672
2015-03-26,156.6199951171875
2015-03-27,157.8000030517578
2015-03-30,159.89999389648438
2015-03-31,159.1999969482422
2015-04-01,160.10000610351562
2015-04-02,159.99000549316406
2015-04-06,159.97000122070312
2015-04-07,160.02000427246094
2015-04-08,161.05999755859375
2015-04-09,161.0399932861328
2015-04-10,158.5500030517578
2015-04-13,157.52999877929688
2015-04-14,158.63999938964844
2015-04-15,158.67999267578125
2015-04-16,158.3699951171875
2015-04-17,156.25
2015-04-20,157.4499969482422
2015-04-21,158.22999572753906
2015-04-22,158.49000549316406
2015-04-23,159.67999267578125
2015-04-24,159.72999572753906
2015-04-27,158.83999633789062
2015-04-28,159.8800048828125
2015-04-29,158.8699951171875
2015-04-30,157.38999938964844
2015-05-01,159.13999938964844
2015-05-04,160.07000732421875
2015-05-05,158.97000122070312
2015-05-06,159.13999938964844
2015-05-07,159.67999267578125
2015-05-08,161.07000732421875
2015-05-11,161.6999969482422
2015-05-12,161.57000732421875
2015-05-13,162.85000610351562
2015-05-14,165.11000061035156
2015-05-15,165.25
2015-05-18,166.57000732421875
2015-05-19,167.86000061035156
2015-05-20,167.52000427246094
2015-05-21,167.6999969482422
2015-05-22,166.58999633789062
2015-05-26,164.9499969482422
2015-05-27,166.72000122070312
2015-05-28,165.9600067138672
2015-05-29,165.1699981689453
2015-06-01,166.74000549316406
2015-06-02,166.44000244140625
2015-06-03,166.8000030517578
2015-06-04,165.16000366210938
2015-06-05,164.6300048828125
2015-06-08,163.5500030517578
2015-06-09,163.4199981689453
2015-06-10,165.8800048828125
2015-06-11,166.42999267578125
2015-06-12,165.74000549316406
2015-06-15,165.49000549316406
2015-06-16,161.74000549316406
2015-06-17,164.13999938964844
2015-06-18,164.92999267578125
2015-06-19,164.27999877929688
2015-06-22,163.52000427246094
2015-06-23,166.1300048828125
2015-06-24,163.75
2015-06-25,164.9499969482422
2015-06-26,165.1199951171875
2015-06-29,162.1999969482422
2015-06-30,162.50999450683594
2015-07-01,164.89999389648438
2015-07-02,163.5500030517578
2015-07-06,162.69000244140625
2015-07-07,161.30999755859375
2015-07-08,160.25
2015-07-09,160.85000610351562
2015-07-10,162.50999450683594
2015-07-13,162.9199981689453
2015-07-14,163.22000122070312
2015-07-15,164.8300018310547
2015-07-16,166.38999938964844
2015-07-17,165.14999389648438
2015-07-20,166.67999267578125
2015-07-21,165.02000427246094
2015-07-22,165.1199951171875
2015-07-23,163.86000061035156
2015-07-24,164.3699951171875
2015-07-27,161.5800018310547
2015-07-28,163.6300048828125
2015-07-29,165.05999755859375
2015-07-30,165.63999938964844
2015-07-31,165.66000366210938
2015-08-03,166.25
2015-08-04,168.44000244140625
2015-08-05,170.86000061035156
2015-08-06,169.02000427246094
2015-08-07,169.82000732421875
2015-08-10,171.4199981689453
2015-08-11,169.11000061035156
2015-08-12,167.91000366210938
2015-08-13,169.86000061035156
2015-08-14,171.13999938964844
2015-08-17,173.1999969482422
2015-08-18,172.89999389648438
2015-08-19,171.1999969482422
2015-08-20,166.61000061035156
2015-08-21,161.97000122070312
2015-08-24,153.35000610351562
2015-08-25,153.91000366210938
2015-08-26,157.6199951171875
2015-08-27,159.36000061035156
2015-08-28,160.25
2015-08-31,157.9199981689453
2015-09-01,153.3699951171875
2015-09-02,156.00999450683594
2015-09-03,158.39999389648438
2015-09-04,155.72999572753906
2015-09-08,161.80999755859375
2015-09-09,160.99000549316406
2015-09-10,162.1199951171875
2015-09-11,164.5399932861328
2015-09-14,165.1699981689453
2015-09-15,166.36000061035156
2015-09-16,166.35000610351562
2015-09-17,165.72000122070312
2015-09-18,164.32000732421875
2015-09-21,165.92999267578125
2015-09-22,162.6699981689453
2015-09-23,163.10000610351562
2015-09-24,159.42999267578125
2015-09-25,159.85000610351562
2015-09-28,156.3800048828125
2015-09-29,156.05999755859375
2015-09-30,159.80999755859375
2015-10-01,159.9499969482422
2015-10-02,161.3800048828125
2015-10-05,161.00999450683594
2015-10-06,160.6300048828125
2015-10-07,161.6999969482422
2015-10-08,162.63999938964844
2015-10-09,163.58999633789062
2015-10-12,164.25999450683594
2015-10-13,163.52000427246094
2015-10-14,161.9600067138672
2015-10-15,164.58999633789062
2015-10-16,165.3699951171875
2015-10-19,167.57000732421875
2015-10-20,168.0
2015-10-21,168.2100067138672
2015-10-22,173.36000061035156
2015-10-23,176.00999450683594
2015-10-26,175.97000122070312
2015-10-27,173.88999938964844
2015-10-28,175.5399932861328
2015-10-29,175.27999877929688
2015-10-30,175.1199951171875
2015-11-02,175.1999969482422
2015-11-03,172.7899932861328
2015-11-04,173.83999633789062
2015-11-05,174.49000549316406
2015-11-06,173.39999389648438
2015-11-09,174.0
2015-11-10,175.19000244140625
2015-11-11,174.83999633789062
2015-11-12,173.92999267578125
2015-11-13,166.9499969482422
2015-11-16,169.10000610351562
2015-11-17,169.57000732421875
2015-11-18,171.4199981689453
2015-11-19,169.16000366210938
2015-11-20,170.14999389648438
2015-11-23,170.1300048828125
2015-11-24,170.6199951171875
2015-11-25,169.4600067138672
2015-11-27,170.86000061035156
2015-11-30,169.52999877929688
2015-12-01,171.3300018310547
2015-12-02,171.07000732421875
2015-12-03,169.25999450683594
2015-12-04,173.0399932861328
2015-12-07,171.75
2015-12-08,172.3800048828125
2015-12-09,168.6300048828125
2015-12-10,170.47999572753906
2015-12-11,168.13999938964844
2015-12-14,169.30999755859375
2015-12-15,162.58999633789062
2015-12-16,161.8000030517578
2015-12-17,161.60000610351562
2015-12-18,156.25999450683594
2015-12-21,156.57000732421875
2015-12-22,158.32000732421875
2015-12-23,159.27999877929688
2015-12-24,160.2100067138672
2015-12-28,161.35000610351562
2015-12-29,163.55999755859375
2015-12-30,162.49000549316406
2015-12-31,162.57000732421875
2016-01-04,156.6199951171875
2016-01-05,158.72999572753906
2016-01-06,156.6300048828125
2016-01-07,152.50999450683594
2016-01-08,150.32000732421875
2016-01-11,150.80999755859375
2016-01-12,150.4600067138672
2016-01-13,146.35000610351562
2016-01-14,148.17999267578125
2016-01-15,146.82000732421875
2016-01-19,145.6999969482422
2016-01-20,142.74000549316406
2016-01-21,142.47999572753906
2016-01-22,145.8699951171875
2016-01-25,144.7100067138672
2016-01-26,146.83999633789062
2016-01-27,147.25999450683594
2016-01-28,147.8699951171875
2016-01-29,150.6999969482422
2016-02-01,149.8300018310547
2016-02-02,145.22000122070312
2016-02-03,144.47999572753906
2016-02-04,145.55999755859375
2016-02-05,142.49000549316406
2016-02-08,139.99000549316406
2016-02-09,137.58999633789062
2016-02-10,139.02999877929688
2016-02-11,136.39999389648438
2016-02-12,140.42999267578125
2016-02-16,144.61000061035156
2016-02-17,147.83999633789062
2016-02-18,146.91000366210938
2016-02-19,148.39999389648438
2016-02-22,150.5
2016-02-23,149.36000061035156
2016-02-24,149.63999938964844
2016-02-25,151.72999572753906
2016-02-26,150.82000732421875
2016-02-29,150.49000549316406
2016-03-01,154.7899932861328
2016-03-02,154.27999877929688
2016-03-03,154.52999877929688
2016-03-04,155.24000549316406
2016-03-07,157.49000549316406
2016-03-08,157.97000122070312
2016-03-09,158.42999267578125
2016-03-10,151.44000244140625
2016-03-11,154.5500030517578
2016-03-14,154.8300018310547
2016-03-15,146.6699981689453
2016-03-16,150.00999450683594
2016-03-17,150.69000244140625
2016-03-18,150.10000610351562
2016-03-21,149.7100067138672
2016-03-22,151.4600067138672
2016-03-23,148.5399932861328
2016-03-24,149.16000366210938
2016-03-28,150.8000030517578
2016-03-29,152.0
2016-03-30,152.02999877929688
2016-03-31,151.52999877929688
2016-04-01,152.74000549316406
2016-04-04,152.52000427246094
2016-04-05,150.49000549316406
2016-04-06,151.83999633789062
2016-04-07,148.0500030517578
2016-04-08,148.4600067138672
2016-04-11,146.58999633789062
2016-04-12,149.22999572753906
2016-04-13,152.55999755859375
2016-04-14,153.16000366210938
2016-04-15,153.89999389648438
2016-04-18,154.47000122070312
2016-04-19,154.85000610351562
2016-04-20,157.7100067138672
2016-04-21,154.36000061035156
2016-04-22,155.02999877929688
2016-04-25,152.1999969482422
2016-04-26,152.6300048828125
2016-04-27,153.10000610351562
2016-04-28,150.99000549316406
2016-04-29,150.75
2016-05-02,152.14999389648438
2016-05-03,148.77999877929688
2016-05-04,149.00999450683594
2016-05-05,148.86000061035156
2016-05-06,150.57000732421875
2016-05-09,151.89999389648438
2016-05-10,152.60000610351562
2016-05-11,151.36000061035156
2016-05-12,151.66000366210938
2016-05-13,150.39999389648438
2016-05-16,152.10000610351562
2016-05-17,150.49000549316406
2016-05-18,151.47000122070312
2016-05-19,152.6699981689453
2016-05-20,155.3800048828125
2016-05-23,156.24000549316406
2016-05-24,159.75
2016-05-25,158.05999755859375
2016-05-26,156.86000061035156
2016-05-27,159.57000732421875
2016-05-31,159.07000732421875
2016-06-01,158.52999877929688
2016-06-02,160.27000427246094
2016-06-03,158.94000244140625
2016-06-06,160.10000610351562
2016-06-07,159.80999755859375
2016-06-08,159.64999389648438
2016-06-09,160.0
2016-06-10,159.10000610351562
2016-06-13,157.92999267578125
2016-06-14,158.3699951171875
2016-06-15,158.4199981689453
2016-06-16,158.1999969482422
2016-06-17,155.8000030517578
2016-06-20,157.97999572753906
2016-06-21,158.25
2016-06-22,158.22000122070312
2016-06-23,162.72000122070312
2016-06-24,155.2899932861328
2016-06-27,151.19000244140625
2016-06-28,153.00999450683594
2016-06-29,157.27000427246094
2016-06-30,161.4199981689453
2016-07-01,161.17999267578125
2016-07-05,162.1199951171875
2016-07-06,159.94000244140625
2016-07-07,160.0
2016-07-08,161.02000427246094
2016-07-11,161.89999389648438
2016-07-12,165.1199951171875
2016-07-13,166.0800018310547
2016-07-14,167.33999633789062
2016-07-15,167.36000061035156
2016-07-18,166.6199951171875
2016-07-19,167.08999633789062
2016-07-20,168.7899932861328
2016-07-21,168.30999755859375
2016-07-22,169.77000427246094
2016-07-25,170.50999450683594
2016-07-26,172.00999450683594
2016-07-27,171.8800048828125
2016-07-28,173.13999938964844
2016-07-29,171.9600067138672
2016-08-01,171.22000122070312
2016-08-02,171.2100067138672
2016-08-03,172.1999969482422
2016-08-04,172.99000549316406
2016-08-05,174.2100067138672
2016-08-08,173.72000122070312
2016-08-09,172.55999755859375
2016-08-10,173.3000030517578
2016-08-11,172.66000366210938
2016-08-12,172.7899932861328
2016-08-15,174.0800018310547
2016-08-16,173.38999938964844
2016-08-17,173.3300018310547
2016-08-18,174.77999877929688
2016-08-19,175.22000122070312
2016-08-22,175.8000030517578
2016-08-23,177.72000122070312
2016-08-24,177.38999938964844
2016-08-25,177.6199951171875
2016-08-26,177.66000366210938
2016-08-29,178.3300018310547
2016-08-30,178.80999755859375
2016-08-31,178.02999877929688
2016-09-01,180.1300048828125
2016-09-02,181.5200042724609
2016-09-06,180.13999938964844
2016-09-07,181.41000366210932
2016-09-08,180.6999969482422
2016-09-09,176.4199981689453
2016-09-12,178.42999267578125
2016-09-13,175.91000366210938
2016-09-14,174.97999572753906
2016-09-15,178.0399932861328
2016-09-16,176.57000732421875
2016-09-19,176.5500030517578
2016-09-20,175.92999267578125
2016-09-21,178.22999572753906
2016-09-22,179.8000030517578
2016-09-23,178.57000732421875
2016-09-26,176.19000244140625
2016-09-27,164.33999633789062
2016-09-28,162.38999938964844
2016-09-29,160.2100067138672
2016-09-30,162.10000610351562
2016-10-03,159.4499969482422
2016-10-04,157.97999572753906
2016-10-05,158.35000610351562
2016-10-06,159.00999450683594
2016-10-07,157.3800048828125
2016-10-10,158.02999877929688
2016-10-11,156.1699981689453
2016-10-12,156.1699981689453
2016-10-13,155.19000244140625
2016-10-14,155.1999969482422
2016-10-17,154.72000122070312
2016-10-18,155.83999633789062
2016-10-19,155.3300018310547
2016-10-20,153.30999755859375
2016-10-21,154.9199981689453
2016-10-24,154.41000366210938
2016-10-25,153.0399932861328
2016-10-26,154.6999969482422
2016-10-27,154.25
2016-10-28,155.4600067138672
2016-10-31,154.72000122070312
2016-11-01,152.27999877929688
2016-11-02,151.6699981689453
2016-11-03,152.92999267578125
2016-11-04,152.72999572753906
2016-11-07,154.8000030517578
2016-11-08,155.9499969482422
2016-11-09,158.3699951171875
2016-11-10,160.77999877929688
2016-11-11,162.16000366210938
2016-11-14,161.1699981689453
2016-11-15,160.36000061035156
2016-11-16,159.44000244140625
2016-11-17,162.4600067138672
2016-11-18,163.05999755859375
2016-11-21,163.19000244140625
2016-11-22,161.55999755859375
2016-11-23,160.67999267578125
2016-11-25,160.91000366210938
2016-11-28,160.3699951171875
2016-11-29,161.72999572753906
2016-11-30,160.1699981689453
2016-12-01,159.38999938964844
2016-12-02,158.99000549316406
2016-12-05,160.35000610351562
2016-12-06,161.47000122070312
2016-12-07,164.50999450683594
2016-12-08,166.3300018310547
2016-12-09,167.3800048828125
2016-12-12,165.25
2016-12-13,167.5399932861328
2016-12-14,164.5399932861328
2016-12-15,165.35000610351562
2016-12-16,165.33999633789062
2016-12-19,165.3300018310547
2016-12-20,161.27999877929688
2016-12-21,165.17999267578125
2016-12-22,162.8800048828125
2016-12-23,163.2100067138672
2016-12-27,165.05999755859375
2016-12-28,162.72000122070312
2016-12-29,161.94000244140625
2016-12-30,163.42999267578125
2017-01-03,165.13999938964844
2017-01-04,169.7100067138672
2017-01-05,168.8800048828125
2017-01-06,170.74000549316406
2017-01-09,169.8000030517578
2017-01-10,169.4600067138672
2017-01-11,169.44000244140625
2017-01-12,169.5399932861328
2017-01-13,170.24000549316406
2017-01-17,169.33999633789062
2017-01-18,171.1999969482422
2017-01-19,169.16000366210938
2017-01-20,170.5399932861328
2017-01-23,171.25
2017-01-24,172.35000610351562
2017-01-25,174.42999267578125
2017-01-26,173.5399932861328
2017-01-27,173.47999572753906
2017-01-30,172.94000244140625
2017-01-31,173.0500030517578
2017-02-01,172.89999389648438
2017-02-02,174.52000427246094
2017-02-03,176.16000366210938
2017-02-06,175.75999450683594
2017-02-07,174.00999450683594
2017-02-08,174.14999389648438
2017-02-09,175.92999267578125
2017-02-10,177.94000244140625
2017-02-13,178.6199951171875
2017-02-14,178.77000427246094
2017-02-15,179.82000732421875
2017-02-16,180.08999633789062
2017-02-17,181.6699981689453
2017-02-21,183.1699981689453
2017-02-22,181.41000366210932
2017-02-23,181.69000244140625
2017-02-24,182.2899932861328
2017-02-27,181.4600067138672
2017-02-28,177.89999389648438
2017-03-01,180.8500061035156
2017-03-02,179.24000549316406
2017-03-03,178.33999633789062
2017-03-06,176.97000122070312
2017-03-07,176.6999969482422
2017-03-08,176.7100067138672
2017-03-09,177.8000030517578
2017-03-10,177.5800018310547
2017-03-13,176.9600067138672
2017-03-14,177.10000610351562
2017-03-15,179.25999450683594
2017-03-16,179.77000427246094
2017-03-17,179.94000244140625
2017-03-20,180.7100067138672
2017-03-21,176.25999450683594
2017-03-22,176.75
2017-03-23,177.57000732421875
2017-03-24,176.72999572753906
2017-03-27,174.5500030517578
2017-03-28,164.57000732421875
2017-03-29,164.36000061035156
2017-03-30,164.42999267578125
2017-03-31,164.91000366210938
2017-04-03,164.22000122070312
2017-04-04,162.35000610351562
2017-04-05,160.91000366210938
2017-04-06,161.1300048828125
2017-04-07,159.91000366210938
2017-04-10,159.64999389648438
2017-04-11,160.52999877929688
2017-04-12,159.1999969482422
2017-04-13,157.9199981689453
2017-04-17,161.08999633789062
2017-04-18,161.17999267578125
2017-04-19,163.02999877929688
2017-04-20,162.5
2017-04-21,162.16000366210938
2017-04-24,163.1300048828125
2017-04-25,163.1199951171875
2017-04-26,163.47999572753906
2017-04-27,163.8300018310547
2017-04-28,163.25999450683594
2017-05-01,162.9600067138672
2017-05-02,163.24000549316406
2017-05-03,163.25
2017-05-04,164.02000427246094
2017-05-05,164.07000732421875
2017-05-08,161.22999572753906
2017-05-09,162.63999938964844
2017-05-10,161.27999877929688
2017-05-11,161.05999755859375
2017-05-12,160.3000030517578
2017-05-15,161.47000122070312
2017-05-16,160.69000244140625
2017-05-17,159.1199951171875
2017-05-18,159.7899932861328
2017-05-19,161.24000549316406
2017-05-22,161.2100067138672
2017-05-23,160.8800048828125
2017-05-24,161.3699951171875
2017-05-25,162.52000427246094
2017-05-26,161.9499969482422
2017-05-30,163.8300018310547
2017-05-31,165.69000244140625
2017-06-01,165.9600067138672
2017-06-02,165.3800048828125
2017-06-05,164.42999267578125
2017-06-06,163.41000366210938
2017-06-07,164.02999877929688
2017-06-08,163.72999572753906
2017-06-09,163.89999389648438
2017-06-12,165.80999755859375
2017-06-13,166.97999572753906
2017-06-14,167.47999572753906
2017-06-15,168.94000244140625
2017-06-16,169.94000244140625
2017-06-19,171.6300048828125
2017-06-20,167.75
2017-06-21,165.85000610351562
2017-06-22,166.08999633789062
2017-06-23,166.77000427246094
2017-06-26,166.08999633789062
2017-06-27,165.64999389648438
2017-06-28,169.74000549316406
2017-06-29,169.57000732421875
2017-06-30,166.17999267578125
2017-07-03,165.77000427246094
2017-07-05,165.2899932861328
2017-07-06,160.5800018310547
2017-07-07,162.0399932861328
2017-07-10,161.6300048828125
2017-07-11,162.35000610351562
2017-07-12,163.94000244140625
2017-07-13,164.4199981689453
2017-07-14,163.3800048828125
2017-07-17,162.44000244140625
2017-07-18,162.0800018310547
2017-07-19,163.47000122070312
2017-07-20,165.57000732421875
2017-07-21,166.10000610351562
2017-07-24,166.2899932861328
2017-07-25,166.74000549316406
2017-07-26,165.47000122070312
2017-07-27,164.74000549316406
2017-07-28,164.99000549316406
2017-07-31,167.22000122070312
2017-08-01,165.77000427246094
2017-08-02,164.4499969482422
2017-08-03,164.8800048828125
2017-08-04,163.7899932861328
2017-08-07,162.52000427246094
2017-08-08,160.9600067138672
2017-08-09,162.27999877929688
2017-08-10,158.72999572753906
2017-08-11,158.77999877929688
2017-08-14,161.5800018310547
2017-08-15,162.2100067138672
2017-08-16,163.66000366210938
2017-08-17,161.10000610351562
2017-08-18,159.02000427246094
2017-08-21,158.7899932861328
2017-08-22,160.6199951171875
2017-08-23,158.17999267578125
2017-08-24,158.67999267578125
2017-08-25,159.27000427246094
2017-08-28,157.1999969482422
2017-08-29,155.52999877929688
2017-08-30,156.9199981689453
2017-08-31,157.17999267578125
2017-09-01,158.10000610351562
2017-09-05,157.50999450683594
2017-09-06,157.02999877929688
2017-09-07,158.0500030517578
2017-09-08,159.1300048828125
2017-09-11,159.14999389648438
2017-09-12,161.07000732421875
2017-09-13,160.44000244140625
2017-09-14,161.47999572753906
2017-09-15,161.85000610351562
2017-09-18,162.94000244140625
2017-09-19,163.0500030517578
2017-09-20,164.25999450683594
2017-09-21,167.14999389648438
2017-09-22,168.61000061035156
2017-09-25,170.80999755859375
2017-09-26,179.94000244140625
2017-09-27,178.99000549316406
2017-09-28,179.0800018310547
2017-09-29,180.11000061035156
2017-10-02,182.47000122070312
2017-10-03,183.1000061035156
2017-10-04,181.16000366210932
2017-10-05,180.91000366210932
2017-10-06,179.69000244140625
2017-10-09,178.44000244140625
2017-10-10,177.97999572753906
2017-10-11,178.1300048828125
2017-10-12,178.19000244140625
2017-10-13,177.41000366210938
2017-10-16,177.75999450683594
2017-10-17,179.47000122070312
2017-10-18,180.1499938964844
2017-10-19,182.259994506836
2017-10-20,185.759994506836
2017-10-23,186.3500061035156
2017-10-24,187.2700042724609
2017-10-25,188.1999969482422
2017-10-26,189.44000244140625
2017-10-27,189.1000061035156
2017-10-30,188.1199951171875
2017-10-31,189.8699951171875
2017-11-01,185.38999938964844
2017-11-02,189.97999572753903
2017-11-03,190.6300048828125
2017-11-06,191.02999877929688
2017-11-07,191.33999633789065
2017-11-08,195.3000030517578
2017-11-09,196.2400054931641
2017-11-10,196.2100067138672
2017-11-13,195.88999938964844
2017-11-14,195.22000122070312
2017-11-15,195.4199981689453
2017-11-16,195.2899932861328
2017-11-17,196.08999633789065
2017-11-20,196.33999633789065
2017-11-21,196.759994506836
2017-11-22,197.58999633789065
2017-11-24,198.7100067138672
2017-11-27,196.6199951171875
2017-11-28,199.0399932861328
2017-11-29,198.27999877929688
2017-11-30,199.8800048828125
2017-12-01,201.4499969482422
2017-12-04,204.4900054931641
2017-12-05,202.2400054931641
2017-12-06,202.13999938964844
2017-12-07,200.0
2017-12-08,202.07000732421875
2017-12-11,204.0500030517578
2017-12-12,204.0399932861328
2017-12-13,202.0200042724609
2017-12-14,202.4600067138672
2017-12-15,204.8699951171875
2017-12-18,204.72999572753903
2017-12-19,187.4600067138672
2017-12-20,194.9600067138672
2017-12-21,191.0599975585937
2017-12-22,192.1100006103516
2017-12-26,191.0800018310547
2017-12-27,192.82000732421875
2017-12-28,193.08999633789065
2017-12-29,192.759994506836
2018-01-02,191.6300048828125
2018-01-03,193.2400054931641
2018-01-04,195.88999938964844
2018-01-05,196.92999267578125
2018-01-08,194.2899932861328
2018-01-09,194.17999267578125
2018-01-10,195.33999633789065
2018-01-11,197.0
2018-01-12,197.75
2018-01-16,198.3300018310547
2018-01-17,198.44000244140625
2018-01-18,199.25
2018-01-19,201.0399932861328
2018-01-22,199.5
2018-01-23,197.77999877929688
2018-01-24,198.1300048828125
2018-01-25,201.1100006103516
2018-01-26,208.69000244140625
2018-01-29,202.75
2018-01-30,200.72000122070312
2018-01-31,200.69000244140625
2018-02-01,204.3000030517578
2018-02-02,199.3300018310547
2018-02-05,192.1499938964844
2018-02-06,191.9900054931641
2018-02-07,192.1300048828125
2018-02-08,187.9900054931641
2018-02-09,189.8000030517578
2018-02-12,192.8699951171875
2018-02-13,195.58999633789065
2018-02-14,200.509994506836
2018-02-15,201.8099975585937
2018-02-16,202.17999267578125
2018-02-20,200.7100067138672
2018-02-21,201.27999877929688
2018-02-22,201.3300018310547
2018-02-23,205.22999572753903
2018-02-26,206.41000366210932
2018-02-27,204.22000122070312
2018-02-28,203.17999267578125
2018-03-01,203.1000061035156
2018-03-02,206.58999633789065
2018-03-05,208.3600006103516
2018-03-06,210.47000122070312
2018-03-07,208.0399932861328
2018-03-08,207.9499969482422
2018-03-09,213.6100006103516
2018-03-12,213.32000732421875
2018-03-13,212.44000244140625
2018-03-14,211.3099975585937
2018-03-15,212.69000244140625
2018-03-16,214.5800018310547
2018-03-19,211.6499938964844
2018-03-20,215.6300048828125
2018-03-21,214.47000122070312
2018-03-22,206.5200042724609
2018-03-23,203.8500061035156
2018-03-26,209.9900054931641
2018-03-27,201.72999572753903
2018-03-28,198.44000244140625
2018-03-29,199.4199981689453
2018-04-02,196.1499938964844
2018-04-03,198.0399932861328
2018-04-04,195.97999572753903
2018-04-05,196.75
2018-04-06,193.6499938964844
2018-04-09,195.6100006103516
2018-04-10,197.9900054931641
2018-04-11,196.77999877929688
2018-04-12,198.41000366210932
2018-04-13,197.47999572753903
2018-04-16,196.33999633789065
2018-04-17,196.52999877929688
2018-04-18,196.2100067138672
2018-04-19,194.4499969482422
2018-04-20,192.5800018310547
2018-04-23,191.77999877929688
2018-04-24,193.08999633789065
2018-04-25,193.2100067138672
2018-04-26,193.97999572753903
2018-04-27,191.3800048828125
2018-04-30,189.1100006103516
2018-05-01,188.66000366210932
2018-05-02,186.0500030517578
2018-05-03,186.97000122070312
2018-05-04,189.7100067138672
2018-05-07,191.5
2018-05-08,194.1100006103516
2018-05-09,196.9199981689453
2018-05-10,197.5399932861328
2018-05-11,197.6199951171875
2018-05-14,196.47999572753903
2018-05-15,196.72000122070312
2018-05-16,197.6699981689453
2018-05-17,197.8999938964844
2018-05-18,197.6300048828125
2018-05-21,201.92999267578125
2018-05-22,201.1000061035156
2018-05-23,201.8999938964844
2018-05-24,202.58999633789065
2018-05-25,201.6000061035156
2018-05-29,200.4900054931641
2018-05-30,202.1199951171875
2018-05-31,201.009994506836
2018-06-01,203.92999267578125
2018-06-04,204.3000030517578
2018-06-05,204.8099975585937
2018-06-06,205.44000244140625
2018-06-07,206.4900054931641
2018-06-08,208.41000366210932
2018-06-11,209.6999969482422
2018-06-12,210.69000244140625
2018-06-13,212.0
2018-06-14,213.3800048828125
2018-06-15,213.1999969482422
2018-06-18,213.8099975585937
2018-06-19,213.91000366210932
2018-06-20,215.7899932861328
2018-06-21,213.02999877929688
2018-06-22,210.9499969482422
2018-06-25,207.8699951171875
2018-06-26,197.1199951171875
2018-06-27,200.259994506836
2018-06-28,197.47999572753903
2018-06-29,198.1000061035156
2018-07-02,200.1999969482422
2018-07-03,199.25
2018-07-05,199.97000122070312
2018-07-06,201.6300048828125
2018-07-09,204.5500030517578
2018-07-10,205.44000244140625
2018-07-11,205.92999267578125
2018-07-12,205.3600006103516
2018-07-13,202.1999969482422
2018-07-16,201.7700042724609
2018-07-17,205.1300048828125
2018-07-18,206.25
2018-07-19,205.42999267578125
2018-07-20,205.509994506836
2018-07-23,204.1999969482422
2018-07-24,205.77999877929688
2018-07-25,207.33999633789065
2018-07-26,204.97000122070312
2018-07-27,203.2700042724609
2018-07-30,201.4499969482422
2018-07-31,201.3600006103516
2018-08-01,200.3500061035156
2018-08-02,202.1699981689453
2018-08-03,202.8000030517578
2018-08-06,212.4900054931641
2018-08-07,213.47000122070312
2018-08-08,213.4600067138672
2018-08-09,214.009994506836
2018-08-10,212.4900054931641
2018-08-13,214.6199951171875
2018-08-14,216.8300018310547
2018-08-15,215.7700042724609
2018-08-16,218.2400054931641
2018-08-17,220.52999877929688
2018-08-20,221.8099975585937
2018-08-21,222.41000366210932
2018-08-22,221.2100067138672
2018-08-23,222.259994506836
2018-08-24,224.3099975585937
2018-08-27,224.07000732421875
2018-08-28,225.77999877929688
2018-08-29,227.07000732421875
2018-08-30,225.6300048828125
2018-08-31,229.38999938964844
2018-09-04,232.16000366210932
2018-09-05,230.8600006103516
2018-09-06,233.38999938964844
2018-09-07,233.25
2018-09-10,233.1699981689453
2018-09-11,232.27999877929688
2018-09-12,232.6199951171875
2018-09-13,234.17999267578125
2018-09-14,235.08999633789065
2018-09-17,232.02999877929688
2018-09-18,232.97000122070312
2018-09-19,231.97999572753903
2018-09-20,233.2700042724609
2018-09-21,231.3300018310547
2018-09-24,231.6499938964844
2018-09-25,227.25
2018-09-26,225.6199951171875
2018-09-27,224.259994506836
2018-09-28,223.7100067138672
2018-10-01,225.38999938964844
2018-10-02,224.5
2018-10-03,225.5399932861328
2018-10-04,222.5800018310547
2018-10-05,222.5599975585937
2018-10-08,219.67999267578125
2018-10-09,222.3000030517578
2018-10-10,215.57000732421875
2018-10-11,211.7400054931641
2018-10-12,212.8600006103516
2018-10-15,211.5599975585937
2018-10-16,216.91000366210932
2018-10-17,217.509994506836
2018-10-18,217.47999572753903
2018-10-19,219.67999267578125
2018-10-22,220.8999938964844
2018-10-23,218.1699981689453
2018-10-24,215.3000030517578
2018-10-25,215.75
2018-10-26,213.38999938964844
2018-10-29,212.8500061035156
2018-10-30,218.5200042724609
2018-10-31,223.759994506836
2018-11-01,221.8800048828125
2018-11-02,223.509994506836
2018-11-05,224.5800018310547
2018-11-06,224.5599975585937
2018-11-07,229.5399932861328
2018-11-08,231.1100006103516
2018-11-09,230.759994506836
2018-11-12,227.1699981689453
2018-11-13,227.57000732421875
2018-11-14,223.8999938964844
2018-11-15,227.88999938964844
2018-11-16,230.9499969482422
2018-11-19,230.259994506836
2018-11-20,226.5599975585937
2018-11-21,227.97999572753903
2018-11-23,228.3300018310547
2018-11-26,231.1100006103516
2018-11-27,233.6000061035156
2018-11-28,235.32000732421875
2018-11-29,233.5500030517578
2018-11-30,234.4900054931641
2018-12-03,234.5399932861328
2018-12-04,227.7400054931641
2018-12-06,226.4199981689453
2018-12-07,223.6999969482422
2018-12-10,222.44000244140625
2018-12-11,223.5599975585937
2018-12-12,228.0200042724609
2018-12-13,228.0599975585937
2018-12-14,223.1100006103516
2018-12-17,217.5800018310547
2018-12-18,208.3699951171875
2018-12-19,200.9900054931641
2018-12-20,201.0800018310547
2018-12-21,194.42999267578125
2018-12-24,188.5500030517578
2018-12-26,197.5500030517578
2018-12-27,200.16000366210932
2018-12-28,199.4600067138672
2018-12-31,200.1300048828125
2019-01-02,199.3999938964844
2019-01-03,194.0
2019-01-04,200.0399932861328
2019-01-07,200.25
2019-01-08,202.72000122070312
2019-01-09,205.2899932861328
2019-01-10,205.07000732421875
2019-01-11,203.7100067138672
2019-01-14,203.7700042724609
2019-01-15,207.8800048828125
2019-01-16,209.47999572753903
2019-01-17,211.0
2019-01-18,214.4499969482422
2019-01-22,212.38999938964844
2019-01-23,214.52999877929688
2019-01-24,213.8600006103516
2019-01-25,214.25
2019-01-28,214.17999267578125
2019-01-29,212.9900054931641
2019-01-30,214.67999267578125
2019-01-31,218.6300048828125
2019-02-01,219.8000030517578
2019-02-04,219.69000244140625
2019-02-05,221.94000244140625
2019-02-06,218.6100006103516
2019-02-07,220.5800018310547
2019-02-08,221.33999633789065
2019-02-11,220.57000732421875
2019-02-12,221.88999938964844
2019-02-13,221.8500061035156
2019-02-14,221.7100067138672
2019-02-15,224.4499969482422
2019-02-19,225.83999633789065
2019-02-20,228.0200042724609
2019-02-21,227.9900054931641
2019-02-22,231.5399932861328
2019-02-25,231.6300048828125
2019-02-26,231.6000061035156
2019-02-27,234.4600067138672
2019-02-28,235.1699981689453
2019-03-01,237.1100006103516
2019-03-04,235.3699951171875
2019-03-05,236.8800048828125
2019-03-06,234.72000122070312
2019-03-07,231.2400054931641
2019-03-08,231.1000061035156
2019-03-11,233.38999938964844
2019-03-12,233.3699951171875
2019-03-13,234.13999938964844
2019-03-14,236.1100006103516
2019-03-15,237.3600006103516
2019-03-18,238.6000061035156
2019-03-19,239.22999572753903
2019-03-20,236.8000030517578
2019-03-21,242.32000732421875
2019-03-22,234.5399932861328
2019-03-25,233.57000732421875
2019-03-26,246.3000030517578
2019-03-27,243.0399932861328
2019-03-28,244.92999267578125
2019-03-29,248.2700042724609
2019-04-01,249.2700042724609
2019-04-02,250.0500030517578
2019-04-03,252.3999938964844
2019-04-04,252.94000244140625
2019-04-05,252.8500061035156
2019-04-08,255.83999633789065
2019-04-09,254.9499969482422
2019-04-10,256.3599853515625
2019-04-11,256.2799987792969
2019-04-12,260.1300048828125
2019-04-15,261.7699890136719
2019-04-16,263.5199890136719
2019-04-17,258.3800048828125
2019-04-18,262.1199951171875
2019-04-22,261.0599975585937
2019-04-23,266.8099975585937
2019-04-24,265.7300109863281
2019-04-25,267.0899963378906
2019-04-26,271.1199951171875
2019-04-29,272.5899963378906
2019-04-30,275.8699951171875
2019-05-01,272.0199890136719
2019-05-02,274.5400085449219
2019-05-03,278.8399963378906
2019-05-06,283.8299865722656
2019-05-07,278.239990234375
2019-05-08,276.57000732421875
2019-05-09,278.4200134277344
2019-05-10,280.7900085449219
2019-05-13,272.239990234375
2019-05-14,276.82000732421875
2019-05-15,275.0
2019-05-16,278.5899963378906
2019-05-17,278.4200134277344
2019-05-20,276.8099975585937
2019-05-21,281.6099853515625
2019-05-22,280.5400085449219
2019-05-23,278.1000061035156
2019-05-24,280.1700134277344
2019-05-28,276.45001220703125
2019-05-29,278.0299987792969
2019-05-30,278.25
2019-05-31,278.20001220703125
2019-06-03,276.8900146484375
2019-06-04,284.9800109863281
2019-06-05,286.95001220703125
2019-06-06,289.7099914550781
2019-06-07,292.1600036621094
2019-06-10,297.0799865722656
2019-06-11,295.0
2019-06-12,301.489990234375
2019-06-13,296.8800048828125
2019-06-14,296.3299865722656
2019-06-17,295.6400146484375
2019-06-18,300.3999938964844
2019-06-19,302.04998779296875
2019-06-20,301.260009765625
2019-06-21,298.0799865722656
2019-06-24,293.3299865722656
2019-06-25,285.25
2019-06-26,289.3299865722656
2019-06-27,285.4100036621094
2019-06-28,286.5599975585937
2019-07-01,286.739990234375
2019-07-02,292.8299865722656
2019-07-03,296.0599975585937
2019-07-05,295.45001220703125
2019-07-08,289.7099914550781
2019-07-09,291.010009765625
2019-07-10,291.4800109863281
2019-07-11,294.4700012207031
2019-07-12,296.5199890136719
2019-07-15,294.32000732421875
2019-07-16,283.0599975585937
2019-07-17,282.7699890136719
2019-07-18,285.6000061035156
2019-07-19,279.8099975585937
2019-07-22,280.7900085449219
2019-07-23,277.9800109863281
2019-07-24,278.8699951171875
2019-07-25,277.8099975585937
2019-07-26,283.5599975585937
2019-07-29,282.0899963378906
2019-07-30,276.4200134277344
2019-07-31,277.29998779296875
2019-08-01,279.42999267578125
2019-08-02,278.5899963378906
2019-08-05,269.8699951171875
2019-08-06,274.8900146484375
2019-08-07,274.6600036621094
2019-08-08,281.5299987792969
2019-08-09,278.29998779296875
2019-08-12,273.95001220703125
2019-08-13,279.239990234375
2019-08-14,269.7099914550781
2019-08-15,272.1499938964844
2019-08-16,277.0299987792969
2019-08-19,277.42999267578125
2019-08-20,275.8699951171875
2019-08-21,277.6600036621094
2019-08-22,275.8099975585937
2019-08-23,269.6099853515625
2019-08-26,271.54998779296875
2019-08-27,273.7300109863281
2019-08-28,275.9599914550781
2019-08-29,270.8399963378906
2019-08-30,272.0899963378906
2019-09-03,270.32000732421875
2019-09-04,270.95001220703125
2019-09-05,273.8399963378906
2019-09-06,275.6199951171875
2019-09-09,268.7799987792969
2019-09-10,269.82000732421875
2019-09-11,273.9599914550781
2019-09-12,276.6499938964844
2019-09-13,277.4599914550781
2019-09-16,277.4100036621094
2019-09-17,281.07000732421875
2019-09-18,283.0
2019-09-19,285.010009765625
2019-09-20,282.2900085449219
2019-09-23,273.44000244140625
2019-09-24,268.32000732421875
2019-09-25,270.989990234375
2019-09-26,245.7100067138672
2019-09-27,242.1199951171875
2019-09-30,242.97000122070312
2019-10-01,240.07000732421875
2019-10-02,235.97999572753903
2019-10-03,238.19000244140625
2019-10-04,241.0399932861328
2019-10-07,239.44000244140625
2019-10-08,234.27999877929688
2019-10-09,240.9199981689453
2019-10-10,241.42999267578125
2019-10-11,245.3000030517578
2019-10-14,244.0200042724609
2019-10-15,246.1999969482422
2019-10-16,248.9499969482422
2019-10-17,251.7700042724609
2019-10-18,249.7400054931641
2019-10-21,250.009994506836
2019-10-22,250.63999938964844
2019-10-23,253.009994506836
2019-10-24,253.22000122070312
2019-10-25,254.07000732421875
2019-10-28,257.8900146484375
2019-10-29,256.3299865722656
2019-10-30,253.67999267578125
2019-10-31,253.5200042724609
2019-11-01,255.8699951171875
2019-11-04,255.52999877929688
2019-11-05,255.3000030517578
2019-11-06,256.9800109863281
2019-11-07,252.7899932861328
2019-11-08,246.72000122070312
2019-11-11,248.32000732421875
2019-11-12,250.8099975585937
2019-11-13,254.91000366210932
2019-11-14,259.9700012207031
2019-11-15,254.75
2019-11-18,252.83999633789065
2019-11-19,259.79998779296875
2019-11-20,261.8999938964844
2019-11-21,257.8900146484375
2019-11-22,260.1600036621094
2019-11-25,260.8900146484375
2019-11-26,262.0199890136719
2019-11-27,261.8500061035156
2019-11-29,259.6499938964844
2019-12-02,260.1400146484375
2019-12-03,259.8599853515625
2019-12-04,263.6000061035156
2019-12-05,263.7799987792969
2019-12-06,269.489990234375
2019-12-09,269.8500061035156
2019-12-10,270.3800048828125
2019-12-11,271.6000061035156
2019-12-12,270.0400085449219
2019-12-13,271.2799987792969
2019-12-16,271.6000061035156
2019-12-17,268.5899963378906
2019-12-18,269.1000061035156
2019-12-19,269.82000732421875
2019-12-20,265.0
2019-12-23,267.739990234375
2019-12-24,267.0599975585937
2019-12-26,268.94000244140625
2019-12-27,271.1000061035156
2019-12-30,267.69000244140625
2019-12-31,268.29998779296875
2020-01-02,268.7300109863281
2020-01-03,268.6700134277344
2020-01-06,267.1600036621094
2020-01-07,267.0299987792969
2020-01-08,269.0899963378906
2020-01-09,268.7900085449219
2020-01-10,264.8800048828125
2020-01-13,266.989990234375
2020-01-14,268.17999267578125
2020-01-15,271.510009765625
2020-01-16,276.3900146484375
2020-01-17,275.7200012207031
2020-01-21,276.79998779296875
2020-01-22,279.239990234375
2020-01-23,280.1099853515625
2020-01-24,276.5599975585937
2020-01-27,274.2699890136719
2020-01-28,278.44000244140625
2020-01-29,287.6000061035156
2020-01-30,290.4700012207031
2020-01-31,286.1099853515625
2020-02-03,289.9800109863281
2020-02-04,295.07000732421875
2020-02-05,290.1099853515625
2020-02-06,289.9200134277344
2020-02-07,286.4100036621094
2020-02-10,290.07000732421875
2020-02-11,292.29998779296875
2020-02-12,293.260009765625
2020-02-13,296.8299865722656
2020-02-14,299.5400085449219
2020-02-18,302.92999267578125
2020-02-19,308.6600036621094
2020-02-20,302.6499938964844
2020-02-21,299.5899963378906
2020-02-24,295.0599975585937
2020-02-25,288.0599975585937
2020-02-26,289.9200134277344
2020-02-27,278.5199890136719
2020-02-28,265.989990234375
2020-03-02,281.2699890136719
2020-03-03,278.8500061035156
2020-03-04,293.8599853515625
2020-03-05,288.8500061035156
2020-03-06,279.0799865722656
2020-03-09,261.8599853515625
2020-03-10,270.6199951171875
2020-03-11,254.92999267578125
2020-03-12,233.4199981689453
2020-03-13,253.07000732421875
2020-03-16,226.1199951171875
2020-03-17,246.8000030517578
2020-03-18,219.3999938964844
2020-03-19,235.0399932861328
2020-03-20,217.97999572753903
2020-03-23,204.5500030517578
2020-03-24,231.3600006103516
2020-03-25,232.72999572753903
2020-03-26,257.5599975585937
2020-03-27,254.7100067138672
2020-03-30,268.07000732421875
2020-03-31,260.67999267578125
2020-04-01,255.5399932861328
2020-04-02,262.3099975585937
2020-04-03,253.1100006103516
2020-04-06,266.8999938964844
2020-04-07,267.8500061035156
2020-04-08,270.9700012207031
2020-04-09,279.1600036621094
2020-04-13,271.6600036621094
2020-04-14,279.1300048828125
2020-04-15,277.1300048828125
2020-04-16,282.42999267578125
2020-04-17,281.1000061035156
2020-04-20,276.70001220703125
2020-04-21,266.5400085449219
2020-04-22,272.4200134277344
2020-04-23,273.3900146484375
2020-04-24,274.42999267578125
2020-04-27,286.07000732421875
2020-04-28,275.2200012207031
2020-04-29,283.4700012207031
2020-04-30,275.0
2020-05-01,269.42999267578125
2020-05-04,269.0299987792969
2020-05-05,272.7200012207031
2020-05-06,266.2699890136719
2020-05-07,275.739990234375
2020-05-08,276.0799865722656
2020-05-11,285.6400146484375
2020-05-12,281.2799987792969
2020-05-13,279.0899963378906
2020-05-14,279.1000061035156
2020-05-15,281.0599975585937
2020-05-18,291.3099975585937
2020-05-19,287.4200134277344
2020-05-20,290.9100036621094
2020-05-21,290.4100036621094
2020-05-22,289.3399963378906
2020-05-26,295.5599975585937
2020-05-27,300.75
2020-05-28,303.0
2020-05-29,307.510009765625
2020-06-01,306.489990234375
2020-06-02,304.9700012207031
2020-06-03,313.2900085449219
2020-06-04,311.17999267578125
2020-06-05,317.0
2020-06-08,314.7300109863281
2020-06-09,304.8999938964844
2020-06-10,305.8900146484375
2020-06-11,284.20001220703125
2020-06-12,286.9800109863281
2020-06-15,294.6000061035156
2020-06-16,296.1099853515625
2020-06-17,300.1000061035156
2020-06-18,301.42999267578125
2020-06-19,303.6199951171875
2020-06-22,309.1199951171875
2020-06-23,306.2099914550781
2020-06-24,297.2099914550781
2020-06-25,342.1600036621094
2020-06-26,328.6499938964844
2020-06-29,326.79998779296875
2020-06-30,328.4700012207031
2020-07-01,333.8900146484375
2020-07-02,335.8999938964844
2020-07-06,338.760009765625
2020-07-07,341.0199890136719
2020-07-08,349.42999267578125
2020-07-09,347.3699951171875
2020-07-10,350.9800109863281
2020-07-13,342.1400146484375
2020-07-14,351.57000732421875
2020-07-15,351.8399963378906
2020-07-16,350.04998779296875
2020-07-17,353.739990234375
2020-07-20,355.25
2020-07-21,354.6700134277344
2020-07-22,354.510009765625
2020-07-23,348.1000061035156
2020-07-24,347.94000244140625
2020-07-27,349.3800048828125
2020-07-28,342.760009765625
2020-07-29,347.3699951171875
2020-07-30,345.7200012207031
2020-07-31,346.29998779296875
2020-08-03,348.8099975585937
2020-08-04,347.2900085449219
2020-08-05,350.0599975585937
2020-08-06,353.3699951171875
2020-08-07,355.82000732421875
2020-08-10,356.260009765625
2020-08-11,355.760009765625
2020-08-12,360.1600036621094
2020-08-13,355.9599914550781
2020-08-14,354.5899963378906
2020-08-17,355.5299987792969
2020-08-18,360.80999755859375
2020-08-19,360.9200134277344
2020-08-20,356.239990234375
2020-08-21,356.1000061035156
2020-08-24,357.3699951171875
2020-08-25,356.0
2020-08-26,355.9599914550781
2020-08-27,353.92999267578125
2020-08-28,352.9200134277344
2020-08-31,350.3999938964844
2020-09-01,351.0799865722656
2020-09-02,354.04998779296875
2020-09-03,339.17999267578125
2020-09-04,332.4700012207031
2020-09-08,322.6000061035156
2020-09-09,332.6700134277344
2020-09-10,325.04998779296875
2020-09-11,327.0400085449219
2020-09-14,333.4200134277344
2020-09-15,336.3299865722656
2020-09-16,334.1199951171875
2020-09-17,333.0400085449219
2020-09-18,336.3999938964844
2020-09-21,336.8399963378906
2020-09-22,338.79998779296875
2020-09-23,330.7200012207031
2020-09-24,334.3599853515625
2020-09-25,328.3999938964844
2020-09-28,333.2900085449219
2020-09-29,333.9599914550781
2020-09-30,334.8800048828125
2020-10-01,328.0
2020-10-02,323.7200012207031
2020-10-05,323.1499938964844
2020-10-06,321.7699890136719
2020-10-07,325.3800048828125
2020-10-08,328.6000061035156
2020-10-09,327.4700012207031
2020-10-12,329.5599975585937
2020-10-13,335.54998779296875
2020-10-14,335.239990234375
2020-10-15,337.739990234375
2020-10-16,339.5599975585937
2020-10-19,333.92999267578125
2020-10-20,333.29998779296875
2020-10-21,332.79998779296875
2020-10-22,327.9700012207031
2020-10-23,328.4800109863281
2020-10-26,322.2699890136719
2020-10-27,318.8999938964844
2020-10-28,311.2300109863281
2020-10-29,310.25
2020-10-30,306.5
2020-11-02,311.17999267578125
2020-11-03,319.4800109863281
2020-11-04,327.8800048828125
2020-11-05,332.9700012207031
2020-11-06,335.8299865722656
2020-11-09,316.7099914550781
2020-11-10,323.1000061035156
2020-11-11,335.1499938964844
2020-11-12,324.760009765625
2020-11-13,328.260009765625
2020-11-16,329.95001220703125
2020-11-17,323.25
2020-11-18,317.0599975585937
2020-11-19,317.9599914550781
2020-11-20,321.54998779296875
2020-11-23,318.8800048828125
2020-11-24,319.8800048828125
2020-11-25,322.2799987792969
2020-11-27,322.75
2020-11-30,333.760009765625
2020-12-01,342.2300109863281
2020-12-02,336.1499938964844
2020-12-03,346.57000732421875
2020-12-04,351.010009765625
2020-12-07,351.7099914550781
2020-12-08,348.57000732421875
2020-12-09,345.760009765625
2020-12-10,348.69000244140625
2020-12-11,351.4700012207031
2020-12-14,344.8900146484375
2020-12-15,347.989990234375
2020-12-16,345.3800048828125
2020-12-17,345.2300109863281
2020-12-18,347.0299987792969
2020-12-21,332.6499938964844
2020-12-22,331.0
2020-12-23,325.0799865722656
2020-12-24,327.42999267578125
2020-12-28,330.0199890136719
2020-12-29,327.3299865722656
2020-12-30,328.3800048828125
2020-12-31,332.5
2021-01-04,330.5899963378906
2021-01-05,329.5799865722656
2021-01-06,332.2300109863281
2021-01-07,334.3999938964844
2021-01-08,334.45001220703125
2021-01-11,332.25
2021-01-12,335.44000244140625
2021-01-13,330.989990234375
2021-01-14,320.6400146484375
2021-01-15,318.20001220703125
2021-01-19,319.3500061035156
2021-01-20,327.45001220703125
2021-01-21,324.7200012207031
2021-01-22,320.2300109863281
2021-01-25,317.5199890136719
2021-01-26,311.8999938964844
2021-01-27,312.69000244140625
2021-01-28,308.7900085449219
2021-01-29,302.3399963378906
2021-02-01,312.260009765625
2021-02-02,317.70001220703125
2021-02-03,315.3500061035156
2021-02-04,315.8399963378906
2021-02-05,317.9700012207031
2021-02-08,320.95001220703125
2021-02-09,313.6000061035156
2021-02-10,309.4100036621094
2021-02-11,317.1400146484375
2021-02-12,316.0
2021-02-16,312.6000061035156
2021-02-17,315.0400085449219
2021-02-18,318.5
2021-02-19,313.67999267578125
2021-02-22,303.8699951171875
2021-02-23,302.7900085449219
2021-02-24,300.94000244140625
2021-02-25,294.3500061035156
2021-02-26,303.9100036621094
2021-03-01,311.17999267578125
2021-03-02,310.9200134277344
2021-03-03,308.8699951171875
2021-03-04,305.0899963378906
2021-03-05,314.25
2021-03-08,315.8999938964844
2021-03-09,312.489990234375
2021-03-10,312.2900085449219
2021-03-11,312.739990234375
2021-03-12,310.8999938964844
2021-03-15,318.5199890136719
2021-03-16,317.760009765625
2021-03-17,316.29998779296875
2021-03-18,310.1000061035156
2021-03-19,311.44000244140625
2021-03-22,314.3800048828125
2021-03-23,320.3999938964844
2021-03-24,321.3500061035156
2021-03-25,321.1700134277344
2021-03-26,325.6199951171875
2021-03-29,323.95001220703125
2021-03-30,311.3399963378906
2021-03-31,308.5899963378906
2021-04-01,317.010009765625
2021-04-05,320.54998779296875
2021-04-06,318.17999267578125
2021-04-07,309.3599853515625
2021-04-08,310.1400146484375
2021-04-09,309.1300048828125
2021-04-12,311.260009765625
2021-04-13,311.3999938964844
2021-04-14,309.260009765625
2021-04-15,314.8999938964844
2021-04-16,319.2699890136719
2021-04-19,317.3399963378906
2021-04-20,318.8500061035156
2021-04-21,321.75
2021-04-22,323.7900085449219
2021-04-23,347.1000061035156
2021-04-26,336.9100036621094
2021-04-27,342.1600036621094
2021-04-28,336.3999938964844
2021-04-29,341.2699890136719
2021-04-30,336.2200012207031
2021-05-03,342.0599975585937
2021-05-04,345.6000061035156
2021-05-05,336.54998779296875
2021-05-06,338.0599975585937
2021-05-07,337.04998779296875
2021-05-10,335.1099853515625
2021-05-11,331.8599853515625
2021-05-12,326.510009765625
2021-05-13,328.5299987792969
2021-05-14,330.9100036621094
2021-05-17,326.5299987792969
2021-05-18,321.7200012207031
2021-05-19,322.3999938964844
2021-05-20,327.3099975585937
2021-05-21,328.1499938964844
2021-05-24,328.94000244140625
2021-05-25,329.7300109863281
2021-05-26,331.510009765625
2021-05-27,332.260009765625
2021-05-28,334.3599853515625
2021-06-01,324.1099853515625
2021-06-02,327.489990234375
2021-06-03,324.9800109863281
2021-06-04,325.4200134277344
2021-06-07,323.1499938964844
2021-06-08,323.3999938964844
2021-06-09,321.7799987792969
2021-06-10,324.44000244140625
2021-06-11,328.3999938964844
2021-06-14,328.0
2021-06-15,327.9800109863281
2021-06-16,326.4700012207031
2021-06-17,328.5799865722656
2021-06-18,325.3399963378906
2021-06-21,329.6700134277344
2021-06-22,330.7900085449219
2021-06-23,328.5199890136719
2021-06-24,330.6300048828125
2021-06-25,332.0799865722656
2021-06-28,337.0299987792969
2021-06-29,336.1099853515625
2021-06-30,335.6099853515625
2021-07-01,335.8299865722656
2021-07-02,338.4700012207031
2021-07-06,341.010009765625
2021-07-07,339.5899963378906
2021-07-08,340.8399963378906
2021-07-09,343.20001220703125
2021-07-12,339.5400085449219
2021-07-13,335.5
2021-07-14,335.7099914550781
2021-07-15,338.8399963378906
2021-07-16,341.17999267578125
2021-07-19,337.17999267578125
2021-07-20,339.92999267578125
2021-07-21,340.489990234375
2021-07-22,340.8299865722656
2021-07-23,345.2300109863281
2021-07-26,342.75
2021-07-27,344.0899963378906
2021-07-28,345.3500061035156
2021-07-29,349.20001220703125
2021-07-30,357.2799987792969
2021-08-02,359.2200012207031
2021-08-03,357.9800109863281
2021-08-04,358.7900085449219
2021-08-05,358.989990234375
2021-08-06,362.1900024414063
2021-08-09,362.6099853515625
2021-08-10,362.0
2021-08-11,364.3399963378906
2021-08-12,362.7799987792969
2021-08-13,368.1199951171875
2021-08-16,373.9400024414063
2021-08-17,374.5700073242188
2021-08-18,361.1700134277344
2021-08-19,365.1600036621094
2021-08-20,368.9800109863281
2021-08-23,366.6099853515625
2021-08-24,367.6400146484375
2021-08-25,376.0
2021-08-26,374.010009765625
2021-08-27,376.5799865722656
2021-08-30,380.0799865722656
2021-08-31,380.2200012207031
2021-09-01,385.8399963378906
2021-09-02,386.9100036621094
2021-09-03,385.9100036621094
2021-09-07,382.4100036621094
2021-09-08,384.8399963378906
2021-09-09,383.5700073242188
2021-09-10,384.010009765625
2021-09-13,382.5799865722656
2021-09-14,383.75
2021-09-15,383.7699890136719
2021-09-16,382.1799926757813
2021-09-17,378.25
2021-09-20,374.510009765625
2021-09-21,371.1099853515625
2021-09-22,374.4299926757813
2021-09-23,373.5
2021-09-24,372.7799987792969
2021-09-27,369.1199951171875
2021-09-28,383.2900085449219
2021-09-29,394.510009765625
2021-09-30,394.7799987792969
2021-10-01,394.1300048828125
2021-10-04,396.6099853515625
2021-10-05,396.739990234375
2021-10-06,394.8200073242188
2021-10-07,401.6600036621094
2021-10-08,401.1300048828125
2021-10-11,405.1499938964844
2021-10-12,410.8599853515625
2021-10-13,409.7300109863281
2021-10-14,414.6600036621094
2021-10-15,414.8900146484375
2021-10-18,415.7999877929688
2021-10-19,422.3500061035156
2021-10-20,421.3200073242188
2021-10-21,426.989990234375
2021-10-22,430.9700012207031
2021-10-25,432.7699890136719
2021-10-26,435.3599853515625
2021-10-27,431.8599853515625
2021-10-28,438.7900085449219
2021-10-29,443.8900146484375
2021-11-01,434.8200073242188
2021-11-02,435.9800109863281
2021-11-03,440.2300109863281
2021-11-04,443.5499877929688
2021-11-05,446.8999938964844
2021-11-08,447.9700012207031
2021-11-09,445.7799987792969
2021-11-10,448.5799865722656
2021-11-11,456.7999877929688
2021-11-12,456.6700134277344
2021-11-15,462.9700012207031
2021-11-16,460.8999938964844
2021-11-17,461.1799926757813
2021-11-18,461.6600036621094
2021-11-19,461.2000122070313
2021-11-22,455.7799987792969
2021-11-23,465.010009765625
2021-11-24,469.0700073242188
2021-11-26,458.489990234375
2021-11-29,469.4299926757813
2021-11-30,468.5700073242188
2021-12-01,462.8200073242188
2021-12-02,470.4400024414063
2021-12-03,466.3800048828125
2021-12-06,459.7699890136719
2021-12-07,466.8299865722656
2021-12-08,474.4800109863281
2021-12-09,462.6700134277344
2021-12-10,466.0700073242188
2021-12-13,466.5400085449219
2021-12-14,461.8900146484375
2021-12-15,469.3399963378906
2021-12-16,471.3999938964844
2021-12-17,473.1199951171875
2021-12-20,470.9700012207031
2021-12-21,474.8299865722656
2021-12-22,477.4299926757813
2021-12-23,479.510009765625
2021-12-27,485.6199951171875
2021-12-28,487.7300109863281
2021-12-29,488.8500061035156
2021-12-30,484.739990234375
2021-12-31,486.010009765625
2022-01-03,476.0199890136719
2022-01-04,472.4599914550781
2022-01-05,451.2900085449219
2022-01-06,449.4299926757813
2022-01-07,441.8699951171875
2022-01-10,442.9100036621094
2022-01-11,444.510009765625
2022-01-12,447.7699890136719
2022-01-13,434.0899963378906
2022-01-14,427.1099853515625
2022-01-18,428.7099914550781
2022-01-19,429.5
2022-01-20,425.6000061035156
2022-01-21,420.1199951171875
2022-01-24,420.9800109863281
2022-01-25,414.489990234375
2022-01-26,406.8599853515625
2022-01-27,406.8399963378906
2022-01-28,412.1600036621094
2022-01-31,421.8900146484375
2022-02-01,421.3299865722656
2022-02-02,428.7000122070313
2022-02-03,419.2000122070313
2022-02-04,420.2799987792969
2022-02-07,417.5199890136719
2022-02-08,419.4599914550781
2022-02-09,417.5899963378906
2022-02-10,408.1600036621094
2022-02-11,407.05999755859375
2022-02-14,400.0299987792969
2022-02-15,408.0
2022-02-16,412.3200073242188
2022-02-17,405.6799926757813
2022-02-18,403.010009765625
2022-02-22,404.1499938964844
2022-02-23,394.0
2022-02-24,392.8200073242188
2022-02-25,406.7300109863281
2022-02-28,406.0899963378906
2022-03-01,411.8599853515625
2022-03-02,418.0
2022-03-03,411.6499938964844
2022-03-04,413.0499877929688
2022-03-07,412.8399963378906
2022-03-08,407.1700134277344
2022-03-09,414.9599914550781
2022-03-10,407.0
2022-03-11,407.7900085449219
2022-03-14,408.2699890136719
2022-03-15,416.4200134277344
2022-03-16,419.25
2022-03-17,427.1400146484375
2022-03-18,439.1499938964844
2022-03-21,437.5199890136719
2022-03-22,435.80999755859375
2022-03-23,426.8900146484375
2022-03-24,419.3900146484375
2022-03-25,414.1799926757813
2022-03-28,431.3399963378906
2022-03-29,437.3500061035156
2022-03-30,439.8999938964844
2022-03-31,434.1499938964844
2022-04-01,429.1199951171875
2022-04-04,433.1700134277344
2022-04-05,440.7900085449219
2022-04-06,442.6300048828125
2022-04-07,444.5700073242188
2022-04-08,441.8200073242188
2022-04-11,432.1400146484375
2022-04-12,425.6000061035156
2022-04-13,427.3699951171875
2022-04-14,420.5700073242188
2022-04-18,422.2300109863281
2022-04-19,434.489990234375
2022-04-20,443.3999938964844
2022-04-21,438.4100036621094
2022-04-22,427.2300109863281
2022-04-25,429.0400085449219
2022-04-26,416.8699951171875
2022-04-27,416.5199890136719
2022-04-28,419.3699951171875
2022-04-29,403.489990234375
2022-05-02,394.80999755859375
2022-05-03,399.2099914550781
2022-05-04,399.3500061035156
2022-05-05,382.6499938964844
2022-05-06,378.1700134277344
2022-05-09,363.8399963378906
2022-05-10,367.1199951171875
2022-05-11,365.7900085449219
2022-05-12,366.4200134277344
2022-05-13,371.80999755859375
2022-05-16,372.4500122070313
2022-05-17,374.1600036621094
2022-05-18,356.1000061035156
2022-05-19,360.4200134277344
2022-05-20,364.5700073242188
2022-05-23,372.2300109863281
2022-05-24,370.7999877929688
2022-05-25,370.6400146484375
2022-05-26,378.8500061035156
2022-05-27,388.010009765625
2022-05-31,381.7799987792969
2022-06-01,374.5899963378906
2022-06-02,384.510009765625
2022-06-03,379.3200073242188
2022-06-06,377.8200073242188
2022-06-07,381.5899963378906
2022-06-08,376.4599914550781
2022-06-09,369.6000061035156
2022-06-10,362.9400024414063
2022-06-13,352.760009765625
2022-06-14,350.7200012207031
2022-06-15,355.8699951171875
2022-06-16,348.7099914550781
2022-06-17,349.3299865722656
2022-06-21,358.7699890136719
2022-06-22,359.94000244140625
2022-06-23,388.760009765625
2022-06-24,392.5199890136719
2022-06-27,391.1499938964844
2022-06-28,376.0
2022-06-29,383.1000061035156
2022-06-30,384.5700073242188
2022-07-01,394.2000122070313
2022-07-05,395.80999755859375
2022-07-06,401.8500061035156
2022-07-07,401.8500061035156
2022-07-08,401.6300048828125
2022-07-11,403.8900146484375
2022-07-12,393.2999877929688
2022-07-13,392.8699951171875
2022-07-14,396.4599914550781
2022-07-15,399.9800109863281
2022-07-18,390.8500061035156
2022-07-19,399.6700134277344
2022-07-20,401.0400085449219
2022-07-21,411.0499877929688
2022-07-22,408.0299987792969
2022-07-25,406.2300109863281
2022-07-26,405.239990234375
2022-07-27,408.80999755859375
2022-07-28,421.1499938964844
2022-07-29,429.6799926757813
2022-08-01,422.7999877929688
2022-08-02,420.9200134277344
2022-08-03,422.4700012207031
2022-08-04,424.7799987792969
2022-08-05,423.30999755859375
2022-08-08,423.5499877929688
2022-08-09,423.75
2022-08-10,434.8999938964844
2022-08-11,433.1499938964844
2022-08-12,441.0700073242188
2022-08-15,446.5899963378906
2022-08-16,447.6900024414063
2022-08-17,452.8500061035156
2022-08-18,454.2300109863281
2022-08-19,446.3699951171875
2022-08-22,443.7099914550781
2022-08-23,439.0
2022-08-24,441.9299926757813
2022-08-25,452.3800048828125
2022-08-26,445.1199951171875
2022-08-29,441.3500061035156
2022-08-30,437.6300048828125
2022-08-31,433.3399963378906
2022-09-01,440.05999755859375
2022-09-02,430.4400024414063
2022-09-06,436.3900146484375
2022-09-07,444.7699890136719
2022-09-08,448.8399963378906
2022-09-09,453.3800048828125
2022-09-12,457.0799865722656
2022-09-13,446.8699951171875
2022-09-14,448.8599853515625
2022-09-15,446.6700134277344
2022-09-16,446.0199890136719
2022-09-19,446.4599914550781
2022-09-20,441.6400146484375
2022-09-21,430.4500122070313
2022-09-22,394.75
2022-09-23,392.6700134277344
2022-09-26,388.4200134277344
2022-09-27,391.1300048828125
2022-09-28,393.05999755859375
2022-09-29,396.8599853515625
2022-09-30,400.1099853515625
2022-10-03,408.1199951171875
2022-10-04,422.30999755859375
2022-10-05,423.7999877929688
2022-10-06,419.25
2022-10-07,413.6900024414063
2022-10-10,412.7799987792969
2022-10-11,414.7099914550781
2022-10-12,401.6600036621094
2022-10-13,409.05999755859375
2022-10-14,394.5799865722656
2022-10-17,407.0
2022-10-18,409.2900085449219
2022-10-19,406.1000061035156
2022-10-20,399.5299987792969
2022-10-21,407.0899963378906
2022-10-24,410.1700134277344
2022-10-25,419.260009765625
2022-10-26,417.6499938964844
2022-10-27,423.4299926757813
2022-10-28,430.3999938964844
2022-10-31,425.489990234375
2022-11-01,426.25
2022-11-02,415.260009765625
2022-11-03,412.5199890136719
2022-11-04,408.4500122070313
2022-11-07,414.2099914550781
2022-11-08,422.760009765625
2022-11-09,418.1799926757813
2022-11-10,436.2799987792969
2022-11-11,421.239990234375
2022-11-14,424.5899963378906
2022-11-15,432.9200134277344
2022-11-16,441.4800109863281
2022-11-17,436.7000122070313
2022-11-18,437.7699890136719
2022-11-21,446.6099853515625
2022-11-22,451.8599853515625
2022-11-23,453.739990234375
2022-11-25,455.5799865722656
2022-11-28,452.3500061035156
2022-11-29,449.1199951171875
2022-11-30,461.2900085449219
2022-12-01,472.1600036621094
2022-12-02,471.1499938964844
2022-12-05,459.0899963378906
2022-12-06,454.1499938964844
2022-12-07,450.2900085449219
2022-12-08,451.2999877929688
2022-12-09,449.739990234375
2022-12-12,449.8900146484375
2022-12-13,456.9599914550781
2022-12-14,449.2999877929688
2022-12-15,431.05999755859375
2022-12-16,428.3800048828125
2022-12-19,419.8999938964844
2022-12-20,397.2799987792969
2022-12-21,404.5
2022-12-22,398.5
2022-12-23,398.0400085449219
2022-12-27,395.5499877929688
2022-12-28,394.5199890136719
2022-12-29,406.5
2022-12-30,401.2099914550781
2023-01-03,405.9599914550781
2023-01-04,407.7900085449219
2023-01-05,393.5499877929688
2023-01-06,404.4599914550781
2023-01-09,404.6199951171875
2023-01-10,409.2799987792969
2023-01-11,412.8200073242188
2023-01-12,413.8800048828125
2023-01-13,421.3599853515625
2023-01-17,428.7000122070313
2023-01-18,429.4200134277344
2023-01-19,421.4500122070313
2023-01-20,423.760009765625
2023-01-23,424.1700134277344
2023-01-24,419.6400146484375
2023-01-25,413.8399963378906
2023-01-26,420.489990234375
2023-01-27,425.4400024414063
2023-01-30,420.6199951171875
2023-01-31,422.9400024414063
2023-02-01,426.5499877929688
2023-02-02,433.2999877929688
2023-02-03,427.55999755859375
2023-02-06,426.8800048828125
2023-02-07,434.0199890136719
2023-02-08,431.7900085449219
2023-02-09,427.260009765625
2023-02-10,428.30999755859375
2023-02-13,434.4200134277344
2023-02-14,429.8200073242188
2023-02-15,435.2699890136719
2023-02-16,427.1700134277344
2023-02-17,431.2300109863281
2023-02-21,421.9100036621094
2023-02-22,422.3599853515625
2023-02-23,426.4800109863281
2023-02-24,421.3900146484375
2023-02-27,419.9200134277344
2023-02-28,414.5499877929688
2023-03-01,412.7699890136719
2023-03-02,414.6400146484375
2023-03-03,421.2000122070313
2023-03-06,418.3200073242188
2023-03-07,409.6499938964844
2023-03-08,408.0400085449219
2023-03-09,406.0299987792969
2023-03-10,395.6300048828125
2023-03-13,397.4700012207031
2023-03-14,409.5499877929688
2023-03-15,404.6900024414063
2023-03-16,405.2000122070313
2023-03-17,405.80999755859375
2023-03-20,411.5499877929688
2023-03-21,419.2000122070313
2023-03-22,415.6499938964844
2023-03-23,392.5899963378906
2023-03-24,398.8599853515625
2023-03-27,394.4100036621094
2023-03-28,401.4700012207031
2023-03-29,407.6300048828125
2023-03-30,410.6799926757813
2023-03-31,415.0899963378906
2023-04-03,416.05999755859375
2023-04-04,409.7699890136719
2023-04-05,402.0400085449219
2023-04-06,404.7799987792969
2023-04-10,403.7000122070313
2023-04-11,406.0499877929688
2023-04-12,411.7200012207031
2023-04-13,417.260009765625
2023-04-14,413.9700012207031
2023-04-17,416.4400024414063
2023-04-18,416.9599914550781
2023-04-19,416.5299987792969
2023-04-20,416.7000122070313
2023-04-21,421.4800109863281
2023-04-24,422.2000122070313
2023-04-25,412.0700073242188
2023-04-26,401.3999938964844
2023-04-27,410.1600036621094
2023-04-28,411.6900024414063
2023-05-01,411.1300048828125
2023-05-02,398.0799865722656
2023-05-03,393.6499938964844
2023-05-04,395.010009765625
2023-05-05,405.8500061035156
2023-05-08,402.6700134277344
2023-05-09,402.010009765625
2023-05-10,404.3900146484375
2023-05-11,400.2699890136719
2023-05-12,398.3599853515625
2023-05-15,396.0299987792969
2023-05-16,388.5400085449219
2023-05-17,394.260009765625
2023-05-18,393.5499877929688
2023-05-19,396.1900024414063
2023-05-22,398.25
2023-05-23,389.0400085449219
2023-05-24,384.5799865722656
2023-05-25,385.0700073242188
2023-05-26,388.4400024414063
2023-05-30,389.8599853515625
2023-05-31,384.8900146484375
2023-06-01,390.2900085449219
2023-06-02,398.80999755859375
2023-06-05,398.1900024414063
2023-06-06,397.6000061035156
2023-06-07,397.5400085449219
2023-06-08,403.4500122070313
2023-06-09,397.5799865722656
2023-06-12,400.2799987792969
2023-06-13,406.4500122070313
2023-06-14,410.989990234375
2023-06-15,422.3200073242188
2023-06-16,420.9100036621094
2023-06-20,421.5499877929688
2023-06-21,423.3399963378906
2023-06-22,404.1499938964844
2023-06-23,394.0499877929688
2023-06-26,395.6600036621094
2023-06-27,400.3399963378906
2023-06-28,395.4800109863281
2023-06-29,395.5499877929688
2023-06-30,400.6499938964844
2023-07-03,393.5400085449219
2023-07-05,395.4500122070313
2023-07-06,391.2000122070313
2023-07-07,387.5700073242188
2023-07-10,395.4299926757813
2023-07-11,400.7000122070313
2023-07-12,399.5199890136719
2023-07-13,413.8399963378906
2023-07-14,410.7300109863281
2023-07-17,420.1000061035156
2023-07-18,424.3599853515625
2023-07-19,425.1799926757813
2023-07-20,429.6000061035156
2023-07-21,431.9400024414063
2023-07-24,436.739990234375
2023-07-25,439.239990234375
2023-07-26,440.4200134277344
2023-07-27,435.4400024414063
2023-07-28,436.510009765625
2023-07-31,435.0400085449219
2023-08-01,433.5899963378906
2023-08-02,434.1000061035156
2023-08-03,431.0400085449219
2023-08-04,422.0899963378906
2023-08-07,424.7900085449219
2023-08-08,420.3399963378906
2023-08-09,421.9800109863281
2023-08-10,422.3900146484375
2023-08-11,423.9800109863281
2023-08-14,425.4200134277344
2023-08-15,423.6700134277344
2023-08-16,425.1000061035156
2023-08-17,430.3900146484375
2023-08-18,429.3999938964844
2023-08-21,430.0
2023-08-22,430.0199890136719
2023-08-23,437.5499877929688
2023-08-24,440.4700012207031
2023-08-25,429.5700073242188
2023-08-28,429.0499877929688
2023-08-29,430.80999755859375
2023-08-30,434.9500122070313
2023-08-31,436.4100036621094
2023-09-01,435.4800109863281
2023-09-05,432.5199890136719
2023-09-06,430.510009765625
2023-09-07,430.9200134277344
2023-09-08,429.0
2023-09-11,426.4400024414063
2023-09-12,423.5199890136719
2023-09-13,429.1400146484375
2023-09-14,431.6600036621094
2023-09-15,427.6700134277344
2023-09-18,429.1799926757813
2023-09-19,426.30999755859375
2023-09-20,423.7699890136719
2023-09-21,426.760009765625
2023-09-22,435.8200073242188
2023-09-25,436.9700012207031
2023-09-26,432.0899963378906
2023-09-27,435.1900024414063
2023-09-28,441.8599853515625
2023-09-29,437.260009765625
2023-10-02,436.0700073242188
2023-10-03,435.7300109863281
2023-10-04,447.2999877929688
2023-10-05,449.1900024414063
2023-10-06,452.30999755859375
2023-10-09,451.4200134277344
2023-10-10,453.3399963378906
2023-10-11,456.8699951171875
2023-10-12,447.3200073242188
2023-10-13,446.6300048828125
2023-10-16,447.9100036621094
2023-10-17,450.0700073242188
2023-10-18,443.7999877929688
2023-10-19,436.8699951171875
2023-10-20,430.1199951171875
2023-10-23,431.6799926757813
2023-10-24,429.9100036621094
2023-10-25,424.1799926757813
2023-10-26,429.05999755859375
2023-10-27,420.4200134277344
2023-10-30,427.25
2023-10-31,431.8900146484375
2023-11-01,436.5700073242188
2023-11-02,442.260009765625
2023-11-03,443.7900085449219
2023-11-06,446.5700073242188
2023-11-07,448.8699951171875
2023-11-08,445.7300109863281
2023-11-09,448.5499877929688
2023-11-10,453.0199890136719
2023-11-13,453.4599914550781
2023-11-14,459.4299926757813
2023-11-15,458.5400085449219
2023-11-16,464.2799987792969
2023-11-17,457.3399963378906
2023-11-20,456.0
2023-11-21,457.4100036621094
2023-11-22,457.760009765625
2023-11-24,460.1099853515625
2023-11-27,460.2799987792969
2023-11-28,456.5400085449219
2023-11-29,454.3900146484375
2023-11-30,453.4599914550781
2023-12-01,455.1700134277344
2023-12-04,454.2999877929688
2023-12-05,446.5
2023-12-06,443.5400085449219
2023-12-07,442.1400146484375
2023-12-08,443.8900146484375
2023-12-11,449.1400146484375
2023-12-12,453.2000122070313
2023-12-13,458.9800109863281
2023-12-14,454.0
2023-12-15,456.9599914550781
2023-12-18,458.4800109863281
2023-12-19,448.6499938964844
2023-12-20,452.3200073242188
2023-12-21,470.1799926757813
2023-12-22,469.1300048828125
2023-12-26,472.30999755859375
2023-12-27,474.2099914550781
2023-12-28,476.7900085449219
2023-12-29,477.0499877929688
2024-01-02,462.739990234375
2024-01-03,454.7200012207031
2024-01-04,458.1600036621094
2024-01-05,456.5799865722656
2024-01-08,458.760009765625
2024-01-09,454.510009765625
2024-01-10,462.7699890136719
2024-01-11,464.9599914550781
2024-01-12,466.55999755859375
2024-01-16,462.2300109863281
2024-01-17,458.4200134277344
2024-01-18,461.1799926757813
2024-01-19,463.4500122070313
2024-01-22,467.7699890136719
2024-01-23,470.9100036621094
2024-01-24,470.8500061035156
2024-01-25,471.0799865722656
2024-01-26,470.6700134277344
2024-01-29,472.7000122070313
2024-01-30,479.239990234375
2024-01-31,475.9200134277344
2024-02-01,484.5700073242188
2024-02-02,486.7699890136719
2024-02-05,477.3999938964844
2024-02-06,477.4100036621094
2024-02-07,483.05999755859375
2024-02-08,470.05999755859375
2024-02-09,477.5899963378906
2024-02-12,471.2200012207031
2024-02-13,463.3299865722656
2024-02-14,461.7799987792969
2024-02-15,464.0199890136719
2024-02-16,458.4200134277344
2024-02-20,456.8599853515625
2024-02-21,453.3500061035156
2024-02-22,458.8699951171875
2024-02-23,463.4700012207031
2024-02-26,459.0700073242188
2024-02-27,461.5400085449219
2024-02-28,465.989990234375
2024-02-29,462.5799865722656
2024-03-01,461.3200073242188
2024-03-04,464.9800109863281
2024-03-05,464.3299865722656
2024-03-06,464.9500122070313
2024-03-07,467.260009765625
2024-03-08,466.1199951171875
2024-03-11,476.8500061035156
2024-03-12,480.2000122070313
2024-03-13,481.6199951171875
2024-03-14,478.8800048828125
2024-03-15,475.9599914550781
2024-03-18,477.6600036621094
2024-03-19,481.8699951171875
2024-03-20,487.8999938964844
2024-03-21,450.6600036621094
2024-03-22,447.4599914550781
2024-03-25,444.7300109863281
2024-03-26,443.8599853515625
2024-03-27,447.3800048828125
2024-03-28,454.3900146484375
2024-04-01,442.8800048828125
2024-04-02,439.6000061035156
2024-04-03,435.8599853515625
2024-04-04,433.2900085449219
2024-04-05,433.1700134277344
2024-04-08,440.2699890136719
2024-04-09,439.6799926757813
2024-04-10,428.6700134277344
2024-04-11,427.2699890136719
2024-04-12,426.239990234375
2024-04-15,424.0899963378906
2024-04-16,427.05999755859375
2024-04-17,429.25
2024-04-18,429.4599914550781
2024-04-19,434.0199890136719
2024-04-22,438.4299926757813
2024-04-23,419.9400024414063
2024-04-24,422.8299865722656
2024-04-25,418.7099914550781
2024-04-26,421.4700012207031
2024-04-29,422.9400024414063
2024-04-30,416.8900146484375
2024-05-01,419.5700073242188
2024-05-02,423.3599853515625
2024-05-03,428.25
2024-05-06,436.0799865722656
2024-05-07,435.4599914550781
2024-05-08,433.8999938964844
2024-05-09,435.9800109863281
2024-05-10,439.1600036621094
2024-05-13,440.0299987792969
2024-05-14,441.510009765625
2024-05-15,445.3699951171875
2024-05-16,445.5199890136719
2024-05-17,448.8800048828125
2024-05-20,452.4800109863281
2024-05-21,449.9299926757813
2024-05-22,447.7900085449219
2024-05-23,436.3599853515625
2024-05-24,436.0400085449219
2024-05-28,427.0499877929688
2024-05-29,417.6799926757813
2024-05-30,406.489990234375
2024-05-31,404.260009765625
2024-06-03,394.8900146484375
2024-06-04,396.1499938964844
2024-06-05,401.1199951171875
2024-06-06,410.1000061035156
2024-06-07,409.9299926757813
2024-06-10,406.239990234375
2024-06-11,408.260009765625
2024-06-12,406.2000122070313
2024-06-13,402.7900085449219
2024-06-14,401.739990234375
2024-06-17,406.7300109863281
2024-06-18,407.1700134277344
2024-06-20,408.3500061035156
2024-06-21,423.7300109863281
2024-06-24,424.8900146484375
2024-06-25,419.2000122070313
2024-06-26,415.6600036621094
2024-06-27,415.0
2024-06-28,408.2699890136719
2024-07-01,411.1600036621094
2024-07-02,416.010009765625
2024-07-03,416.760009765625
2024-07-05,423.4100036621094
2024-07-08,417.8699951171875
2024-07-09,411.739990234375
2024-07-10,414.6499938964844
2024-07-11,419.1000061035156
2024-07-12,423.8999938964844
2024-07-15,428.5400085449219
2024-07-16,442.239990234375
2024-07-17,440.9100036621094
2024-07-18,431.6300048828125
2024-07-19,424.3200073242188
2024-07-22,429.25
2024-07-23,416.1400146484375
2024-07-24,403.2099914550781
2024-07-25,411.6600036621094
2024-07-26,415.3299865722656
2024-07-29,411.2999877929688
2024-07-30,416.8200073242188
2024-07-31,413.0899963378906
2024-08-01,408.7099914550781
2024-08-02,414.55999755859375
2024-08-05,401.8399963378906
2024-08-06,404.6600036621094
2024-08-07,401.1900024414063
2024-08-08,403.7799987792969
2024-08-09,403.0299987792969
2024-08-12,397.0400085449219
2024-08-13,401.05999755859375
2024-08-14,404.3299865722656
2024-08-15,408.7200012207031
2024-08-16,410.8699951171875
2024-08-19,413.0400085449219
2024-08-20,412.2900085449219
2024-08-21,412.4299926757813
2024-08-22,407.989990234375
2024-08-23,408.9700012207031
2024-08-26,410.2900085449219
2024-08-27,411.7099914550781
2024-08-28,413.260009765625
2024-08-29,417.6300048828125
2024-08-30,422.8399963378906
2024-09-03,426.6499938964844
2024-09-04,430.5700073242188
2024-09-05,427.010009765625
2024-09-06,424.0299987792969
2024-09-09,428.8999938964844
2024-09-10,440.7300109863281
2024-09-11,437.5400085449219
2024-09-12,439.8800048828125
2024-09-13,445.3599853515625
2024-09-16,453.9800109863281
2024-09-17,448.2799987792969
2024-09-18,446.80999755859375
2024-09-19,469.4800109863281
2024-09-20,465.9100036621094
2024-09-23,468.7300109863281
2024-09-24,463.7699890136719
2024-09-25,457.80999755859375
2024-09-26,455.6700134277344
2024-09-27,458.489990234375
2024-09-30,459.8500061035156
2024-10-01,454.9800109863281
2024-10-02,457.010009765625
2024-10-03,459.0899963378906
2024-10-04,457.0
2024-10-07,449.739990234375
2024-10-08,456.8299865722656
2024-10-09,455.7200012207031
2024-10-10,454.0299987792969
2024-10-11,456.80999755859375
2024-10-14,461.8500061035156
2024-10-15,469.1099853515625
2024-10-16,470.4599914550781
2024-10-17,472.4700012207031
2024-10-18,471.5299987792969
2024-10-21,468.9299926757813
2024-10-22,465.0700073242188
2024-10-23,463.7699890136719
2024-10-24,456.6300048828125
2024-10-25,454.9400024414063
2024-10-28,459.2900085449219
2024-10-29,460.0899963378906
2024-10-30,453.7999877929688
2024-10-31,454.05999755859375
2024-11-01,458.7999877929688
2024-11-04,461.80999755859375
2024-11-05,467.9599914550781
2024-11-06,478.4700012207031
2024-11-07,473.8800048828125
2024-11-08,477.4599914550781
2024-11-11,481.8500061035156
2024-11-12,484.2699890136719
2024-11-13,490.8299865722656
2024-11-14,495.7200012207031
2024-11-15,483.8999938964844
2024-11-18,485.9299926757813
2024-11-19,481.3999938964844
2024-11-20,474.4400024414063
2024-11-21,485.7699890136719
2024-11-22,487.6199951171875
2024-11-25,491.0499877929688
2024-11-26,490.9800109863281
2024-11-27,489.5
2024-11-29,490.6700134277344
2024-12-02,489.4700012207031
2024-12-03,485.5199890136719
2024-12-04,483.55999755859375
2024-12-05,478.3699951171875
2024-12-06,479.9700012207031
2024-12-09,477.760009765625
2024-12-10,483.7799987792969
2024-12-11,490.0400085449219
2024-12-12,488.6099853515625
2024-12-13,488.739990234375
2024-12-16,487.5899963378906
2024-12-17,488.80999755859375
2024-12-18,473.0499877929688
2024-12-19,489.7300109863281
2024-12-20,483.5199890136719
2024-12-23,489.3399963378906
2024-12-24,491.3500061035156
2024-12-26,491.6099853515625
2024-12-27,486.55999755859375
2024-12-30,482.6799926757813
2024-12-31,480.2799987792969
2025-01-02,476.510009765625
2025-01-03,475.05999755859375
2025-01-06,466.0299987792969
2025-01-07,460.6799926757813
2025-01-08,458.4599914550781
2025-01-10,453.0199890136719
2025-01-13,454.8599853515625
2025-01-14,454.1700134277344
2025-01-15,453.9800109863281
2025-01-16,459.9700012207031
2025-01-17,462.989990234375
2025-01-21,466.1400146484375
2025-01-22,464.7699890136719
2025-01-23,464.3800048828125
2025-01-24,467.1199951171875
2025-01-27,475.4299926757813
2025-01-28,470.6199951171875
2025-01-29,464.6300048828125
2025-01-30,472.1199951171875
2025-01-31,474.4100036621094
2025-02-03,469.80999755859375
2025-02-04,466.8399963378906
2025-02-05,468.8200073242188
2025-02-06,469.2799987792969
2025-02-07,466.7900085449219
2025-02-10,460.6600036621094
2025-02-11,454.2799987792969
2025-02-12,454.2099914550781
2025-02-13,459.3900146484375
2025-02-14,456.0899963378906
2025-02-18,460.1000061035156
2025-02-19,466.1799926757813
2025-02-20,466.1300048828125
2025-02-21,461.7799987792969
2025-02-24,461.55999755859375
2025-02-25,462.9400024414063
2025-02-26,453.6799926757813
2025-02-27,454.7099914550781
2025-02-28,461.739990234375
2025-03-03,458.0899963378906
2025-03-04,444.7200012207031
2025-03-05,445.4200134277344
2025-03-06,441.7000122070313
2025-03-07,440.7300109863281
2025-03-10,442.9100036621094
2025-03-11,431.1700134277344
2025-03-12,429.8699951171875
2025-03-13,427.5
2025-03-14,436.8500061035156
2025-03-17,439.6499938964844
2025-03-18,439.8200073242188
2025-03-19,438.3999938964844
2025-03-20,430.9299926757813
2025-03-21,432.8599853515625
2025-03-24,432.1099853515625
2025-03-25,439.3999938964844
2025-03-26,441.239990234375
2025-03-27,449.2300109863281
2025-03-28,448.760009765625
2025-03-31,454.6400146484375
2025-04-01,457.010009765625
2025-04-02,451.7200012207031
2025-04-03,437.1499938964844
2025-04-04,416.1900024414063
2025-04-07,405.5799865722656
2025-04-08,398.8500061035156
2025-04-09,426.8200073242188
2025-04-10,416.6900024414063
2025-04-11,425.4400024414063
2025-04-14,433.0
2025-04-15,436.2300109863281
2025-04-16,427.2300109863281
2025-04-17,427.0499877929688
2025-04-21,413.0299987792969
2025-04-22,423.9599914550781
2025-04-23,425.5199890136719
2025-04-24,428.1499938964844
2025-04-25,424.4700012207031
2025-04-28,422.8999938964844
2025-04-29,428.7099914550781
2025-04-30,432.2200012207031
2025-05-01,429.8900146484375
2025-05-02,434.55999755859375
2025-05-05,433.0899963378906
2025-05-06,429.8200073242188
2025-05-07,440.2000122070313
2025-05-08,448.489990234375
2025-05-09,454.6199951171875
2025-05-12,456.3999938964844
2025-05-13,451.4299926757813
2025-05-14,459.8699951171875
2025-05-15,469.4100036621094
2025-05-16,473.3200073242188
2025-05-19,470.3900146484375
2025-05-20,470.1600036621094
2025-05-21,464.30999755859375
2025-05-22,463.989990234375
2025-05-23,462.7999877929688
2025-05-27,462.989990234375
2025-05-28,460.2699890136719
2025-05-29,465.5700073242188
2025-05-30,458.260009765625
2025-06-02,456.55999755859375
2025-06-03,434.5199890136719
2025-06-04,433.7900085449219
2025-06-05,431.4800109863281
2025-06-06,432.3500061035156
2025-06-09,426.760009765625
2025-06-10,425.6000061035156
2025-06-11,423.3800048828125
2025-06-12,424.1700134277344
2025-06-13,419.8999938964844
2025-06-16,421.2999877929688
2025-06-17,423.7000122070313
2025-06-18,425.0400085449219
2025-06-20,422.3399963378906
2025-06-23,437.0299987792969
2025-06-24,437.6000061035156
2025-06-25,439.8699951171875
2025-06-26,437.0299987792969
2025-06-27,441.4299926757813
2025-06-30,447.2799987792969
2025-07-01,450.2999877929688
2025-07-02,447.7099914550781
2025-07-03,447.9400024414063
2025-07-07,447.8900146484375
2025-07-08,444.5700073242188
2025-07-09,447.80999755859375
2025-07-10,449.9800109863281
2025-07-11,446.2099914550781
2025-07-14,440.010009765625
2025-07-15,434.1499938964844
2025-07-16,436.3299865722656
2025-07-17,436.5700073242188
2025-07-18,432.3200073242188
2025-07-21,423.0799865722656
2025-07-22,417.2300109863281
2025-07-23,416.260009765625
2025-07-24,421.4599914550781
2025-07-25,419.5400085449219
2025-07-28,414.1400146484375
2025-07-29,415.489990234375
2025-07-30,409.1600036621094
2025-07-31,402.8999938964844
2025-08-01,391.3299865722656
2025-08-04,396.1600036621094
2025-08-05,387.510009765625
2025-08-06,391.9100036621094
2025-08-07,386.6700134277344
2025-08-08,382.4299926757813
2025-08-11,377.5700073242188
2025-08-12,370.739990234375
2025-08-13,376.2000122070313
2025-08-14,374.9599914550781
2025-08-15,369.6199951171875
2025-08-18,371.1499938964844
2025-08-19,374.1000061035156
2025-08-20,387.6400146484375
2025-08-21,376.9599914550781
2025-08-22,381.6199951171875
2025-08-25,382.6499938964844
2025-08-26,380.0
2025-08-27,380.2200012207031
2025-08-28,375.7699890136719
2025-08-29,373.3200073242188
2025-09-02,368.8800048828125
2025-09-03,370.7999877929688
2025-09-04,369.4800109863281
2025-09-05,371.010009765625
2025-09-08,375.3399963378906
2025-09-09,372.8599853515625
2025-09-10,361.760009765625
2025-09-11,370.5
2025-09-12,361.8399963378906
2025-09-15,344.42999267578125
2025-09-16,345.19000244140625
2025-09-17,336.0400085449219
2025-09-18,301.2300109863281
2025-09-19,289.1499938964844
2025-09-22,295.6300048828125
2025-09-23,288.4100036621094
2025-09-24,286.1600036621094
2025-09-25,283.8599853515625
2025-09-26,289.69000244140625
2025-09-29,290.6700134277344
2025-09-30,286.489990234375
2025-10-01,286.7300109863281
2025-10-02,281.8800048828125
2025-10-03,282.3299865722656
2025-10-06,275.010009765625
2025-10-07,276.92999267578125
2025-10-08,281.4700012207031
2025-10-09,283.0799865722656
2025-10-10,283.1300048828125
2025-10-13,285.989990234375
2025-10-14,285.75
2025-10-15,283.95001220703125
2025-10-16,278.010009765625
2025-10-17,286.6700134277344
2025-10-20,290.4100036621094
2025-10-21,294.1099853515625
2025-10-22,289.9200134277344
2025-10-23,286.8399963378906
2025-10-24,285.29998779296875
2025-10-27,290.3299865722656
2025-10-28,288.3999938964844
2025-10-29,266.8900146484375
2025-10-30,269.0400085449219
2025-10-31,266.79998779296875
2025-11-03,264.57000732421875
2025-11-04,264.5799865722656
2025-11-05,261.1400146484375
2025-11-06,253.6199951171875
2025-11-07,262.6000061035156
2025-11-10,265.0899963378906
2025-11-11,271.5599975585937
2025-11-12,271.8800048828125
2025-11-13,277.94000244140625
2025-11-14,273.9100036621094
2025-11-17,273.6499938964844
2025-11-18,272.1099853515625
2025-11-19,267.0199890136719
2025-11-20,273.04998779296875
2025-11-21,277.0199890136719
2025-11-24,271.760009765625
2025-11-25,278.7300109863281
2025-11-26,277.4100036621094
2025-11-28,277.2699890136719
2025-12-01,277.1300048828125
2025-12-02,278.2799987792969
2025-12-03,279.1499938964844
2025-12-04,278.9200134277344
2025-12-05,290.6300048828125
2025-12-08,286.8900146484375
2025-12-09,287.5599975585937
2025-12-10,288.20001220703125
2025-12-11,291.54998779296875
2025-12-12,292.4700012207031
2025-12-15,292.0299987792969
2025-12-16,293.0
2025-12-17,296.1300048828125
2025-12-18,273.3900146484375
2025-12-19,288.5400085449219
2025-12-22,290.94000244140625
2025-12-23,290.8800048828125
2025-12-24,290.0899963378906
2025-12-26,292.1300048828125
2025-12-29,293.42999267578125
2025-12-30,291.3999938964844
2025-12-31,290.19000244140625
2026-01-02,284.8999938964844
2026-01-05,286.3599853515625
2026-01-06,292.7900085449219
2026-01-07,292.95001220703125
2026-01-08,294.1700134277344
2026-01-09,294.45001220703125
2026-01-12,296.9200134277344
2026-01-13,291.7699890136719
2026-01-14,295.2699890136719
2026-01-15,289.67999267578125
2026-01-16,288.6000061035156
2026-01-20,277.04998779296875
2026-01-21,284.1300048828125
2026-01-22,288.7900085449219
2026-01-23,286.67999267578125
2026-01-26,286.3299865722656
2026-01-27,268.6600036621094
2026-01-28,269.8599853515625
2026-01-29,252.7899932861328
2026-01-30,254.3600006103516
2026-02-02,248.759994506836
2026-02-03,222.6199951171875
2026-02-04,225.42999267578125
2026-02-05,209.17999267578125
2026-02-06,207.32000732421875
2026-02-09,203.22000122070312
2026-02-10,204.8099975585937
2026-02-11,193.759994506836
2026-02-12,201.9499969482422
2026-02-13,205.7899932861328
2026-02-17,190.0599975585937
2026-02-18,197.9199981689453
2026-02-19,198.8800048828125
2026-02-20,195.0500030517578
2026-02-23,190.259994506836
2026-02-24,201.4900054931641
2026-02-25,206.6199951171875
2026-02-26,214.2700042724609
2026-02-27,216.8099975585937
2026-03-02,219.94000244140625
2026-03-03,222.8699951171875
2026-03-04,225.3999938964844
2026-03-05,224.9199981689453
2026-03-06,225.8699951171875
2026-03-09,221.0399932861328
2026-03-10,212.009994506836
2026-03-11,205.5399932861328
2026-03-12,203.6000061035156
2026-03-13,205.6499938964844
2026-03-16,207.4600067138672
2026-03-17,209.0
2026-03-18,207.82000732421875
2026-03-19,208.83999633789065
2026-03-20,209.2700042724609
2026-03-23,208.47000122070312
2026-03-24,197.3999938964844
2026-03-25,193.8800048828125
2026-03-26,196.2700042724609
2026-03-27,198.3300018310547
2026-03-30,204.5500030517578
2026-03-31,216.9900054931641
2026-04-01,224.8600006103516
2026-04-02,227.67999267578125
2026-04-06,230.94000244140625
2026-04-07,227.6000061035156
2026-04-08,222.97000122070312
2026-04-09,213.5200042724609
2026-04-10,211.6000061035156
2026-04-13,226.4199981689453
2026-04-14,223.5500030517578
2026-04-15,230.75
2026-04-16,231.8500061035156
2026-04-17,232.72999572753903
2026-04-20,235.8800048828125
2026-04-21,240.32000732421875
2026-04-22,242.72000122070312
2026-04-23,228.0800018310547
2026-04-24,224.1199951171875
2026-04-27,225.3300018310547
2026-04-28,229.55999755859375
2026-04-29,232.32000732421875
2026-04-30,227.5800018310547
2026-05-01,227.5800018310547
2026-05-04,224.44000244140625
2026-05-05,219.4199981689453
2026-05-06,211.7899932861328
2026-05-07,223.97999572753903
2026-05-08,223.61000061035156
2026-05-11,219.19000244140625
2026-05-12,215.9199981689453
2026-05-13,201.8699951171875
2026-05-14,199.86000061035156
2026-05-15,212.5800018310547
2026-05-18,224.3500061035156
2026-05-19,221.92999267578125
2026-05-20,223.67999267578125
2026-05-21,225.0099945068359
2026-05-22,232.0
2026-05-26,230.9199981689453
2026-05-27,235.72999572753903
2026-05-28,238.8999938964844
2026-05-29,245.47000122070312
2026-06-01,270.8500061035156
2026-06-02,255.82000732421875
2026-06-03,253.44000244140625
2026-06-04,255.02000427246097
2026-06-05,255.6199951171875
2026-06-08,246.3800048828125
2026-06-09,246.07000732421875
2026-06-10,249.0800018310547
2026-06-11,236.63999938964844
2026-06-12,241.16000366210935
2026-06-15,235.86000061035156
2026-06-16,237.55999755859375
2026-06-17,228.3000030517578
2026-06-18,221.2899932861328
2026-06-22,218.6199951171875
2026-06-23,218.14999389648438
2026-06-24,216.4499969482422
2026-06-25,208.83999633789062
2026-06-26,231.74000549316406
