,GEN
2015-01-02,25.59000015258789
2015-01-05,25.229999542236328
2015-01-06,24.84000015258789
2015-01-07,25.06999969482422
2015-01-08,25.530000686645508
2015-01-09,25.36000061035156
2015-01-12,25.290000915527344
2015-01-13,25.34000015258789
2015-01-14,25.209999084472656
2015-01-15,24.90999984741211
2015-01-16,25.6299991607666
2015-01-20,25.68000030517578
2015-01-21,25.6200008392334
2015-01-22,26.690000534057617
2015-01-23,26.649999618530277
2015-01-26,26.59000015258789
2015-01-27,25.940000534057617
2015-01-28,25.3799991607666
2015-01-29,25.600000381469727
2015-01-30,24.770000457763672
2015-02-02,24.940000534057617
2015-02-03,25.46999931335449
2015-02-04,25.600000381469727
2015-02-05,25.96999931335449
2015-02-06,24.780000686645508
2015-02-09,24.75
2015-02-10,25.239999771118164
2015-02-11,25.739999771118164
2015-02-12,26.149999618530277
2015-02-13,26.32999992370605
2015-02-17,26.0
2015-02-18,25.690000534057617
2015-02-19,25.600000381469727
2015-02-20,25.690000534057617
2015-02-23,25.43000030517578
2015-02-24,25.209999084472656
2015-02-25,25.489999771118164
2015-02-26,25.049999237060547
2015-02-27,25.15999984741211
2015-03-02,25.26000022888184
2015-03-03,24.76000022888184
2015-03-04,24.479999542236328
2015-03-05,24.63999938964844
2015-03-06,24.170000076293945
2015-03-09,24.479999542236328
2015-03-10,23.850000381469727
2015-03-11,23.459999084472656
2015-03-12,23.71999931335449
2015-03-13,23.36000061035156
2015-03-16,23.690000534057617
2015-03-17,23.770000457763672
2015-03-18,24.270000457763672
2015-03-19,24.01000022888184
2015-03-20,24.3799991607666
2015-03-23,24.40999984741211
2015-03-24,24.1200008392334
2015-03-25,23.309999465942383
2015-03-26,23.280000686645508
2015-03-27,23.36000061035156
2015-03-30,23.549999237060547
2015-03-31,23.3700008392334
2015-04-01,23.32999992370605
2015-04-02,23.549999237060547
2015-04-06,23.82999992370605
2015-04-07,23.799999237060547
2015-04-08,24.01000022888184
2015-04-09,24.229999542236328
2015-04-10,25.57999992370605
2015-04-13,24.13999938964844
2015-04-14,23.809999465942383
2015-04-15,23.790000915527344
2015-04-16,24.299999237060547
2015-04-17,24.239999771118164
2015-04-20,24.190000534057617
2015-04-21,24.100000381469727
2015-04-22,24.36000061035156
2015-04-23,24.63999938964844
2015-04-24,24.670000076293945
2015-04-27,24.82999992370605
2015-04-28,24.950000762939453
2015-04-29,24.899999618530277
2015-04-30,24.93000030517578
2015-05-01,25.13999938964844
2015-05-04,25.31999969482422
2015-05-05,24.899999618530277
2015-05-06,24.940000534057617
2015-05-07,24.979999542236328
2015-05-08,25.530000686645508
2015-05-11,25.440000534057617
2015-05-12,25.13999938964844
2015-05-13,25.31999969482422
2015-05-14,25.899999618530277
2015-05-15,24.479999542236328
2015-05-18,25.190000534057617
2015-05-19,25.100000381469727
2015-05-20,25.030000686645508
2015-05-21,25.06999969482422
2015-05-22,24.8700008392334
2015-05-26,24.34000015258789
2015-05-27,24.739999771118164
2015-05-28,24.809999465942383
2015-05-29,24.6299991607666
2015-06-01,24.700000762939453
2015-06-02,24.36000061035156
2015-06-03,24.31999969482422
2015-06-04,24.040000915527344
2015-06-05,24.0
2015-06-08,23.43000030517578
2015-06-09,23.440000534057617
2015-06-10,23.780000686645508
2015-06-11,23.799999237060547
2015-06-12,23.75
2015-06-15,23.450000762939453
2015-06-16,23.65999984741211
2015-06-17,24.100000381469727
2015-06-18,24.459999084472656
2015-06-19,24.06999969482422
2015-06-22,23.81999969482422
2015-06-23,24.25
2015-06-24,24.239999771118164
2015-06-25,24.15999984741211
2015-06-26,23.75
2015-06-29,23.26000022888184
2015-06-30,23.25
2015-07-01,23.209999084472656
2015-07-02,23.030000686645508
2015-07-06,22.68000030517578
2015-07-07,22.790000915527344
2015-07-08,22.81999969482422
2015-07-09,22.989999771118164
2015-07-10,23.31999969482422
2015-07-13,23.420000076293945
2015-07-14,23.440000534057617
2015-07-15,23.309999465942383
2015-07-16,23.40999984741211
2015-07-17,23.46999931335449
2015-07-20,23.31999969482422
2015-07-21,23.040000915527344
2015-07-22,22.959999084472656
2015-07-23,23.21999931335449
2015-07-24,23.049999237060547
2015-07-27,22.71999931335449
2015-07-28,22.770000457763672
2015-07-29,22.84000015258789
2015-07-30,22.790000915527344
2015-07-31,22.739999771118164
2015-08-03,22.479999542236328
2015-08-04,22.420000076293945
2015-08-05,22.899999618530277
2015-08-06,22.350000381469727
2015-08-07,22.709999084472656
2015-08-10,22.90999984741211
2015-08-11,21.34000015258789
2015-08-12,21.63999938964844
2015-08-13,21.239999771118164
2015-08-14,21.600000381469727
2015-08-17,21.86000061035156
2015-08-18,21.649999618530277
2015-08-19,21.86000061035156
2015-08-20,21.350000381469727
2015-08-21,20.96999931335449
2015-08-24,20.01000022888184
2015-08-25,19.88999938964844
2015-08-26,20.6299991607666
2015-08-27,20.920000076293945
2015-08-28,20.84000015258789
2015-08-31,20.489999771118164
2015-09-01,19.93000030517578
2015-09-02,19.940000534057617
2015-09-03,19.950000762939453
2015-09-04,19.649999618530277
2015-09-08,20.09000015258789
2015-09-09,19.63999938964844
2015-09-10,20.01000022888184
2015-09-11,19.989999771118164
2015-09-14,19.809999465942383
2015-09-15,19.90999984741211
2015-09-16,19.950000762939453
2015-09-17,20.07999992370605
2015-09-18,20.170000076293945
2015-09-21,20.26000022888184
2015-09-22,19.850000381469727
2015-09-23,19.950000762939453
2015-09-24,19.850000381469727
2015-09-25,19.940000534057617
2015-09-28,20.0
2015-09-29,19.350000381469727
2015-09-30,19.46999931335449
2015-10-01,19.32999992370605
2015-10-02,19.649999618530277
2015-10-05,20.43000030517578
2015-10-06,21.0
2015-10-07,20.850000381469727
2015-10-08,21.040000915527344
2015-10-09,21.0
2015-10-12,20.8799991607666
2015-10-13,20.6299991607666
2015-10-14,20.600000381469727
2015-10-15,20.63999938964844
2015-10-16,20.709999084472656
2015-10-19,20.76000022888184
2015-10-20,20.709999084472656
2015-10-21,20.43000030517578
2015-10-22,20.63999938964844
2015-10-23,20.63999938964844
2015-10-26,20.559999465942383
2015-10-27,20.440000534057617
2015-10-28,20.600000381469727
2015-10-29,20.489999771118164
2015-10-30,20.600000381469727
2015-11-02,20.700000762939453
2015-11-03,20.850000381469727
2015-11-04,20.899999618530277
2015-11-05,20.8799991607666
2015-11-06,20.56999969482422
2015-11-09,20.1200008392334
2015-11-10,19.96999931335449
2015-11-11,19.93000030517578
2015-11-12,19.84000015258789
2015-11-13,19.709999084472656
2015-11-16,19.959999084472656
2015-11-17,19.979999542236328
2015-11-18,20.020000457763672
2015-11-19,20.0
2015-11-20,19.940000534057617
2015-11-23,19.88999938964844
2015-11-24,19.809999465942383
2015-11-25,19.86000061035156
2015-11-27,19.5
2015-11-30,19.57999992370605
2015-12-01,19.739999771118164
2015-12-02,19.65999984741211
2015-12-03,19.709999084472656
2015-12-04,20.040000915527344
2015-12-07,20.13999938964844
2015-12-08,20.200000762939453
2015-12-09,20.01000022888184
2015-12-10,19.940000534057617
2015-12-11,19.649999618530277
2015-12-14,19.540000915527344
2015-12-15,20.18000030517578
2015-12-16,20.46999931335449
2015-12-17,20.15999984741211
2015-12-18,20.209999084472656
2015-12-21,20.40999984741211
2015-12-22,20.530000686645508
2015-12-23,20.86000061035156
2015-12-24,20.86000061035156
2015-12-28,21.1299991607666
2015-12-29,21.3700008392334
2015-12-30,21.290000915527344
2015-12-31,21.0
2016-01-04,20.84000015258789
2016-01-05,20.8799991607666
2016-01-06,20.850000381469727
2016-01-07,20.5
2016-01-08,20.489999771118164
2016-01-11,20.36000061035156
2016-01-12,20.649999618530277
2016-01-13,20.25
2016-01-14,20.479999542236328
2016-01-15,19.729999542236328
2016-01-19,19.030000686645508
2016-01-20,18.81999969482422
2016-01-21,18.979999542236328
2016-01-22,19.46999931335449
2016-01-25,18.81999969482422
2016-01-26,19.229999542236328
2016-01-27,19.21999931335449
2016-01-28,19.5
2016-01-29,19.84000015258789
2016-02-01,19.75
2016-02-02,19.270000457763672
2016-02-03,19.280000686645508
2016-02-04,19.18000030517578
2016-02-05,19.76000022888184
2016-02-08,19.239999771118164
2016-02-09,18.71999931335449
2016-02-10,18.899999618530277
2016-02-11,18.770000457763672
2016-02-12,19.149999618530277
2016-02-16,19.549999237060547
2016-02-17,19.96999931335449
2016-02-18,19.809999465942383
2016-02-19,19.93000030517578
2016-02-22,20.1299991607666
2016-02-23,19.559999465942383
2016-02-24,19.290000915527344
2016-02-25,19.670000076293945
2016-02-26,19.440000534057617
2016-02-29,19.309999465942383
2016-03-01,20.280000686645508
2016-03-02,20.40999984741211
2016-03-03,20.520000457763672
2016-03-04,16.6200008392334
2016-03-07,17.09000015258789
2016-03-08,16.950000762939453
2016-03-09,17.59000015258789
2016-03-10,17.700000762939453
2016-03-11,18.38999938964844
2016-03-14,18.540000915527344
2016-03-15,18.459999084472656
2016-03-16,18.57999992370605
2016-03-17,18.729999542236328
2016-03-18,18.600000381469727
2016-03-21,18.850000381469727
2016-03-22,18.81999969482422
2016-03-23,18.63999938964844
2016-03-24,18.709999084472656
2016-03-28,18.46999931335449
2016-03-29,18.38999938964844
2016-03-30,18.3799991607666
2016-03-31,18.3799991607666
2016-04-01,18.40999984741211
2016-04-04,18.600000381469727
2016-04-05,18.3700008392334
2016-04-06,18.5
2016-04-07,18.18000030517578
2016-04-08,18.149999618530277
2016-04-11,17.969999313354492
2016-04-12,17.969999313354492
2016-04-13,18.15999984741211
2016-04-14,17.889999389648438
2016-04-15,18.040000915527344
2016-04-18,18.11000061035156
2016-04-19,18.1299991607666
2016-04-20,18.06999969482422
2016-04-21,18.100000381469727
2016-04-22,18.010000228881836
2016-04-25,18.100000381469727
2016-04-26,18.040000915527344
2016-04-27,18.11000061035156
2016-04-28,16.860000610351562
2016-04-29,16.649999618530273
2016-05-02,16.75
2016-05-03,16.6299991607666
2016-05-04,16.670000076293945
2016-05-05,16.600000381469727
2016-05-06,16.610000610351562
2016-05-09,16.639999389648438
2016-05-10,16.780000686645508
2016-05-11,16.709999084472656
2016-05-12,16.899999618530273
2016-05-13,16.790000915527344
2016-05-16,16.90999984741211
2016-05-17,16.940000534057617
2016-05-18,17.0
2016-05-19,16.889999389648438
2016-05-20,16.920000076293945
2016-05-23,16.920000076293945
2016-05-24,17.06999969482422
2016-05-25,17.25
2016-05-26,17.190000534057617
2016-05-27,17.149999618530273
2016-05-31,17.360000610351562
2016-06-01,17.309999465942383
2016-06-02,17.3700008392334
2016-06-03,17.260000228881836
2016-06-06,17.18000030517578
2016-06-07,17.270000457763672
2016-06-08,17.43000030517578
2016-06-09,17.389999389648438
2016-06-10,17.299999237060547
2016-06-13,18.209999084472656
2016-06-14,18.770000457763672
2016-06-15,18.989999771118164
2016-06-16,19.780000686645508
2016-06-17,19.96999931335449
2016-06-20,20.46999931335449
2016-06-21,20.920000076293945
2016-06-22,20.780000686645508
2016-06-23,21.239999771118164
2016-06-24,20.43000030517578
2016-06-27,19.950000762939453
2016-06-28,20.1299991607666
2016-06-29,20.350000381469727
2016-06-30,20.540000915527344
2016-07-01,20.459999084472656
2016-07-05,20.350000381469727
2016-07-06,20.3799991607666
2016-07-07,20.440000534057617
2016-07-08,20.700000762939453
2016-07-11,20.799999237060547
2016-07-12,21.020000457763672
2016-07-13,21.100000381469727
2016-07-14,20.940000534057617
2016-07-15,20.940000534057617
2016-07-18,20.799999237060547
2016-07-19,20.690000534057617
2016-07-20,20.700000762939453
2016-07-21,20.280000686645508
2016-07-22,20.489999771118164
2016-07-25,20.350000381469727
2016-07-26,20.3700008392334
2016-07-27,20.290000915527344
2016-07-28,20.450000762939453
2016-07-29,20.43000030517578
2016-08-01,20.549999237060547
2016-08-02,20.68000030517578
2016-08-03,20.899999618530277
2016-08-04,21.030000686645508
2016-08-05,21.88999938964844
2016-08-08,21.780000686645508
2016-08-09,21.65999984741211
2016-08-10,21.729999542236328
2016-08-11,22.11000061035156
2016-08-12,22.540000915527344
2016-08-15,22.8799991607666
2016-08-16,22.979999542236328
2016-08-17,22.920000076293945
2016-08-18,23.11000061035156
2016-08-19,23.71999931335449
2016-08-22,23.739999771118164
2016-08-23,23.8700008392334
2016-08-24,23.76000022888184
2016-08-25,23.729999542236328
2016-08-26,23.71999931335449
2016-08-29,24.1299991607666
2016-08-30,23.979999542236328
2016-08-31,24.1299991607666
2016-09-01,24.149999618530277
2016-09-02,24.280000686645508
2016-09-06,24.809999465942383
2016-09-07,24.920000076293945
2016-09-08,24.950000762939453
2016-09-09,24.489999771118164
2016-09-12,24.850000381469727
2016-09-13,24.690000534057617
2016-09-14,24.57999992370605
2016-09-15,24.8700008392334
2016-09-16,25.209999084472656
2016-09-19,24.84000015258789
2016-09-20,24.709999084472656
2016-09-21,25.07999992370605
2016-09-22,25.07999992370605
2016-09-23,25.040000915527344
2016-09-26,24.959999084472656
2016-09-27,25.15999984741211
2016-09-28,25.270000457763672
2016-09-29,25.01000022888184
2016-09-30,25.100000381469727
2016-10-03,25.11000061035156
2016-10-04,25.25
2016-10-05,25.38999938964844
2016-10-06,25.299999237060547
2016-10-07,25.209999084472656
2016-10-10,25.25
2016-10-11,25.059999465942383
2016-10-12,24.940000534057617
2016-10-13,24.280000686645508
2016-10-14,24.09000015258789
2016-10-17,24.190000534057617
2016-10-18,24.21999931335449
2016-10-19,24.229999542236328
2016-10-20,24.200000762939453
2016-10-21,24.07999992370605
2016-10-24,24.899999618530277
2016-10-25,24.989999771118164
2016-10-26,25.030000686645508
2016-10-27,24.93000030517578
2016-10-28,24.8799991607666
2016-10-31,25.030000686645508
2016-11-01,25.21999931335449
2016-11-02,25.229999542236328
2016-11-03,25.450000762939453
2016-11-04,23.489999771118164
2016-11-07,24.399999618530277
2016-11-08,24.709999084472656
2016-11-09,24.84000015258789
2016-11-10,25.049999237060547
2016-11-11,25.0
2016-11-14,24.6299991607666
2016-11-15,24.21999931335449
2016-11-16,23.899999618530277
2016-11-17,23.82999992370605
2016-11-18,23.75
2016-11-21,24.520000457763672
2016-11-22,25.11000061035156
2016-11-23,24.850000381469727
2016-11-25,24.81999969482422
2016-11-28,24.399999618530277
2016-11-29,24.31999969482422
2016-11-30,24.38999938964844
2016-12-01,23.76000022888184
2016-12-02,23.51000022888184
2016-12-05,24.350000381469727
2016-12-06,24.200000762939453
2016-12-07,24.440000534057617
2016-12-08,24.559999465942383
2016-12-09,24.81999969482422
2016-12-12,24.700000762939453
2016-12-13,24.90999984741211
2016-12-14,24.84000015258789
2016-12-15,24.799999237060547
2016-12-16,24.07999992370605
2016-12-19,24.21999931335449
2016-12-20,24.149999618530277
2016-12-21,24.25
2016-12-22,24.11000061035156
2016-12-23,24.13999938964844
2016-12-27,24.36000061035156
2016-12-28,24.149999618530277
2016-12-29,24.229999542236328
2016-12-30,23.88999938964844
2017-01-03,24.01000022888184
2017-01-04,24.21999931335449
2017-01-05,24.649999618530277
2017-01-06,25.01000022888184
2017-01-09,24.989999771118164
2017-01-10,25.1299991607666
2017-01-11,25.46999931335449
2017-01-12,25.700000762939453
2017-01-13,26.13999938964844
2017-01-17,26.200000762939453
2017-01-18,26.40999984741211
2017-01-19,26.559999465942383
2017-01-20,26.649999618530277
2017-01-23,26.76000022888184
2017-01-24,27.350000381469727
2017-01-25,27.26000022888184
2017-01-26,27.209999084472656
2017-01-27,27.350000381469727
2017-01-30,27.270000457763672
2017-01-31,27.549999237060547
2017-02-01,27.25
2017-02-02,27.76000022888184
2017-02-03,28.40999984741211
2017-02-06,28.26000022888184
2017-02-07,28.440000534057617
2017-02-08,28.61000061035156
2017-02-09,28.989999771118164
2017-02-10,29.020000457763672
2017-02-13,29.059999465942383
2017-02-14,28.68000030517578
2017-02-15,28.520000457763672
2017-02-16,28.46999931335449
2017-02-17,28.799999237060547
2017-02-21,28.809999465942383
2017-02-22,28.600000381469727
2017-02-23,28.57999992370605
2017-02-24,28.84000015258789
2017-02-27,28.68000030517578
2017-02-28,28.56999969482422
2017-03-01,29.09000015258789
2017-03-02,29.200000762939453
2017-03-03,29.21999931335449
2017-03-06,29.1200008392334
2017-03-07,29.290000915527344
2017-03-08,29.6299991607666
2017-03-09,29.600000381469727
2017-03-10,30.030000686645508
2017-03-13,30.75
2017-03-14,30.649999618530277
2017-03-15,30.71999931335449
2017-03-16,30.729999542236328
2017-03-17,30.700000762939453
2017-03-20,30.780000686645508
2017-03-21,30.0
2017-03-22,30.65999984741211
2017-03-23,30.700000762939453
2017-03-24,30.46999931335449
2017-03-27,30.46999931335449
2017-03-28,30.36000061035156
2017-03-29,30.82999992370605
2017-03-30,30.649999618530277
2017-03-31,30.68000030517578
2017-04-03,30.239999771118164
2017-04-04,30.3799991607666
2017-04-05,30.280000686645508
2017-04-06,30.559999465942383
2017-04-07,30.809999465942383
2017-04-10,30.65999984741211
2017-04-11,30.399999618530277
2017-04-12,30.049999237060547
2017-04-13,30.040000915527344
2017-04-17,30.25
2017-04-18,30.399999618530277
2017-04-19,30.40999984741211
2017-04-20,30.5
2017-04-21,30.700000762939453
2017-04-24,30.96999931335449
2017-04-25,31.25
2017-04-26,31.25
2017-04-27,31.479999542236328
2017-04-28,31.6299991607666
2017-05-01,32.119998931884766
2017-05-02,31.90999984741211
2017-05-03,31.920000076293945
2017-05-04,32.220001220703125
2017-05-05,32.29999923706055
2017-05-08,32.45000076293945
2017-05-09,32.369998931884766
2017-05-10,33.13999938964844
2017-05-11,31.459999084472656
2017-05-12,31.01000022888184
2017-05-15,32.0
2017-05-16,31.31999969482422
2017-05-17,30.1200008392334
2017-05-18,29.739999771118164
2017-05-19,29.020000457763672
2017-05-22,29.57999992370605
2017-05-23,29.790000915527344
2017-05-24,29.8700008392334
2017-05-25,29.950000762939453
2017-05-26,29.61000061035156
2017-05-30,30.059999465942383
2017-05-31,30.309999465942383
2017-06-01,30.34000015258789
2017-06-02,30.07999992370605
2017-06-05,30.06999969482422
2017-06-06,30.270000457763672
2017-06-07,30.270000457763672
2017-06-08,30.11000061035156
2017-06-09,29.709999084472656
2017-06-12,29.530000686645508
2017-06-13,29.309999465942383
2017-06-14,29.09000015258789
2017-06-15,28.40999984741211
2017-06-16,28.450000762939453
2017-06-19,28.8799991607666
2017-06-20,28.559999465942383
2017-06-21,28.950000762939453
2017-06-22,28.809999465942383
2017-06-23,28.530000686645508
2017-06-26,28.86000061035156
2017-06-27,28.11000061035156
2017-06-28,28.88999938964844
2017-06-29,28.059999465942383
2017-06-30,28.25
2017-07-03,27.46999931335449
2017-07-05,27.790000915527344
2017-07-06,27.71999931335449
2017-07-07,28.40999984741211
2017-07-10,29.0
2017-07-11,29.01000022888184
2017-07-12,29.920000076293945
2017-07-13,30.36000061035156
2017-07-14,30.07999992370605
2017-07-17,30.520000457763672
2017-07-18,30.56999969482422
2017-07-19,31.020000457763672
2017-07-20,31.170000076293945
2017-07-21,31.18000030517578
2017-07-24,31.07999992370605
2017-07-25,31.520000457763672
2017-07-26,31.270000457763672
2017-07-27,30.940000534057617
2017-07-28,31.030000686645508
2017-07-31,30.989999771118164
2017-08-01,31.190000534057617
2017-08-02,30.90999984741211
2017-08-03,30.270000457763672
2017-08-04,29.170000076293945
2017-08-07,28.8700008392334
2017-08-08,28.489999771118164
2017-08-09,28.600000381469727
2017-08-10,27.84000015258789
2017-08-11,28.290000915527344
2017-08-14,28.56999969482422
2017-08-15,28.40999984741211
2017-08-16,28.299999237060547
2017-08-17,28.040000915527344
2017-08-18,28.450000762939453
2017-08-21,28.13999938964844
2017-08-22,28.76000022888184
2017-08-23,29.209999084472656
2017-08-24,29.3799991607666
2017-08-25,29.46999931335449
2017-08-28,29.920000076293945
2017-08-29,29.690000534057617
2017-08-30,29.88999938964844
2017-08-31,29.979999542236328
2017-09-01,29.86000061035156
2017-09-05,29.809999465942383
2017-09-06,29.600000381469727
2017-09-07,30.600000381469727
2017-09-08,31.6299991607666
2017-09-11,32.75
2017-09-12,33.72999954223633
2017-09-13,33.08000183105469
2017-09-14,32.95000076293945
2017-09-15,33.2400016784668
2017-09-18,33.77000045776367
2017-09-19,34.15999984741211
2017-09-20,33.720001220703125
2017-09-21,33.040000915527344
2017-09-22,33.02000045776367
2017-09-25,32.849998474121094
2017-09-26,32.7400016784668
2017-09-27,33.04999923706055
2017-09-28,33.06999969482422
2017-09-29,32.810001373291016
2017-10-02,32.779998779296875
2017-10-03,33.02000045776367
2017-10-04,33.25
2017-10-05,33.70000076293945
2017-10-06,33.91999816894531
2017-10-09,32.630001068115234
2017-10-10,31.59000015258789
2017-10-11,31.61000061035156
2017-10-12,31.899999618530277
2017-10-13,32.36000061035156
2017-10-16,32.060001373291016
2017-10-17,32.0099983215332
2017-10-18,32.150001525878906
2017-10-19,32.33000183105469
2017-10-20,32.65999984741211
2017-10-23,32.220001220703125
2017-10-24,32.36000061035156
2017-10-25,32.18000030517578
2017-10-26,31.86000061035156
2017-10-27,32.09000015258789
2017-10-30,32.40999984741211
2017-10-31,32.5
2017-11-01,32.15999984741211
2017-11-02,29.3799991607666
2017-11-03,29.8799991607666
2017-11-06,28.899999618530277
2017-11-07,28.68000030517578
2017-11-08,29.030000686645508
2017-11-09,28.59000015258789
2017-11-10,28.36000061035156
2017-11-13,27.96999931335449
2017-11-14,28.100000381469727
2017-11-15,27.709999084472656
2017-11-16,28.280000686645508
2017-11-17,28.040000915527344
2017-11-20,28.190000534057617
2017-11-21,28.11000061035156
2017-11-22,28.43000030517578
2017-11-24,28.559999465942383
2017-11-27,28.84000015258789
2017-11-28,28.96999931335449
2017-11-29,28.56999969482422
2017-11-30,28.96999931335449
2017-12-01,29.11000061035156
2017-12-04,27.75
2017-12-05,27.440000534057617
2017-12-06,27.36000061035156
2017-12-07,27.559999465942383
2017-12-08,27.979999542236328
2017-12-11,29.21999931335449
2017-12-12,28.920000076293945
2017-12-13,28.6299991607666
2017-12-14,28.75
2017-12-15,28.979999542236328
2017-12-18,28.649999618530277
2017-12-19,28.309999465942383
2017-12-20,28.15999984741211
2017-12-21,28.479999542236328
2017-12-22,28.31999969482422
2017-12-26,28.229999542236328
2017-12-27,28.450000762939453
2017-12-28,28.479999542236328
2017-12-29,28.059999465942383
2018-01-02,28.90999984741211
2018-01-03,28.90999984741211
2018-01-04,28.96999931335449
2018-01-05,29.51000022888184
2018-01-08,29.56999969482422
2018-01-09,29.01000022888184
2018-01-10,28.65999984741211
2018-01-11,28.770000457763672
2018-01-12,28.81999969482422
2018-01-16,27.8700008392334
2018-01-17,27.520000457763672
2018-01-18,27.25
2018-01-19,27.459999084472656
2018-01-22,26.540000915527344
2018-01-23,26.61000061035156
2018-01-24,26.799999237060547
2018-01-25,27.149999618530277
2018-01-26,27.709999084472656
2018-01-29,27.06999969482422
2018-01-30,26.6200008392334
2018-01-31,27.229999542236328
2018-02-01,27.36000061035156
2018-02-02,27.020000457763672
2018-02-05,26.790000915527344
2018-02-06,27.07999992370605
2018-02-07,26.57999992370605
2018-02-08,25.59000015258789
2018-02-09,25.90999984741211
2018-02-12,26.100000381469727
2018-02-13,26.57999992370605
2018-02-14,27.020000457763672
2018-02-15,27.700000762939453
2018-02-16,27.549999237060547
2018-02-20,27.020000457763672
2018-02-21,27.030000686645508
2018-02-22,26.979999542236328
2018-02-23,27.43000030517578
2018-02-26,27.229999542236328
2018-02-27,26.31999969482422
2018-02-28,26.290000915527344
2018-03-01,26.51000022888184
2018-03-02,26.90999984741211
2018-03-05,27.09000015258789
2018-03-06,26.959999084472656
2018-03-07,27.239999771118164
2018-03-08,27.6299991607666
2018-03-09,27.850000381469727
2018-03-12,27.76000022888184
2018-03-13,27.34000015258789
2018-03-14,27.3700008392334
2018-03-15,27.540000915527344
2018-03-16,27.3700008392334
2018-03-19,26.670000076293945
2018-03-20,26.520000457763672
2018-03-21,26.93000030517578
2018-03-22,26.600000381469727
2018-03-23,25.700000762939453
2018-03-26,26.209999084472656
2018-03-27,25.51000022888184
2018-03-28,25.63999938964844
2018-03-29,25.850000381469727
2018-04-02,25.200000762939453
2018-04-03,25.68000030517578
2018-04-04,26.100000381469727
2018-04-05,26.149999618530277
2018-04-06,26.0
2018-04-09,25.979999542236328
2018-04-10,26.450000762939453
2018-04-11,26.82999992370605
2018-04-12,27.600000381469727
2018-04-13,27.520000457763672
2018-04-16,27.75
2018-04-17,27.920000076293945
2018-04-18,27.90999984741211
2018-04-19,27.850000381469727
2018-04-20,27.709999084472656
2018-04-23,27.76000022888184
2018-04-24,27.690000534057617
2018-04-25,28.479999542236328
2018-04-26,28.63999938964844
2018-04-27,27.799999237060547
2018-04-30,27.790000915527344
2018-05-01,27.670000076293945
2018-05-02,27.920000076293945
2018-05-03,27.729999542236328
2018-05-04,27.84000015258789
2018-05-07,28.440000534057617
2018-05-08,28.600000381469727
2018-05-09,28.75
2018-05-10,29.18000030517578
2018-05-11,19.520000457763672
2018-05-14,21.399999618530277
2018-05-15,22.32999992370605
2018-05-16,22.350000381469727
2018-05-17,22.31999969482422
2018-05-18,22.190000534057617
2018-05-21,21.59000015258789
2018-05-22,21.3700008392334
2018-05-23,21.31999969482422
2018-05-24,20.989999771118164
2018-05-25,21.059999465942383
2018-05-29,21.020000457763672
2018-05-30,21.049999237060547
2018-05-31,20.780000686645508
2018-06-01,21.020000457763672
2018-06-04,21.149999618530277
2018-06-05,21.34000015258789
2018-06-06,21.540000915527344
2018-06-07,21.299999237060547
2018-06-08,21.31999969482422
2018-06-11,21.200000762939453
2018-06-12,21.43000030517578
2018-06-13,21.280000686645508
2018-06-14,21.36000061035156
2018-06-15,21.26000022888184
2018-06-18,21.15999984741211
2018-06-19,20.989999771118164
2018-06-20,21.01000022888184
2018-06-21,20.799999237060547
2018-06-22,20.71999931335449
2018-06-25,20.46999931335449
2018-06-26,20.34000015258789
2018-06-27,20.1299991607666
2018-06-28,20.290000915527344
2018-06-29,20.649999618530277
2018-07-02,20.88999938964844
2018-07-03,20.809999465942383
2018-07-05,21.149999618530277
2018-07-06,21.280000686645508
2018-07-09,21.56999969482422
2018-07-10,21.40999984741211
2018-07-11,21.280000686645508
2018-07-12,21.6200008392334
2018-07-13,21.670000076293945
2018-07-16,21.549999237060547
2018-07-17,21.56999969482422
2018-07-18,21.559999465942383
2018-07-19,21.290000915527344
2018-07-20,21.200000762939453
2018-07-23,20.90999984741211
2018-07-24,20.549999237060547
2018-07-25,20.690000534057617
2018-07-26,20.600000381469727
2018-07-27,20.729999542236328
2018-07-30,20.309999465942383
2018-07-31,20.21999931335449
2018-08-01,20.43000030517578
2018-08-02,20.8799991607666
2018-08-03,19.25
2018-08-06,19.57999992370605
2018-08-07,19.440000534057617
2018-08-08,19.440000534057617
2018-08-09,19.229999542236328
2018-08-10,19.18000030517578
2018-08-13,18.809999465942383
2018-08-14,18.65999984741211
2018-08-15,18.549999237060547
2018-08-16,19.40999984741211
2018-08-17,19.459999084472656
2018-08-20,19.36000061035156
2018-08-21,19.549999237060547
2018-08-22,19.700000762939453
2018-08-23,19.6200008392334
2018-08-24,19.76000022888184
2018-08-27,20.059999465942383
2018-08-28,20.26000022888184
2018-08-29,20.56999969482422
2018-08-30,20.200000762939453
2018-08-31,20.15999984741211
2018-09-04,20.040000915527344
2018-09-05,19.8799991607666
2018-09-06,19.809999465942383
2018-09-07,19.82999992370605
2018-09-10,19.88999938964844
2018-09-11,20.01000022888184
2018-09-12,20.100000381469727
2018-09-13,20.040000915527344
2018-09-14,20.030000686645508
2018-09-17,19.799999237060547
2018-09-18,20.649999618530277
2018-09-19,20.670000076293945
2018-09-20,20.700000762939453
2018-09-21,20.899999618530277
2018-09-24,21.690000534057617
2018-09-25,21.200000762939453
2018-09-26,21.030000686645508
2018-09-27,21.26000022888184
2018-09-28,21.280000686645508
2018-10-01,20.790000915527344
2018-10-02,20.559999465942383
2018-10-03,20.690000534057617
2018-10-04,20.420000076293945
2018-10-05,20.040000915527344
2018-10-08,20.34000015258789
2018-10-09,19.90999984741211
2018-10-10,19.899999618530277
2018-10-11,19.459999084472656
2018-10-12,19.59000015258789
2018-10-15,19.780000686645508
2018-10-16,20.65999984741211
2018-10-17,20.56999969482422
2018-10-18,19.96999931335449
2018-10-19,19.670000076293945
2018-10-22,19.68000030517578
2018-10-23,19.479999542236328
2018-10-24,18.57999992370605
2018-10-25,18.989999771118164
2018-10-26,18.649999618530277
2018-10-29,18.0
2018-10-30,17.68000030517578
2018-10-31,18.149999618530277
2018-11-01,18.729999542236328
2018-11-02,19.5
2018-11-05,20.020000457763672
2018-11-06,22.540000915527344
2018-11-07,22.809999465942383
2018-11-08,22.38999938964844
2018-11-09,22.25
2018-11-12,21.82999992370605
2018-11-13,21.850000381469727
2018-11-14,22.36000061035156
2018-11-15,23.31999969482422
2018-11-16,23.09000015258789
2018-11-19,22.26000022888184
2018-11-20,21.61000061035156
2018-11-21,21.520000457763672
2018-11-23,21.700000762939453
2018-11-26,22.09000015258789
2018-11-27,21.850000381469727
2018-11-28,22.5
2018-11-29,22.57999992370605
2018-11-30,22.11000061035156
2018-12-03,22.36000061035156
2018-12-04,21.959999084472656
2018-12-06,22.309999465942383
2018-12-07,21.780000686645508
2018-12-10,22.07999992370605
2018-12-11,22.280000686645508
2018-12-12,22.75
2018-12-13,22.479999542236328
2018-12-14,21.56999969482422
2018-12-17,20.649999618530277
2018-12-18,20.71999931335449
2018-12-19,20.43000030517578
2018-12-20,19.559999465942383
2018-12-21,18.440000534057617
2018-12-24,17.959999084472656
2018-12-26,18.51000022888184
2018-12-27,18.61000061035156
2018-12-28,18.559999465942383
2018-12-31,18.899999618530277
2019-01-02,18.940000534057617
2019-01-03,18.57999992370605
2019-01-04,19.36000061035156
2019-01-07,19.32999992370605
2019-01-08,19.57999992370605
2019-01-09,19.93000030517578
2019-01-10,20.06999969482422
2019-01-11,19.8799991607666
2019-01-14,19.31999969482422
2019-01-15,19.709999084472656
2019-01-16,19.739999771118164
2019-01-17,20.01000022888184
2019-01-18,20.11000061035156
2019-01-22,19.799999237060547
2019-01-23,19.780000686645508
2019-01-24,20.030000686645508
2019-01-25,20.3799991607666
2019-01-28,20.850000381469727
2019-01-29,20.420000076293945
2019-01-30,20.81999969482422
2019-01-31,21.020000457763672
2019-02-01,22.90999984741211
2019-02-04,23.020000457763672
2019-02-05,22.799999237060547
2019-02-06,22.899999618530277
2019-02-07,22.559999465942383
2019-02-08,22.65999984741211
2019-02-11,22.420000076293945
2019-02-12,23.40999984741211
2019-02-13,23.020000457763672
2019-02-14,23.059999465942383
2019-02-15,23.149999618530277
2019-02-19,22.989999771118164
2019-02-20,22.46999931335449
2019-02-21,22.34000015258789
2019-02-22,22.670000076293945
2019-02-25,22.63999938964844
2019-02-26,22.790000915527344
2019-02-27,22.649999618530277
2019-02-28,22.489999771118164
2019-03-01,22.530000686645508
2019-03-04,22.09000015258789
2019-03-05,22.13999938964844
2019-03-06,21.96999931335449
2019-03-07,21.88999938964844
2019-03-08,21.950000762939453
2019-03-11,22.3799991607666
2019-03-12,22.459999084472656
2019-03-13,22.950000762939453
2019-03-14,22.93000030517578
2019-03-15,23.020000457763672
2019-03-18,23.06999969482422
2019-03-19,23.209999084472656
2019-03-20,23.13999938964844
2019-03-21,23.59000015258789
2019-03-22,22.86000061035156
2019-03-25,22.8799991607666
2019-03-26,23.229999542236328
2019-03-27,22.84000015258789
2019-03-28,22.940000534057617
2019-03-29,22.989999771118164
2019-04-01,23.190000534057617
2019-04-02,23.149999618530277
2019-04-03,23.32999992370605
2019-04-04,23.040000915527344
2019-04-05,22.989999771118164
2019-04-08,24.239999771118164
2019-04-09,23.8799991607666
2019-04-10,23.739999771118164
2019-04-11,23.899999618530277
2019-04-12,23.959999084472656
2019-04-15,24.40999984741211
2019-04-16,24.299999237060547
2019-04-17,24.46999931335449
2019-04-18,24.399999618530277
2019-04-22,24.26000022888184
2019-04-23,24.290000915527344
2019-04-24,24.25
2019-04-25,24.1299991607666
2019-04-26,24.239999771118164
2019-04-29,24.32999992370605
2019-04-30,24.209999084472656
2019-05-01,23.850000381469727
2019-05-02,23.350000381469727
2019-05-03,23.549999237060547
2019-05-06,23.190000534057617
2019-05-07,22.3700008392334
2019-05-08,22.26000022888184
2019-05-09,22.170000076293945
2019-05-10,19.38999938964844
2019-05-13,19.13999938964844
2019-05-14,19.46999931335449
2019-05-15,19.489999771118164
2019-05-16,19.709999084472656
2019-05-17,19.84000015258789
2019-05-20,20.049999237060547
2019-05-21,20.530000686645508
2019-05-22,20.290000915527344
2019-05-23,19.96999931335449
2019-05-24,19.850000381469727
2019-05-28,19.459999084472656
2019-05-29,19.01000022888184
2019-05-30,18.8799991607666
2019-05-31,18.729999542236328
2019-06-03,17.979999542236328
2019-06-04,18.8700008392334
2019-06-05,19.07999992370605
2019-06-06,18.950000762939453
2019-06-07,19.149999618530277
2019-06-10,19.209999084472656
2019-06-11,18.850000381469727
2019-06-12,19.190000534057617
2019-06-13,19.57999992370605
2019-06-14,19.36000061035156
2019-06-17,19.76000022888184
2019-06-18,19.96999931335449
2019-06-19,20.149999618530277
2019-06-20,20.559999465942383
2019-06-21,20.84000015258789
2019-06-24,20.979999542236328
2019-06-25,20.799999237060547
2019-06-26,20.86000061035156
2019-06-27,21.09000015258789
2019-06-28,21.76000022888184
2019-07-01,22.059999465942383
2019-07-02,22.100000381469727
2019-07-03,25.100000381469727
2019-07-05,25.0
2019-07-08,25.61000061035156
2019-07-09,25.559999465942383
2019-07-10,25.799999237060547
2019-07-11,25.440000534057617
2019-07-12,25.56999969482422
2019-07-15,22.84000015258789
2019-07-16,23.56999969482422
2019-07-17,22.68000030517578
2019-07-18,23.0
2019-07-19,22.270000457763672
2019-07-22,22.709999084472656
2019-07-23,22.809999465942383
2019-07-24,22.690000534057617
2019-07-25,22.479999542236328
2019-07-26,22.729999542236328
2019-07-29,22.100000381469727
2019-07-30,21.93000030517578
2019-07-31,21.559999465942383
2019-08-01,21.540000915527344
2019-08-02,21.149999618530277
2019-08-05,20.34000015258789
2019-08-06,20.459999084472656
2019-08-07,20.40999984741211
2019-08-08,22.920000076293945
2019-08-09,22.989999771118164
2019-08-12,21.670000076293945
2019-08-13,23.1200008392334
2019-08-14,23.049999237060547
2019-08-15,23.13999938964844
2019-08-16,23.51000022888184
2019-08-19,23.850000381469727
2019-08-20,23.76000022888184
2019-08-21,23.709999084472656
2019-08-22,23.530000686645508
2019-08-23,23.21999931335449
2019-08-26,23.31999969482422
2019-08-27,23.06999969482422
2019-08-28,22.950000762939453
2019-08-29,23.209999084472656
2019-08-30,23.25
2019-09-03,22.989999771118164
2019-09-04,23.309999465942383
2019-09-05,23.46999931335449
2019-09-06,24.520000457763672
2019-09-09,24.40999984741211
2019-09-10,24.43000030517578
2019-09-11,24.729999542236328
2019-09-12,24.540000915527344
2019-09-13,24.459999084472656
2019-09-16,24.26000022888184
2019-09-17,24.43000030517578
2019-09-18,24.020000457763672
2019-09-19,23.979999542236328
2019-09-20,23.8799991607666
2019-09-23,23.76000022888184
2019-09-24,23.3700008392334
2019-09-25,23.799999237060547
2019-09-26,23.739999771118164
2019-09-27,23.5
2019-09-30,23.6299991607666
2019-10-01,23.51000022888184
2019-10-02,23.290000915527344
2019-10-03,23.489999771118164
2019-10-04,23.479999542236328
2019-10-07,23.46999931335449
2019-10-08,23.229999542236328
2019-10-09,23.520000457763672
2019-10-10,23.489999771118164
2019-10-11,23.559999465942383
2019-10-14,23.420000076293945
2019-10-15,23.59000015258789
2019-10-16,23.5
2019-10-17,23.479999542236328
2019-10-18,23.01000022888184
2019-10-21,23.07999992370605
2019-10-22,23.149999618530277
2019-10-23,23.01000022888184
2019-10-24,23.030000686645508
2019-10-25,22.690000534057617
2019-10-28,22.850000381469727
2019-10-29,23.100000381469727
2019-10-30,22.989999771118164
2019-10-31,22.8799991607666
2019-11-01,23.40999984741211
2019-11-04,23.75
2019-11-05,23.75
2019-11-06,24.0
2019-11-07,24.34000015258789
2019-11-08,24.82999992370605
2019-11-11,24.350000381469727
2019-11-12,24.200000762939453
2019-11-13,24.56999969482422
2019-11-14,24.520000457763672
2019-11-15,24.82999992370605
2019-11-18,24.549999237060547
2019-11-19,24.700000762939453
2019-11-20,24.559999465942383
2019-11-21,24.56999969482422
2019-11-22,24.520000457763672
2019-11-25,24.90999984741211
2019-11-26,25.0
2019-11-27,24.920000076293945
2019-11-29,24.899999618530277
2019-12-02,24.989999771118164
2019-12-03,24.950000762939453
2019-12-04,25.3799991607666
2019-12-05,25.489999771118164
2019-12-06,25.459999084472656
2019-12-09,25.399999618530277
2019-12-10,26.280000686645508
2019-12-11,26.3799991607666
2019-12-12,26.18000030517578
2019-12-13,26.0
2019-12-16,25.96999931335449
2019-12-17,25.920000076293945
2019-12-18,25.979999542236328
2019-12-19,26.020000457763672
2019-12-20,25.51000022888184
2019-12-23,25.729999542236328
2019-12-24,25.68000030517578
2019-12-26,25.450000762939453
2019-12-27,25.600000381469727
2019-12-30,25.479999542236328
2019-12-31,25.520000457763672
2020-01-02,26.020000457763672
2020-01-03,25.82999992370605
2020-01-06,26.38999938964844
2020-01-07,26.75
2020-01-08,26.61000061035156
2020-01-09,26.690000534057617
2020-01-10,26.489999771118164
2020-01-13,26.600000381469727
2020-01-14,26.780000686645508
2020-01-15,27.5
2020-01-16,27.8799991607666
2020-01-17,28.1299991607666
2020-01-21,28.049999237060547
2020-01-22,28.209999084472656
2020-01-23,28.399999618530277
2020-01-24,28.06999969482422
2020-01-27,27.43000030517578
2020-01-28,27.68000030517578
2020-01-29,27.68000030517578
2020-01-30,28.299999237060547
2020-01-31,28.420000076293945
2020-02-03,17.149999618530273
2020-02-04,17.530000686645508
2020-02-05,17.639999389648438
2020-02-06,17.610000610351562
2020-02-07,19.729999542236328
2020-02-10,20.200000762939453
2020-02-11,20.61000061035156
2020-02-12,20.61000061035156
2020-02-13,20.76000022888184
2020-02-14,20.65999984741211
2020-02-18,20.530000686645508
2020-02-19,20.700000762939453
2020-02-20,20.790000915527344
2020-02-21,20.46999931335449
2020-02-24,19.920000076293945
2020-02-25,19.1299991607666
2020-02-26,19.299999237060547
2020-02-27,18.93000030517578
2020-02-28,19.030000686645508
2020-03-02,19.93000030517578
2020-03-03,19.290000915527344
2020-03-04,19.709999084472656
2020-03-05,19.350000381469727
2020-03-06,18.68000030517578
2020-03-09,17.190000534057617
2020-03-10,17.940000534057617
2020-03-11,17.850000381469727
2020-03-12,17.260000228881836
2020-03-13,17.450000762939453
2020-03-16,16.84000015258789
2020-03-17,16.639999389648438
2020-03-18,16.610000610351562
2020-03-19,16.81999969482422
2020-03-20,16.959999084472656
2020-03-23,16.579999923706055
2020-03-24,17.350000381469727
2020-03-25,17.889999389648438
2020-03-26,18.729999542236328
2020-03-27,18.93000030517578
2020-03-30,19.100000381469727
2020-03-31,18.709999084472656
2020-04-01,18.76000022888184
2020-04-02,18.46999931335449
2020-04-03,18.290000915527344
2020-04-06,18.96999931335449
2020-04-07,18.940000534057617
2020-04-08,19.57999992370605
2020-04-09,19.3700008392334
2020-04-13,18.86000061035156
2020-04-14,19.06999969482422
2020-04-15,19.700000762939453
2020-04-16,20.420000076293945
2020-04-17,20.1200008392334
2020-04-20,20.01000022888184
2020-04-21,19.3799991607666
2020-04-22,19.90999984741211
2020-04-23,20.209999084472656
2020-04-24,20.959999084472656
2020-04-27,21.280000686645508
2020-04-28,20.96999931335449
2020-04-29,21.280000686645508
2020-04-30,21.270000457763672
2020-05-01,20.86000061035156
2020-05-04,21.100000381469727
2020-05-05,21.530000686645508
2020-05-06,21.520000457763672
2020-05-07,21.18000030517578
2020-05-08,21.280000686645508
2020-05-11,21.5
2020-05-12,20.799999237060547
2020-05-13,20.43000030517578
2020-05-14,20.93000030517578
2020-05-15,20.020000457763672
2020-05-18,19.940000534057617
2020-05-19,20.229999542236328
2020-05-20,21.0
2020-05-21,20.229999542236328
2020-05-22,20.239999771118164
2020-05-26,19.8700008392334
2020-05-27,19.86000061035156
2020-05-28,20.940000534057617
2020-05-29,22.780000686645508
2020-06-01,21.709999084472656
2020-06-02,21.059999465942383
2020-06-03,20.709999084472656
2020-06-04,21.100000381469727
2020-06-05,21.049999237060547
2020-06-08,21.96999931335449
2020-06-09,21.13999938964844
2020-06-10,21.40999984741211
2020-06-11,19.979999542236328
2020-06-12,19.850000381469727
2020-06-15,20.26000022888184
2020-06-16,20.32999992370605
2020-06-17,20.21999931335449
2020-06-18,20.059999465942383
2020-06-19,20.809999465942383
2020-06-22,20.709999084472656
2020-06-23,20.479999542236328
2020-06-24,19.739999771118164
2020-06-25,19.530000686645508
2020-06-26,19.1200008392334
2020-06-29,19.43000030517578
2020-06-30,19.82999992370605
2020-07-01,19.770000457763672
2020-07-02,20.01000022888184
2020-07-06,19.93000030517578
2020-07-07,19.799999237060547
2020-07-08,20.11000061035156
2020-07-09,20.07999992370605
2020-07-10,20.299999237060547
2020-07-13,20.15999984741211
2020-07-14,20.170000076293945
2020-07-15,20.239999771118164
2020-07-16,20.170000076293945
2020-07-17,20.309999465942383
2020-07-20,20.43000030517578
2020-07-21,19.940000534057617
2020-07-22,20.700000762939453
2020-07-23,21.1200008392334
2020-07-24,20.38999938964844
2020-07-27,20.81999969482422
2020-07-28,20.56999969482422
2020-07-29,21.18000030517578
2020-07-30,21.1299991607666
2020-07-31,21.450000762939453
2020-08-03,21.959999084472656
2020-08-04,22.100000381469727
2020-08-05,21.899999618530277
2020-08-06,22.15999984741211
2020-08-07,23.36000061035156
2020-08-10,23.0
2020-08-11,22.3799991607666
2020-08-12,22.520000457763672
2020-08-13,22.96999931335449
2020-08-14,22.920000076293945
2020-08-17,22.799999237060547
2020-08-18,22.850000381469727
2020-08-19,22.690000534057617
2020-08-20,22.649999618530277
2020-08-21,22.59000015258789
2020-08-24,23.459999084472656
2020-08-25,23.489999771118164
2020-08-26,24.209999084472656
2020-08-27,24.170000076293945
2020-08-28,24.049999237060547
2020-08-31,23.520000457763672
2020-09-01,23.81999969482422
2020-09-02,24.11000061035156
2020-09-03,22.90999984741211
2020-09-04,23.38999938964844
2020-09-08,22.59000015258789
2020-09-09,23.049999237060547
2020-09-10,22.46999931335449
2020-09-11,21.1299991607666
2020-09-14,21.26000022888184
2020-09-15,21.229999542236328
2020-09-16,21.11000061035156
2020-09-17,20.8799991607666
2020-09-18,20.8700008392334
2020-09-21,20.59000015258789
2020-09-22,21.01000022888184
2020-09-23,20.32999992370605
2020-09-24,20.459999084472656
2020-09-25,20.899999618530277
2020-09-28,21.06999969482422
2020-09-29,20.86000061035156
2020-09-30,20.84000015258789
2020-10-01,20.709999084472656
2020-10-02,20.559999465942383
2020-10-05,21.520000457763672
2020-10-06,21.200000762939453
2020-10-07,20.959999084472656
2020-10-08,20.90999984741211
2020-10-09,20.989999771118164
2020-10-12,21.270000457763672
2020-10-13,21.299999237060547
2020-10-14,21.56999969482422
2020-10-15,21.100000381469727
2020-10-16,21.100000381469727
2020-10-19,20.700000762939453
2020-10-20,20.690000534057617
2020-10-21,20.809999465942383
2020-10-22,20.649999618530277
2020-10-23,20.84000015258789
2020-10-26,20.6200008392334
2020-10-27,20.799999237060547
2020-10-28,20.420000076293945
2020-10-29,20.61000061035156
2020-10-30,20.56999969482422
2020-11-02,20.940000534057617
2020-11-03,21.56999969482422
2020-11-04,21.979999542236328
2020-11-05,22.020000457763672
2020-11-06,20.38999938964844
2020-11-09,19.459999084472656
2020-11-10,19.350000381469727
2020-11-11,20.09000015258789
2020-11-12,19.549999237060547
2020-11-13,19.799999237060547
2020-11-16,19.13999938964844
2020-11-17,18.88999938964844
2020-11-18,18.84000015258789
2020-11-19,18.670000076293945
2020-11-20,18.270000457763672
2020-11-23,18.290000915527344
2020-11-24,18.21999931335449
2020-11-25,18.18000030517578
2020-11-27,18.11000061035156
2020-11-30,18.229999542236328
2020-12-01,18.229999542236328
2020-12-02,18.59000015258789
2020-12-03,19.100000381469727
2020-12-04,19.270000457763672
2020-12-07,19.709999084472656
2020-12-08,19.290000915527344
2020-12-09,19.489999771118164
2020-12-10,19.520000457763672
2020-12-11,19.59000015258789
2020-12-14,19.8700008392334
2020-12-15,19.959999084472656
2020-12-16,20.3799991607666
2020-12-17,20.559999465942383
2020-12-18,21.239999771118164
2020-12-21,20.979999542236328
2020-12-22,21.34000015258789
2020-12-23,20.959999084472656
2020-12-24,21.040000915527344
2020-12-28,21.020000457763672
2020-12-29,20.82999992370605
2020-12-30,20.75
2020-12-31,20.780000686645508
2021-01-04,20.770000457763672
2021-01-05,20.96999931335449
2021-01-06,20.920000076293945
2021-01-07,21.1200008392334
2021-01-08,21.040000915527344
2021-01-11,21.030000686645508
2021-01-12,21.34000015258789
2021-01-13,20.8700008392334
2021-01-14,20.34000015258789
2021-01-15,20.450000762939453
2021-01-19,20.780000686645508
2021-01-20,20.90999984741211
2021-01-21,20.6200008392334
2021-01-22,20.670000076293945
2021-01-25,20.65999984741211
2021-01-26,20.950000762939453
2021-01-27,20.809999465942383
2021-01-28,21.299999237060547
2021-01-29,21.06999969482422
2021-02-01,21.440000534057617
2021-02-02,21.86000061035156
2021-02-03,21.6299991607666
2021-02-04,21.440000534057617
2021-02-05,21.06999969482422
2021-02-08,20.559999465942383
2021-02-09,22.040000915527344
2021-02-10,21.649999618530277
2021-02-11,21.290000915527344
2021-02-12,21.46999931335449
2021-02-16,21.38999938964844
2021-02-17,21.149999618530277
2021-02-18,20.84000015258789
2021-02-19,20.459999084472656
2021-02-22,20.51000022888184
2021-02-23,19.82999992370605
2021-02-24,20.549999237060547
2021-02-25,20.229999542236328
2021-02-26,19.51000022888184
2021-03-01,19.65999984741211
2021-03-02,19.940000534057617
2021-03-03,19.989999771118164
2021-03-04,20.100000381469727
2021-03-05,20.190000534057617
2021-03-08,20.96999931335449
2021-03-09,21.530000686645508
2021-03-10,21.01000022888184
2021-03-11,21.399999618530277
2021-03-12,21.479999542236328
2021-03-15,21.56999969482422
2021-03-16,21.280000686645508
2021-03-17,21.399999618530277
2021-03-18,21.18000030517578
2021-03-19,21.1200008392334
2021-03-22,21.309999465942383
2021-03-23,21.3799991607666
2021-03-24,21.059999465942383
2021-03-25,21.049999237060547
2021-03-26,21.61000061035156
2021-03-29,21.71999931335449
2021-03-30,21.100000381469727
2021-03-31,21.26000022888184
2021-04-01,21.420000076293945
2021-04-05,22.100000381469727
2021-04-06,21.950000762939453
2021-04-07,21.75
2021-04-08,22.09000015258789
2021-04-09,21.93000030517578
2021-04-12,22.200000762939453
2021-04-13,21.540000915527344
2021-04-14,21.1299991607666
2021-04-15,21.459999084472656
2021-04-16,21.6200008392334
2021-04-19,21.799999237060547
2021-04-20,21.81999969482422
2021-04-21,22.01000022888184
2021-04-22,22.0
2021-04-23,22.25
2021-04-26,22.61000061035156
2021-04-27,22.479999542236328
2021-04-28,22.13999938964844
2021-04-29,22.0
2021-04-30,21.61000061035156
2021-05-03,21.6200008392334
2021-05-04,21.459999084472656
2021-05-05,21.239999771118164
2021-05-06,20.81999969482422
2021-05-07,21.100000381469727
2021-05-10,21.07999992370605
2021-05-11,23.350000381469727
2021-05-12,25.030000686645508
2021-05-13,25.3700008392334
2021-05-14,26.09000015258789
2021-05-17,26.11000061035156
2021-05-18,26.489999771118164
2021-05-19,26.3799991607666
2021-05-20,26.68000030517578
2021-05-21,26.71999931335449
2021-05-24,27.5
2021-05-25,27.229999542236328
2021-05-26,27.6299991607666
2021-05-27,27.649999618530277
2021-05-28,27.65999984741211
2021-06-01,27.88999938964844
2021-06-02,28.489999771118164
2021-06-03,28.059999465942383
2021-06-04,28.450000762939453
2021-06-07,28.43000030517578
2021-06-08,28.26000022888184
2021-06-09,28.600000381469727
2021-06-10,28.670000076293945
2021-06-11,28.59000015258789
2021-06-14,28.450000762939453
2021-06-15,28.0
2021-06-16,27.76000022888184
2021-06-17,27.520000457763672
2021-06-18,26.81999969482422
2021-06-21,27.3700008392334
2021-06-22,27.1200008392334
2021-06-23,27.229999542236328
2021-06-24,27.36000061035156
2021-06-25,26.979999542236328
2021-06-28,27.040000915527344
2021-06-29,27.38999938964844
2021-06-30,27.21999931335449
2021-07-01,27.190000534057617
2021-07-02,27.200000762939453
2021-07-06,27.729999542236328
2021-07-07,27.84000015258789
2021-07-08,27.209999084472656
2021-07-09,27.65999984741211
2021-07-12,27.299999237060547
2021-07-13,27.200000762939453
2021-07-14,26.90999984741211
2021-07-15,25.86000061035156
2021-07-16,26.01000022888184
2021-07-19,26.040000915527344
2021-07-20,25.809999465942383
2021-07-21,25.59000015258789
2021-07-22,25.709999084472656
2021-07-23,25.780000686645508
2021-07-26,25.68000030517578
2021-07-27,25.479999542236328
2021-07-28,25.270000457763672
2021-07-29,24.6200008392334
2021-07-30,24.81999969482422
2021-08-02,24.600000381469727
2021-08-03,24.5
2021-08-04,24.21999931335449
2021-08-05,23.989999771118164
2021-08-06,23.989999771118164
2021-08-09,23.88999938964844
2021-08-10,24.149999618530277
2021-08-11,26.25
2021-08-12,26.09000015258789
2021-08-13,26.290000915527344
2021-08-16,25.8799991607666
2021-08-17,25.959999084472656
2021-08-18,25.709999084472656
2021-08-19,25.82999992370605
2021-08-20,25.75
2021-08-23,25.96999931335449
2021-08-24,26.450000762939453
2021-08-25,26.700000762939453
2021-08-26,26.709999084472656
2021-08-27,26.780000686645508
2021-08-30,26.790000915527344
2021-08-31,26.559999465942383
2021-09-01,26.75
2021-09-02,27.149999618530277
2021-09-03,27.280000686645508
2021-09-07,27.1200008392334
2021-09-08,27.420000076293945
2021-09-09,27.3799991607666
2021-09-10,27.26000022888184
2021-09-13,26.61000061035156
2021-09-14,26.18000030517578
2021-09-15,26.25
2021-09-16,25.920000076293945
2021-09-17,25.690000534057617
2021-09-20,25.229999542236328
2021-09-21,24.979999542236328
2021-09-22,24.940000534057617
2021-09-23,25.75
2021-09-24,25.81999969482422
2021-09-27,25.809999465942383
2021-09-28,25.63999938964844
2021-09-29,25.549999237060547
2021-09-30,25.299999237060547
2021-10-01,25.559999465942383
2021-10-04,25.040000915527344
2021-10-05,25.25
2021-10-06,25.25
2021-10-07,25.729999542236328
2021-10-08,25.670000076293945
2021-10-11,25.59000015258789
2021-10-12,25.3799991607666
2021-10-13,25.07999992370605
2021-10-14,25.290000915527344
2021-10-15,25.299999237060547
2021-10-18,25.71999931335449
2021-10-19,25.81999969482422
2021-10-20,26.1299991607666
2021-10-21,26.290000915527344
2021-10-22,26.670000076293945
2021-10-25,26.670000076293945
2021-10-26,26.350000381469727
2021-10-27,25.809999465942383
2021-10-28,25.979999542236328
2021-10-29,25.450000762939453
2021-11-01,25.350000381469727
2021-11-02,25.229999542236328
2021-11-03,25.3700008392334
2021-11-04,24.950000762939453
2021-11-05,24.770000457763672
2021-11-08,25.8799991607666
2021-11-09,25.11000061035156
2021-11-10,24.979999542236328
2021-11-11,25.030000686645508
2021-11-12,25.530000686645508
2021-11-15,25.149999618530277
2021-11-16,25.21999931335449
2021-11-17,24.950000762939453
2021-11-18,24.780000686645508
2021-11-19,25.0
2021-11-22,24.739999771118164
2021-11-23,24.75
2021-11-24,25.200000762939453
2021-11-26,24.989999771118164
2021-11-29,25.309999465942383
2021-11-30,24.850000381469727
2021-12-01,23.81999969482422
2021-12-02,24.09000015258789
2021-12-03,24.1299991607666
2021-12-06,24.34000015258789
2021-12-07,24.739999771118164
2021-12-08,24.40999984741211
2021-12-09,23.899999618530277
2021-12-10,24.31999969482422
2021-12-13,24.56999969482422
2021-12-14,24.270000457763672
2021-12-15,24.81999969482422
2021-12-16,25.520000457763672
2021-12-17,25.71999931335449
2021-12-20,25.780000686645508
2021-12-21,25.59000015258789
2021-12-22,25.600000381469727
2021-12-23,25.8700008392334
2021-12-27,26.1299991607666
2021-12-28,26.18000030517578
2021-12-29,26.290000915527344
2021-12-30,26.200000762939453
2021-12-31,25.979999542236328
2022-01-03,26.32999992370605
2022-01-04,26.549999237060547
2022-01-05,26.200000762939453
2022-01-06,27.059999465942383
2022-01-07,26.61000061035156
2022-01-10,26.850000381469727
2022-01-11,26.88999938964844
2022-01-12,26.57999992370605
2022-01-13,26.600000381469727
2022-01-14,26.8799991607666
2022-01-18,26.76000022888184
2022-01-19,26.36000061035156
2022-01-20,26.280000686645508
2022-01-21,26.059999465942383
2022-01-24,26.1299991607666
2022-01-25,25.5
2022-01-26,25.34000015258789
2022-01-27,25.309999465942383
2022-01-28,25.63999938964844
2022-01-31,26.01000022888184
2022-02-01,26.0
2022-02-02,26.06999969482422
2022-02-03,25.3799991607666
2022-02-04,27.59000015258789
2022-02-07,28.299999237060547
2022-02-08,30.06999969482422
2022-02-09,30.76000022888184
2022-02-10,30.36000061035156
2022-02-11,29.86000061035156
2022-02-14,29.479999542236328
2022-02-15,29.149999618530277
2022-02-16,28.84000015258789
2022-02-17,28.190000534057617
2022-02-18,27.96999931335449
2022-02-22,27.18000030517578
2022-02-23,26.540000915527344
2022-02-24,27.26000022888184
2022-02-25,28.450000762939453
2022-02-28,28.979999542236328
2022-03-01,28.86000061035156
2022-03-02,29.61000061035156
2022-03-03,29.76000022888184
2022-03-04,29.190000534057617
2022-03-07,28.350000381469727
2022-03-08,27.3799991607666
2022-03-09,27.729999542236328
2022-03-10,27.920000076293945
2022-03-11,27.6200008392334
2022-03-14,29.06999969482422
2022-03-15,30.11000061035156
2022-03-16,26.11000061035156
2022-03-17,25.93000030517578
2022-03-18,27.450000762939453
2022-03-21,27.200000762939453
2022-03-22,27.38999938964844
2022-03-23,27.440000534057617
2022-03-24,28.059999465942383
2022-03-25,28.290000915527344
2022-03-28,28.18000030517578
2022-03-29,27.07999992370605
2022-03-30,27.190000534057617
2022-03-31,26.520000457763672
2022-04-01,26.940000534057617
2022-04-04,26.96999931335449
2022-04-05,27.040000915527344
2022-04-06,26.770000457763672
2022-04-07,27.15999984741211
2022-04-08,26.790000915527344
2022-04-11,26.61000061035156
2022-04-12,26.43000030517578
2022-04-13,26.8700008392334
2022-04-14,26.63999938964844
2022-04-18,26.549999237060547
2022-04-19,26.8700008392334
2022-04-20,26.96999931335449
2022-04-21,26.25
2022-04-22,25.520000457763672
2022-04-25,25.8700008392334
2022-04-26,25.450000762939453
2022-04-27,25.530000686645508
2022-04-28,25.739999771118164
2022-04-29,25.040000915527344
2022-05-02,25.38999938964844
2022-05-03,25.030000686645508
2022-05-04,25.040000915527344
2022-05-05,24.11000061035156
2022-05-06,24.700000762939453
2022-05-09,24.56999969482422
2022-05-10,24.51000022888184
2022-05-11,24.350000381469727
2022-05-12,23.670000076293945
2022-05-13,23.950000762939453
2022-05-16,23.93000030517578
2022-05-17,24.280000686645508
2022-05-18,23.799999237060547
2022-05-19,23.76000022888184
2022-05-20,24.309999465942383
2022-05-23,24.649999618530277
2022-05-24,24.6200008392334
2022-05-25,24.56999969482422
2022-05-26,24.899999618530277
2022-05-27,25.07999992370605
2022-05-31,24.34000015258789
2022-06-01,24.36000061035156
2022-06-02,24.65999984741211
2022-06-03,24.68000030517578
2022-06-06,24.649999618530277
2022-06-07,24.790000915527344
2022-06-08,24.549999237060547
2022-06-09,24.270000457763672
2022-06-10,22.950000762939453
2022-06-13,22.229999542236328
2022-06-14,21.989999771118164
2022-06-15,22.0
2022-06-16,21.809999465942383
2022-06-17,21.82999992370605
2022-06-21,22.07999992370605
2022-06-22,22.149999618530277
2022-06-23,22.07999992370605
2022-06-24,22.459999084472656
2022-06-27,22.690000534057617
2022-06-28,22.270000457763672
2022-06-29,22.299999237060547
2022-06-30,21.959999084472656
2022-07-01,22.280000686645508
2022-07-05,22.1299991607666
2022-07-06,22.540000915527344
2022-07-07,22.959999084472656
2022-07-08,23.06999969482422
2022-07-11,22.8799991607666
2022-07-12,23.059999465942383
2022-07-13,22.940000534057617
2022-07-14,23.3700008392334
2022-07-15,23.520000457763672
2022-07-18,23.780000686645508
2022-07-19,24.690000534057617
2022-07-20,24.729999542236328
2022-07-21,25.01000022888184
2022-07-22,25.43000030517578
2022-07-25,24.770000457763672
2022-07-26,24.299999237060547
2022-07-27,24.690000534057617
2022-07-28,24.56999969482422
2022-07-29,24.530000686645508
2022-08-01,24.770000457763672
2022-08-02,24.780000686645508
2022-08-03,26.739999771118164
2022-08-04,26.600000381469727
2022-08-05,24.209999084472656
2022-08-08,24.170000076293945
2022-08-09,24.43000030517578
2022-08-10,24.34000015258789
2022-08-11,24.049999237060547
2022-08-12,24.190000534057617
2022-08-15,24.040000915527344
2022-08-16,24.209999084472656
2022-08-17,23.799999237060547
2022-08-18,23.770000457763672
2022-08-19,23.540000915527344
2022-08-22,23.239999771118164
2022-08-23,23.21999931335449
2022-08-24,23.1200008392334
2022-08-25,23.3799991607666
2022-08-26,22.700000762939453
2022-08-29,22.799999237060547
2022-08-30,22.670000076293945
2022-08-31,22.59000015258789
2022-09-01,22.57999992370605
2022-09-02,22.84000015258789
2022-09-06,22.11000061035156
2022-09-07,22.86000061035156
2022-09-08,23.38999938964844
2022-09-09,22.729999542236328
2022-09-12,22.75
2022-09-13,21.71999931335449
2022-09-14,21.530000686645508
2022-09-15,21.57999992370605
2022-09-16,21.26000022888184
2022-09-19,21.31999969482422
2022-09-20,20.90999984741211
2022-09-21,21.190000534057617
2022-09-22,21.270000457763672
2022-09-23,20.670000076293945
2022-09-26,20.51000022888184
2022-09-27,20.520000457763672
2022-09-28,20.950000762939453
2022-09-29,20.3700008392334
2022-09-30,20.13999938964844
2022-10-03,20.520000457763672
2022-10-04,20.90999984741211
2022-10-05,21.07999992370605
2022-10-06,21.030000686645508
2022-10-07,20.68000030517578
2022-10-10,20.780000686645508
2022-10-11,20.920000076293945
2022-10-12,20.84000015258789
2022-10-13,21.209999084472656
2022-10-14,20.780000686645508
2022-10-17,21.200000762939453
2022-10-18,21.46999931335449
2022-10-19,21.51000022888184
2022-10-20,21.600000381469727
2022-10-21,21.799999237060547
2022-10-24,22.0
2022-10-25,22.25
2022-10-26,22.18000030517578
2022-10-27,21.82999992370605
2022-10-28,22.559999465942383
2022-10-31,22.530000686645508
2022-11-01,22.959999084472656
2022-11-02,22.26000022888184
2022-11-03,21.690000534057617
2022-11-04,22.15999984741211
2022-11-07,21.65999984741211
2022-11-08,21.6200008392334
2022-11-09,22.920000076293945
2022-11-10,22.6299991607666
2022-11-11,22.940000534057617
2022-11-14,22.700000762939453
2022-11-15,22.239999771118164
2022-11-16,22.61000061035156
2022-11-17,22.450000762939453
2022-11-18,22.6200008392334
2022-11-21,23.049999237060547
2022-11-22,23.11000061035156
2022-11-23,23.030000686645508
2022-11-25,23.11000061035156
2022-11-28,23.030000686645508
2022-11-29,22.6200008392334
2022-11-30,22.959999084472656
2022-12-01,23.76000022888184
2022-12-02,23.799999237060547
2022-12-05,23.600000381469727
2022-12-06,23.1299991607666
2022-12-07,22.649999618530277
2022-12-08,22.790000915527344
2022-12-09,22.670000076293945
2022-12-12,23.1299991607666
2022-12-13,23.01000022888184
2022-12-14,22.989999771118164
2022-12-15,21.93000030517578
2022-12-16,21.61000061035156
2022-12-19,21.57999992370605
2022-12-20,21.489999771118164
2022-12-21,21.51000022888184
2022-12-22,21.309999465942383
2022-12-23,21.299999237060547
2022-12-27,21.43000030517578
2022-12-28,20.8799991607666
2022-12-29,21.25
2022-12-30,21.43000030517578
2023-01-03,21.6200008392334
2023-01-04,21.8700008392334
2023-01-05,21.100000381469727
2023-01-06,21.5
2023-01-09,21.489999771118164
2023-01-10,21.600000381469727
2023-01-11,21.989999771118164
2023-01-12,21.959999084472656
2023-01-13,22.3700008392334
2023-01-17,22.59000015258789
2023-01-18,22.32999992370605
2023-01-19,21.940000534057617
2023-01-20,22.43000030517578
2023-01-23,22.809999465942383
2023-01-24,22.65999984741211
2023-01-25,22.600000381469727
2023-01-26,22.709999084472656
2023-01-27,22.84000015258789
2023-01-30,22.690000534057617
2023-01-31,23.01000022888184
2023-02-01,23.36000061035156
2023-02-02,23.56999969482422
2023-02-03,21.299999237060547
2023-02-06,21.309999465942383
2023-02-07,21.84000015258789
2023-02-08,21.489999771118164
2023-02-09,21.299999237060547
2023-02-10,21.40999984741211
2023-02-13,21.450000762939453
2023-02-14,21.200000762939453
2023-02-15,21.530000686645508
2023-02-16,21.350000381469727
2023-02-17,21.040000915527344
2023-02-21,20.739999771118164
2023-02-22,20.57999992370605
2023-02-23,20.59000015258789
2023-02-24,20.170000076293945
2023-02-27,19.989999771118164
2023-02-28,19.51000022888184
2023-03-01,19.190000534057617
2023-03-02,19.299999237060547
2023-03-03,19.26000022888184
2023-03-06,19.270000457763672
2023-03-07,18.690000534057617
2023-03-08,18.350000381469727
2023-03-09,17.739999771118164
2023-03-10,16.610000610351562
2023-03-13,16.420000076293945
2023-03-14,15.899999618530272
2023-03-15,15.960000038146973
2023-03-16,16.170000076293945
2023-03-17,16.31999969482422
2023-03-20,16.639999389648438
2023-03-21,17.059999465942383
2023-03-22,16.440000534057617
2023-03-23,16.350000381469727
2023-03-24,16.399999618530273
2023-03-27,16.790000915527344
2023-03-28,16.700000762939453
2023-03-29,16.639999389648438
2023-03-30,16.780000686645508
2023-03-31,17.15999984741211
2023-04-03,17.15999984741211
2023-04-04,17.059999465942383
2023-04-05,17.209999084472656
2023-04-06,17.270000457763672
2023-04-10,17.309999465942383
2023-04-11,17.770000457763672
2023-04-12,17.610000610351562
2023-04-13,17.709999084472656
2023-04-14,17.56999969482422
2023-04-17,17.959999084472656
2023-04-18,17.8700008392334
2023-04-19,17.8700008392334
2023-04-20,17.6299991607666
2023-04-21,17.649999618530273
2023-04-24,17.540000915527344
2023-04-25,17.360000610351562
2023-04-26,17.209999084472656
2023-04-27,17.75
2023-04-28,17.670000076293945
2023-05-01,17.65999984741211
2023-05-02,16.93000030517578
2023-05-03,16.75
2023-05-04,16.450000762939453
2023-05-05,17.149999618530273
2023-05-08,17.049999237060547
2023-05-09,17.0
2023-05-10,17.239999771118164
2023-05-11,17.15999984741211
2023-05-12,16.219999313354492
2023-05-15,16.40999984741211
2023-05-16,15.460000038146973
2023-05-17,16.040000915527344
2023-05-18,16.1200008392334
2023-05-19,16.200000762939453
2023-05-22,17.059999465942383
2023-05-23,16.959999084472656
2023-05-24,16.84000015258789
2023-05-25,16.84000015258789
2023-05-26,17.110000610351562
2023-05-30,17.219999313354492
2023-05-31,17.540000915527344
2023-06-01,17.549999237060547
2023-06-02,17.989999771118164
2023-06-05,17.969999313354492
2023-06-06,18.1299991607666
2023-06-07,17.770000457763672
2023-06-08,17.780000686645508
2023-06-09,17.81999969482422
2023-06-12,18.309999465942383
2023-06-13,18.43000030517578
2023-06-14,18.350000381469727
2023-06-15,18.850000381469727
2023-06-16,18.6299991607666
2023-06-20,18.57999992370605
2023-06-21,18.229999542236328
2023-06-22,18.09000015258789
2023-06-23,17.709999084472656
2023-06-26,18.059999465942383
2023-06-27,18.459999084472656
2023-06-28,18.270000457763672
2023-06-29,18.43000030517578
2023-06-30,18.549999237060547
2023-07-03,18.450000762939453
2023-07-05,18.040000915527344
2023-07-06,17.920000076293945
2023-07-07,18.07999992370605
2023-07-10,18.3700008392334
2023-07-11,18.75
2023-07-12,18.82999992370605
2023-07-13,19.209999084472656
2023-07-14,19.01000022888184
2023-07-17,18.8700008392334
2023-07-18,19.21999931335449
2023-07-19,19.31999969482422
2023-07-20,19.09000015258789
2023-07-21,19.26000022888184
2023-07-24,19.309999465942383
2023-07-25,19.600000381469727
2023-07-26,19.739999771118164
2023-07-27,19.5
2023-07-28,19.479999542236328
2023-07-31,19.450000762939453
2023-08-01,19.309999465942383
2023-08-02,18.75
2023-08-03,18.6200008392334
2023-08-04,20.100000381469727
2023-08-07,21.1200008392334
2023-08-08,20.280000686645508
2023-08-09,20.850000381469727
2023-08-10,20.75
2023-08-11,20.86000061035156
2023-08-14,21.059999465942383
2023-08-15,20.790000915527344
2023-08-16,20.46999931335449
2023-08-17,20.15999984741211
2023-08-18,20.3700008392334
2023-08-21,20.790000915527344
2023-08-22,20.530000686645508
2023-08-23,20.700000762939453
2023-08-24,20.15999984741211
2023-08-25,20.200000762939453
2023-08-28,20.40999984741211
2023-08-29,20.540000915527344
2023-08-30,20.26000022888184
2023-08-31,20.25
2023-09-01,20.46999931335449
2023-09-05,20.61000061035156
2023-09-06,20.239999771118164
2023-09-07,20.0
2023-09-08,19.989999771118164
2023-09-11,19.309999465942383
2023-09-12,19.489999771118164
2023-09-13,19.020000457763672
2023-09-14,19.21999931335449
2023-09-15,19.040000915527344
2023-09-18,19.01000022888184
2023-09-19,19.0
2023-09-20,19.149999618530277
2023-09-21,18.979999542236328
2023-09-22,18.86000061035156
2023-09-25,18.700000762939453
2023-09-26,18.11000061035156
2023-09-27,17.899999618530273
2023-09-28,17.799999237060547
2023-09-29,17.68000030517578
2023-10-02,17.530000686645508
2023-10-03,17.360000610351562
2023-10-04,17.139999389648438
2023-10-05,16.989999771118164
2023-10-06,17.350000381469727
2023-10-09,17.31999969482422
2023-10-10,17.690000534057617
2023-10-11,17.729999542236328
2023-10-12,17.299999237060547
2023-10-13,17.1200008392334
2023-10-16,17.5
2023-10-17,17.700000762939453
2023-10-18,17.600000381469727
2023-10-19,17.389999389648438
2023-10-20,17.15999984741211
2023-10-23,16.8799991607666
2023-10-24,17.06999969482422
2023-10-25,16.5
2023-10-26,16.65999984741211
2023-10-27,16.510000228881836
2023-10-30,16.649999618530273
2023-10-31,16.65999984741211
2023-11-01,16.6299991607666
2023-11-02,17.170000076293945
2023-11-03,17.6299991607666
2023-11-06,17.450000762939453
2023-11-07,18.93000030517578
2023-11-08,19.31999969482422
2023-11-09,19.0
2023-11-10,19.280000686645508
2023-11-13,18.899999618530277
2023-11-14,19.63999938964844
2023-11-15,19.76000022888184
2023-11-16,20.399999618530277
2023-11-17,20.65999984741211
2023-11-20,20.790000915527344
2023-11-21,21.06999969482422
2023-11-22,21.190000534057617
2023-11-24,21.270000457763672
2023-11-27,21.32999992370605
2023-11-28,21.32999992370605
2023-11-29,21.770000457763672
2023-11-30,22.07999992370605
2023-12-01,22.34000015258789
2023-12-04,22.479999542236328
2023-12-05,22.25
2023-12-06,22.1299991607666
2023-12-07,22.270000457763672
2023-12-08,22.149999618530277
2023-12-11,22.21999931335449
2023-12-12,22.36000061035156
2023-12-13,22.520000457763672
2023-12-14,22.950000762939453
2023-12-15,23.18000030517578
2023-12-18,23.18000030517578
2023-12-19,23.290000915527344
2023-12-20,22.790000915527344
2023-12-21,23.18000030517578
2023-12-22,23.13999938964844
2023-12-26,23.21999931335449
2023-12-27,23.0
2023-12-28,22.979999542236328
2023-12-29,22.81999969482422
2024-01-02,22.790000915527344
2024-01-03,22.459999084472656
2024-01-04,22.32999992370605
2024-01-05,22.399999618530277
2024-01-08,22.790000915527344
2024-01-09,22.559999465942383
2024-01-10,22.81999969482422
2024-01-11,23.030000686645508
2024-01-12,23.09000015258789
2024-01-16,23.149999618530277
2024-01-17,22.81999969482422
2024-01-18,22.96999931335449
2024-01-19,23.479999542236328
2024-01-22,23.559999465942383
2024-01-23,23.56999969482422
2024-01-24,23.5
2024-01-25,23.84000015258789
2024-01-26,23.770000457763672
2024-01-29,24.18000030517578
2024-01-30,23.96999931335449
2024-01-31,23.479999542236328
2024-02-01,23.920000076293945
2024-02-02,21.229999542236328
2024-02-05,21.09000015258789
2024-02-06,20.59000015258789
2024-02-07,20.90999984741211
2024-02-08,20.8700008392334
2024-02-09,21.350000381469727
2024-02-12,21.899999618530277
2024-02-13,21.36000061035156
2024-02-14,21.31999969482422
2024-02-15,21.38999938964844
2024-02-16,21.36000061035156
2024-02-20,21.700000762939453
2024-02-21,21.549999237060547
2024-02-22,21.75
2024-02-23,22.13999938964844
2024-02-26,21.5
2024-02-27,21.420000076293945
2024-02-28,21.399999618530277
2024-02-29,21.489999771118164
2024-03-01,21.82999992370605
2024-03-04,21.700000762939453
2024-03-05,21.18000030517578
2024-03-06,21.46999931335449
2024-03-07,21.88999938964844
2024-03-08,22.06999969482422
2024-03-11,21.8799991607666
2024-03-12,22.15999984741211
2024-03-13,22.11000061035156
2024-03-14,21.57999992370605
2024-03-15,21.26000022888184
2024-03-18,21.209999084472656
2024-03-19,21.40999984741211
2024-03-20,21.59000015258789
2024-03-21,22.13999938964844
2024-03-22,22.100000381469727
2024-03-25,21.75
2024-03-26,21.899999618530277
2024-03-27,22.100000381469727
2024-03-28,22.399999618530277
2024-04-01,22.309999465942383
2024-04-02,22.059999465942383
2024-04-03,22.059999465942383
2024-04-04,22.030000686645508
2024-04-05,22.149999618530277
2024-04-08,22.270000457763672
2024-04-09,22.65999984741211
2024-04-10,22.34000015258789
2024-04-11,20.989999771118164
2024-04-12,20.93000030517578
2024-04-15,20.600000381469727
2024-04-16,20.440000534057617
2024-04-17,20.3700008392334
2024-04-18,20.3799991607666
2024-04-19,20.5
2024-04-22,20.489999771118164
2024-04-23,20.68000030517578
2024-04-24,20.82999992370605
2024-04-25,20.549999237060547
2024-04-26,20.6299991607666
2024-04-29,20.76000022888184
2024-04-30,20.13999938964844
2024-05-01,19.950000762939453
2024-05-02,19.68000030517578
2024-05-03,20.030000686645508
2024-05-06,19.700000762939453
2024-05-07,19.959999084472656
2024-05-08,20.020000457763672
2024-05-09,20.34000015258789
2024-05-10,23.459999084472656
2024-05-13,24.0
2024-05-14,24.540000915527344
2024-05-15,25.049999237060547
2024-05-16,25.40999984741211
2024-05-17,25.030000686645508
2024-05-20,24.46999931335449
2024-05-21,25.049999237060547
2024-05-22,25.0
2024-05-23,24.670000076293945
2024-05-24,24.88999938964844
2024-05-28,24.809999465942383
2024-05-29,24.5
2024-05-30,24.57999992370605
2024-05-31,24.82999992370605
2024-06-03,24.809999465942383
2024-06-04,24.81999969482422
2024-06-05,25.459999084472656
2024-06-06,25.440000534057617
2024-06-07,24.71999931335449
2024-06-10,24.479999542236328
2024-06-11,24.36000061035156
2024-06-12,24.88999938964844
2024-06-13,24.489999771118164
2024-06-14,24.38999938964844
2024-06-17,23.690000534057617
2024-06-18,23.559999465942383
2024-06-20,23.76000022888184
2024-06-21,24.21999931335449
2024-06-24,24.07999992370605
2024-06-25,24.170000076293945
2024-06-26,24.190000534057617
2024-06-27,24.6200008392334
2024-06-28,24.979999542236328
2024-07-01,24.88999938964844
2024-07-02,24.959999084472656
2024-07-03,24.68000030517578
2024-07-05,24.63999938964844
2024-07-08,24.549999237060547
2024-07-09,24.1299991607666
2024-07-10,24.600000381469727
2024-07-11,25.0
2024-07-12,25.51000022888184
2024-07-15,25.36000061035156
2024-07-16,25.57999992370605
2024-07-17,25.780000686645508
2024-07-18,25.57999992370605
2024-07-19,25.479999542236328
2024-07-22,25.530000686645508
2024-07-23,25.290000915527344
2024-07-24,25.200000762939453
2024-07-25,25.209999084472656
2024-07-26,26.09000015258789
2024-07-29,26.059999465942383
2024-07-30,25.770000457763672
2024-07-31,25.989999771118164
2024-08-01,25.239999771118164
2024-08-02,25.15999984741211
2024-08-05,24.6299991607666
2024-08-06,24.420000076293945
2024-08-07,24.26000022888184
2024-08-08,24.739999771118164
2024-08-09,24.899999618530277
2024-08-12,24.6200008392334
2024-08-13,24.8799991607666
2024-08-14,24.940000534057617
2024-08-15,24.8799991607666
2024-08-16,25.270000457763672
2024-08-19,25.479999542236328
2024-08-20,25.309999465942383
2024-08-21,25.75
2024-08-22,25.290000915527344
2024-08-23,25.71999931335449
2024-08-26,26.13999938964844
2024-08-27,26.350000381469727
2024-08-28,26.21999931335449
2024-08-29,26.420000076293945
2024-08-30,26.459999084472656
2024-09-03,26.07999992370605
2024-09-04,26.149999618530277
2024-09-05,25.940000534057617
2024-09-06,25.3799991607666
2024-09-09,25.71999931335449
2024-09-10,25.899999618530277
2024-09-11,26.020000457763672
2024-09-12,26.25
2024-09-13,26.489999771118164
2024-09-16,26.6200008392334
2024-09-17,26.459999084472656
2024-09-18,26.57999992370605
2024-09-19,26.8700008392334
2024-09-20,26.479999542236328
2024-09-23,26.809999465942383
2024-09-24,27.200000762939453
2024-09-25,26.739999771118164
2024-09-26,27.170000076293945
2024-09-27,27.46999931335449
2024-09-30,27.43000030517578
2024-10-01,27.190000534057617
2024-10-02,27.0
2024-10-03,26.96999931335449
2024-10-04,27.489999771118164
2024-10-07,27.290000915527344
2024-10-08,27.40999984741211
2024-10-09,27.59000015258789
2024-10-10,27.700000762939453
2024-10-11,27.75
2024-10-14,28.01000022888184
2024-10-15,28.11000061035156
2024-10-16,28.170000076293945
2024-10-17,28.059999465942383
2024-10-18,27.200000762939453
2024-10-21,26.799999237060547
2024-10-22,27.11000061035156
2024-10-23,26.799999237060547
2024-10-24,27.020000457763672
2024-10-25,26.96999931335449
2024-10-28,27.030000686645508
2024-10-29,27.11000061035156
2024-10-30,26.90999984741211
2024-10-31,29.11000061035156
2024-11-01,28.270000457763672
2024-11-04,28.239999771118164
2024-11-05,28.530000686645508
2024-11-06,29.1200008392334
2024-11-07,29.549999237060547
2024-11-08,29.530000686645508
2024-11-11,30.3700008392334
2024-11-12,30.530000686645508
2024-11-13,30.51000022888184
2024-11-14,30.040000915527344
2024-11-15,29.57999992370605
2024-11-18,29.280000686645508
2024-11-19,29.239999771118164
2024-11-20,29.440000534057617
2024-11-21,29.809999465942383
2024-11-22,30.190000534057617
2024-11-25,30.6200008392334
2024-11-26,30.899999618530277
2024-11-27,30.84000015258789
2024-11-29,30.850000381469727
2024-12-02,30.93000030517578
2024-12-03,30.84000015258789
2024-12-04,31.700000762939453
2024-12-05,31.25
2024-12-06,31.149999618530277
2024-12-09,30.479999542236328
2024-12-10,29.81999969482422
2024-12-11,29.920000076293945
2024-12-12,30.020000457763672
2024-12-13,29.86000061035156
2024-12-16,29.729999542236328
2024-12-17,29.3799991607666
2024-12-18,27.729999542236328
2024-12-19,27.450000762939453
2024-12-20,27.82999992370605
2024-12-23,27.690000534057617
2024-12-24,27.850000381469727
2024-12-26,27.86000061035156
2024-12-27,27.649999618530277
2024-12-30,27.3799991607666
2024-12-31,27.3799991607666
2025-01-02,27.479999542236328
2025-01-03,27.5
2025-01-06,27.43000030517578
2025-01-07,26.979999542236328
2025-01-08,27.11000061035156
2025-01-10,26.899999618530277
2025-01-13,26.850000381469727
2025-01-14,27.13999938964844
2025-01-15,27.56999969482422
2025-01-16,27.31999969482422
2025-01-17,27.520000457763672
2025-01-21,27.31999969482422
2025-01-22,27.479999542236328
2025-01-23,27.489999771118164
2025-01-24,27.440000534057617
2025-01-27,27.489999771118164
2025-01-28,27.799999237060547
2025-01-29,27.6299991607666
2025-01-30,27.88999938964844
2025-01-31,26.90999984741211
2025-02-03,27.0
2025-02-04,27.040000915527344
2025-02-05,27.51000022888184
2025-02-06,27.71999931335449
2025-02-07,27.6299991607666
2025-02-10,28.1200008392334
2025-02-11,27.850000381469727
2025-02-12,27.43000030517578
2025-02-13,28.020000457763672
2025-02-14,27.71999931335449
2025-02-18,27.6200008392334
2025-02-19,27.5
2025-02-20,27.31999969482422
2025-02-21,27.049999237060547
2025-02-24,27.350000381469727
2025-02-25,27.549999237060547
2025-02-26,27.489999771118164
2025-02-27,27.280000686645508
2025-02-28,27.32999992370605
2025-03-03,27.63999938964844
2025-03-04,27.26000022888184
2025-03-05,27.549999237060547
2025-03-06,27.32999992370605
2025-03-07,28.209999084472656
2025-03-10,27.690000534057617
2025-03-11,27.049999237060547
2025-03-12,26.700000762939453
2025-03-13,26.32999992370605
2025-03-14,27.030000686645508
2025-03-17,27.850000381469727
2025-03-18,27.799999237060547
2025-03-19,27.899999618530277
2025-03-20,27.559999465942383
2025-03-21,27.18000030517578
2025-03-24,27.6200008392334
2025-03-25,27.65999984741211
2025-03-26,27.530000686645508
2025-03-27,27.350000381469727
2025-03-28,26.43000030517578
2025-03-31,26.540000915527344
2025-04-01,26.739999771118164
2025-04-02,27.01000022888184
2025-04-03,26.0
2025-04-04,23.780000686645508
2025-04-07,23.709999084472656
2025-04-08,23.5
2025-04-09,25.40999984741211
2025-04-10,24.26000022888184
2025-04-11,24.40999984741211
2025-04-14,24.649999618530277
2025-04-15,24.780000686645508
2025-04-16,24.299999237060547
2025-04-17,24.450000762939453
2025-04-21,23.559999465942383
2025-04-22,24.239999771118164
2025-04-23,24.57999992370605
2025-04-24,25.059999465942383
2025-04-25,25.26000022888184
2025-04-28,25.520000457763672
2025-04-29,25.670000076293945
2025-04-30,25.8700008392334
2025-05-01,25.600000381469727
2025-05-02,25.93000030517578
2025-05-05,25.770000457763672
2025-05-06,25.71999931335449
2025-05-07,27.84000015258789
2025-05-08,28.399999618530277
2025-05-09,28.90999984741211
2025-05-12,29.059999465942383
2025-05-13,29.100000381469727
2025-05-14,28.600000381469727
2025-05-15,28.96999931335449
2025-05-16,28.809999465942383
2025-05-19,28.489999771118164
2025-05-20,28.40999984741211
2025-05-21,27.600000381469727
2025-05-22,27.76000022888184
2025-05-23,27.59000015258789
2025-05-27,28.170000076293945
2025-05-28,28.059999465942383
2025-05-29,28.0
2025-05-30,28.479999542236328
2025-06-02,28.36000061035156
2025-06-03,28.84000015258789
2025-06-04,29.09000015258789
2025-06-05,29.1299991607666
2025-06-06,29.32999992370605
2025-06-09,29.32999992370605
2025-06-10,29.530000686645508
2025-06-11,29.440000534057617
2025-06-12,30.270000457763672
2025-06-13,29.780000686645508
2025-06-16,30.020000457763672
2025-06-17,29.770000457763672
2025-06-18,29.36000061035156
2025-06-20,29.030000686645508
2025-06-23,28.809999465942383
2025-06-24,29.3700008392334
2025-06-25,29.07999992370605
2025-06-26,29.450000762939453
2025-06-27,29.280000686645508
2025-06-30,29.399999618530277
2025-07-01,29.799999237060547
2025-07-02,29.809999465942383
2025-07-03,30.489999771118164
2025-07-07,30.100000381469727
2025-07-08,29.940000534057617
2025-07-09,30.15999984741211
2025-07-10,29.68000030517578
2025-07-11,28.690000534057617
2025-07-14,29.799999237060547
2025-07-15,29.90999984741211
2025-07-16,30.020000457763672
2025-07-17,30.13999938964844
2025-07-18,30.270000457763672
2025-07-21,30.290000915527344
2025-07-22,30.520000457763672
2025-07-23,30.68000030517578
2025-07-24,30.520000457763672
2025-07-25,30.61000061035156
2025-07-28,30.520000457763672
2025-07-29,30.270000457763672
2025-07-30,29.84000015258789
2025-07-31,29.489999771118164
2025-08-01,28.790000915527344
2025-08-04,28.979999542236328
2025-08-05,28.57999992370605
2025-08-06,28.690000534057617
2025-08-07,28.270000457763672
2025-08-08,30.450000762939453
2025-08-11,30.770000457763672
2025-08-12,31.850000381469727
2025-08-13,32.15999984741211
2025-08-14,31.51000022888184
2025-08-15,31.46999931335449
2025-08-18,31.3700008392334
2025-08-19,31.5
2025-08-20,31.440000534057617
2025-08-21,31.190000534057617
2025-08-22,31.57999992370605
2025-08-25,31.1299991607666
2025-08-26,30.770000457763672
2025-08-27,30.739999771118164
2025-08-28,30.209999084472656
2025-08-29,30.200000762939453
2025-09-02,29.5
2025-09-03,29.65999984741211
2025-09-04,29.530000686645508
2025-09-05,29.5
2025-09-08,29.90999984741211
2025-09-09,29.46999931335449
2025-09-10,29.25
2025-09-11,29.670000076293945
2025-09-12,29.13999938964844
2025-09-15,28.76000022888184
2025-09-16,28.600000381469727
2025-09-17,28.65999984741211
2025-09-18,28.86000061035156
2025-09-19,28.989999771118164
2025-09-22,28.84000015258789
2025-09-23,28.950000762939453
2025-09-24,29.09000015258789
2025-09-25,28.5
2025-09-26,28.799999237060547
2025-09-29,28.790000915527344
2025-09-30,28.38999938964844
2025-10-01,28.1200008392334
2025-10-02,28.07999992370605
2025-10-03,27.81999969482422
2025-10-06,27.75
2025-10-07,27.299999237060547
2025-10-08,27.239999771118164
2025-10-09,27.040000915527344
2025-10-10,26.520000457763672
2025-10-13,26.700000762939453
2025-10-14,26.82999992370605
2025-10-15,27.040000915527344
2025-10-16,26.46999931335449
2025-10-17,26.520000457763672
2025-10-20,26.700000762939453
2025-10-21,27.36000061035156
2025-10-22,27.209999084472656
2025-10-23,27.190000534057617
2025-10-24,27.21999931335449
2025-10-27,26.84000015258789
2025-10-28,26.709999084472656
2025-10-29,25.850000381469727
2025-10-30,26.09000015258789
2025-10-31,26.36000061035156
2025-11-03,26.280000686645508
2025-11-04,25.8700008392334
2025-11-05,25.84000015258789
2025-11-06,25.450000762939453
2025-11-07,25.770000457763672
2025-11-10,26.350000381469727
2025-11-11,27.13999938964844
2025-11-12,27.0
2025-11-13,26.71999931335449
2025-11-14,26.700000762939453
2025-11-17,26.13999938964844
2025-11-18,26.34000015258789
2025-11-19,26.059999465942383
2025-11-20,26.059999465942383
2025-11-21,26.540000915527344
2025-11-24,26.149999618530277
2025-11-25,26.68000030517578
2025-11-26,26.239999771118164
2025-11-28,26.3700008392334
2025-12-01,26.280000686645508
2025-12-02,26.25
2025-12-03,27.190000534057617
2025-12-04,27.059999465942383
2025-12-05,27.09000015258789
2025-12-08,26.84000015258789
2025-12-09,27.13999938964844
2025-12-10,27.530000686645508
2025-12-11,27.780000686645508
2025-12-12,27.670000076293945
2025-12-15,27.489999771118164
2025-12-16,27.3799991607666
2025-12-17,27.899999618530277
2025-12-18,27.690000534057617
2025-12-19,27.61000061035156
2025-12-22,27.71999931335449
2025-12-23,27.450000762939453
2025-12-24,27.63999938964844
2025-12-26,27.770000457763672
2025-12-29,27.57999992370605
2025-12-30,27.459999084472656
2025-12-31,27.190000534057617
2026-01-02,26.06999969482422
2026-01-05,26.13999938964844
2026-01-06,26.209999084472656
2026-01-07,26.11000061035156
2026-01-08,26.540000915527344
2026-01-09,26.959999084472656
2026-01-12,26.770000457763672
2026-01-13,26.280000686645508
2026-01-14,26.239999771118164
2026-01-15,26.3799991607666
2026-01-16,26.100000381469727
2026-01-20,25.13999938964844
2026-01-21,25.200000762939453
2026-01-22,25.21999931335449
2026-01-23,25.40999984741211
2026-01-26,25.6299991607666
2026-01-27,25.209999084472656
2026-01-28,24.790000915527344
2026-01-29,23.899999618530277
2026-01-30,23.989999771118164
2026-02-02,23.790000915527344
2026-02-03,22.450000762939453
2026-02-04,22.93000030517578
2026-02-05,22.43000030517578
2026-02-06,24.25
2026-02-09,24.600000381469727
2026-02-10,25.170000076293945
2026-02-11,24.670000076293945
2026-02-12,23.549999237060547
2026-02-13,23.71999931335449
2026-02-17,22.809999465942383
2026-02-18,23.100000381469727
2026-02-19,22.34000015258789
2026-02-20,22.350000381469727
2026-02-23,21.649999618530277
2026-02-24,21.96999931335449
2026-02-25,22.290000915527344
2026-02-26,22.799999237060547
2026-02-27,22.56999969482422
2026-03-02,22.350000381469727
2026-03-03,22.399999618530277
2026-03-04,22.290000915527344
2026-03-05,22.61000061035156
2026-03-06,22.61000061035156
2026-03-09,22.549999237060547
2026-03-10,21.780000686645508
2026-03-11,21.239999771118164
2026-03-12,21.0
2026-03-13,20.68000030517578
2026-03-16,20.61000061035156
2026-03-17,21.020000457763672
2026-03-18,20.57999992370605
2026-03-19,20.559999465942383
2026-03-20,20.96999931335449
2026-03-23,21.020000457763672
2026-03-24,19.770000457763672
2026-03-25,19.46999931335449
2026-03-26,18.96999931335449
2026-03-27,18.34000015258789
2026-03-30,18.31999969482422
2026-03-31,18.82999992370605
2026-04-01,18.709999084472656
2026-04-02,18.88999938964844
2026-04-06,19.3700008392334
2026-04-07,19.18000030517578
2026-04-08,18.88999938964844
2026-04-09,18.3700008392334
2026-04-10,17.889999389648438
2026-04-13,18.90999984741211
2026-04-14,18.90999984741211
2026-04-15,19.670000076293945
2026-04-16,19.780000686645508
2026-04-17,20.1200008392334
