,HII
2015-01-02,111.91000366210938
2015-01-05,110.2300033569336
2015-01-06,114.27999877929688
2015-01-07,114.08000183105467
2015-01-08,117.73999786376952
2015-01-09,115.87999725341795
2015-01-12,115.5
2015-01-13,114.91999816894533
2015-01-14,113.52999877929688
2015-01-15,112.83999633789062
2015-01-16,115.6500015258789
2015-01-20,114.79000091552734
2015-01-21,115.91000366210938
2015-01-22,119.4000015258789
2015-01-23,119.61000061035156
2015-01-26,119.5199966430664
2015-01-27,119.0500030517578
2015-01-28,118.44000244140624
2015-01-29,118.48999786376952
2015-01-30,116.5999984741211
2015-02-02,118.01000213623048
2015-02-03,121.16999816894533
2015-02-04,120.86000061035156
2015-02-05,120.83999633789062
2015-02-06,121.70999908447266
2015-02-09,119.22000122070312
2015-02-10,120.48999786376952
2015-02-11,121.97000122070312
2015-02-12,124.0999984741211
2015-02-13,125.12000274658205
2015-02-17,125.51000213623048
2015-02-18,128.41000366210938
2015-02-19,133.0
2015-02-20,137.69000244140625
2015-02-23,142.41000366210938
2015-02-24,139.6699981689453
2015-02-25,142.07000732421875
2015-02-26,142.63999938964844
2015-02-27,141.3300018310547
2015-03-02,143.5500030517578
2015-03-03,142.19000244140625
2015-03-04,142.9199981689453
2015-03-05,140.8800048828125
2015-03-06,137.07000732421875
2015-03-09,139.2899932861328
2015-03-10,137.3300018310547
2015-03-11,138.91000366210938
2015-03-12,140.64999389648438
2015-03-13,139.3300018310547
2015-03-16,139.42999267578125
2015-03-17,140.36000061035156
2015-03-18,141.47999572753906
2015-03-19,141.3300018310547
2015-03-20,143.07000732421875
2015-03-23,142.22999572753906
2015-03-24,142.24000549316406
2015-03-25,138.0
2015-03-26,138.3000030517578
2015-03-27,137.6300048828125
2015-03-30,141.91000366210938
2015-03-31,140.14999389648438
2015-04-01,140.6300048828125
2015-04-02,139.44000244140625
2015-04-06,141.3800048828125
2015-04-07,141.4199981689453
2015-04-08,140.82000732421875
2015-04-09,140.33999633789062
2015-04-10,142.0
2015-04-13,140.25
2015-04-14,139.0
2015-04-15,139.72999572753906
2015-04-16,140.55999755859375
2015-04-17,137.5
2015-04-20,138.16000366210938
2015-04-21,139.2100067138672
2015-04-22,139.75999450683594
2015-04-23,139.00999450683594
2015-04-24,139.55999755859375
2015-04-27,138.1199951171875
2015-04-28,137.22000122070312
2015-04-29,136.69000244140625
2015-04-30,131.58999633789062
2015-05-01,133.9600067138672
2015-05-04,135.66000366210938
2015-05-05,133.8699951171875
2015-05-06,133.72999572753906
2015-05-07,123.52999877929688
2015-05-08,118.75
2015-05-11,120.9499969482422
2015-05-12,120.66999816894533
2015-05-13,122.58999633789062
2015-05-14,124.1500015258789
2015-05-15,122.9000015258789
2015-05-18,123.5
2015-05-19,120.48999786376952
2015-05-20,122.12999725341795
2015-05-21,123.12999725341795
2015-05-22,122.86000061035156
2015-05-26,122.33000183105467
2015-05-27,123.91000366210938
2015-05-28,123.41000366210938
2015-05-29,123.98999786376952
2015-06-01,121.7300033569336
2015-06-02,121.93000030517578
2015-06-03,121.77999877929688
2015-06-04,119.37999725341795
2015-06-05,119.66999816894533
2015-06-08,118.91000366210938
2015-06-09,117.44000244140624
2015-06-10,118.75
2015-06-11,118.52999877929688
2015-06-12,118.12999725341795
2015-06-15,116.6999969482422
2015-06-16,116.86000061035156
2015-06-17,117.58000183105467
2015-06-18,117.9800033569336
2015-06-19,117.44000244140624
2015-06-22,118.0199966430664
2015-06-23,119.3000030517578
2015-06-24,116.2699966430664
2015-06-25,116.19000244140624
2015-06-26,114.83999633789062
2015-06-29,112.4499969482422
2015-06-30,112.58999633789062
2015-07-01,113.79000091552734
2015-07-02,113.06999969482422
2015-07-06,113.26000213623048
2015-07-07,114.31999969482422
2015-07-08,111.93000030517578
2015-07-09,112.58999633789062
2015-07-10,114.16999816894533
2015-07-13,116.20999908447266
2015-07-14,117.11000061035156
2015-07-15,115.73999786376952
2015-07-16,117.58999633789062
2015-07-17,116.62000274658205
2015-07-20,116.16999816894533
2015-07-21,115.45999908447266
2015-07-22,114.6999969482422
2015-07-23,114.83999633789062
2015-07-24,112.04000091552734
2015-07-27,112.25
2015-07-28,114.86000061035156
2015-07-29,117.4800033569336
2015-07-30,116.61000061035156
2015-07-31,117.41000366210938
2015-08-03,115.7300033569336
2015-08-04,115.9499969482422
2015-08-05,117.12000274658205
2015-08-06,122.26000213623048
2015-08-07,115.80999755859376
2015-08-10,120.5500030517578
2015-08-11,118.9800033569336
2015-08-12,117.69000244140624
2015-08-13,117.18000030517578
2015-08-14,119.1999969482422
2015-08-17,120.12999725341795
2015-08-18,120.52999877929688
2015-08-19,118.30999755859376
2015-08-20,112.77999877929688
2015-08-21,110.06999969482422
2015-08-24,107.36000061035156
2015-08-25,104.87000274658205
2015-08-26,109.38999938964844
2015-08-27,113.12999725341795
2015-08-28,113.56999969482422
2015-08-31,112.58000183105467
2015-09-01,107.5500030517578
2015-09-02,114.26000213623048
2015-09-03,113.98999786376952
2015-09-04,112.61000061035156
2015-09-08,116.0
2015-09-09,114.79000091552734
2015-09-10,115.2300033569336
2015-09-11,115.54000091552734
2015-09-14,115.04000091552734
2015-09-15,116.3000030517578
2015-09-16,116.4000015258789
2015-09-17,115.27999877929688
2015-09-18,111.5999984741211
2015-09-21,110.83000183105467
2015-09-22,109.01000213623048
2015-09-23,107.23999786376952
2015-09-24,107.08000183105467
2015-09-25,105.72000122070312
2015-09-28,103.9800033569336
2015-09-29,105.3499984741211
2015-09-30,107.1500015258789
2015-10-01,105.75
2015-10-02,106.94000244140624
2015-10-05,108.3000030517578
2015-10-06,108.3000030517578
2015-10-07,110.22000122070312
2015-10-08,111.47000122070312
2015-10-09,113.51000213623048
2015-10-12,111.88999938964844
2015-10-13,109.5199966430664
2015-10-14,108.61000061035156
2015-10-15,108.3000030517578
2015-10-16,106.23999786376952
2015-10-19,104.62999725341795
2015-10-20,105.22000122070312
2015-10-21,105.23999786376952
2015-10-22,106.66999816894533
2015-10-23,108.7300033569336
2015-10-26,107.63999938964844
2015-10-27,110.12999725341795
2015-10-28,112.70999908447266
2015-10-29,113.81999969482422
2015-10-30,119.94000244140624
2015-11-02,121.08000183105467
2015-11-03,121.62999725341795
2015-11-04,120.37000274658205
2015-11-05,130.1300048828125
2015-11-06,129.0
2015-11-09,127.58000183105467
2015-11-10,128.16000366210938
2015-11-11,130.5800018310547
2015-11-12,127.98999786376952
2015-11-13,127.48999786376952
2015-11-16,131.4499969482422
2015-11-17,131.75
2015-11-18,131.42999267578125
2015-11-19,134.0800018310547
2015-11-20,134.52000427246094
2015-11-23,133.6699981689453
2015-11-24,133.85000610351562
2015-11-25,132.3000030517578
2015-11-27,132.77000427246094
2015-11-30,130.9199981689453
2015-12-01,133.75
2015-12-02,131.2100067138672
2015-12-03,130.10000610351562
2015-12-04,133.0800018310547
2015-12-07,132.52999877929688
2015-12-08,130.5800018310547
2015-12-09,128.66000366210938
2015-12-10,128.47999572753906
2015-12-11,126.58000183105467
2015-12-14,126.41000366210938
2015-12-15,126.95999908447266
2015-12-16,128.57000732421875
2015-12-17,126.98999786376952
2015-12-18,125.4499969482422
2015-12-21,127.25
2015-12-22,127.75
2015-12-23,128.4199981689453
2015-12-24,129.4499969482422
2015-12-28,128.2899932861328
2015-12-29,129.47999572753906
2015-12-30,127.63999938964844
2015-12-31,126.8499984741211
2016-01-04,124.22000122070312
2016-01-05,127.0199966430664
2016-01-06,127.47000122070312
2016-01-07,124.88999938964844
2016-01-08,127.22000122070312
2016-01-11,126.47000122070312
2016-01-12,129.02000427246094
2016-01-13,122.91000366210938
2016-01-14,124.95999908447266
2016-01-15,123.6500015258789
2016-01-19,121.8000030517578
2016-01-20,121.9800033569336
2016-01-21,121.41000366210938
2016-01-22,122.86000061035156
2016-01-25,121.86000061035156
2016-01-26,124.77999877929688
2016-01-27,122.16000366210938
2016-01-28,122.4499969482422
2016-01-29,127.87999725341795
2016-02-01,126.72000122070312
2016-02-02,124.58000183105467
2016-02-03,125.62999725341795
2016-02-04,125.9499969482422
2016-02-05,125.37999725341795
2016-02-08,125.16999816894533
2016-02-09,125.45999908447266
2016-02-10,129.44000244140625
2016-02-11,128.42999267578125
2016-02-12,131.3000030517578
2016-02-16,134.33999633789062
2016-02-17,134.86000061035156
2016-02-18,133.02000427246094
2016-02-19,133.00999450683594
2016-02-22,134.52999877929688
2016-02-23,132.8800048828125
2016-02-24,132.86000061035156
2016-02-25,133.99000549316406
2016-02-26,133.5500030517578
2016-02-29,131.05999755859375
2016-03-01,132.80999755859375
2016-03-02,131.47000122070312
2016-03-03,133.5399932861328
2016-03-04,133.80999755859375
2016-03-07,132.27999877929688
2016-03-08,130.0800018310547
2016-03-09,131.67999267578125
2016-03-10,131.94000244140625
2016-03-11,134.05999755859375
2016-03-14,132.61000061035156
2016-03-15,134.3300018310547
2016-03-16,135.41000366210938
2016-03-17,137.5800018310547
2016-03-18,138.52000427246094
2016-03-21,137.83999633789062
2016-03-22,137.58999633789062
2016-03-23,138.38999938964844
2016-03-24,137.3300018310547
2016-03-28,137.0500030517578
2016-03-29,138.17999267578125
2016-03-30,138.4600067138672
2016-03-31,136.94000244140625
2016-04-01,137.4600067138672
2016-04-04,137.89999389648438
2016-04-05,137.35000610351562
2016-04-06,140.69000244140625
2016-04-07,138.94000244140625
2016-04-08,139.4199981689453
2016-04-11,139.08999633789062
2016-04-12,141.30999755859375
2016-04-13,143.13999938964844
2016-04-14,143.6199951171875
2016-04-15,142.97000122070312
2016-04-18,143.9499969482422
2016-04-19,144.47000122070312
2016-04-20,144.05999755859375
2016-04-21,143.75
2016-04-22,144.1999969482422
2016-04-25,143.00999450683594
2016-04-26,144.3800048828125
2016-04-27,146.4199981689453
2016-04-28,145.16000366210938
2016-04-29,144.77000427246094
2016-05-02,145.97000122070312
2016-05-03,145.9499969482422
2016-05-04,145.1300048828125
2016-05-05,151.1300048828125
2016-05-06,155.1999969482422
2016-05-09,154.36000061035156
2016-05-10,156.1699981689453
2016-05-11,153.6699981689453
2016-05-12,153.6199951171875
2016-05-13,152.24000549316406
2016-05-16,154.27000427246094
2016-05-17,153.9199981689453
2016-05-18,154.3300018310547
2016-05-19,154.0399932861328
2016-05-20,154.52000427246094
2016-05-23,154.1199951171875
2016-05-24,151.55999755859375
2016-05-25,151.82000732421875
2016-05-26,154.22000122070312
2016-05-27,154.6699981689453
2016-05-31,153.41000366210938
2016-06-01,156.6199951171875
2016-06-02,156.74000549316406
2016-06-03,157.58999633789062
2016-06-06,158.4199981689453
2016-06-07,158.1199951171875
2016-06-08,162.77999877929688
2016-06-09,163.75
2016-06-10,163.16000366210938
2016-06-13,159.5
2016-06-14,159.2899932861328
2016-06-15,159.75999450683594
2016-06-16,159.25
2016-06-17,159.75
2016-06-20,160.6300048828125
2016-06-21,161.3000030517578
2016-06-22,162.0
2016-06-23,163.0
2016-06-24,160.72000122070312
2016-06-27,159.10000610351562
2016-06-28,160.85000610351562
2016-06-29,164.4499969482422
2016-06-30,168.02999877929688
2016-07-01,168.3300018310547
2016-07-05,170.3000030517578
2016-07-06,172.39999389648438
2016-07-07,171.3300018310547
2016-07-08,172.52000427246094
2016-07-11,173.86000061035156
2016-07-12,173.13999938964844
2016-07-13,173.14999389648438
2016-07-14,171.97000122070312
2016-07-15,171.61000061035156
2016-07-18,170.3300018310547
2016-07-19,169.4199981689453
2016-07-20,169.6699981689453
2016-07-21,168.82000732421875
2016-07-22,169.1300048828125
2016-07-25,168.50999450683594
2016-07-26,170.82000732421875
2016-07-27,171.52000427246094
2016-07-28,172.55999755859375
2016-07-29,172.5800018310547
2016-08-01,172.74000549316406
2016-08-02,172.60000610351562
2016-08-03,174.08999633789062
2016-08-04,172.7899932861328
2016-08-05,169.97999572753906
2016-08-08,167.75999450683594
2016-08-09,169.27999877929688
2016-08-10,166.89999389648438
2016-08-11,167.8699951171875
2016-08-12,166.8000030517578
2016-08-15,169.27999877929688
2016-08-16,165.24000549316406
2016-08-17,165.8800048828125
2016-08-18,167.44000244140625
2016-08-19,167.77000427246094
2016-08-22,168.4600067138672
2016-08-23,167.38999938964844
2016-08-24,166.6300048828125
2016-08-25,166.75
2016-08-26,165.86000061035156
2016-08-29,166.99000549316406
2016-08-30,165.4199981689453
2016-08-31,165.1699981689453
2016-09-01,165.9600067138672
2016-09-02,166.7100067138672
2016-09-06,167.0399932861328
2016-09-07,166.4600067138672
2016-09-08,166.58999633789062
2016-09-09,162.9199981689453
2016-09-12,164.0800018310547
2016-09-13,160.89999389648438
2016-09-14,159.47000122070312
2016-09-15,159.88999938964844
2016-09-16,156.36000061035156
2016-09-19,154.6699981689453
2016-09-20,149.11000061035156
2016-09-21,150.0500030517578
2016-09-22,154.02999877929688
2016-09-23,153.4600067138672
2016-09-26,154.52000427246094
2016-09-27,153.85000610351562
2016-09-28,154.80999755859375
2016-09-29,152.52999877929688
2016-09-30,153.4199981689453
2016-10-03,153.52000427246094
2016-10-04,153.8000030517578
2016-10-05,154.6199951171875
2016-10-06,156.05999755859375
2016-10-07,155.27999877929688
2016-10-10,156.2899932861328
2016-10-11,154.13999938964844
2016-10-12,155.94000244140625
2016-10-13,155.58999633789062
2016-10-14,156.60000610351562
2016-10-17,159.27000427246094
2016-10-18,160.5800018310547
2016-10-19,159.07000732421875
2016-10-20,157.19000244140625
2016-10-21,155.67999267578125
2016-10-24,155.97999572753906
2016-10-25,156.60000610351562
2016-10-26,159.2899932861328
2016-10-27,159.1300048828125
2016-10-28,160.07000732421875
2016-10-31,161.36000061035156
2016-11-01,161.57000732421875
2016-11-02,159.97000122070312
2016-11-03,148.74000549316406
2016-11-04,146.75
2016-11-07,148.94000244140625
2016-11-08,150.4199981689453
2016-11-09,167.58999633789062
2016-11-10,172.89999389648438
2016-11-11,174.61000061035156
2016-11-14,176.9499969482422
2016-11-15,171.25
2016-11-16,174.3800048828125
2016-11-17,176.91000366210938
2016-11-18,176.1199951171875
2016-11-21,176.1999969482422
2016-11-22,178.9199981689453
2016-11-23,177.72000122070312
2016-11-25,180.8000030517578
2016-11-28,180.02000427246094
2016-11-29,180.5500030517578
2016-11-30,178.75999450683594
2016-12-01,179.2899932861328
2016-12-02,180.8500061035156
2016-12-05,183.3000030517578
2016-12-06,183.8699951171875
2016-12-07,183.94000244140625
2016-12-08,181.1999969482422
2016-12-09,181.5
2016-12-12,178.1999969482422
2016-12-13,176.5399932861328
2016-12-14,176.22999572753906
2016-12-15,179.69000244140625
2016-12-16,182.3999938964844
2016-12-19,184.2100067138672
2016-12-20,187.9600067138672
2016-12-21,184.8500061035156
2016-12-22,187.8999938964844
2016-12-23,187.009994506836
2016-12-27,185.4499969482422
2016-12-28,184.1100006103516
2016-12-29,184.6499938964844
2016-12-30,184.19000244140625
2017-01-03,189.0500030517578
2017-01-04,191.8699951171875
2017-01-05,195.6100006103516
2017-01-06,193.5500030517578
2017-01-09,190.4499969482422
2017-01-10,191.3000030517578
2017-01-11,190.33999633789065
2017-01-12,191.07000732421875
2017-01-13,191.5800018310547
2017-01-17,189.6100006103516
2017-01-18,190.94000244140625
2017-01-19,194.82000732421875
2017-01-20,195.7100067138672
2017-01-23,193.5399932861328
2017-01-24,194.759994506836
2017-01-25,192.72000122070312
2017-01-26,194.3000030517578
2017-01-27,191.52999877929688
2017-01-30,192.6100006103516
2017-01-31,193.9600067138672
2017-02-01,192.7899932861328
2017-02-02,194.75
2017-02-03,199.27999877929688
2017-02-06,199.4499969482422
2017-02-07,199.009994506836
2017-02-08,198.63999938964844
2017-02-09,198.8699951171875
2017-02-10,200.3500061035156
2017-02-13,201.19000244140625
2017-02-14,202.58999633789065
2017-02-15,205.6999969482422
2017-02-16,209.94000244140625
2017-02-17,211.91000366210932
2017-02-21,212.66000366210932
2017-02-22,215.259994506836
2017-02-23,214.3500061035156
2017-02-24,216.97999572753903
2017-02-27,218.1300048828125
2017-02-28,218.5
2017-03-01,219.47000122070312
2017-03-02,218.32000732421875
2017-03-03,218.82000732421875
2017-03-06,218.02999877929688
2017-03-07,217.7700042724609
2017-03-08,215.3800048828125
2017-03-09,213.6999969482422
2017-03-10,211.6999969482422
2017-03-13,213.25
2017-03-14,211.4900054931641
2017-03-15,211.6300048828125
2017-03-16,210.16000366210932
2017-03-17,213.72000122070312
2017-03-20,211.3099975585937
2017-03-21,207.1199951171875
2017-03-22,208.8600006103516
2017-03-23,207.94000244140625
2017-03-24,204.92999267578125
2017-03-27,202.0800018310547
2017-03-28,202.4600067138672
2017-03-29,202.1300048828125
2017-03-30,202.38999938964844
2017-03-31,200.2400054931641
2017-04-03,201.83999633789065
2017-04-04,202.0599975585937
2017-04-05,198.6699981689453
2017-04-06,200.44000244140625
2017-04-07,203.8000030517578
2017-04-10,203.88999938964844
2017-04-11,205.6199951171875
2017-04-12,203.6499938964844
2017-04-13,202.97000122070312
2017-04-17,200.7899932861328
2017-04-18,199.2899932861328
2017-04-19,200.0500030517578
2017-04-20,200.0500030517578
2017-04-21,199.6300048828125
2017-04-24,203.72000122070312
2017-04-25,205.0
2017-04-26,203.0800018310547
2017-04-27,202.19000244140625
2017-04-28,200.88999938964844
2017-05-01,199.5399932861328
2017-05-02,200.66000366210932
2017-05-03,201.0500030517578
2017-05-04,188.2100067138672
2017-05-05,195.5
2017-05-08,195.3099975585937
2017-05-09,195.9900054931641
2017-05-10,196.47000122070312
2017-05-11,195.5800018310547
2017-05-12,194.08999633789065
2017-05-15,197.3000030517578
2017-05-16,196.2700042724609
2017-05-17,191.1499938964844
2017-05-18,190.33999633789065
2017-05-19,195.4900054931641
2017-05-22,195.92999267578125
2017-05-23,196.02999877929688
2017-05-24,195.25
2017-05-25,197.44000244140625
2017-05-26,196.32000732421875
2017-05-30,194.0800018310547
2017-05-31,195.8099975585937
2017-06-01,194.2899932861328
2017-06-02,193.7899932861328
2017-06-05,191.17999267578125
2017-06-06,188.8300018310547
2017-06-07,189.8800048828125
2017-06-08,192.509994506836
2017-06-09,193.47000122070312
2017-06-12,194.7700042724609
2017-06-13,196.6699981689453
2017-06-14,196.7700042724609
2017-06-15,195.5599975585937
2017-06-16,185.97999572753903
2017-06-19,187.16000366210932
2017-06-20,186.2700042724609
2017-06-21,186.5800018310547
2017-06-22,185.5399932861328
2017-06-23,186.83999633789065
2017-06-26,186.2899932861328
2017-06-27,186.97000122070312
2017-06-28,187.3600006103516
2017-06-29,185.22000122070312
2017-06-30,186.16000366210932
2017-07-03,191.5399932861328
2017-07-05,192.97000122070312
2017-07-06,191.3800048828125
2017-07-07,192.8999938964844
2017-07-10,193.27999877929688
2017-07-11,194.8800048828125
2017-07-12,199.3999938964844
2017-07-13,198.38999938964844
2017-07-14,198.1499938964844
2017-07-17,198.27999877929688
2017-07-18,197.3800048828125
2017-07-19,198.4900054931641
2017-07-20,199.19000244140625
2017-07-21,201.3500061035156
2017-07-24,201.66000366210932
2017-07-25,203.6199951171875
2017-07-26,203.4900054931641
2017-07-27,202.83999633789065
2017-07-28,205.6499938964844
2017-07-31,206.1100006103516
2017-08-01,206.58999633789065
2017-08-02,208.2100067138672
2017-08-03,213.92999267578125
2017-08-04,213.9499969482422
2017-08-07,213.5399932861328
2017-08-08,214.0
2017-08-09,214.759994506836
2017-08-10,213.0800018310547
2017-08-11,213.16000366210932
2017-08-14,215.009994506836
2017-08-15,214.3300018310547
2017-08-16,210.82000732421875
2017-08-17,208.44000244140625
2017-08-18,205.22000122070312
2017-08-21,203.9199981689453
2017-08-22,207.72999572753903
2017-08-23,206.83999633789065
2017-08-24,209.3699951171875
2017-08-25,208.94000244140625
2017-08-28,206.1199951171875
2017-08-29,208.8000030517578
2017-08-30,210.5500030517578
2017-08-31,213.9600067138672
2017-09-01,215.02999877929688
2017-09-05,213.33999633789065
2017-09-06,211.6000061035156
2017-09-07,209.92999267578125
2017-09-08,210.42999267578125
2017-09-11,211.77999877929688
2017-09-12,213.5599975585937
2017-09-13,210.42999267578125
2017-09-14,210.1499938964844
2017-09-15,212.41000366210932
2017-09-18,215.57000732421875
2017-09-19,217.07000732421875
2017-09-20,218.1199951171875
2017-09-21,219.17999267578125
2017-09-22,220.3699951171875
2017-09-25,220.47999572753903
2017-09-26,222.2100067138672
2017-09-27,223.4600067138672
2017-09-28,223.0599975585937
2017-09-29,226.44000244140625
2017-10-02,229.92999267578125
2017-10-03,232.0
2017-10-04,234.13999938964844
2017-10-05,234.16000366210932
2017-10-06,235.8300018310547
2017-10-09,235.94000244140625
2017-10-10,234.8800048828125
2017-10-11,233.92999267578125
2017-10-12,235.44000244140625
2017-10-13,234.3999938964844
2017-10-16,235.92999267578125
2017-10-17,235.22999572753903
2017-10-18,234.88999938964844
2017-10-19,234.8099975585937
2017-10-20,235.4199981689453
2017-10-23,234.5800018310547
2017-10-24,235.92999267578125
2017-10-25,234.0
2017-10-26,231.82000732421875
2017-10-27,233.4600067138672
2017-10-30,232.1499938964844
2017-10-31,232.8300018310547
2017-11-01,233.66000366210932
2017-11-02,234.57000732421875
2017-11-03,235.07000732421875
2017-11-06,236.2100067138672
2017-11-07,233.3500061035156
2017-11-08,251.9600067138672
2017-11-09,242.5500030517578
2017-11-10,240.66000366210932
2017-11-13,239.17999267578125
2017-11-14,237.52999877929688
2017-11-15,235.5599975585937
2017-11-16,235.82000732421875
2017-11-17,232.8699951171875
2017-11-20,234.3500061035156
2017-11-21,236.63999938964844
2017-11-22,234.07000732421875
2017-11-24,234.4499969482422
2017-11-27,235.0500030517578
2017-11-28,241.1100006103516
2017-11-29,239.67999267578125
2017-11-30,241.6699981689453
2017-12-01,235.9900054931641
2017-12-04,234.3099975585937
2017-12-05,232.7899932861328
2017-12-06,233.6499938964844
2017-12-07,235.8600006103516
2017-12-08,237.009994506836
2017-12-11,234.1000061035156
2017-12-12,233.5399932861328
2017-12-13,235.08999633789065
2017-12-14,233.8800048828125
2017-12-15,238.8300018310547
2017-12-18,238.6000061035156
2017-12-19,238.0
2017-12-20,238.0200042724609
2017-12-21,235.3800048828125
2017-12-22,237.44000244140625
2017-12-26,236.8000030517578
2017-12-27,237.58999633789065
2017-12-28,239.4499969482422
2017-12-29,235.6999969482422
2018-01-02,228.009994506836
2018-01-03,229.38999938964844
2018-01-04,232.66000366210932
2018-01-05,233.75
2018-01-08,236.0399932861328
2018-01-09,239.1999969482422
2018-01-10,237.3300018310547
2018-01-11,239.2700042724609
2018-01-12,247.42999267578125
2018-01-16,235.1499938964844
2018-01-17,237.2400054931641
2018-01-18,236.8800048828125
2018-01-19,242.1199951171875
2018-01-22,238.8800048828125
2018-01-23,235.0399932861328
2018-01-24,238.13999938964844
2018-01-25,241.25
2018-01-26,247.759994506836
2018-01-29,247.6999969482422
2018-01-30,244.7899932861328
2018-01-31,237.5399932861328
2018-02-01,241.47000122070312
2018-02-02,243.7700042724609
2018-02-05,228.6100006103516
2018-02-06,227.6699981689453
2018-02-07,234.82000732421875
2018-02-08,225.3699951171875
2018-02-09,230.3099975585937
2018-02-12,234.92999267578125
2018-02-13,237.4600067138672
2018-02-14,241.3999938964844
2018-02-15,255.38999938964844
2018-02-16,265.70001220703125
2018-02-20,266.1099853515625
2018-02-21,270.8800048828125
2018-02-22,262.8299865722656
2018-02-23,265.0199890136719
2018-02-26,266.1700134277344
2018-02-27,262.760009765625
2018-02-28,262.010009765625
2018-03-01,260.3099975585937
2018-03-02,260.8500061035156
2018-03-05,260.0799865722656
2018-03-06,258.6199951171875
2018-03-07,259.54998779296875
2018-03-08,260.95001220703125
2018-03-09,264.0299987792969
2018-03-12,258.1600036621094
2018-03-13,258.6700134277344
2018-03-14,255.509994506836
2018-03-15,253.8699951171875
2018-03-16,254.08999633789065
2018-03-19,254.0
2018-03-20,256.5199890136719
2018-03-21,255.6699981689453
2018-03-22,249.1499938964844
2018-03-23,253.97999572753903
2018-03-26,262.239990234375
2018-03-27,254.77999877929688
2018-03-28,253.17999267578125
2018-03-29,257.760009765625
2018-04-02,253.41000366210932
2018-04-03,259.1300048828125
2018-04-04,259.9100036621094
2018-04-05,260.989990234375
2018-04-06,256.3099975585937
2018-04-09,257.1400146484375
2018-04-10,254.8000030517578
2018-04-11,254.5200042724609
2018-04-12,257.2099914550781
2018-04-13,256.6700134277344
2018-04-16,258.70001220703125
2018-04-17,260.989990234375
2018-04-18,263.79998779296875
2018-04-19,265.5899963378906
2018-04-20,263.5599975585937
2018-04-23,264.9700012207031
2018-04-24,255.77999877929688
2018-04-25,252.5
2018-04-26,251.5
2018-04-27,245.7700042724609
2018-04-30,243.2100067138672
2018-05-01,234.72000122070312
2018-05-02,231.759994506836
2018-05-03,207.3300018310547
2018-05-04,210.66000366210932
2018-05-07,215.83999633789065
2018-05-08,221.8099975585937
2018-05-09,221.5399932861328
2018-05-10,222.3999938964844
2018-05-11,220.1699981689453
2018-05-14,218.4499969482422
2018-05-15,218.32000732421875
2018-05-16,220.58999633789065
2018-05-17,220.8800048828125
2018-05-18,221.6699981689453
2018-05-21,222.75
2018-05-22,220.7400054931641
2018-05-23,222.4600067138672
2018-05-24,227.4900054931641
2018-05-25,224.72999572753903
2018-05-29,219.44000244140625
2018-05-30,222.69000244140625
2018-05-31,221.07000732421875
2018-06-01,223.259994506836
2018-06-04,224.27999877929688
2018-06-05,222.7100067138672
2018-06-06,225.17999267578125
2018-06-07,222.5500030517578
2018-06-08,226.3500061035156
2018-06-11,225.8099975585937
2018-06-12,221.7899932861328
2018-06-13,220.66000366210932
2018-06-14,219.9499969482422
2018-06-15,220.5200042724609
2018-06-18,221.75
2018-06-19,214.52999877929688
2018-06-20,213.91000366210932
2018-06-21,211.69000244140625
2018-06-22,212.9600067138672
2018-06-25,214.0200042724609
2018-06-26,214.08999633789065
2018-06-27,212.66000366210932
2018-06-28,215.8000030517578
2018-06-29,216.7899932861328
2018-07-02,217.33999633789065
2018-07-03,216.77999877929688
2018-07-05,217.5599975585937
2018-07-06,217.63999938964844
2018-07-09,222.88999938964844
2018-07-10,223.5
2018-07-11,221.88999938964844
2018-07-12,222.8800048828125
2018-07-13,224.97999572753903
2018-07-16,226.9499969482422
2018-07-17,227.6000061035156
2018-07-18,228.63999938964844
2018-07-19,227.38999938964844
2018-07-20,227.3300018310547
2018-07-23,226.77999877929688
2018-07-24,226.97999572753903
2018-07-25,227.3500061035156
2018-07-26,231.17999267578125
2018-07-27,231.72999572753903
2018-07-30,227.9900054931641
2018-07-31,233.0500030517578
2018-08-01,229.4900054931641
2018-08-02,240.759994506836
2018-08-03,235.9600067138672
2018-08-06,233.5599975585937
2018-08-07,233.6999969482422
2018-08-08,234.82000732421875
2018-08-09,236.6499938964844
2018-08-10,237.8500061035156
2018-08-13,240.5399932861328
2018-08-14,243.3000030517578
2018-08-15,240.72999572753903
2018-08-16,244.42999267578125
2018-08-17,247.2700042724609
2018-08-20,248.6100006103516
2018-08-21,253.47999572753903
2018-08-22,250.91000366210932
2018-08-23,247.0500030517578
2018-08-24,247.6100006103516
2018-08-27,250.6199951171875
2018-08-28,248.3800048828125
2018-08-29,246.8500061035156
2018-08-30,240.97999572753903
2018-08-31,244.47000122070312
2018-09-04,243.33999633789065
2018-09-05,244.57000732421875
2018-09-06,248.1300048828125
2018-09-07,245.6999969482422
2018-09-10,247.82000732421875
2018-09-11,243.759994506836
2018-09-12,245.8099975585937
2018-09-13,248.94000244140625
2018-09-14,252.8999938964844
2018-09-17,257.489990234375
2018-09-18,258.0
2018-09-19,252.02999877929688
2018-09-20,250.0500030517578
2018-09-21,255.7100067138672
2018-09-24,253.97000122070312
2018-09-25,255.8099975585937
2018-09-26,255.2400054931641
2018-09-27,255.9900054931641
2018-09-28,256.0799865722656
2018-10-01,257.3800048828125
2018-10-02,256.0599975585937
2018-10-03,258.7900085449219
2018-10-04,258.5299987792969
2018-10-05,261.2799987792969
2018-10-08,261.1400146484375
2018-10-09,258.79998779296875
2018-10-10,247.91000366210932
2018-10-11,233.0800018310547
2018-10-12,226.25
2018-10-15,234.009994506836
2018-10-16,235.2899932861328
2018-10-17,233.1199951171875
2018-10-18,233.2100067138672
2018-10-19,234.4199981689453
2018-10-22,236.1999969482422
2018-10-23,232.83999633789065
2018-10-24,221.7899932861328
2018-10-25,219.0399932861328
2018-10-26,216.8600006103516
2018-10-29,208.58999633789065
2018-10-30,214.16000366210932
2018-10-31,218.47999572753903
2018-11-01,223.97999572753903
2018-11-02,220.4900054931641
2018-11-05,226.2700042724609
2018-11-06,228.0
2018-11-07,234.0800018310547
2018-11-08,220.0599975585937
2018-11-09,223.6499938964844
2018-11-12,214.1300048828125
2018-11-13,213.17999267578125
2018-11-14,213.4499969482422
2018-11-15,215.0800018310547
2018-11-16,216.4199981689453
2018-11-19,211.8300018310547
2018-11-20,209.7100067138672
2018-11-21,210.3999938964844
2018-11-23,211.52999877929688
2018-11-26,212.8699951171875
2018-11-27,204.0800018310547
2018-11-28,213.9600067138672
2018-11-29,214.8500061035156
2018-11-30,215.5
2018-12-03,213.92999267578125
2018-12-04,203.6199951171875
2018-12-06,202.88999938964844
2018-12-07,198.4900054931641
2018-12-10,199.5599975585937
2018-12-11,200.6100006103516
2018-12-12,202.63999938964844
2018-12-13,199.69000244140625
2018-12-14,198.3000030517578
2018-12-17,197.3600006103516
2018-12-18,197.08999633789065
2018-12-19,188.75
2018-12-20,185.22000122070312
2018-12-21,179.55999755859375
2018-12-24,177.02999877929688
2018-12-26,183.759994506836
2018-12-27,187.57000732421875
2018-12-28,188.1699981689453
2018-12-31,190.3099975585937
2019-01-02,192.5599975585937
2019-01-03,188.83999633789065
2019-01-04,195.5200042724609
2019-01-07,195.9900054931641
2019-01-08,194.6699981689453
2019-01-09,192.3000030517578
2019-01-10,192.52999877929688
2019-01-11,194.5200042724609
2019-01-14,196.02999877929688
2019-01-15,197.4900054931641
2019-01-16,195.57000732421875
2019-01-17,197.1199951171875
2019-01-18,200.2899932861328
2019-01-22,196.5
2019-01-23,196.6100006103516
2019-01-24,199.0500030517578
2019-01-25,202.0800018310547
2019-01-28,204.5800018310547
2019-01-29,206.4499969482422
2019-01-30,208.7899932861328
2019-01-31,206.4499969482422
2019-02-01,206.3699951171875
2019-02-04,211.3300018310547
2019-02-05,211.8099975585937
2019-02-06,211.07000732421875
2019-02-07,210.2400054931641
2019-02-08,209.259994506836
2019-02-11,210.5500030517578
2019-02-12,214.2700042724609
2019-02-13,215.9900054931641
2019-02-14,214.47999572753903
2019-02-15,219.6999969482422
2019-02-19,218.0
2019-02-20,220.8300018310547
2019-02-21,217.0399932861328
2019-02-22,217.1100006103516
2019-02-25,213.6000061035156
2019-02-26,212.02999877929688
2019-02-27,210.2400054931641
2019-02-28,209.41000366210932
2019-03-01,210.0
2019-03-04,206.3699951171875
2019-03-05,206.4499969482422
2019-03-06,204.57000732421875
2019-03-07,201.4600067138672
2019-03-08,200.1199951171875
2019-03-11,200.5200042724609
2019-03-12,203.69000244140625
2019-03-13,207.8300018310547
2019-03-14,207.3000030517578
2019-03-15,204.41000366210932
2019-03-18,207.41000366210932
2019-03-19,205.0
2019-03-20,204.75
2019-03-21,207.8099975585937
2019-03-22,203.1300048828125
2019-03-25,203.3699951171875
2019-03-26,203.25
2019-03-27,202.97000122070312
2019-03-28,205.1100006103516
2019-03-29,207.1999969482422
2019-04-01,212.44000244140625
2019-04-02,210.82000732421875
2019-04-03,208.6199951171875
2019-04-04,209.4900054931641
2019-04-05,212.8000030517578
2019-04-08,214.22999572753903
2019-04-09,212.8800048828125
2019-04-10,212.22999572753903
2019-04-11,217.52999877929688
2019-04-12,219.27999877929688
2019-04-15,219.1699981689453
2019-04-16,221.0500030517578
2019-04-17,219.9499969482422
2019-04-18,220.8999938964844
2019-04-22,219.08999633789065
2019-04-23,225.6699981689453
2019-04-24,225.33999633789065
2019-04-25,223.32000732421875
2019-04-26,221.5399932861328
2019-04-29,220.94000244140625
2019-04-30,222.5800018310547
2019-05-01,223.13999938964844
2019-05-02,207.6300048828125
2019-05-03,212.02999877929688
2019-05-06,210.63999938964844
2019-05-07,208.5500030517578
2019-05-08,206.9199981689453
2019-05-09,207.3800048828125
2019-05-10,208.5399932861328
2019-05-13,205.27999877929688
2019-05-14,205.7400054931641
2019-05-15,205.009994506836
2019-05-16,208.72999572753903
2019-05-17,207.0
2019-05-20,209.9499969482422
2019-05-21,211.97999572753903
2019-05-22,210.0200042724609
2019-05-23,204.32000732421875
2019-05-24,205.5399932861328
2019-05-28,204.58999633789065
2019-05-29,204.38999938964844
2019-05-30,204.8600006103516
2019-05-31,205.1199951171875
2019-06-03,207.8300018310547
2019-06-04,211.1000061035156
2019-06-05,215.8099975585937
2019-06-06,214.6699981689453
2019-06-07,218.1999969482422
2019-06-10,214.72999572753903
2019-06-11,209.2700042724609
2019-06-12,210.94000244140625
2019-06-13,214.9199981689453
2019-06-14,214.7899932861328
2019-06-17,216.0
2019-06-18,219.16000366210932
2019-06-19,221.77999877929688
2019-06-20,224.759994506836
2019-06-21,222.8999938964844
2019-06-24,222.6499938964844
2019-06-25,223.47999572753903
2019-06-26,223.3000030517578
2019-06-27,223.94000244140625
2019-06-28,224.7400054931641
2019-07-01,224.44000244140625
2019-07-02,229.2899932861328
2019-07-03,232.72999572753903
2019-07-05,230.52999877929688
2019-07-08,228.8300018310547
2019-07-09,231.2400054931641
2019-07-10,230.38999938964844
2019-07-11,232.7100067138672
2019-07-12,234.6699981689453
2019-07-15,234.8500061035156
2019-07-16,236.1499938964844
2019-07-17,231.3500061035156
2019-07-18,229.8699951171875
2019-07-19,230.0200042724609
2019-07-22,228.83999633789065
2019-07-23,230.3000030517578
2019-07-24,233.6699981689453
2019-07-25,233.3699951171875
2019-07-26,233.97000122070312
2019-07-29,233.8500061035156
2019-07-30,233.13999938964844
2019-07-31,228.3000030517578
2019-08-01,215.009994506836
2019-08-02,206.19000244140625
2019-08-05,201.759994506836
2019-08-06,206.1000061035156
2019-08-07,207.3699951171875
2019-08-08,212.1199951171875
2019-08-09,209.3600006103516
2019-08-12,203.91000366210932
2019-08-13,203.7400054931641
2019-08-14,200.8099975585937
2019-08-15,203.9499969482422
2019-08-16,206.82000732421875
2019-08-19,208.2400054931641
2019-08-20,207.509994506836
2019-08-21,209.42999267578125
2019-08-22,208.5399932861328
2019-08-23,204.2700042724609
2019-08-26,204.6199951171875
2019-08-27,202.6100006103516
2019-08-28,203.8099975585937
2019-08-29,207.2700042724609
2019-08-30,209.0
2019-09-03,208.0399932861328
2019-09-04,208.5599975585937
2019-09-05,214.2400054931641
2019-09-06,215.0
2019-09-09,215.4499969482422
2019-09-10,217.8800048828125
2019-09-11,220.3800048828125
2019-09-12,216.7899932861328
2019-09-13,218.3099975585937
2019-09-16,222.66000366210932
2019-09-17,221.0800018310547
2019-09-18,219.6999969482422
2019-09-19,218.4600067138672
2019-09-20,214.82000732421875
2019-09-23,212.33999633789065
2019-09-24,212.63999938964844
2019-09-25,213.75
2019-09-26,214.259994506836
2019-09-27,213.38999938964844
2019-09-30,211.7899932861328
2019-10-01,206.47000122070312
2019-10-02,200.16000366210932
2019-10-03,202.92999267578125
2019-10-04,204.97999572753903
2019-10-07,205.5500030517578
2019-10-08,203.259994506836
2019-10-09,205.6300048828125
2019-10-10,208.58999633789065
2019-10-11,211.7400054931641
2019-10-14,212.47000122070312
2019-10-15,213.19000244140625
2019-10-16,215.009994506836
2019-10-17,211.75
2019-10-18,210.1000061035156
2019-10-21,211.009994506836
2019-10-22,215.16000366210932
2019-10-23,217.16000366210932
2019-10-24,220.72000122070312
2019-10-25,221.19000244140625
2019-10-28,222.69000244140625
2019-10-29,222.57000732421875
2019-10-30,225.08999633789065
2019-10-31,225.66000366210932
2019-11-01,230.22999572753903
2019-11-04,228.759994506836
2019-11-05,230.13999938964844
2019-11-06,233.9900054931641
2019-11-07,250.4499969482422
2019-11-08,251.2100067138672
2019-11-11,251.8999938964844
2019-11-12,253.9600067138672
2019-11-13,254.5
2019-11-14,255.3999938964844
2019-11-15,256.8599853515625
2019-11-18,258.0599975585937
2019-11-19,257.3099975585937
2019-11-20,254.259994506836
2019-11-21,250.72999572753903
2019-11-22,249.8099975585937
2019-11-25,249.16000366210932
2019-11-26,249.3999938964844
2019-11-27,252.5500030517578
2019-11-29,251.6699981689453
2019-12-02,250.0399932861328
2019-12-03,249.22000122070312
2019-12-04,254.5
2019-12-05,252.02999877929688
2019-12-06,253.41000366210932
2019-12-09,253.22999572753903
2019-12-10,251.77999877929688
2019-12-11,253.7400054931641
2019-12-12,254.5500030517578
2019-12-13,251.2400054931641
2019-12-16,252.3099975585937
2019-12-17,252.3999938964844
2019-12-18,251.7100067138672
2019-12-19,254.2400054931641
2019-12-20,254.1100006103516
2019-12-23,255.4900054931641
2019-12-24,253.9900054931641
2019-12-26,252.6000061035156
2019-12-27,251.07000732421875
2019-12-30,251.8099975585937
2019-12-31,250.8800048828125
2020-01-02,255.8500061035156
2020-01-03,263.5
2020-01-06,265.0
2020-01-07,267.4599914550781
2020-01-08,268.9599914550781
2020-01-09,276.010009765625
2020-01-10,270.94000244140625
2020-01-13,274.82000732421875
2020-01-14,271.3900146484375
2020-01-15,274.1000061035156
2020-01-16,276.57000732421875
2020-01-17,277.8099975585937
2020-01-21,278.57000732421875
2020-01-22,275.739990234375
2020-01-23,277.1000061035156
2020-01-24,276.4700012207031
2020-01-27,274.1099853515625
2020-01-28,274.29998779296875
2020-01-29,264.3399963378906
2020-01-30,265.8099975585937
2020-01-31,261.0
2020-02-03,261.3500061035156
2020-02-04,265.0599975585937
2020-02-05,269.5599975585937
2020-02-06,268.17999267578125
2020-02-07,269.1400146484375
2020-02-10,268.9200134277344
2020-02-11,268.07000732421875
2020-02-12,270.0799865722656
2020-02-13,250.3600006103516
2020-02-14,246.2100067138672
2020-02-18,237.5
2020-02-19,235.6999969482422
2020-02-20,237.4199981689453
2020-02-21,236.0200042724609
2020-02-24,234.83999633789065
2020-02-25,222.8300018310547
2020-02-26,219.759994506836
2020-02-27,215.25
2020-02-28,205.52999877929688
2020-03-02,209.63999938964844
2020-03-03,207.6000061035156
2020-03-04,219.5399932861328
2020-03-05,209.69000244140625
2020-03-06,204.2899932861328
2020-03-09,194.8500061035156
2020-03-10,209.3999938964844
2020-03-11,197.9199981689453
2020-03-12,176.66000366210938
2020-03-13,178.6199951171875
2020-03-16,156.6699981689453
2020-03-17,161.10000610351562
2020-03-18,172.36000061035156
2020-03-19,169.47000122070312
2020-03-20,159.32000732421875
2020-03-23,153.97000122070312
2020-03-24,165.3800048828125
2020-03-25,177.44000244140625
2020-03-26,195.2899932861328
2020-03-27,185.58999633789065
2020-03-30,189.5399932861328
2020-03-31,182.2100067138672
2020-04-01,173.13999938964844
2020-04-02,180.63999938964844
2020-04-03,181.0399932861328
2020-04-06,193.7100067138672
2020-04-07,191.7400054931641
2020-04-08,195.44000244140625
2020-04-09,192.38999938964844
2020-04-13,194.58999633789065
2020-04-14,197.0200042724609
2020-04-15,190.97999572753903
2020-04-16,192.47999572753903
2020-04-17,195.9600067138672
2020-04-20,192.259994506836
2020-04-21,184.4499969482422
2020-04-22,186.22999572753903
2020-04-23,186.7700042724609
2020-04-24,184.5
2020-04-27,188.259994506836
2020-04-28,191.2700042724609
2020-04-29,195.5500030517578
2020-04-30,191.41000366210932
2020-05-01,185.6699981689453
2020-05-04,179.97999572753906
2020-05-05,182.6699981689453
2020-05-06,178.64999389648438
2020-05-07,173.30999755859375
2020-05-08,180.5800018310547
2020-05-11,178.11000061035156
2020-05-12,173.52000427246094
2020-05-13,170.25999450683594
2020-05-14,172.22000122070312
2020-05-15,170.5399932861328
2020-05-18,180.41000366210932
2020-05-19,173.5
2020-05-20,175.11000061035156
2020-05-21,181.5
2020-05-22,182.7700042724609
2020-05-26,193.4199981689453
2020-05-27,205.9199981689453
2020-05-28,200.67999267578125
2020-05-29,199.88999938964844
2020-06-01,195.52999877929688
2020-06-02,194.25
2020-06-03,199.6699981689453
2020-06-04,198.5200042724609
2020-06-05,202.57000732421875
2020-06-08,206.0200042724609
2020-06-09,197.759994506836
2020-06-10,197.009994506836
2020-06-11,180.8000030517578
2020-06-12,182.2899932861328
2020-06-15,182.0800018310547
2020-06-16,185.5800018310547
2020-06-17,183.9499969482422
2020-06-18,181.4900054931641
2020-06-19,178.66000366210938
2020-06-22,177.9199981689453
2020-06-23,177.1699981689453
2020-06-24,167.22000122070312
2020-06-25,172.11000061035156
2020-06-26,170.9600067138672
2020-06-29,177.41000366210938
2020-06-30,174.49000549316406
2020-07-01,173.72999572753906
2020-07-02,173.11000061035156
2020-07-06,173.27999877929688
2020-07-07,168.32000732421875
2020-07-08,167.49000549316406
2020-07-09,161.77000427246094
2020-07-10,167.0399932861328
2020-07-13,169.6199951171875
2020-07-14,171.82000732421875
2020-07-15,176.97000122070312
2020-07-16,179.3699951171875
2020-07-17,180.9499969482422
2020-07-20,176.22999572753906
2020-07-21,178.00999450683594
2020-07-22,179.61000061035156
2020-07-23,180.91000366210932
2020-07-24,177.05999755859375
2020-07-27,173.1999969482422
2020-07-28,174.99000549316406
2020-07-29,175.8800048828125
2020-07-30,174.7899932861328
2020-07-31,173.7100067138672
2020-08-03,175.33999633789062
2020-08-04,173.5399932861328
2020-08-05,178.6699981689453
2020-08-06,162.8000030517578
2020-08-07,167.89999389648438
2020-08-10,169.1300048828125
2020-08-11,168.5399932861328
2020-08-12,164.1699981689453
2020-08-13,164.1300048828125
2020-08-14,166.88999938964844
2020-08-17,163.08999633789062
2020-08-18,162.2899932861328
2020-08-19,162.77000427246094
2020-08-20,159.5399932861328
2020-08-21,158.6300048828125
2020-08-24,162.17999267578125
2020-08-25,158.94000244140625
2020-08-26,153.88999938964844
2020-08-27,153.44000244140625
2020-08-28,152.4600067138672
2020-08-31,151.52000427246094
2020-09-01,150.3300018310547
2020-09-02,151.35000610351562
2020-09-03,150.1199951171875
2020-09-04,147.50999450683594
2020-09-08,141.75999450683594
2020-09-09,141.35000610351562
2020-09-10,137.8300018310547
2020-09-11,147.39999389648438
2020-09-14,146.85000610351562
2020-09-15,145.27000427246094
2020-09-16,147.94000244140625
2020-09-17,150.58999633789062
2020-09-18,149.17999267578125
2020-09-21,143.89999389648438
2020-09-22,143.61000061035156
2020-09-23,139.42999267578125
2020-09-24,139.49000549316406
2020-09-25,141.22000122070312
2020-09-28,143.1300048828125
2020-09-29,141.2100067138672
2020-09-30,140.75
2020-10-01,139.97999572753906
2020-10-02,144.1300048828125
2020-10-05,146.32000732421875
2020-10-06,147.1300048828125
2020-10-07,147.94000244140625
2020-10-08,149.63999938964844
2020-10-09,149.97999572753906
2020-10-12,149.4499969482422
2020-10-13,148.4600067138672
2020-10-14,151.52999877929688
2020-10-15,147.5500030517578
2020-10-16,148.0
2020-10-19,146.9600067138672
2020-10-20,147.6999969482422
2020-10-21,149.52000427246094
2020-10-22,152.22999572753906
2020-10-23,152.82000732421875
2020-10-26,149.7100067138672
2020-10-27,146.50999450683594
2020-10-28,141.4600067138672
2020-10-29,142.97000122070312
2020-10-30,147.47999572753906
2020-11-02,149.5
2020-11-03,156.89999389648438
2020-11-04,150.72000122070312
2020-11-05,151.80999755859375
2020-11-06,152.72000122070312
2020-11-09,155.97000122070312
2020-11-10,161.5399932861328
2020-11-11,158.0399932861328
2020-11-12,158.52999877929688
2020-11-13,164.00999450683594
2020-11-16,163.25999450683594
2020-11-17,162.82000732421875
2020-11-18,163.02000427246094
2020-11-19,162.2100067138672
2020-11-20,158.74000549316406
2020-11-23,165.11000061035156
2020-11-24,170.8699951171875
2020-11-25,165.52999877929688
2020-11-27,164.52999877929688
2020-11-30,160.19000244140625
2020-12-01,164.4199981689453
2020-12-02,163.1699981689453
2020-12-03,163.72999572753906
2020-12-04,167.69000244140625
2020-12-07,170.0399932861328
2020-12-08,171.58999633789062
2020-12-09,173.44000244140625
2020-12-10,174.4600067138672
2020-12-11,177.6999969482422
2020-12-14,174.97999572753906
2020-12-15,176.07000732421875
2020-12-16,174.6199951171875
2020-12-17,170.47000122070312
2020-12-18,169.6199951171875
2020-12-21,165.27000427246094
2020-12-22,163.6300048828125
2020-12-23,166.5500030517578
2020-12-24,165.39999389648438
2020-12-28,166.88999938964844
2020-12-29,166.5800018310547
2020-12-30,168.5399932861328
2020-12-31,170.47999572753906
2021-01-04,164.0500030517578
2021-01-05,165.55999755859375
2021-01-06,170.97999572753906
2021-01-07,169.74000549316406
2021-01-08,169.08999633789062
2021-01-11,169.1999969482422
2021-01-12,172.2100067138672
2021-01-13,171.3000030517578
2021-01-14,172.02000427246094
2021-01-15,171.47000122070312
2021-01-19,170.57000732421875
2021-01-20,168.4600067138672
2021-01-21,166.88999938964844
2021-01-22,167.63999938964844
2021-01-25,166.50999450683594
2021-01-26,160.8800048828125
2021-01-27,163.1999969482422
2021-01-28,161.9499969482422
2021-01-29,157.3300018310547
2021-02-01,157.77000427246094
2021-02-02,159.6199951171875
2021-02-03,161.1999969482422
2021-02-04,161.25
2021-02-05,163.89999389648438
2021-02-08,165.02000427246094
2021-02-09,167.22000122070312
2021-02-10,167.77000427246094
2021-02-11,170.52999877929688
2021-02-12,176.1300048828125
2021-02-16,175.16000366210938
2021-02-17,178.4199981689453
2021-02-18,178.42999267578125
2021-02-19,182.1300048828125
2021-02-22,190.63999938964844
2021-02-23,186.4199981689453
2021-02-24,188.1000061035156
2021-02-25,183.22999572753903
2021-02-26,175.91000366210938
2021-03-01,178.41000366210938
2021-03-02,179.6300048828125
2021-03-03,182.22999572753903
2021-03-04,179.3699951171875
2021-03-05,185.6100006103516
2021-03-08,191.1000061035156
2021-03-09,185.08999633789065
2021-03-10,187.8600006103516
2021-03-11,189.91000366210932
2021-03-12,195.08999633789065
2021-03-15,198.27999877929688
2021-03-16,195.1300048828125
2021-03-17,197.94000244140625
2021-03-18,198.47000122070312
2021-03-19,197.259994506836
2021-03-22,196.07000732421875
2021-03-23,191.47999572753903
2021-03-24,194.1199951171875
2021-03-25,200.13999938964844
2021-03-26,203.16000366210932
2021-03-29,207.3600006103516
2021-03-30,205.6699981689453
2021-03-31,205.8500061035156
2021-04-01,204.22999572753903
2021-04-05,207.6000061035156
2021-04-06,207.3699951171875
2021-04-07,205.02999877929688
2021-04-08,206.63999938964844
2021-04-09,206.8699951171875
2021-04-12,210.2700042724609
2021-04-13,206.1499938964844
2021-04-14,207.8600006103516
2021-04-15,208.3500061035156
2021-04-16,208.0599975585937
2021-04-19,210.0
2021-04-20,207.57000732421875
2021-04-21,208.57000732421875
2021-04-22,203.88999938964844
2021-04-23,206.1300048828125
2021-04-26,206.97000122070312
2021-04-27,207.4499969482422
2021-04-28,210.2400054931641
2021-04-29,212.97000122070312
2021-04-30,212.32000732421875
2021-05-03,215.13999938964844
2021-05-04,214.38999938964844
2021-05-05,212.8699951171875
2021-05-06,218.3099975585937
2021-05-07,216.9900054931641
2021-05-10,219.3699951171875
2021-05-11,214.6999969482422
2021-05-12,212.13999938964844
2021-05-13,215.2899932861328
2021-05-14,216.2100067138672
2021-05-17,216.83999633789065
2021-05-18,213.3699951171875
2021-05-19,213.17999267578125
2021-05-20,212.5599975585937
2021-05-21,213.6699981689453
2021-05-24,215.9499969482422
2021-05-25,211.8800048828125
2021-05-26,212.77999877929688
2021-05-27,215.6199951171875
2021-05-28,216.2100067138672
2021-06-01,218.08999633789065
2021-06-02,218.9199981689453
2021-06-03,220.6100006103516
2021-06-04,222.25
2021-06-07,221.27999877929688
2021-06-08,222.66000366210932
2021-06-09,221.02999877929688
2021-06-10,220.75
2021-06-11,221.0
2021-06-14,219.8000030517578
2021-06-15,220.08999633789065
2021-06-16,216.7899932861328
2021-06-17,211.63999938964844
2021-06-18,207.17999267578125
2021-06-21,213.0500030517578
2021-06-22,211.6000061035156
2021-06-23,209.4900054931641
2021-06-24,211.07000732421875
2021-06-25,213.27999877929688
2021-06-28,211.16000366210932
2021-06-29,207.8300018310547
2021-06-30,210.75
2021-07-01,212.1499938964844
2021-07-02,211.97000122070312
2021-07-06,205.8600006103516
2021-07-07,206.88999938964844
2021-07-08,203.5500030517578
2021-07-09,206.22000122070312
2021-07-12,204.69000244140625
2021-07-13,202.66000366210932
2021-07-14,201.66000366210932
2021-07-15,201.3800048828125
2021-07-16,200.7400054931641
2021-07-19,195.3099975585937
2021-07-20,202.88999938964844
2021-07-21,204.759994506836
2021-07-22,202.1699981689453
2021-07-23,203.75
2021-07-26,205.1699981689453
2021-07-27,204.42999267578125
2021-07-28,204.8600006103516
2021-07-29,207.22999572753903
2021-07-30,205.1300048828125
2021-08-02,203.4199981689453
2021-08-03,204.3600006103516
2021-08-04,200.41000366210932
2021-08-05,203.1999969482422
2021-08-06,205.5800018310547
2021-08-09,205.1300048828125
2021-08-10,206.94000244140625
2021-08-11,208.92999267578125
2021-08-12,207.4900054931641
2021-08-13,205.94000244140625
2021-08-16,205.75
2021-08-17,205.6699981689453
2021-08-18,201.1699981689453
2021-08-19,200.16000366210932
2021-08-20,202.72999572753903
2021-08-23,205.97999572753903
2021-08-24,206.0399932861328
2021-08-25,206.22000122070312
2021-08-26,204.4199981689453
2021-08-27,206.9900054931641
2021-08-30,207.009994506836
2021-08-31,204.1699981689453
2021-09-01,202.9900054931641
2021-09-02,205.1300048828125
2021-09-03,203.1699981689453
2021-09-07,199.2400054931641
2021-09-08,199.4900054931641
2021-09-09,199.3300018310547
2021-09-10,198.17999267578125
2021-09-13,200.97999572753903
2021-09-14,197.75
2021-09-15,199.1999969482422
2021-09-16,195.0800018310547
2021-09-17,194.9900054931641
2021-09-20,193.6300048828125
2021-09-21,189.32000732421875
2021-09-22,191.47000122070312
2021-09-23,194.5399932861328
2021-09-24,195.3699951171875
2021-09-27,197.0599975585937
2021-09-28,196.5399932861328
2021-09-29,197.3300018310547
2021-09-30,193.0599975585937
2021-10-01,194.17999267578125
2021-10-04,195.0599975585937
2021-10-05,194.92999267578125
2021-10-06,196.77999877929688
2021-10-07,202.8600006103516
2021-10-08,206.38999938964844
2021-10-11,210.82000732421875
2021-10-12,212.1699981689453
2021-10-13,207.97000122070312
2021-10-14,208.4600067138672
2021-10-15,210.5200042724609
2021-10-18,207.4499969482422
2021-10-19,209.4199981689453
2021-10-20,211.72000122070312
2021-10-21,211.1300048828125
2021-10-22,212.8300018310547
2021-10-25,212.47999572753903
2021-10-26,204.33999633789065
2021-10-27,202.63999938964844
2021-10-28,204.5200042724609
2021-10-29,202.72999572753903
2021-11-01,202.0800018310547
2021-11-02,199.8999938964844
2021-11-03,199.9499969482422
2021-11-04,191.3099975585937
2021-11-05,194.0200042724609
2021-11-08,194.1300048828125
2021-11-09,194.75
2021-11-10,193.82000732421875
2021-11-11,188.8699951171875
2021-11-12,192.0200042724609
2021-11-15,190.41000366210932
2021-11-16,188.32000732421875
2021-11-17,186.69000244140625
2021-11-18,185.19000244140625
2021-11-19,184.77999877929688
2021-11-22,190.5
2021-11-23,189.22000122070312
2021-11-24,186.47999572753903
2021-11-26,183.2700042724609
2021-11-29,181.72000122070312
2021-11-30,177.50999450683594
2021-12-01,176.5800018310547
2021-12-02,178.2899932861328
2021-12-03,181.16000366210932
2021-12-06,185.8699951171875
2021-12-07,184.69000244140625
2021-12-08,186.33999633789065
2021-12-09,185.9499969482422
2021-12-10,185.97000122070312
2021-12-13,187.3500061035156
2021-12-14,186.1999969482422
2021-12-15,189.41000366210932
2021-12-16,188.72999572753903
2021-12-17,184.1100006103516
2021-12-20,179.5800018310547
2021-12-21,183.13999938964844
2021-12-22,180.33999633789065
2021-12-23,182.2100067138672
2021-12-27,184.17999267578125
2021-12-28,186.27999877929688
2021-12-29,185.47999572753903
2021-12-30,185.22999572753903
2021-12-31,186.7400054931641
2022-01-03,186.0399932861328
2022-01-04,189.4900054931641
2022-01-05,186.9900054931641
2022-01-06,190.6000061035156
2022-01-07,192.9600067138672
2022-01-10,196.1999969482422
2022-01-11,198.88999938964844
2022-01-12,197.16000366210932
2022-01-13,195.6100006103516
2022-01-14,197.67999267578125
2022-01-18,195.57000732421875
2022-01-19,193.67999267578125
2022-01-20,191.63999938964844
2022-01-21,191.1000061035156
2022-01-24,195.6499938964844
2022-01-25,194.6699981689453
2022-01-26,191.9199981689453
2022-01-27,188.42999267578125
2022-01-28,187.6699981689453
2022-01-31,187.1999969482422
2022-02-01,185.5200042724609
2022-02-02,187.009994506836
2022-02-03,183.52999877929688
2022-02-04,182.6100006103516
2022-02-07,184.0200042724609
2022-02-08,186.0
2022-02-09,187.19000244140625
2022-02-10,179.64999389648438
2022-02-11,183.8699951171875
2022-02-14,181.259994506836
2022-02-15,180.1300048828125
2022-02-16,182.5800018310547
2022-02-17,184.9199981689453
2022-02-18,186.08999633789065
2022-02-22,186.8800048828125
2022-02-23,187.38999938964844
2022-02-24,191.9900054931641
2022-02-25,199.8600006103516
2022-02-28,204.3999938964844
2022-03-01,204.1499938964844
2022-03-02,208.5
2022-03-03,211.0
2022-03-04,218.0399932861328
2022-03-07,218.72999572753903
2022-03-08,209.44000244140625
2022-03-09,208.1499938964844
2022-03-10,210.6699981689453
2022-03-11,206.07000732421875
2022-03-14,201.94000244140625
2022-03-15,202.5
2022-03-16,194.3600006103516
2022-03-17,197.3300018310547
2022-03-18,193.69000244140625
2022-03-21,200.6699981689453
2022-03-22,201.0399932861328
2022-03-23,203.0399932861328
2022-03-24,203.58999633789065
2022-03-25,205.97000122070312
2022-03-28,200.3500061035156
2022-03-29,202.259994506836
2022-03-30,203.32000732421875
2022-03-31,199.44000244140625
2022-04-01,202.6300048828125
2022-04-04,201.8699951171875
2022-04-05,201.1199951171875
2022-04-06,202.1100006103516
2022-04-07,207.9199981689453
2022-04-08,205.8999938964844
2022-04-11,205.2400054931641
2022-04-12,209.97000122070312
2022-04-13,212.94000244140625
2022-04-14,222.6699981689453
2022-04-18,222.8800048828125
2022-04-19,224.1100006103516
2022-04-20,227.2899932861328
2022-04-21,221.97999572753903
2022-04-22,222.1699981689453
2022-04-25,218.52999877929688
2022-04-26,218.66000366210932
2022-04-27,219.8500061035156
2022-04-28,218.0800018310547
2022-04-29,212.7400054931641
2022-05-02,212.3300018310547
2022-05-03,214.759994506836
2022-05-04,222.13999938964844
2022-05-05,219.7400054931641
2022-05-06,216.25
2022-05-09,209.97999572753903
2022-05-10,209.6499938964844
2022-05-11,206.02999877929688
2022-05-12,203.7700042724609
2022-05-13,203.77999877929688
2022-05-16,204.77999877929688
2022-05-17,208.97000122070312
2022-05-18,202.83999633789065
2022-05-19,200.72999572753903
2022-05-20,197.759994506836
2022-05-23,200.6000061035156
2022-05-24,204.0800018310547
2022-05-25,206.1199951171875
2022-05-26,211.5
2022-05-27,214.3999938964844
2022-05-31,210.4600067138672
2022-06-01,210.4600067138672
2022-06-02,211.8000030517578
2022-06-03,212.83999633789065
2022-06-06,212.509994506836
2022-06-07,216.13999938964844
2022-06-08,214.25
2022-06-09,214.0
2022-06-10,211.9900054931641
2022-06-13,207.3300018310547
2022-06-14,204.8099975585937
2022-06-15,205.6699981689453
2022-06-16,201.0599975585937
2022-06-17,200.63999938964844
2022-06-21,209.3600006103516
2022-06-22,209.4499969482422
2022-06-23,210.0
2022-06-24,215.33999633789065
2022-06-27,218.3699951171875
2022-06-28,217.17999267578125
2022-06-29,215.88999938964844
2022-06-30,217.82000732421875
2022-07-01,220.9600067138672
2022-07-05,209.8600006103516
2022-07-06,214.25
2022-07-07,217.3099975585937
2022-07-08,215.67999267578125
2022-07-11,215.8300018310547
2022-07-12,212.19000244140625
2022-07-13,208.2400054931641
2022-07-14,204.1499938964844
2022-07-15,204.6300048828125
2022-07-18,201.8300018310547
2022-07-19,207.1199951171875
2022-07-20,208.8999938964844
2022-07-21,208.75
2022-07-22,208.72999572753903
2022-07-25,210.5800018310547
2022-07-26,210.5399932861328
2022-07-27,210.3699951171875
2022-07-28,212.47999572753903
2022-07-29,216.83999633789065
2022-08-01,217.63999938964844
2022-08-02,217.47000122070312
2022-08-03,218.69000244140625
2022-08-04,228.8099975585937
2022-08-05,227.5800018310547
2022-08-08,223.08999633789065
2022-08-09,225.4900054931641
2022-08-10,227.0200042724609
2022-08-11,227.33999633789065
2022-08-12,230.4600067138672
2022-08-15,232.5599975585937
2022-08-16,233.5399932861328
2022-08-17,236.1699981689453
2022-08-18,236.77999877929688
2022-08-19,235.4900054931641
2022-08-22,234.9900054931641
2022-08-23,236.13999938964844
2022-08-24,239.3300018310547
2022-08-25,241.5800018310547
2022-08-26,236.1999969482422
2022-08-29,235.72999572753903
2022-08-30,231.57000732421875
2022-08-31,230.259994506836
2022-09-01,227.47999572753903
2022-09-02,226.8000030517578
2022-09-06,229.0800018310547
2022-09-07,232.6499938964844
2022-09-08,232.19000244140625
2022-09-09,235.3000030517578
2022-09-12,235.0
2022-09-13,229.2899932861328
2022-09-14,232.8699951171875
2022-09-15,232.3000030517578
2022-09-16,232.1100006103516
2022-09-19,234.6100006103516
2022-09-20,232.8099975585937
2022-09-21,232.5800018310547
2022-09-22,235.5
2022-09-23,230.2700042724609
2022-09-26,226.8600006103516
2022-09-27,224.8999938964844
2022-09-28,225.3500061035156
2022-09-29,223.3300018310547
2022-09-30,221.5
2022-10-03,227.0800018310547
2022-10-04,232.19000244140625
2022-10-05,233.009994506836
2022-10-06,231.82000732421875
2022-10-07,232.8800048828125
2022-10-10,235.0599975585937
2022-10-11,234.6999969482422
2022-10-12,226.6999969482422
2022-10-13,230.66000366210932
2022-10-14,223.1699981689453
2022-10-17,228.009994506836
2022-10-18,238.57000732421875
2022-10-19,243.13999938964844
2022-10-20,243.009994506836
2022-10-21,249.88999938964844
2022-10-24,252.0800018310547
2022-10-25,252.7100067138672
2022-10-26,251.2700042724609
2022-10-27,253.6499938964844
2022-10-28,257.3599853515625
2022-10-31,257.07000732421875
2022-11-01,256.8399963378906
2022-11-02,253.77999877929688
2022-11-03,244.25
2022-11-04,243.9499969482422
2022-11-07,244.33999633789065
2022-11-08,244.52999877929688
2022-11-09,238.7899932861328
2022-11-10,244.1699981689453
2022-11-11,227.5800018310547
2022-11-14,221.1199951171875
2022-11-15,223.2100067138672
2022-11-16,223.94000244140625
2022-11-17,224.0200042724609
2022-11-18,227.3099975585937
2022-11-21,232.69000244140625
2022-11-22,230.41000366210932
2022-11-23,227.5800018310547
2022-11-25,230.3600006103516
2022-11-28,228.91000366210932
2022-11-29,228.0200042724609
2022-11-30,231.9600067138672
2022-12-01,230.8999938964844
2022-12-02,240.67999267578125
2022-12-05,235.83999633789065
2022-12-06,235.7100067138672
2022-12-07,234.32000732421875
2022-12-08,235.2400054931641
2022-12-09,233.3600006103516
2022-12-12,235.42999267578125
2022-12-13,231.9499969482422
2022-12-14,233.3800048828125
2022-12-15,228.509994506836
2022-12-16,231.2700042724609
2022-12-19,229.57000732421875
2022-12-20,228.8000030517578
2022-12-21,230.41000366210932
2022-12-22,229.02999877929688
2022-12-23,230.07000732421875
2022-12-27,232.08999633789065
2022-12-28,229.3099975585937
2022-12-29,230.97000122070312
2022-12-30,230.67999267578125
2023-01-03,228.3500061035156
2023-01-04,228.16000366210932
2023-01-05,226.9499969482422
2023-01-06,230.1100006103516
2023-01-09,221.5599975585937
2023-01-10,223.97000122070312
2023-01-11,227.02999877929688
2023-01-12,228.47000122070312
2023-01-13,223.07000732421875
2023-01-17,221.5500030517578
2023-01-18,219.3300018310547
2023-01-19,217.7100067138672
2023-01-20,218.1000061035156
2023-01-23,217.94000244140625
2023-01-24,220.1499938964844
2023-01-25,216.8600006103516
2023-01-26,217.5399932861328
2023-01-27,218.22000122070312
2023-01-30,216.6699981689453
2023-01-31,220.5399932861328
2023-02-01,218.3600006103516
2023-02-02,217.7100067138672
2023-02-03,216.97000122070312
2023-02-06,222.009994506836
2023-02-07,225.3099975585937
2023-02-08,225.6999969482422
2023-02-09,220.4499969482422
2023-02-10,221.3300018310547
2023-02-13,218.94000244140625
2023-02-14,216.19000244140625
2023-02-15,218.41000366210932
2023-02-16,218.9199981689453
2023-02-17,224.5399932861328
2023-02-21,222.0200042724609
2023-02-22,220.75
2023-02-23,217.3099975585937
2023-02-24,220.75
2023-02-27,217.3800048828125
2023-02-28,215.1999969482422
2023-03-01,215.72999572753903
2023-03-02,217.5200042724609
2023-03-03,218.5
2023-03-06,216.8300018310547
2023-03-07,214.0
2023-03-08,212.3500061035156
2023-03-09,210.009994506836
2023-03-10,207.9600067138672
2023-03-13,209.16000366210932
2023-03-14,208.3500061035156
2023-03-15,205.42999267578125
2023-03-16,205.259994506836
2023-03-17,199.3699951171875
2023-03-20,203.3300018310547
2023-03-21,205.52999877929688
2023-03-22,199.41000366210932
2023-03-23,196.72999572753903
2023-03-24,200.02999877929688
2023-03-27,204.8800048828125
2023-03-28,206.82000732421875
2023-03-29,208.77999877929688
2023-03-30,206.97000122070312
2023-03-31,207.0200042724609
2023-04-03,209.0
2023-04-04,208.3300018310547
2023-04-05,207.66000366210932
2023-04-06,206.1300048828125
2023-04-10,209.67999267578125
2023-04-11,209.1699981689453
2023-04-12,210.52999877929688
2023-04-13,211.4499969482422
2023-04-14,209.9499969482422
2023-04-17,211.3800048828125
2023-04-18,212.02999877929688
2023-04-19,211.02999877929688
2023-04-20,211.6999969482422
2023-04-21,208.7100067138672
2023-04-24,209.3099975585937
2023-04-25,206.3800048828125
2023-04-26,199.8600006103516
2023-04-27,201.3800048828125
2023-04-28,201.66000366210932
2023-05-01,202.16000366210932
2023-05-02,196.72999572753903
2023-05-03,196.83999633789065
2023-05-04,192.72999572753903
2023-05-05,197.509994506836
2023-05-08,194.22999572753903
2023-05-09,194.47999572753903
2023-05-10,198.33999633789065
2023-05-11,196.759994506836
2023-05-12,195.2700042724609
2023-05-15,197.4199981689453
2023-05-16,196.47000122070312
2023-05-17,200.67999267578125
2023-05-18,201.1300048828125
2023-05-19,200.63999938964844
2023-05-22,203.2899932861328
2023-05-23,202.3699951171875
2023-05-24,202.0500030517578
2023-05-25,198.07000732421875
2023-05-26,201.2899932861328
2023-05-30,202.0500030517578
2023-05-31,201.3800048828125
2023-06-01,201.2100067138672
2023-06-02,207.47999572753903
2023-06-05,207.72000122070312
2023-06-06,209.8800048828125
2023-06-07,214.52999877929688
2023-06-08,216.509994506836
2023-06-09,215.3099975585937
2023-06-12,214.2400054931641
2023-06-13,216.5599975585937
2023-06-14,215.32000732421875
2023-06-15,218.58999633789065
2023-06-16,221.17999267578125
2023-06-20,218.47000122070312
2023-06-21,219.67999267578125
2023-06-22,217.9499969482422
2023-06-23,216.9600067138672
2023-06-26,218.5800018310547
2023-06-27,221.17999267578125
2023-06-28,220.4199981689453
2023-06-29,226.9600067138672
2023-06-30,227.6000061035156
2023-07-03,228.75
2023-07-05,227.67999267578125
2023-07-06,225.8999938964844
2023-07-07,224.25
2023-07-10,227.8699951171875
2023-07-11,230.97000122070312
2023-07-12,229.58999633789065
2023-07-13,228.27999877929688
2023-07-14,228.3500061035156
2023-07-17,233.0800018310547
2023-07-18,229.6000061035156
2023-07-19,229.47999572753903
2023-07-20,232.8699951171875
2023-07-21,231.57000732421875
2023-07-24,231.22000122070312
2023-07-25,231.58999633789065
2023-07-26,234.4600067138672
2023-07-27,230.58999633789065
2023-07-28,230.4499969482422
2023-07-31,229.6699981689453
2023-08-01,229.97000122070312
2023-08-02,227.82000732421875
2023-08-03,226.259994506836
2023-08-04,226.83999633789065
2023-08-07,230.5399932861328
2023-08-08,226.0200042724609
2023-08-09,227.66000366210932
2023-08-10,224.69000244140625
2023-08-11,226.8800048828125
2023-08-14,227.69000244140625
2023-08-15,222.77999877929688
2023-08-16,223.72999572753903
2023-08-17,220.3099975585937
2023-08-18,219.44000244140625
2023-08-21,219.91000366210932
2023-08-22,220.6199951171875
2023-08-23,220.22000122070312
2023-08-24,218.1100006103516
2023-08-25,218.5500030517578
2023-08-28,218.9600067138672
2023-08-29,219.0200042724609
2023-08-30,220.8099975585937
2023-08-31,220.32000732421875
2023-09-01,220.8600006103516
2023-09-05,217.1199951171875
2023-09-06,209.1999969482422
2023-09-07,209.3800048828125
2023-09-08,210.83999633789065
2023-09-11,211.1000061035156
2023-09-12,211.3500061035156
2023-09-13,209.5200042724609
2023-09-14,212.92999267578125
2023-09-15,211.6499938964844
2023-09-18,212.27999877929688
2023-09-19,208.9199981689453
2023-09-20,205.5800018310547
2023-09-21,202.5
2023-09-22,201.0800018310547
2023-09-25,201.3300018310547
2023-09-26,200.41000366210932
2023-09-27,203.19000244140625
2023-09-28,205.0599975585937
2023-09-29,204.5800018310547
2023-10-02,202.009994506836
2023-10-03,202.22000122070312
2023-10-04,201.6499938964844
2023-10-05,200.2899932861328
2023-10-06,202.5200042724609
2023-10-09,221.44000244140625
2023-10-10,219.33999633789065
2023-10-11,220.3000030517578
2023-10-12,218.8099975585937
2023-10-13,224.8300018310547
2023-10-16,225.16000366210932
2023-10-17,222.9600067138672
2023-10-18,223.009994506836
2023-10-19,221.3300018310547
2023-10-20,219.08999633789065
2023-10-23,216.33999633789065
2023-10-24,214.3300018310547
2023-10-25,215.0599975585937
2023-10-26,218.02999877929688
2023-10-27,213.1199951171875
2023-10-30,217.3500061035156
2023-10-31,219.82000732421875
2023-11-01,220.9900054931641
2023-11-02,233.8500061035156
2023-11-03,233.9600067138672
2023-11-06,234.5500030517578
2023-11-07,232.2400054931641
2023-11-08,228.5200042724609
2023-11-09,228.13999938964844
2023-11-10,229.92999267578125
2023-11-13,233.3600006103516
2023-11-14,235.9199981689453
2023-11-15,234.8999938964844
2023-11-16,234.57000732421875
2023-11-17,236.75
2023-11-20,239.5599975585937
2023-11-21,239.27999877929688
2023-11-22,238.0800018310547
2023-11-24,238.33999633789065
2023-11-27,236.4499969482422
2023-11-28,236.67999267578125
2023-11-29,233.75
2023-11-30,237.0200042724609
2023-12-01,238.7400054931641
2023-12-04,242.6000061035156
2023-12-05,240.47999572753903
2023-12-06,243.58999633789065
2023-12-07,245.19000244140625
2023-12-08,246.88999938964844
2023-12-11,250.3800048828125
2023-12-12,254.47999572753903
2023-12-13,257.5899963378906
2023-12-14,255.8300018310547
2023-12-15,253.5500030517578
2023-12-18,255.0200042724609
2023-12-19,257.010009765625
2023-12-20,252.42999267578125
2023-12-21,254.0200042724609
2023-12-22,256.0899963378906
2023-12-26,257.8299865722656
2023-12-27,258.3099975585937
2023-12-28,258.4700012207031
2023-12-29,259.6400146484375
2024-01-02,260.1099853515625
2024-01-03,256.29998779296875
2024-01-04,256.32000732421875
2024-01-05,252.5
2024-01-08,255.3600006103516
2024-01-09,253.2400054931641
2024-01-10,252.82000732421875
2024-01-11,250.6300048828125
2024-01-12,254.67999267578125
2024-01-16,255.17999267578125
2024-01-17,254.8099975585937
2024-01-18,260.19000244140625
2024-01-19,256.2300109863281
2024-01-22,256.7699890136719
2024-01-23,255.8099975585937
2024-01-24,253.63999938964844
2024-01-25,254.3999938964844
2024-01-26,255.6499938964844
2024-01-29,258.5899963378906
2024-01-30,260.32000732421875
2024-01-31,258.9200134277344
2024-02-01,267.8099975585937
2024-02-02,268.5
2024-02-05,265.92999267578125
2024-02-06,266.2200012207031
2024-02-07,274.739990234375
2024-02-08,272.1300048828125
2024-02-09,273.8999938964844
2024-02-12,275.739990234375
2024-02-13,275.1099853515625
2024-02-14,280.3099975585937
2024-02-15,284.989990234375
2024-02-16,285.0899963378906
2024-02-20,284.79998779296875
2024-02-21,288.1300048828125
2024-02-22,287.2900085449219
2024-02-23,288.1400146484375
2024-02-26,288.3299865722656
2024-02-27,289.489990234375
2024-02-28,291.8500061035156
2024-02-29,291.6199951171875
2024-03-01,292.4599914550781
2024-03-04,296.42999267578125
2024-03-05,291.3299865722656
2024-03-06,293.989990234375
2024-03-07,291.8500061035156
2024-03-08,293.32000732421875
2024-03-11,288.5299987792969
2024-03-12,290.1600036621094
2024-03-13,289.8999938964844
2024-03-14,286.8699951171875
2024-03-15,289.0199890136719
2024-03-18,290.5899963378906
2024-03-19,290.69000244140625
2024-03-20,292.20001220703125
2024-03-21,293.92999267578125
2024-03-22,292.54998779296875
2024-03-25,290.79998779296875
2024-03-26,289.8699951171875
2024-03-27,289.75
2024-03-28,291.4700012207031
2024-04-01,287.6000061035156
2024-04-02,287.4700012207031
2024-04-03,286.3900146484375
2024-04-04,286.2099914550781
2024-04-05,286.0799865722656
2024-04-08,285.67999267578125
2024-04-09,275.5
2024-04-10,275.1499938964844
2024-04-11,276.3099975585937
2024-04-12,275.7200012207031
2024-04-15,275.0
2024-04-16,274.0
2024-04-17,271.2200012207031
2024-04-18,268.8399963378906
2024-04-19,271.6600036621094
2024-04-22,274.489990234375
2024-04-23,274.4700012207031
2024-04-24,275.8399963378906
2024-04-25,275.9800109863281
2024-04-26,276.9700012207031
2024-04-29,278.54998779296875
2024-04-30,276.92999267578125
2024-05-01,277.0599975585937
2024-05-02,245.19000244140625
2024-05-03,246.22999572753903
2024-05-06,246.58999633789065
2024-05-07,248.57000732421875
2024-05-08,246.9199981689453
2024-05-09,250.97000122070312
2024-05-10,252.02999877929688
2024-05-13,253.92999267578125
2024-05-14,251.509994506836
2024-05-15,251.6300048828125
2024-05-16,256.1600036621094
2024-05-17,255.6000061035156
2024-05-20,255.58999633789065
2024-05-21,253.759994506836
2024-05-22,254.4900054931641
2024-05-23,252.8800048828125
2024-05-24,256.20001220703125
2024-05-28,252.75
2024-05-29,248.3000030517578
2024-05-30,251.22000122070312
2024-05-31,253.1000061035156
2024-06-03,250.3800048828125
2024-06-04,250.4600067138672
2024-06-05,251.5599975585937
2024-06-06,250.6300048828125
2024-06-07,249.2100067138672
2024-06-10,247.94000244140625
2024-06-11,244.5500030517578
2024-06-12,243.2899932861328
2024-06-13,240.259994506836
2024-06-14,238.4600067138672
2024-06-17,242.02999877929688
2024-06-18,245.92999267578125
2024-06-20,247.3600006103516
2024-06-21,248.91000366210932
2024-06-24,251.1999969482422
2024-06-25,251.5200042724609
2024-06-26,249.5599975585937
2024-06-27,247.9199981689453
2024-06-28,246.3300018310547
2024-07-01,246.7899932861328
2024-07-02,247.47999572753903
2024-07-03,246.1199951171875
2024-07-05,243.07000732421875
2024-07-08,243.0
2024-07-09,241.92999267578125
2024-07-10,246.67999267578125
2024-07-11,251.6999969482422
2024-07-12,250.94000244140625
2024-07-15,255.5200042724609
2024-07-16,267.4599914550781
2024-07-17,267.1400146484375
2024-07-18,267.2099914550781
2024-07-19,263.4200134277344
2024-07-22,266.1300048828125
2024-07-23,266.69000244140625
2024-07-24,265.29998779296875
2024-07-25,273.95001220703125
2024-07-26,276.0299987792969
2024-07-29,277.3599853515625
2024-07-30,279.760009765625
2024-07-31,279.9800109863281
2024-08-01,267.0
2024-08-02,263.3500061035156
2024-08-05,256.0299987792969
2024-08-06,256.54998779296875
2024-08-07,253.44000244140625
2024-08-08,256.5599975585937
2024-08-09,259.42999267578125
2024-08-12,263.7300109863281
2024-08-13,262.7699890136719
2024-08-14,266.6300048828125
2024-08-15,269.6300048828125
2024-08-16,270.57000732421875
2024-08-19,270.8999938964844
2024-08-20,275.2300109863281
2024-08-21,271.44000244140625
2024-08-22,272.1099853515625
2024-08-23,274.510009765625
2024-08-26,276.8399963378906
2024-08-27,276.9100036621094
2024-08-28,280.04998779296875
2024-08-29,282.8599853515625
2024-08-30,282.7699890136719
2024-09-03,275.45001220703125
2024-09-04,274.2699890136719
2024-09-05,270.92999267578125
2024-09-06,269.2099914550781
2024-09-09,267.739990234375
2024-09-10,260.8699951171875
2024-09-11,257.6199951171875
2024-09-12,258.2799987792969
2024-09-13,261.54998779296875
2024-09-16,265.2099914550781
2024-09-17,265.4100036621094
2024-09-18,269.0199890136719
2024-09-19,268.0299987792969
2024-09-20,267.510009765625
2024-09-23,268.1300048828125
2024-09-24,257.32000732421875
2024-09-25,257.0199890136719
2024-09-26,260.3599853515625
2024-09-27,263.07000732421875
2024-09-30,264.3800048828125
2024-10-01,264.6499938964844
2024-10-02,261.5199890136719
2024-10-03,257.45001220703125
2024-10-04,258.29998779296875
2024-10-07,256.3800048828125
2024-10-08,257.9100036621094
2024-10-09,258.0799865722656
2024-10-10,252.8500061035156
2024-10-11,259.3900146484375
2024-10-14,260.8399963378906
2024-10-15,259.3299865722656
2024-10-16,260.6600036621094
2024-10-17,261.8699951171875
2024-10-18,261.5299987792969
2024-10-21,261.239990234375
2024-10-22,257.1099853515625
2024-10-23,256.0
2024-10-24,254.6999969482422
2024-10-25,253.8300018310547
2024-10-28,255.16000366210932
2024-10-29,253.759994506836
2024-10-30,250.4900054931641
2024-10-31,184.9600067138672
2024-11-01,189.22999572753903
2024-11-04,191.0399932861328
2024-11-05,193.2400054931641
2024-11-06,203.2100067138672
2024-11-07,197.82000732421875
2024-11-08,202.66000366210932
2024-11-11,206.6300048828125
2024-11-12,204.6000061035156
2024-11-13,204.0
2024-11-14,195.3300018310547
2024-11-15,193.5599975585937
2024-11-18,196.3000030517578
2024-11-19,191.6100006103516
2024-11-20,190.25
2024-11-21,195.3000030517578
2024-11-22,198.9499969482422
2024-11-25,198.8800048828125
2024-11-26,197.97999572753903
2024-11-27,199.3699951171875
2024-11-29,197.9199981689453
2024-12-02,194.83999633789065
2024-12-03,191.8699951171875
2024-12-04,192.8999938964844
2024-12-05,188.8800048828125
2024-12-06,187.9499969482422
2024-12-09,193.25
2024-12-10,190.97999572753903
2024-12-11,191.5200042724609
2024-12-12,190.8500061035156
2024-12-13,192.13999938964844
2024-12-16,198.2700042724609
2024-12-17,193.4900054931641
2024-12-18,194.44000244140625
2024-12-19,187.6100006103516
2024-12-20,190.4499969482422
2024-12-23,190.41000366210932
2024-12-24,192.4600067138672
2024-12-26,191.8300018310547
2024-12-27,190.4199981689453
2024-12-30,188.41000366210932
2024-12-31,188.97000122070312
2025-01-02,187.6100006103516
2025-01-03,188.0800018310547
2025-01-06,186.6999969482422
2025-01-07,189.0500030517578
2025-01-08,189.66000366210932
2025-01-10,190.0200042724609
2025-01-13,195.13999938964844
2025-01-14,197.42999267578125
2025-01-15,198.6999969482422
2025-01-16,201.0200042724609
2025-01-17,202.5500030517578
2025-01-21,208.6100006103516
2025-01-22,205.1699981689453
2025-01-23,204.13999938964844
2025-01-24,202.72000122070312
2025-01-27,202.9900054931641
2025-01-28,195.7700042724609
2025-01-29,192.88999938964844
2025-01-30,195.5
2025-01-31,197.259994506836
2025-02-03,196.5599975585937
2025-02-04,195.759994506836
2025-02-05,195.5800018310547
2025-02-06,159.75
2025-02-07,168.49000549316406
2025-02-10,168.27000427246094
2025-02-11,167.77000427246094
2025-02-12,163.49000549316406
2025-02-13,160.82000732421875
2025-02-14,161.27000427246094
2025-02-18,169.7100067138672
2025-02-19,173.77000427246094
2025-02-20,177.88999938964844
2025-02-21,170.2899932861328
2025-02-24,168.80999755859375
2025-02-25,175.47999572753906
2025-02-26,173.19000244140625
2025-02-27,174.27999877929688
2025-02-28,175.5800018310547
2025-03-03,172.67999267578125
2025-03-04,172.3000030517578
2025-03-05,193.58999633789065
2025-03-06,193.92999267578125
2025-03-07,195.97000122070312
2025-03-10,197.02999877929688
2025-03-11,195.009994506836
2025-03-12,191.72999572753903
2025-03-13,195.509994506836
2025-03-14,196.16000366210932
2025-03-17,207.1300048828125
2025-03-18,208.57000732421875
2025-03-19,207.42999267578125
2025-03-20,201.7100067138672
2025-03-21,201.47000122070312
2025-03-24,205.88999938964844
2025-03-25,206.25
2025-03-26,203.2700042724609
2025-03-27,203.1499938964844
2025-03-28,205.32000732421875
2025-03-31,204.0399932861328
2025-04-01,202.1999969482422
2025-04-02,204.92999267578125
2025-04-03,199.22000122070312
2025-04-04,184.9499969482422
2025-04-07,183.3099975585937
2025-04-08,187.5399932861328
2025-04-09,200.0800018310547
2025-04-10,200.88999938964844
2025-04-11,215.7400054931641
2025-04-14,219.9499969482422
2025-04-15,217.97999572753903
2025-04-16,215.6000061035156
2025-04-17,219.47999572753903
2025-04-21,217.8600006103516
2025-04-22,217.22000122070312
2025-04-23,217.92999267578125
2025-04-24,221.8999938964844
2025-04-25,226.0500030517578
2025-04-28,228.3500061035156
2025-04-29,230.3699951171875
2025-04-30,230.33999633789065
2025-05-01,227.47999572753903
2025-05-02,230.0200042724609
2025-05-05,233.17999267578125
2025-05-06,232.8999938964844
2025-05-07,230.2100067138672
2025-05-08,232.9499969482422
2025-05-09,231.6300048828125
2025-05-12,229.7400054931641
2025-05-13,225.72999572753903
2025-05-14,223.1100006103516
2025-05-15,228.16000366210932
2025-05-16,230.0500030517578
2025-05-19,229.3500061035156
2025-05-20,228.0200042724609
2025-05-21,223.3800048828125
2025-05-22,224.4900054931641
2025-05-23,224.7400054931641
2025-05-27,227.83999633789065
2025-05-28,225.6000061035156
2025-05-29,223.67999267578125
2025-05-30,223.0599975585937
2025-06-02,222.8000030517578
2025-06-03,227.9600067138672
2025-06-04,224.7899932861328
2025-06-05,224.77999877929688
2025-06-06,226.4900054931641
2025-06-09,228.07000732421875
2025-06-10,223.3000030517578
2025-06-11,226.1499938964844
2025-06-12,229.1199951171875
2025-06-13,232.72999572753903
2025-06-16,229.259994506836
2025-06-17,234.0800018310547
2025-06-18,234.2100067138672
2025-06-20,234.5399932861328
2025-06-23,237.1000061035156
2025-06-24,231.6300048828125
2025-06-25,235.1199951171875
2025-06-26,239.8300018310547
2025-06-27,238.6499938964844
2025-06-30,241.4600067138672
2025-07-01,246.3099975585937
2025-07-02,250.1499938964844
2025-07-03,252.0800018310547
2025-07-07,253.52999877929688
2025-07-08,247.9499969482422
2025-07-09,248.9199981689453
2025-07-10,258.1099853515625
2025-07-11,258.17999267578125
2025-07-14,258.5
2025-07-15,253.67999267578125
2025-07-16,253.82000732421875
2025-07-17,255.3500061035156
2025-07-18,254.4900054931641
2025-07-21,252.92999267578125
2025-07-22,253.9600067138672
2025-07-23,265.5599975585937
2025-07-24,263.3299865722656
2025-07-25,264.82000732421875
2025-07-28,262.489990234375
2025-07-29,260.8399963378906
2025-07-30,258.5199890136719
2025-07-31,278.8599853515625
2025-08-01,269.8299865722656
2025-08-04,265.6700134277344
2025-08-05,270.9200134277344
2025-08-06,267.489990234375
2025-08-07,266.45001220703125
2025-08-08,264.69000244140625
2025-08-11,266.6499938964844
2025-08-12,268.0
2025-08-13,269.42999267578125
2025-08-14,267.4599914550781
2025-08-15,266.25
2025-08-18,267.6000061035156
2025-08-19,265.3999938964844
2025-08-20,267.0899963378906
2025-08-21,266.4800109863281
2025-08-22,269.9800109863281
2025-08-25,270.7200012207031
2025-08-26,271.739990234375
2025-08-27,276.3900146484375
2025-08-28,275.2699890136719
2025-08-29,270.7900085449219
2025-09-02,269.7099914550781
2025-09-03,269.3299865722656
2025-09-04,269.9800109863281
2025-09-05,271.1300048828125
2025-09-08,269.94000244140625
2025-09-09,267.07000732421875
2025-09-10,271.92999267578125
2025-09-11,276.07000732421875
2025-09-12,274.7099914550781
2025-09-15,273.0199890136719
2025-09-16,273.19000244140625
2025-09-17,272.4599914550781
2025-09-18,274.69000244140625
2025-09-19,275.1300048828125
2025-09-22,276.1600036621094
2025-09-23,276.010009765625
2025-09-24,277.510009765625
2025-09-25,271.25
2025-09-26,278.7699890136719
2025-09-29,279.5299987792969
2025-09-30,287.9100036621094
2025-10-01,286.010009765625
2025-10-02,282.2200012207031
2025-10-03,284.239990234375
2025-10-06,288.489990234375
2025-10-07,285.3800048828125
2025-10-08,290.8299865722656
2025-10-09,286.1400146484375
2025-10-10,282.989990234375
2025-10-13,287.8999938964844
2025-10-14,291.94000244140625
2025-10-15,284.9599914550781
2025-10-16,282.6600036621094
2025-10-17,280.0199890136719
2025-10-20,285.7699890136719
2025-10-21,287.5299987792969
2025-10-22,283.6400146484375
2025-10-23,290.0899963378906
2025-10-24,299.9100036621094
2025-10-27,301.69000244140625
2025-10-28,299.1400146484375
2025-10-29,298.4200134277344
2025-10-30,319.07000732421875
2025-10-31,322.0199890136719
2025-11-03,317.5400085449219
2025-11-04,315.8999938964844
2025-11-05,306.67999267578125
2025-11-06,305.42999267578125
2025-11-07,309.5599975585937
2025-11-10,318.6600036621094
2025-11-11,324.19000244140625
2025-11-12,317.8900146484375
2025-11-13,312.6700134277344
2025-11-14,313.9700012207031
2025-11-17,309.739990234375
2025-11-18,309.1600036621094
2025-11-19,309.739990234375
2025-11-20,301.8299865722656
2025-11-21,305.489990234375
2025-11-24,309.9200134277344
2025-11-25,314.7300109863281
2025-11-26,314.3099975585937
2025-11-28,313.6199951171875
2025-12-01,306.6499938964844
2025-12-02,307.20001220703125
2025-12-03,309.2300109863281
2025-12-04,315.8800048828125
2025-12-05,304.5799865722656
2025-12-08,315.8800048828125
2025-12-09,314.95001220703125
2025-12-10,323.1400146484375
2025-12-11,326.7200012207031
2025-12-12,326.9200134277344
2025-12-15,329.1600036621094
2025-12-16,326.79998779296875
2025-12-17,321.2900085449219
2025-12-18,322.6300048828125
2025-12-19,336.6400146484375
2025-12-22,353.5199890136719
2025-12-23,354.5199890136719
2025-12-24,355.45001220703125
2025-12-26,351.1300048828125
2025-12-29,345.7300109863281
2025-12-30,341.9800109863281
2025-12-31,340.07000732421875
2026-01-02,349.75
2026-01-05,363.4800109863281
2026-01-06,367.6000061035156
2026-01-07,356.45001220703125
2026-01-08,378.4700012207031
2026-01-09,386.989990234375
2026-01-12,398.25
2026-01-13,411.6600036621094
2026-01-14,415.3900146484375
2026-01-15,418.8599853515625
2026-01-16,425.8999938964844
2026-01-20,415.5799865722656
2026-01-21,422.6799926757813
2026-01-22,424.1400146484375
2026-01-23,418.5799865722656
2026-01-26,413.55999755859375
2026-01-27,422.7900085449219
2026-01-28,425.3900146484375
2026-01-29,427.8299865722656
2026-01-30,420.510009765625
2026-02-02,420.2999877929688
2026-02-03,429.6400146484375
2026-02-04,413.1400146484375
2026-02-05,369.3800048828125
2026-02-06,397.7699890136719
2026-02-09,405.8200073242188
2026-02-10,399.3699951171875
2026-02-11,392.7000122070313
2026-02-12,406.760009765625
2026-02-13,418.7799987792969
2026-02-17,417.8299865722656
2026-02-18,424.8900146484375
2026-02-19,443.1400146484375
2026-02-20,437.5700073242188
2026-02-23,438.010009765625
2026-02-24,447.7300109863281
2026-02-25,435.5799865722656
2026-02-26,443.0
2026-02-27,444.5199890136719
2026-03-02,453.7300109863281
2026-03-03,440.3299865722656
2026-03-04,437.0299987792969
2026-03-05,421.1700134277344
2026-03-06,429.1099853515625
2026-03-09,429.5799865722656
2026-03-10,417.510009765625
2026-03-11,413.7000122070313
2026-03-12,414.55999755859375
2026-03-13,415.7099914550781
2026-03-16,416.5899963378906
2026-03-17,422.9400024414063
2026-03-18,427.989990234375
2026-03-19,418.4200134277344
2026-03-20,407.9800109863281
2026-03-23,396.5700073242188
2026-03-24,402.0799865722656
2026-03-25,402.55999755859375
2026-03-26,384.7900085449219
2026-03-27,381.7900085449219
2026-03-30,369.0799865722656
2026-03-31,379.8999938964844
2026-04-01,393.3200073242188
2026-04-02,396.6199951171875
2026-04-06,407.6600036621094
2026-04-07,402.2799987792969
2026-04-08,411.3500061035156
2026-04-09,403.3699951171875
2026-04-10,394.4100036621094
2026-04-13,394.4599914550781
2026-04-14,398.0700073242188
2026-04-15,398.1300048828125
2026-04-16,396.1700134277344
2026-04-17,394.80999755859375
2026-04-20,392.19000244140625
2026-04-21,378.2099914550781
2026-04-22,366.8800048828125
2026-04-23,370.1400146484375
2026-04-24,359.2900085449219
2026-04-27,358.3999938964844
2026-04-28,361.3999938964844
2026-04-29,362.1700134277344
2026-04-30,364.2900085449219
2026-05-01,360.6000061035156
2026-05-04,363.3699951171875
2026-05-05,326.1300048828125
2026-05-06,319.5400085449219
2026-05-07,314.7200012207031
2026-05-08,316.2799987792969
2026-05-11,317.75
2026-05-12,333.55999755859375
2026-05-13,334.2200012207031
2026-05-14,336.95001220703125
2026-05-15,326.1700134277344
2026-05-18,329.3500061035156
2026-05-19,324.6000061035156
2026-05-20,321.9200134277344
2026-05-21,317.54998779296875
2026-05-22,320.6300048828125
2026-05-26,320.95001220703125
2026-05-27,317.55999755859375
2026-05-28,320.8999938964844
2026-05-29,308.1700134277344
2026-06-01,296.4100036621094
2026-06-02,293.6600036621094
2026-06-03,287.5400085449219
2026-06-04,294.5299987792969
2026-06-05,293.0400085449219
2026-06-08,292.260009765625
2026-06-09,297.5199890136719
2026-06-10,289.1300048828125
2026-06-11,300.95001220703125
2026-06-12,297.67999267578125
2026-06-15,299.6600036621094
2026-06-16,298.510009765625
2026-06-17,296.8900146484375
2026-06-18,285.42999267578125
2026-06-22,278.19000244140625
2026-06-23,283.4800109863281
2026-06-24,279.6199951171875
2026-06-25,279.0899963378906
2026-06-26,281.989990234375
