,HLT
2015-01-02,53.2288818359375
2015-01-05,51.50519943237305
2015-01-06,51.033241271972656
2015-01-07,51.85403823852539
2015-01-08,53.29043960571289
2015-01-09,52.75691986083984
2015-01-12,52.2234001159668
2015-01-13,52.6338005065918
2015-01-14,53.20835876464844
2015-01-15,52.53120040893555
2015-01-16,53.064720153808594
2015-01-20,52.90055847167969
2015-01-21,53.10575866699219
2015-01-22,54.87047958374024
2015-01-23,54.501121520996094
2015-01-26,55.21931838989258
2015-01-27,54.31644058227539
2015-01-28,54.27539825439453
2015-01-29,54.13175964355469
2015-01-30,53.29043960571289
2015-02-02,53.59823989868164
2015-02-03,54.52164077758789
2015-02-04,54.02915954589844
2015-02-05,55.13724136352539
2015-02-06,54.09072113037109
2015-02-09,54.35747909545898
2015-02-10,56.34791946411133
2015-02-11,57.78432083129883
2015-02-12,58.35887908935547
2015-02-13,58.62564086914063
2015-02-17,58.789798736572266
2015-02-18,58.56407928466797
2015-02-19,58.174198150634766
2015-02-20,58.174198150634766
2015-02-23,57.291839599609375
2015-02-24,57.02508163452149
2015-02-25,57.291839599609375
2015-02-26,57.47652053833008
2015-02-27,58.010040283203125
2015-03-02,59.241241455078125
2015-03-03,60.06203842163086
2015-03-04,59.42591857910156
2015-03-05,59.56956100463867
2015-03-06,57.94847869873047
2015-03-09,58.03055953979492
2015-03-10,57.27132034301758
2015-03-11,57.53807830810547
2015-03-12,58.09212112426758
2015-03-13,57.76380157470703
2015-03-16,59.46696090698242
2015-03-17,59.28227996826172
2015-03-18,60.12360000610352
2015-03-19,60.45191955566406
2015-03-20,60.14411926269531
2015-03-23,60.47243881225586
2015-03-24,60.49296188354492
2015-03-25,58.994998931884766
2015-03-26,59.87736129760742
2015-03-27,61.047000885009766
2015-03-30,60.800758361816406
2015-03-31,60.78023910522461
2015-04-01,60.08256149291992
2015-04-02,60.24671936035156
2015-04-06,60.78023910522461
2015-04-07,59.89788055419922
2015-04-08,62.60652160644531
2015-04-09,63.81719970703125
2015-04-10,63.5093994140625
2015-04-13,62.544960021972656
2015-04-14,62.11404037475586
2015-04-15,61.99092102050781
2015-04-16,61.27272033691406
2015-04-17,60.739200592041016
2015-04-20,61.27272033691406
2015-04-21,61.78572082519531
2015-04-22,61.60103988647461
2015-04-23,62.19612121582031
2015-04-24,62.134559631347656
2015-04-27,60.82128143310547
2015-04-28,60.41088104248047
2015-04-29,61.06752014160156
2015-04-30,59.42591857910156
2015-05-01,61.211158752441406
2015-05-04,60.30828094482422
2015-05-05,59.59008026123047
2015-05-06,59.63111877441406
2015-05-07,60.49296188354492
2015-05-08,61.76520156860352
2015-05-11,60.92388153076172
2015-05-12,60.39036178588867
2015-05-13,59.73371887207031
2015-05-14,60.53400039672852
2015-05-15,60.53400039672852
2015-05-18,60.55451965332031
2015-05-19,60.71868133544922
2015-05-20,60.78023910522461
2015-05-21,60.08256149291992
2015-05-22,60.226200103759766
2015-05-26,59.85683822631836
2015-05-27,60.39036178588867
2015-05-28,60.34931945800781
2015-05-29,59.42591857910156
2015-06-01,59.85683822631836
2015-06-02,59.89788055419922
2015-06-03,60.10308074951172
2015-06-04,60.06203842163086
2015-06-05,60.30828094482422
2015-06-08,59.01551818847656
2015-06-09,59.87736129760742
2015-06-10,58.830841064453125
2015-06-11,59.097599029541016
2015-06-12,58.687198638916016
2015-06-15,58.31784057617188
2015-06-16,57.51755905151367
2015-06-17,57.31235885620117
2015-06-18,58.19472122192383
2015-06-19,57.64067840576172
2015-06-22,57.599639892578125
2015-06-23,57.66120147705078
2015-06-24,57.41495895385742
2015-06-25,57.43547821044922
2015-06-26,57.62015914916992
2015-06-29,56.08116149902344
2015-06-30,56.53260040283203
2015-07-01,57.00455856323242
2015-07-02,57.00455856323242
2015-07-06,57.04560089111328
2015-07-07,57.14820098876953
2015-07-08,55.83491897583008
2015-07-09,55.97856140136719
2015-07-10,57.230281829833984
2015-07-13,57.80484008789063
2015-07-14,58.23575973510742
2015-07-15,57.74327850341797
2015-07-16,57.96900177001953
2015-07-17,58.010040283203125
2015-07-20,58.112640380859375
2015-07-21,57.49703979492188
2015-07-22,57.43547821044922
2015-07-23,55.50659942626953
2015-07-24,55.05516052246094
2015-07-27,54.37799835205078
2015-07-28,54.35747909545898
2015-07-29,56.86091995239258
2015-07-30,54.460079193115234
2015-07-31,55.09619903564453
2015-08-03,54.43955993652344
2015-08-04,53.680320739746094
2015-08-05,52.90055847167969
2015-08-06,52.71588134765625
2015-08-07,53.16732025146485
2015-08-10,53.78292083740234
2015-08-11,53.18783950805664
2015-08-12,53.023681640625
2015-08-13,53.023681640625
2015-08-14,52.57223892211914
2015-08-17,53.39303970336914
2015-08-18,53.023681640625
2015-08-19,52.75691986083984
2015-08-20,51.217918395996094
2015-08-21,50.27399826049805
2015-08-24,48.63240051269531
2015-08-25,48.304080963134766
2015-08-26,49.9251594543457
2015-08-27,51.05376052856445
2015-08-28,51.382080078125
2015-08-31,50.9511604309082
2015-09-01,49.45320129394531
2015-09-02,50.04827880859375
2015-09-03,50.72544097900391
2015-09-04,50.47919845581055
2015-09-08,52.0181999206543
2015-09-09,52.12080001831055
2015-09-10,52.243919372558594
2015-09-11,52.51068115234375
2015-09-14,52.26443862915039
2015-09-15,51.32051849365234
2015-09-16,52.26443862915039
2015-09-17,52.16183853149414
2015-09-18,49.16592025756836
2015-09-21,49.3095588684082
2015-09-22,48.59135818481445
2015-09-23,47.93471908569336
2015-09-24,47.585880279541016
2015-09-25,47.38068008422852
2015-09-28,45.22608184814453
2015-09-29,44.93880081176758
2015-09-30,47.072879791259766
2015-10-01,48.18096160888672
2015-10-02,48.38616180419922
2015-10-05,49.16592025756836
2015-10-06,48.817081451416016
2015-10-07,49.67892074584961
2015-10-08,51.07427978515625
2015-10-09,51.730918884277344
2015-10-12,51.75143814086914
2015-10-13,51.29999923706055
2015-10-14,50.109840393066406
2015-10-15,50.64336013793945
2015-10-16,49.699440002441406
2015-10-19,49.59683990478516
2015-10-20,51.135841369628906
2015-10-21,50.3765983581543
2015-10-22,51.75143814086914
2015-10-23,50.39712142944336
2015-10-26,51.29999923706055
2015-10-27,51.93611907958984
2015-10-28,51.48468017578125
2015-10-29,51.6077995300293
2015-10-30,51.27947998046875
2015-11-02,51.89508056640625
2015-11-03,52.46963882446289
2015-11-04,52.14131927490234
2015-11-05,52.67483901977539
2015-11-06,52.61328125
2015-11-09,52.202880859375
2015-11-10,52.73640060424805
2015-11-11,52.53120040893555
2015-11-12,51.54624176025391
2015-11-13,50.109840393066406
2015-11-16,48.919681549072266
2015-11-17,47.50379943847656
2015-11-18,48.03731918334961
2015-11-19,48.22200012207031
2015-11-20,48.26303863525391
2015-11-23,48.50928115844727
2015-11-24,48.11940002441406
2015-11-25,47.893680572509766
2015-11-27,47.81159973144531
2015-11-30,47.64744186401367
2015-12-01,48.406681060791016
2015-12-02,47.79108047485352
2015-12-03,46.86767959594727
2015-12-04,47.29859924316406
2015-12-07,46.51884078979492
2015-12-08,46.21104049682617
2015-12-09,44.61048126220703
2015-12-10,45.32867813110352
2015-12-11,44.73360061645508
2015-12-14,43.66656112670898
2015-12-15,43.78968048095703
2015-12-16,46.06740188598633
2015-12-17,45.39023971557617
2015-12-18,44.035919189453125
2015-12-21,43.85123825073242
2015-12-22,44.65151977539063
2015-12-23,45.22608184814453
2015-12-24,44.87723922729492
2015-12-28,44.69255828857422
2015-12-29,44.71308135986328
2015-12-30,44.32320022583008
2015-12-31,43.91279983520508
2016-01-04,43.27667999267578
2016-01-05,43.29719924926758
2016-01-06,41.040000915527344
2016-01-07,39.5009994506836
2016-01-08,39.29579925537109
2016-01-11,39.4804801940918
2016-01-12,40.13711929321289
2016-01-13,38.0440788269043
2016-01-14,37.75680160522461
2016-01-15,36.42300033569336
2016-01-19,35.520118713378906
2016-01-20,36.40248107910156
2016-01-21,37.67472076416016
2016-01-22,37.49003982543945
2016-01-25,35.7458381652832
2016-01-26,37.94147872924805
2016-01-27,36.7718391418457
2016-01-28,35.253360748291016
2016-01-29,36.546119689941406
2016-02-01,36.85391998291016
2016-02-02,35.45856094360352
2016-02-03,35.725318908691406
2016-02-04,37.12068176269531
2016-02-05,36.11520004272461
2016-02-08,35.86896133422852
2016-02-09,36.19728088378906
2016-02-10,37.10015869140625
2016-02-11,36.62820053100586
2016-02-12,38.0440788269043
2016-02-16,38.96747970581055
2016-02-17,40.42440032958984
2016-02-18,40.23971939086914
2016-02-19,40.793758392333984
2016-02-22,40.83480072021485
2016-02-23,40.793758392333984
2016-02-24,40.81428146362305
2016-02-25,41.45040130615234
2016-02-26,42.47639846801758
2016-02-29,42.64056015014648
2016-03-01,42.98939895629883
2016-03-02,43.89228057861328
2016-03-03,44.30268096923828
2016-03-04,44.91828155517578
2016-03-07,44.241119384765625
2016-03-08,42.96887969970703
2016-03-09,42.62004089355469
2016-03-10,42.08652114868164
2016-03-11,43.625518798828125
2016-03-14,43.728118896484375
2016-03-15,43.33824157714844
2016-03-16,43.563961029052734
2016-03-17,43.58448028564453
2016-03-18,45.16452026367188
2016-03-21,45.98532104492188
2016-03-22,45.71855926513672
2016-03-23,45.02088165283203
2016-03-24,45.28763961791992
2016-03-28,45.71855926513672
2016-03-29,46.087921142578125
2016-03-30,46.64196014404297
2016-03-31,46.21104049682617
2016-04-01,45.16452026367188
2016-04-04,45.533878326416016
2016-04-05,44.81568145751953
2016-04-06,45.65700149536133
2016-04-07,45.34920120239258
2016-04-08,45.75960159301758
2016-04-11,45.75960159301758
2016-04-12,46.087921142578125
2016-04-13,46.78559875488281
2016-04-14,46.600921630859375
2016-04-15,46.14947891235352
2016-04-18,45.61595916748047
2016-04-19,45.780120849609375
2016-04-20,44.97983932495117
2016-04-21,45.39023971557617
2016-04-22,44.42580032348633
2016-04-25,44.61048126220703
2016-04-26,44.40528106689453
2016-04-27,45.71855926513672
2016-04-28,45.636478424072266
2016-04-29,45.24660110473633
2016-05-02,45.65700149536133
2016-05-03,45.55440139770508
2016-05-04,45.22608184814453
2016-05-05,45.22608184814453
2016-05-06,45.20555877685547
2016-05-09,45.431278228759766
2016-05-10,46.86767959594727
2016-05-11,45.71855926513672
2016-05-12,45.00035858154297
2016-05-13,44.11800003051758
2016-05-16,44.65151977539063
2016-05-17,44.63100051879883
2016-05-18,43.256160736083984
2016-05-19,42.31224060058594
2016-05-20,42.14807891845703
2016-05-23,42.31224060058594
2016-05-24,42.76367950439453
2016-05-25,43.00991821289063
2016-05-26,42.06600189208984
2016-05-27,42.57899856567383
2016-05-31,42.64056015014648
2016-06-01,42.96887969970703
2016-06-02,44.34371948242188
2016-06-03,44.56943893432617
2016-06-06,45.16452026367188
2016-06-07,44.79515838623047
2016-06-08,44.56943893432617
2016-06-09,44.32320022583008
2016-06-10,43.46136093139648
2016-06-13,43.46136093139648
2016-06-14,43.37928009033203
2016-06-15,44.48735809326172
2016-06-16,44.61048126220703
2016-06-17,46.10844039916992
2016-06-20,47.52431869506836
2016-06-21,46.92924118041992
2016-06-22,46.92924118041992
2016-06-23,48.07836151123047
2016-06-24,44.83620071411133
2016-06-27,43.35876083374024
2016-06-28,44.15903854370117
2016-06-29,45.73907852172852
2016-06-30,46.23155975341797
2016-07-01,46.94976043701172
2016-07-05,45.92375946044922
2016-07-06,46.31364059448242
2016-07-07,46.86767959594727
2016-07-08,47.87316131591797
2016-07-11,48.13991928100586
2016-07-12,48.75551986694336
2016-07-13,48.468238830566406
2016-07-14,48.65291976928711
2016-07-15,48.817081451416016
2016-07-18,49.227481842041016
2016-07-19,49.02228164672852
2016-07-20,49.24800109863281
2016-07-21,49.18643951416016
2016-07-22,49.9456787109375
2016-07-25,49.124881744384766
2016-07-26,48.981239318847656
2016-07-27,47.54484176635742
2016-07-28,46.97027969360352
2016-07-29,47.585880279541016
2016-08-01,47.852638244628906
2016-08-02,46.92924118041992
2016-08-03,46.84716033935547
2016-08-04,47.36016082763672
2016-08-05,48.11940002441406
2016-08-08,48.878639221191406
2016-08-09,48.59135818481445
2016-08-10,48.34511947631836
2016-08-11,48.55031967163086
2016-08-12,49.06332015991211
2016-08-15,49.494239807128906
2016-08-16,50.00724029541016
2016-08-17,49.82255935668945
2016-08-18,49.55580139160156
2016-08-19,49.59683990478516
2016-08-22,49.55580139160156
2016-08-23,49.5147590637207
2016-08-24,49.59683990478516
2016-08-25,49.65840148925781
2016-08-26,49.289039611816406
2016-08-29,49.24800109863281
2016-08-30,48.79655838012695
2016-08-31,48.981239318847656
2016-09-01,48.77603912353516
2016-09-02,48.714481353759766
2016-09-06,48.48876190185547
2016-09-07,48.52980041503906
2016-09-08,48.03731918334961
2016-09-09,46.64196014404297
2016-09-12,47.29859924316406
2016-09-13,47.05236053466797
2016-09-14,47.46276092529297
2016-09-15,47.40119934082031
2016-09-16,47.25756072998047
2016-09-19,47.23704147338867
2016-09-20,47.83211898803711
2016-09-21,47.83211898803711
2016-09-22,48.36563873291016
2016-09-23,48.42720031738281
2016-09-26,47.09339904785156
2016-09-27,47.31911849975586
2016-09-28,46.90871810913086
2016-09-29,46.82664108276367
2016-09-30,47.05236053466797
2016-10-03,46.94976043701172
2016-10-04,46.84716033935547
2016-10-05,46.662479400634766
2016-10-06,46.23155975341797
2016-10-07,46.02635955810547
2016-10-10,46.84716033935547
2016-10-11,46.27259826660156
2016-10-12,46.68299865722656
2016-10-13,46.62144088745117
2016-10-14,46.97027969360352
2016-10-17,46.68299865722656
2016-10-18,47.25756072998047
2016-10-19,47.40119934082031
2016-10-20,47.19599914550781
2016-10-21,47.01131820678711
2016-10-24,47.072879791259766
2016-10-25,46.64196014404297
2016-10-26,45.80064010620117
2016-10-27,45.65700149536133
2016-10-28,45.65700149536133
2016-10-31,46.37519836425781
2016-11-01,46.04687881469727
2016-11-02,45.75960159301758
2016-11-03,45.71855926513672
2016-11-04,46.354679107666016
2016-11-07,47.01131820678711
2016-11-08,47.81159973144531
2016-11-09,48.44771957397461
2016-11-10,48.13991928100586
2016-11-11,48.65291976928711
2016-11-14,49.90464019775391
2016-11-15,50.25347900390625
2016-11-16,50.3765983581543
2016-11-17,50.41764068603516
2016-11-18,50.109840393066406
2016-11-21,50.5407600402832
2016-11-22,50.9921989440918
2016-11-23,51.3615608215332
2016-11-25,51.93611907958984
2016-11-28,50.910118103027344
2016-11-29,50.910118103027344
2016-11-30,51.443641662597656
2016-12-01,51.730918884277344
2016-12-02,51.8335189819336
2016-12-05,53.53667831420898
2016-12-06,53.98812103271485
2016-12-07,55.48608016967773
2016-12-08,53.84447860717773
2016-12-09,54.41904067993164
2016-12-12,53.33147811889648
2016-12-13,54.13175964355469
2016-12-14,54.74736022949219
2016-12-15,56.04011917114258
2016-12-16,56.49156188964844
2016-12-19,56.84040069580078
2016-12-20,56.922481536865234
2016-12-21,56.90195846557617
2016-12-22,56.32740020751953
2016-12-23,56.16323852539063
2016-12-27,56.28636169433594
2016-12-28,55.50659942626953
2016-12-29,55.91699981689453
2016-12-30,55.81439971923828
2017-01-03,56.20428085327149
2017-01-04,58.0
2017-01-05,57.31999969482422
2017-01-06,57.470001220703125
2017-01-09,56.959999084472656
2017-01-10,56.02000045776367
2017-01-11,56.0
2017-01-12,55.400001525878906
2017-01-13,56.220001220703125
2017-01-17,56.09000015258789
2017-01-18,56.95000076293945
2017-01-19,57.5
2017-01-20,57.70000076293945
2017-01-23,57.75
2017-01-24,58.09999847412109
2017-01-25,58.77999877929688
2017-01-26,58.75
2017-01-27,58.54999923706055
2017-01-30,58.040000915527344
2017-01-31,57.58000183105469
2017-02-01,57.34999847412109
2017-02-02,57.29999923706055
2017-02-03,57.79999923706055
2017-02-06,57.720001220703125
2017-02-07,57.810001373291016
2017-02-08,58.2599983215332
2017-02-09,58.63999938964844
2017-02-10,58.68999862670898
2017-02-13,58.84999847412109
2017-02-14,58.470001220703125
2017-02-15,59.459999084472656
2017-02-16,59.2400016784668
2017-02-17,58.5
2017-02-21,58.02000045776367
2017-02-22,57.84999847412109
2017-02-23,57.209999084472656
2017-02-24,57.77999877929688
2017-02-27,58.02000045776367
2017-02-28,57.20000076293945
2017-03-01,57.70000076293945
2017-03-02,58.16999816894531
2017-03-03,57.75
2017-03-06,57.310001373291016
2017-03-07,56.63999938964844
2017-03-08,56.290000915527344
2017-03-09,55.84000015258789
2017-03-10,56.47999954223633
2017-03-13,57.5099983215332
2017-03-14,57.290000915527344
2017-03-15,58.150001525878906
2017-03-16,58.209999084472656
2017-03-17,57.91999816894531
2017-03-20,57.5
2017-03-21,56.68999862670898
2017-03-22,57.70000076293945
2017-03-23,58.31999969482422
2017-03-24,58.310001373291016
2017-03-27,57.84999847412109
2017-03-28,58.66999816894531
2017-03-29,58.61000061035156
2017-03-30,58.77000045776367
2017-03-31,58.459999084472656
2017-04-03,57.619998931884766
2017-04-04,57.06999969482422
2017-04-05,56.75
2017-04-06,57.09999847412109
2017-04-07,56.59999847412109
2017-04-10,57.18000030517578
2017-04-11,57.47999954223633
2017-04-12,57.41999816894531
2017-04-13,57.11000061035156
2017-04-17,57.33000183105469
2017-04-18,56.86000061035156
2017-04-19,56.91999816894531
2017-04-20,57.59000015258789
2017-04-21,57.34999847412109
2017-04-24,58.040000915527344
2017-04-25,58.540000915527344
2017-04-26,60.59999847412109
2017-04-27,60.2400016784668
2017-04-28,58.970001220703125
2017-05-01,59.31999969482422
2017-05-02,61.4900016784668
2017-05-03,61.0
2017-05-04,60.5
2017-05-05,61.06999969482422
2017-05-08,60.68000030517578
2017-05-09,62.33000183105469
2017-05-10,62.119998931884766
2017-05-11,62.209999084472656
2017-05-12,62.09999847412109
2017-05-15,62.619998931884766
2017-05-16,62.43000030517578
2017-05-17,61.29999923706055
2017-05-18,62.43999862670898
2017-05-19,63.84999847412109
2017-05-22,65.25
2017-05-23,65.48999786376953
2017-05-24,65.4800033569336
2017-05-25,65.12999725341797
2017-05-26,65.33999633789062
2017-05-30,65.54000091552734
2017-05-31,66.47000122070312
2017-06-01,66.63999938964844
2017-06-02,67.41000366210938
2017-06-05,66.98999786376953
2017-06-06,65.76000213623047
2017-06-07,66.1500015258789
2017-06-08,65.0199966430664
2017-06-09,64.75
2017-06-12,65.8499984741211
2017-06-13,66.44999694824219
2017-06-14,66.25
2017-06-15,66.8499984741211
2017-06-16,66.41000366210938
2017-06-19,66.83999633789062
2017-06-20,65.87999725341797
2017-06-21,65.5999984741211
2017-06-22,65.19999694824219
2017-06-23,65.4000015258789
2017-06-26,65.2300033569336
2017-06-27,63.45000076293945
2017-06-28,63.36000061035156
2017-06-29,62.25
2017-06-30,61.84999847412109
2017-07-03,61.310001373291016
2017-07-05,61.5099983215332
2017-07-06,61.08000183105469
2017-07-07,61.7599983215332
2017-07-10,62.20000076293945
2017-07-11,62.459999084472656
2017-07-12,61.93000030517578
2017-07-13,62.08000183105469
2017-07-14,62.45000076293945
2017-07-17,62.619998931884766
2017-07-18,62.4900016784668
2017-07-19,62.119998931884766
2017-07-20,62.0099983215332
2017-07-21,62.470001220703125
2017-07-24,62.0099983215332
2017-07-25,63.08000183105469
2017-07-26,62.52000045776367
2017-07-27,62.560001373291016
2017-07-28,62.459999084472656
2017-07-31,62.52999877929688
2017-08-01,62.77000045776367
2017-08-02,61.97999954223633
2017-08-03,62.130001068115234
2017-08-04,62.97999954223633
2017-08-07,63.77000045776367
2017-08-08,62.08000183105469
2017-08-09,61.369998931884766
2017-08-10,61.0
2017-08-11,61.29999923706055
2017-08-14,61.75
2017-08-15,62.209999084472656
2017-08-16,62.43999862670898
2017-08-17,60.81999969482422
2017-08-18,61.060001373291016
2017-08-21,61.77999877929688
2017-08-22,63.31999969482422
2017-08-23,63.119998931884766
2017-08-24,62.90999984741211
2017-08-25,63.47999954223633
2017-08-28,63.16999816894531
2017-08-29,62.88999938964844
2017-08-30,64.31999969482422
2017-08-31,64.33000183105469
2017-09-01,64.58999633789062
2017-09-05,63.59999847412109
2017-09-06,63.66999816894531
2017-09-07,63.88999938964844
2017-09-08,65.13999938964844
2017-09-11,65.94999694824219
2017-09-12,66.06999969482422
2017-09-13,66.68000030517578
2017-09-14,66.5199966430664
2017-09-15,66.62999725341797
2017-09-18,66.55999755859375
2017-09-19,66.88999938964844
2017-09-20,67.04000091552734
2017-09-21,67.33999633789062
2017-09-22,68.19000244140625
2017-09-25,68.70999908447266
2017-09-26,69.5
2017-09-27,69.11000061035156
2017-09-28,69.36000061035156
2017-09-29,69.44999694824219
2017-10-02,69.43000030517578
2017-10-03,68.86000061035156
2017-10-04,68.91000366210938
2017-10-05,69.37000274658203
2017-10-06,69.4800033569336
2017-10-09,69.66000366210938
2017-10-10,69.91999816894531
2017-10-11,70.22000122070312
2017-10-12,70.37999725341797
2017-10-13,71.16000366210938
2017-10-16,71.12999725341797
2017-10-17,71.22000122070312
2017-10-18,71.05999755859375
2017-10-19,71.0999984741211
2017-10-20,71.04000091552734
2017-10-23,70.41999816894531
2017-10-24,71.13999938964844
2017-10-25,71.31999969482422
2017-10-26,72.4800033569336
2017-10-27,71.91000366210938
2017-10-30,72.6500015258789
2017-10-31,72.27999877929688
2017-11-01,72.44000244140625
2017-11-02,72.44000244140625
2017-11-03,73.16000366210938
2017-11-06,73.38999938964844
2017-11-07,72.61000061035156
2017-11-08,72.9000015258789
2017-11-09,72.05000305175781
2017-11-10,72.69000244140625
2017-11-13,72.62000274658203
2017-11-14,72.91000366210938
2017-11-15,73.37999725341797
2017-11-16,74.0199966430664
2017-11-17,74.11000061035156
2017-11-20,74.30999755859375
2017-11-21,75.63999938964844
2017-11-22,75.68000030517578
2017-11-24,75.76000213623047
2017-11-27,76.0
2017-11-28,76.12999725341797
2017-11-29,76.55999755859375
2017-11-30,77.55999755859375
2017-12-01,77.25
2017-12-04,77.66000366210938
2017-12-05,77.62999725341797
2017-12-06,76.75
2017-12-07,77.27999877929688
2017-12-08,78.37999725341797
2017-12-11,77.47000122070312
2017-12-12,77.0
2017-12-13,76.75
2017-12-14,76.0199966430664
2017-12-15,77.08999633789062
2017-12-18,78.08999633789062
2017-12-19,77.80999755859375
2017-12-20,78.3499984741211
2017-12-21,79.37000274658203
2017-12-22,79.3499984741211
2017-12-26,79.37000274658203
2017-12-27,80.1500015258789
2017-12-28,80.44999694824219
2017-12-29,79.86000061035156
2018-01-02,79.68000030517578
2018-01-03,80.8499984741211
2018-01-04,80.25
2018-01-05,79.29000091552734
2018-01-08,80.94000244140625
2018-01-09,81.93000030517578
2018-01-10,81.6500015258789
2018-01-11,83.06999969482422
2018-01-12,83.94999694824219
2018-01-16,83.4000015258789
2018-01-17,84.02999877929688
2018-01-18,83.94999694824219
2018-01-19,85.48999786376953
2018-01-22,85.7699966430664
2018-01-23,86.52999877929688
2018-01-24,85.79000091552734
2018-01-25,86.62999725341797
2018-01-26,87.69000244140625
2018-01-29,87.27999877929688
2018-01-30,86.41000366210938
2018-01-31,85.6500015258789
2018-02-01,85.76000213623047
2018-02-02,82.6500015258789
2018-02-05,79.91000366210938
2018-02-06,80.69000244140625
2018-02-07,82.0199966430664
2018-02-08,78.66000366210938
2018-02-09,80.43000030517578
2018-02-12,81.81999969482422
2018-02-13,83.20999908447266
2018-02-14,85.97000122070312
2018-02-15,84.55999755859375
2018-02-16,83.2699966430664
2018-02-20,84.30999755859375
2018-02-21,84.29000091552734
2018-02-22,83.37999725341797
2018-02-23,83.80999755859375
2018-02-26,82.13999938964844
2018-02-27,79.83999633789062
2018-02-28,80.79000091552734
2018-03-01,79.3499984741211
2018-03-02,78.9000015258789
2018-03-05,78.22000122070312
2018-03-06,78.94000244140625
2018-03-07,79.19999694824219
2018-03-08,79.20999908447266
2018-03-09,81.47000122070312
2018-03-12,81.12999725341797
2018-03-13,81.25
2018-03-14,81.23999786376953
2018-03-15,81.88999938964844
2018-03-16,81.51000213623047
2018-03-19,81.30000305175781
2018-03-20,81.3499984741211
2018-03-21,81.83999633789062
2018-03-22,80.44000244140625
2018-03-23,78.16999816894531
2018-03-26,79.9800033569336
2018-03-27,78.79000091552734
2018-03-28,78.30999755859375
2018-03-29,78.76000213623047
2018-04-02,77.06999969482422
2018-04-03,77.52999877929688
2018-04-04,78.02999877929688
2018-04-05,79.04000091552734
2018-04-06,77.51000213623047
2018-04-09,76.1500015258789
2018-04-10,75.01000213623047
2018-04-11,79.61000061035156
2018-04-12,79.94999694824219
2018-04-13,79.61000061035156
2018-04-16,80.52999877929688
2018-04-17,81.16000366210938
2018-04-18,82.18000030517578
2018-04-19,81.9800033569336
2018-04-20,82.33000183105469
2018-04-23,82.08999633789062
2018-04-24,82.04000091552734
2018-04-25,81.83000183105469
2018-04-26,81.93000030517578
2018-04-27,80.16999816894531
2018-04-30,78.83999633789062
2018-05-01,80.23999786376953
2018-05-02,79.44999694824219
2018-05-03,79.87000274658203
2018-05-04,81.16000366210938
2018-05-07,81.3499984741211
2018-05-08,82.43000030517578
2018-05-09,82.8499984741211
2018-05-10,82.76000213623047
2018-05-11,83.51000213623047
2018-05-14,82.97000122070312
2018-05-15,83.0199966430664
2018-05-16,84.19999694824219
2018-05-17,83.30000305175781
2018-05-18,83.83999633789062
2018-05-21,83.91999816894531
2018-05-22,82.76000213623047
2018-05-23,82.33000183105469
2018-05-24,82.02999877929688
2018-05-25,81.83000183105469
2018-05-29,80.33000183105469
2018-05-30,81.7300033569336
2018-05-31,80.70999908447266
2018-06-01,82.6500015258789
2018-06-04,83.19000244140625
2018-06-05,83.06999969482422
2018-06-06,84.68000030517578
2018-06-07,84.16999816894531
2018-06-08,84.13999938964844
2018-06-11,83.98999786376953
2018-06-12,83.80999755859375
2018-06-13,82.7300033569336
2018-06-14,82.93000030517578
2018-06-15,83.83999633789062
2018-06-18,84.33000183105469
2018-06-19,82.9800033569336
2018-06-20,82.01000213623047
2018-06-21,81.0199966430664
2018-06-22,80.87000274658203
2018-06-25,79.2699966430664
2018-06-26,79.19000244140625
2018-06-27,78.26000213623047
2018-06-28,78.25
2018-06-29,79.16000366210938
2018-07-02,79.30000305175781
2018-07-03,79.44999694824219
2018-07-05,79.69000244140625
2018-07-06,80.55999755859375
2018-07-09,80.94000244140625
2018-07-10,81.27999877929688
2018-07-11,80.61000061035156
2018-07-12,81.0
2018-07-13,80.97000122070312
2018-07-16,80.08000183105469
2018-07-17,81.06999969482422
2018-07-18,82.95999908447266
2018-07-19,82.13999938964844
2018-07-20,81.95999908447266
2018-07-23,81.61000061035156
2018-07-24,80.48999786376953
2018-07-25,80.37000274658203
2018-07-26,79.61000061035156
2018-07-27,78.44999694824219
2018-07-30,77.27999877929688
2018-07-31,78.66000366210938
2018-08-01,78.54000091552734
2018-08-02,78.44000244140625
2018-08-03,78.18000030517578
2018-08-06,78.12999725341797
2018-08-07,77.5999984741211
2018-08-08,76.88999938964844
2018-08-09,76.1500015258789
2018-08-10,75.6500015258789
2018-08-13,75.30999755859375
2018-08-14,76.54000091552734
2018-08-15,76.22000122070312
2018-08-16,77.23999786376953
2018-08-17,77.19999694824219
2018-08-20,76.29000091552734
2018-08-21,76.7300033569336
2018-08-22,77.19999694824219
2018-08-23,76.7699966430664
2018-08-24,77.11000061035156
2018-08-27,77.76000213623047
2018-08-28,77.47000122070312
2018-08-29,78.18000030517578
2018-08-30,77.58000183105469
2018-08-31,77.62000274658203
2018-09-04,77.16000366210938
2018-09-05,75.72000122070312
2018-09-06,75.69000244140625
2018-09-07,76.44000244140625
2018-09-10,76.58999633789062
2018-09-11,77.41000366210938
2018-09-12,77.95999908447266
2018-09-13,78.94000244140625
2018-09-14,80.05999755859375
2018-09-17,79.0999984741211
2018-09-18,79.38999938964844
2018-09-19,80.43000030517578
2018-09-20,81.08000183105469
2018-09-21,80.95999908447266
2018-09-24,80.16000366210938
2018-09-25,80.11000061035156
2018-09-26,80.66000366210938
2018-09-27,82.04000091552734
2018-09-28,80.77999877929688
2018-10-01,78.38999938964844
2018-10-02,77.08000183105469
2018-10-03,76.55000305175781
2018-10-04,75.41000366210938
2018-10-05,74.37999725341797
2018-10-08,74.94999694824219
2018-10-09,75.2300033569336
2018-10-10,73.4000015258789
2018-10-11,73.0999984741211
2018-10-12,73.62000274658203
2018-10-15,72.98999786376953
2018-10-16,74.62999725341797
2018-10-17,74.5199966430664
2018-10-18,72.05000305175781
2018-10-19,70.66000366210938
2018-10-22,70.16000366210938
2018-10-23,68.87000274658203
2018-10-24,63.81999969482422
2018-10-25,67.55000305175781
2018-10-26,68.2699966430664
2018-10-29,68.5999984741211
2018-10-30,68.69999694824219
2018-10-31,71.16999816894531
2018-11-01,72.6500015258789
2018-11-02,72.81999969482422
2018-11-05,72.4000015258789
2018-11-06,70.58999633789062
2018-11-07,72.97000122070312
2018-11-08,72.0199966430664
2018-11-09,71.16000366210938
2018-11-12,70.19000244140625
2018-11-13,70.86000061035156
2018-11-14,71.08000183105469
2018-11-15,72.88999938964844
2018-11-16,73.04000091552734
2018-11-19,71.19999694824219
2018-11-20,71.48999786376953
2018-11-21,72.56999969482422
2018-11-23,73.12000274658203
2018-11-26,75.08999633789062
2018-11-27,75.16999816894531
2018-11-28,76.94999694824219
2018-11-29,76.45999908447266
2018-11-30,75.54000091552734
2018-12-03,77.97000122070312
2018-12-04,75.1500015258789
2018-12-06,75.58999633789062
2018-12-07,72.86000061035156
2018-12-10,72.66999816894531
2018-12-11,72.4000015258789
2018-12-12,72.77999877929688
2018-12-13,72.22000122070312
2018-12-14,71.86000061035156
2018-12-17,70.2699966430664
2018-12-18,70.48999786376953
2018-12-19,69.66000366210938
2018-12-20,67.5
2018-12-21,66.47000122070312
2018-12-24,66.51000213623047
2018-12-26,69.51000213623047
2018-12-27,70.33000183105469
2018-12-28,70.94999694824219
2018-12-31,71.80000305175781
2019-01-02,70.94000244140625
2019-01-03,67.30000305175781
2019-01-04,69.94000244140625
2019-01-07,70.73999786376953
2019-01-08,71.86000061035156
2019-01-09,71.04000091552734
2019-01-10,72.06999969482422
2019-01-11,71.88999938964844
2019-01-14,70.98999786376953
2019-01-15,72.5
2019-01-16,72.04000091552734
2019-01-17,72.0
2019-01-18,73.08000183105469
2019-01-22,71.01000213623047
2019-01-23,70.7300033569336
2019-01-24,71.05999755859375
2019-01-25,71.76000213623047
2019-01-28,72.30999755859375
2019-01-29,73.1500015258789
2019-01-30,74.12999725341797
2019-01-31,74.4800033569336
2019-02-01,74.41999816894531
2019-02-04,74.7300033569336
2019-02-05,74.62000274658203
2019-02-06,75.56999969482422
2019-02-07,74.68000030517578
2019-02-08,73.91000366210938
2019-02-11,74.4000015258789
2019-02-12,74.31999969482422
2019-02-13,79.37000274658203
2019-02-14,80.16000366210938
2019-02-15,81.75
2019-02-19,81.38999938964844
2019-02-20,83.33999633789062
2019-02-21,83.25
2019-02-22,85.02999877929688
2019-02-25,83.55000305175781
2019-02-26,83.48999786376953
2019-02-27,83.48999786376953
2019-02-28,83.0999984741211
2019-03-01,83.77999877929688
2019-03-04,83.37999725341797
2019-03-05,84.01000213623047
2019-03-06,83.95999908447266
2019-03-07,82.91999816894531
2019-03-08,82.44999694824219
2019-03-11,82.80000305175781
2019-03-12,83.41000366210938
2019-03-13,83.66999816894531
2019-03-14,85.0
2019-03-15,85.76000213623047
2019-03-18,86.20999908447266
2019-03-19,85.69999694824219
2019-03-20,84.91999816894531
2019-03-21,85.79000091552734
2019-03-22,84.56999969482422
2019-03-25,84.0199966430664
2019-03-26,83.5
2019-03-27,82.44999694824219
2019-03-28,83.20999908447266
2019-03-29,83.11000061035156
2019-04-01,84.1500015258789
2019-04-02,85.04000091552734
2019-04-03,86.79000091552734
2019-04-04,87.30999755859375
2019-04-05,87.44000244140625
2019-04-08,88.18000030517578
2019-04-09,87.0999984741211
2019-04-10,87.98999786376953
2019-04-11,88.52999877929688
2019-04-12,88.7300033569336
2019-04-15,88.16999816894531
2019-04-16,88.1500015258789
2019-04-17,87.76000213623047
2019-04-18,87.2300033569336
2019-04-22,87.91000366210938
2019-04-23,87.91000366210938
2019-04-24,87.5
2019-04-25,87.62999725341797
2019-04-26,88.01000213623047
2019-04-29,87.25
2019-04-30,86.98999786376953
2019-05-01,92.5999984741211
2019-05-02,91.2300033569336
2019-05-03,93.33000183105467
2019-05-06,92.3000030517578
2019-05-07,90.48999786376952
2019-05-08,90.6999969482422
2019-05-09,91.13999938964844
2019-05-10,91.52999877929688
2019-05-13,89.37000274658203
2019-05-14,91.73999786376952
2019-05-15,93.6500015258789
2019-05-16,94.0500030517578
2019-05-17,92.93000030517578
2019-05-20,91.47000122070312
2019-05-21,92.11000061035156
2019-05-22,92.0199966430664
2019-05-23,90.66000366210938
2019-05-24,89.91000366210938
2019-05-28,89.19999694824219
2019-05-29,88.91000366210938
2019-05-30,89.66000366210938
2019-05-31,89.44000244140625
2019-06-03,88.43000030517578
2019-06-04,90.31999969482422
2019-06-05,90.0
2019-06-06,91.0
2019-06-07,92.51000213623048
2019-06-10,93.02999877929688
2019-06-11,93.93000030517578
2019-06-12,93.3499984741211
2019-06-13,93.02999877929688
2019-06-14,93.41999816894533
2019-06-17,93.20999908447266
2019-06-18,95.0999984741211
2019-06-19,95.76000213623048
2019-06-20,96.87000274658205
2019-06-21,96.13999938964844
2019-06-24,95.51000213623048
2019-06-25,93.25
2019-06-26,94.5199966430664
2019-06-27,96.52999877929688
2019-06-28,97.73999786376952
2019-07-01,99.3000030517578
2019-07-02,100.38999938964844
2019-07-03,100.63999938964844
2019-07-05,100.5999984741211
2019-07-08,100.19000244140624
2019-07-09,99.0
2019-07-10,99.19000244140624
2019-07-11,100.6999969482422
2019-07-12,99.54000091552734
2019-07-15,99.1999969482422
2019-07-16,99.87999725341795
2019-07-17,97.7699966430664
2019-07-18,97.0999984741211
2019-07-19,94.52999877929688
2019-07-22,93.23999786376952
2019-07-23,95.12000274658205
2019-07-24,95.30999755859376
2019-07-25,96.4000015258789
2019-07-26,97.20999908447266
2019-07-29,97.4000015258789
2019-07-30,97.30999755859376
2019-07-31,96.5500030517578
2019-08-01,95.25
2019-08-02,93.91000366210938
2019-08-05,91.3499984741211
2019-08-06,92.55999755859376
2019-08-07,93.4000015258789
2019-08-08,95.7699966430664
2019-08-09,95.58000183105467
2019-08-12,93.87999725341795
2019-08-13,95.26000213623048
2019-08-14,92.01000213623048
2019-08-15,91.61000061035156
2019-08-16,93.01000213623048
2019-08-19,93.45999908447266
2019-08-20,92.7300033569336
2019-08-21,91.62000274658205
2019-08-22,92.41000366210938
2019-08-23,91.08000183105467
2019-08-26,91.6500015258789
2019-08-27,91.12999725341795
2019-08-28,91.91000366210938
2019-08-29,92.54000091552734
2019-08-30,92.37000274658205
2019-09-03,91.30999755859376
2019-09-04,92.3000030517578
2019-09-05,93.47000122070312
2019-09-06,93.73999786376952
2019-09-09,92.52999877929688
2019-09-10,93.58000183105467
2019-09-11,95.18000030517578
2019-09-12,94.7699966430664
2019-09-13,96.0500030517578
2019-09-16,93.66000366210938
2019-09-17,94.86000061035156
2019-09-18,95.3499984741211
2019-09-19,95.77999877929688
2019-09-20,95.22000122070312
2019-09-23,94.25
2019-09-24,92.22000122070312
2019-09-25,92.7699966430664
2019-09-26,92.01000213623048
2019-09-27,91.4499969482422
2019-09-30,93.11000061035156
2019-10-01,92.1500015258789
2019-10-02,90.94000244140624
2019-10-03,91.98999786376952
2019-10-04,93.3499984741211
2019-10-07,91.0
2019-10-08,90.6999969482422
2019-10-09,91.5
2019-10-10,91.5500030517578
2019-10-11,93.43000030517578
2019-10-14,91.52999877929688
2019-10-15,91.66000366210938
2019-10-16,92.1999969482422
2019-10-17,92.1999969482422
2019-10-18,91.1500015258789
2019-10-21,92.38999938964844
2019-10-22,90.7300033569336
2019-10-23,95.7699966430664
2019-10-24,96.91000366210938
2019-10-25,97.69000244140624
2019-10-28,97.19000244140624
2019-10-29,97.30999755859376
2019-10-30,97.31999969482422
2019-10-31,96.95999908447266
2019-11-01,96.30999755859376
2019-11-04,97.98999786376952
2019-11-05,100.1500015258789
2019-11-06,99.56999969482422
2019-11-07,98.93000030517578
2019-11-08,99.08999633789062
2019-11-11,98.12999725341795
2019-11-12,98.08999633789062
2019-11-13,97.76000213623048
2019-11-14,98.8499984741211
2019-11-15,99.69000244140624
2019-11-18,100.16999816894533
2019-11-19,100.20999908447266
2019-11-20,99.26000213623048
2019-11-21,99.08000183105467
2019-11-22,101.22000122070312
2019-11-25,103.08999633789062
2019-11-26,105.31999969482422
2019-11-27,106.37000274658205
2019-11-29,105.0
2019-12-02,104.75
2019-12-03,103.9499969482422
2019-12-04,104.18000030517578
2019-12-05,104.91000366210938
2019-12-06,105.47000122070312
2019-12-09,104.75
2019-12-10,104.6999969482422
2019-12-11,105.6999969482422
2019-12-12,106.5199966430664
2019-12-13,107.1999969482422
2019-12-16,108.4800033569336
2019-12-17,108.8000030517578
2019-12-18,109.25
2019-12-19,110.33999633789062
2019-12-20,111.41999816894533
2019-12-23,111.27999877929688
2019-12-24,111.37000274658205
2019-12-26,111.94000244140624
2019-12-27,112.38999938964844
2019-12-30,111.37000274658205
2019-12-31,110.91000366210938
2020-01-02,111.4499969482422
2020-01-03,109.98999786376952
2020-01-06,109.41999816894533
2020-01-07,108.29000091552734
2020-01-08,109.20999908447266
2020-01-09,109.08999633789062
2020-01-10,108.5999984741211
2020-01-13,109.29000091552734
2020-01-14,109.08999633789062
2020-01-15,109.62999725341795
2020-01-16,111.5999984741211
2020-01-17,113.91999816894533
2020-01-21,110.62000274658205
2020-01-22,110.8499984741211
2020-01-23,110.95999908447266
2020-01-24,108.48999786376952
2020-01-27,104.94000244140624
2020-01-28,107.86000061035156
2020-01-29,110.01000213623048
2020-01-30,109.06999969482422
2020-01-31,107.8000030517578
2020-02-03,107.8499984741211
2020-02-04,110.94000244140624
2020-02-05,113.26000213623048
2020-02-06,112.6999969482422
2020-02-07,110.83999633789062
2020-02-10,111.37000274658205
2020-02-11,112.94000244140624
2020-02-12,113.6999969482422
2020-02-13,112.95999908447266
2020-02-14,113.2300033569336
2020-02-18,111.93000030517578
2020-02-19,112.66999816894533
2020-02-20,112.0
2020-02-21,109.56999969482422
2020-02-24,104.0199966430664
2020-02-25,98.87999725341795
2020-02-26,97.9000015258789
2020-02-27,95.83000183105467
2020-02-28,97.1999969482422
2020-03-02,96.45999908447266
2020-03-03,93.33000183105467
2020-03-04,98.38999938964844
2020-03-05,91.5
2020-03-06,90.4499969482422
2020-03-09,86.18000030517578
2020-03-10,90.31999969482422
2020-03-11,81.08999633789062
2020-03-12,76.72000122070312
2020-03-13,78.62999725341797
2020-03-16,69.54000091552734
2020-03-17,64.83000183105469
2020-03-18,56.68000030517578
2020-03-19,58.02999877929688
2020-03-20,61.59999847412109
2020-03-23,63.33000183105469
2020-03-24,69.38999938964844
2020-03-25,72.25
2020-03-26,73.19999694824219
2020-03-27,69.1500015258789
2020-03-30,68.68000030517578
2020-03-31,68.23999786376953
2020-04-01,63.040000915527344
2020-04-02,57.86000061035156
2020-04-03,55.93999862670898
2020-04-06,63.79999923706055
2020-04-07,65.83000183105469
2020-04-08,70.08999633789062
2020-04-09,68.44999694824219
2020-04-13,66.63999938964844
2020-04-14,70.01000213623047
2020-04-15,69.87000274658203
2020-04-16,70.1500015258789
2020-04-17,75.62000274658203
2020-04-20,72.27999877929688
2020-04-21,71.3499984741211
2020-04-22,70.79000091552734
2020-04-23,71.94000244140625
2020-04-24,71.37000274658203
2020-04-27,75.19000244140625
2020-04-28,75.75
2020-04-29,79.27999877929688
2020-04-30,75.70999908447266
2020-05-01,72.02999877929688
2020-05-04,71.41000366210938
2020-05-05,71.73999786376953
2020-05-06,70.79000091552734
2020-05-07,71.9000015258789
2020-05-08,72.19000244140625
2020-05-11,68.30000305175781
2020-05-12,67.0
2020-05-13,64.8499984741211
2020-05-14,68.16999816894531
2020-05-15,68.54000091552734
2020-05-18,73.06999969482422
2020-05-19,75.29000091552734
2020-05-20,77.72000122070312
2020-05-21,77.66000366210938
2020-05-22,78.38999938964844
2020-05-26,81.69000244140625
2020-05-27,83.1500015258789
2020-05-28,80.62000274658203
2020-05-29,79.30999755859375
2020-06-01,81.91000366210938
2020-06-02,83.5999984741211
2020-06-03,86.11000061035156
2020-06-04,86.33999633789062
2020-06-05,87.19999694824219
2020-06-08,89.69999694824219
2020-06-09,86.12999725341797
2020-06-10,82.83000183105469
2020-06-11,77.58999633789062
2020-06-12,77.44999694824219
2020-06-15,77.4800033569336
2020-06-16,78.25
2020-06-17,76.41999816894531
2020-06-18,78.16000366210938
2020-06-19,76.16999816894531
2020-06-22,76.08000183105469
2020-06-23,75.68000030517578
2020-06-24,73.19000244140625
2020-06-25,72.51000213623047
2020-06-26,71.16000366210938
2020-06-29,73.91999816894531
2020-06-30,73.44999694824219
2020-07-01,74.44000244140625
2020-07-02,74.5199966430664
2020-07-06,76.23999786376953
2020-07-07,74.16999816894531
2020-07-08,75.08999633789062
2020-07-09,74.12999725341797
2020-07-10,75.23999786376953
2020-07-13,73.58000183105469
2020-07-14,73.51000213623047
2020-07-15,80.91999816894531
2020-07-16,80.88999938964844
2020-07-17,79.9000015258789
2020-07-20,78.16999816894531
2020-07-21,80.12000274658203
2020-07-22,79.62000274658203
2020-07-23,78.86000061035156
2020-07-24,77.43000030517578
2020-07-27,77.33999633789062
2020-07-28,76.66999816894531
2020-07-29,77.38999938964844
2020-07-30,76.13999938964844
2020-07-31,75.05000305175781
2020-08-03,74.73999786376953
2020-08-04,78.31999969482422
2020-08-05,80.0
2020-08-06,82.69999694824219
2020-08-07,83.69999694824219
2020-08-10,86.19999694824219
2020-08-11,87.0199966430664
2020-08-12,85.88999938964844
2020-08-13,85.5
2020-08-14,86.0
2020-08-17,84.9800033569336
2020-08-18,84.06999969482422
2020-08-19,84.48999786376953
2020-08-20,85.0999984741211
2020-08-21,87.3499984741211
2020-08-24,88.4000015258789
2020-08-25,88.44000244140625
2020-08-26,86.80000305175781
2020-08-27,88.80000305175781
2020-08-28,91.7300033569336
2020-08-31,90.36000061035156
2020-09-01,91.70999908447266
2020-09-02,91.33999633789062
2020-09-03,91.3000030517578
2020-09-04,90.94000244140624
2020-09-08,91.9000015258789
2020-09-09,90.38999938964844
2020-09-10,89.36000061035156
2020-09-11,87.37000274658203
2020-09-14,92.30999755859376
2020-09-15,91.94000244140624
2020-09-16,94.02999877929688
2020-09-17,91.16999816894533
2020-09-18,89.63999938964844
2020-09-21,85.4800033569336
2020-09-22,85.23999786376953
2020-09-23,83.86000061035156
2020-09-24,83.06999969482422
2020-09-25,85.93000030517578
2020-09-28,89.05999755859375
2020-09-29,86.5999984741211
2020-09-30,85.31999969482422
2020-10-01,87.22000122070312
2020-10-02,87.95999908447266
2020-10-05,89.30000305175781
2020-10-06,89.5999984741211
2020-10-07,91.72000122070312
2020-10-08,92.54000091552734
2020-10-09,91.37000274658205
2020-10-12,91.3499984741211
2020-10-13,88.63999938964844
2020-10-14,88.30000305175781
2020-10-15,88.68000030517578
2020-10-16,89.5
2020-10-19,87.55000305175781
2020-10-20,89.56999969482422
2020-10-21,88.97000122070312
2020-10-22,94.38999938964844
2020-10-23,94.61000061035156
2020-10-26,90.37999725341795
2020-10-27,87.66999816894531
2020-10-28,84.0199966430664
2020-10-29,86.51000213623047
2020-10-30,87.80999755859375
2020-11-02,88.0
2020-11-03,90.6500015258789
2020-11-04,93.08999633789062
2020-11-05,94.08000183105467
2020-11-06,92.83999633789062
2020-11-09,104.19000244140624
2020-11-10,104.23999786376952
2020-11-11,103.75
2020-11-12,102.0500030517578
2020-11-13,105.8000030517578
2020-11-16,106.58000183105467
2020-11-17,103.33999633789062
2020-11-18,103.3499984741211
2020-11-19,102.8000030517578
2020-11-20,101.76000213623048
2020-11-23,105.0500030517578
2020-11-24,108.94000244140624
2020-11-25,106.3000030517578
2020-11-27,104.41000366210938
2020-11-30,103.62999725341795
2020-12-01,104.83999633789062
2020-12-02,106.75
2020-12-03,109.16000366210938
2020-12-04,110.8499984741211
2020-12-07,109.83000183105467
2020-12-08,109.0500030517578
2020-12-09,106.6999969482422
2020-12-10,107.36000061035156
2020-12-11,104.73999786376952
2020-12-14,103.04000091552734
2020-12-15,104.97000122070312
2020-12-16,104.41000366210938
2020-12-17,104.6999969482422
2020-12-18,104.61000061035156
2020-12-21,103.98999786376952
2020-12-22,102.9499969482422
2020-12-23,106.51000213623048
2020-12-24,106.88999938964844
2020-12-28,107.37999725341795
2020-12-29,107.9499969482422
2020-12-30,110.18000030517578
2020-12-31,111.26000213623048
2021-01-04,107.45999908447266
2021-01-05,107.9499969482422
2021-01-06,110.7699966430664
2021-01-07,113.29000091552734
2021-01-08,114.16000366210938
2021-01-11,113.18000030517578
2021-01-12,112.33000183105467
2021-01-13,111.87000274658205
2021-01-14,112.11000061035156
2021-01-15,108.41000366210938
2021-01-19,107.93000030517578
2021-01-20,107.6999969482422
2021-01-21,108.81999969482422
2021-01-22,104.95999908447266
2021-01-25,105.12000274658205
2021-01-26,104.66999816894533
2021-01-27,98.66999816894533
2021-01-28,104.0
2021-01-29,101.38999938964844
2021-02-01,101.91999816894533
2021-02-02,105.79000091552734
2021-02-03,106.5999984741211
2021-02-04,110.5199966430664
2021-02-05,111.66999816894533
2021-02-08,112.31999969482422
2021-02-09,110.3499984741211
2021-02-10,109.33999633789062
2021-02-11,109.5
2021-02-12,112.13999938964844
2021-02-16,113.61000061035156
2021-02-17,111.43000030517578
2021-02-18,114.12000274658205
2021-02-19,116.91000366210938
2021-02-22,119.95999908447266
2021-02-23,121.9499969482422
2021-02-24,127.26000213623048
2021-02-25,122.9800033569336
2021-02-26,123.68000030517578
2021-03-01,123.76000213623048
2021-03-02,124.25
2021-03-03,123.12999725341795
2021-03-04,120.72000122070312
2021-03-05,122.87000274658205
2021-03-08,125.41000366210938
2021-03-09,124.12000274658205
2021-03-10,124.51000213623048
2021-03-11,124.66000366210938
2021-03-12,126.0999984741211
2021-03-15,127.26000213623048
2021-03-16,123.95999908447266
2021-03-17,127.13999938964844
2021-03-18,125.63999938964844
2021-03-19,124.38999938964844
2021-03-22,122.91999816894533
2021-03-23,118.9000015258789
2021-03-24,118.5
2021-03-25,120.4000015258789
2021-03-26,121.12000274658205
2021-03-29,119.0500030517578
2021-03-30,122.05999755859376
2021-03-31,120.91999816894533
2021-04-01,121.6500015258789
2021-04-05,125.4000015258789
2021-04-06,126.66000366210938
2021-04-07,124.5199966430664
2021-04-08,124.75
2021-04-09,124.3499984741211
2021-04-12,125.27999877929688
2021-04-13,126.11000061035156
2021-04-14,126.5199966430664
2021-04-15,127.27999877929688
2021-04-16,128.0500030517578
2021-04-19,125.93000030517578
2021-04-20,122.22000122070312
2021-04-21,123.91000366210938
2021-04-22,125.5
2021-04-23,127.4000015258789
2021-04-26,127.56999969482422
2021-04-27,130.00999450683594
2021-04-28,129.11000061035156
2021-04-29,130.38999938964844
2021-04-30,128.6999969482422
2021-05-03,128.6699981689453
2021-05-04,128.25
2021-05-05,122.62000274658205
2021-05-06,120.7699966430664
2021-05-07,123.44000244140624
2021-05-10,121.58000183105467
2021-05-11,121.83000183105467
2021-05-12,118.29000091552734
2021-05-13,120.16000366210938
2021-05-14,123.61000061035156
2021-05-17,121.70999908447266
2021-05-18,120.79000091552734
2021-05-19,120.56999969482422
2021-05-20,120.58000183105467
2021-05-21,120.9800033569336
2021-05-24,123.58999633789062
2021-05-25,123.8000030517578
2021-05-26,126.22000122070312
2021-05-27,126.2699966430664
2021-05-28,125.2699966430664
2021-06-01,126.61000061035156
2021-06-02,125.16999816894533
2021-06-03,123.12999725341795
2021-06-04,124.75
2021-06-07,124.9000015258789
2021-06-08,127.83999633789062
2021-06-09,126.4499969482422
2021-06-10,126.58999633789062
2021-06-11,128.61000061035156
2021-06-14,128.61000061035156
2021-06-15,129.25
2021-06-16,126.93000030517578
2021-06-17,126.23999786376952
2021-06-18,123.72000122070312
2021-06-21,126.73999786376952
2021-06-22,126.0999984741211
2021-06-23,125.68000030517578
2021-06-24,124.51000213623048
2021-06-25,124.4800033569336
2021-06-28,120.72000122070312
2021-06-29,118.9499969482422
2021-06-30,120.62000274658205
2021-07-01,123.62000274658205
2021-07-02,126.80999755859376
2021-07-06,125.83000183105467
2021-07-07,124.4499969482422
2021-07-08,123.12999725341795
2021-07-09,126.0500030517578
2021-07-12,125.8499984741211
2021-07-13,123.45999908447266
2021-07-14,123.87000274658205
2021-07-15,122.9000015258789
2021-07-16,119.75
2021-07-19,117.01000213623048
2021-07-20,120.9000015258789
2021-07-21,124.93000030517578
2021-07-22,123.20999908447266
2021-07-23,125.26000213623048
2021-07-26,126.66999816894533
2021-07-27,128.5
2021-07-28,129.52999877929688
2021-07-29,134.5
2021-07-30,131.4499969482422
2021-08-02,127.87000274658205
2021-08-03,126.08000183105467
2021-08-04,124.38999938964844
2021-08-05,126.4000015258789
2021-08-06,126.66000366210938
2021-08-09,124.61000061035156
2021-08-10,126.3499984741211
2021-08-11,125.02999877929688
2021-08-12,123.43000030517578
2021-08-13,122.20999908447266
2021-08-16,121.48999786376952
2021-08-17,119.98999786376952
2021-08-18,119.0
2021-08-19,119.2300033569336
2021-08-20,121.7699966430664
2021-08-23,123.02999877929688
2021-08-24,126.86000061035156
2021-08-25,127.31999969482422
2021-08-26,125.62000274658205
2021-08-27,127.55999755859376
2021-08-30,125.72000122070312
2021-08-31,124.86000061035156
2021-09-01,125.31999969482422
2021-09-02,124.38999938964844
2021-09-03,123.08000183105467
2021-09-07,123.37000274658205
2021-09-08,122.76000213623048
2021-09-09,125.75
2021-09-10,127.4000015258789
2021-09-13,130.2100067138672
2021-09-14,131.82000732421875
2021-09-15,131.39999389648438
2021-09-16,132.02000427246094
2021-09-17,131.2100067138672
2021-09-20,128.8300018310547
2021-09-21,127.81999969482422
2021-09-22,129.19000244140625
2021-09-23,134.49000549316406
2021-09-24,135.47999572753906
2021-09-27,138.8000030517578
2021-09-28,136.5500030517578
2021-09-29,135.16000366210938
2021-09-30,132.11000061035156
2021-10-01,138.14999389648438
2021-10-04,138.50999450683594
2021-10-05,139.75
2021-10-06,139.36000061035156
2021-10-07,141.1699981689453
2021-10-08,141.50999450683594
2021-10-11,142.85000610351562
2021-10-12,144.6999969482422
2021-10-13,140.8300018310547
2021-10-14,141.5800018310547
2021-10-15,144.52000427246094
2021-10-18,144.05999755859375
2021-10-19,140.9499969482422
2021-10-20,140.24000549316406
2021-10-21,141.5
2021-10-22,141.66000366210938
2021-10-25,142.1699981689453
2021-10-26,144.4499969482422
2021-10-27,147.22000122070312
2021-10-28,146.0399932861328
2021-10-29,143.9499969482422
2021-11-01,144.77999877929688
2021-11-02,141.33999633789062
2021-11-03,145.24000549316406
2021-11-04,147.44000244140625
2021-11-05,151.83999633789062
2021-11-08,151.1699981689453
2021-11-09,148.4600067138672
2021-11-10,146.52999877929688
2021-11-11,143.5800018310547
2021-11-12,143.47000122070312
2021-11-15,142.91000366210938
2021-11-16,141.74000549316406
2021-11-17,144.52999877929688
2021-11-18,143.58999633789062
2021-11-19,144.3699951171875
2021-11-22,143.8699951171875
2021-11-23,145.72999572753906
2021-11-24,145.2899932861328
2021-11-26,136.2100067138672
2021-11-29,138.07000732421875
2021-11-30,135.07000732421875
2021-12-01,129.9600067138672
2021-12-02,139.58999633789062
2021-12-03,138.74000549316406
2021-12-06,144.30999755859375
2021-12-07,143.14999389648438
2021-12-08,144.38999938964844
2021-12-09,144.30999755859375
2021-12-10,146.1300048828125
2021-12-13,142.41000366210938
2021-12-14,141.97999572753906
2021-12-15,140.2899932861328
2021-12-16,139.0
2021-12-17,140.94000244140625
2021-12-20,140.3699951171875
2021-12-21,148.5500030517578
2021-12-22,152.74000549316406
2021-12-23,154.7100067138672
2021-12-27,155.2899932861328
2021-12-28,155.02000427246094
2021-12-29,155.3699951171875
2021-12-30,154.97999572753906
2021-12-31,155.99000549316406
2022-01-03,154.47999572753906
2022-01-04,155.9600067138672
2022-01-05,151.8000030517578
2022-01-06,152.17999267578125
2022-01-07,152.0
2022-01-10,148.61000061035156
2022-01-11,152.5
2022-01-12,150.0
2022-01-13,149.89999389648438
2022-01-14,147.97999572753906
2022-01-18,144.52000427246094
2022-01-19,142.2100067138672
2022-01-20,142.24000549316406
2022-01-21,142.25999450683594
2022-01-24,140.47999572753906
2022-01-25,142.38999938964844
2022-01-26,144.82000732421875
2022-01-27,137.25
2022-01-28,143.38999938964844
2022-01-31,145.11000061035156
2022-02-01,145.72000122070312
2022-02-02,144.58999633789062
2022-02-03,144.14999389648438
2022-02-04,145.5
2022-02-07,148.63999938964844
2022-02-08,153.3800048828125
2022-02-09,153.13999938964844
2022-02-10,154.1999969482422
2022-02-11,149.52999877929688
2022-02-14,151.42999267578125
2022-02-15,158.0
2022-02-16,156.33999633789062
2022-02-17,153.0399932861328
2022-02-18,150.41000366210938
2022-02-22,147.16000366210938
2022-02-23,143.3699951171875
2022-02-24,146.08999633789062
2022-02-25,150.6699981689453
2022-02-28,148.86000061035156
2022-03-01,142.1699981689453
2022-03-02,145.91000366210938
2022-03-03,142.00999450683594
2022-03-04,137.6699981689453
2022-03-07,129.08999633789062
2022-03-08,133.9199981689453
2022-03-09,138.52000427246094
2022-03-10,142.94000244140625
2022-03-11,141.77000427246094
2022-03-14,141.55999755859375
2022-03-15,144.24000549316406
2022-03-16,150.7899932861328
2022-03-17,151.13999938964844
2022-03-18,151.7899932861328
2022-03-21,150.35000610351562
2022-03-22,151.4199981689453
2022-03-23,148.41000366210938
2022-03-24,151.88999938964844
2022-03-25,151.5
2022-03-28,150.67999267578125
2022-03-29,155.30999755859375
2022-03-30,153.14999389648438
2022-03-31,151.74000549316406
2022-04-01,150.7100067138672
2022-04-04,152.33999633789062
2022-04-05,151.5500030517578
2022-04-06,145.61000061035156
2022-04-07,145.5500030517578
2022-04-08,145.47999572753906
2022-04-11,143.6999969482422
2022-04-12,144.8800048828125
2022-04-13,153.92999267578125
2022-04-14,155.5800018310547
2022-04-18,156.57000732421875
2022-04-19,163.13999938964844
2022-04-20,162.91000366210938
2022-04-21,156.9600067138672
2022-04-22,153.35000610351562
2022-04-25,155.94000244140625
2022-04-26,151.72000122070312
2022-04-27,157.05999755859375
2022-04-28,161.22000122070312
2022-04-29,155.2899932861328
2022-05-02,155.41000366210938
2022-05-03,148.9600067138672
2022-05-04,151.38999938964844
2022-05-05,149.88999938964844
2022-05-06,143.47999572753906
2022-05-09,133.30999755859375
2022-05-10,137.7899932861328
2022-05-11,134.50999450683594
2022-05-12,132.42999267578125
2022-05-13,136.58999633789062
2022-05-16,132.85000610351562
2022-05-17,135.0800018310547
2022-05-18,128.66000366210938
2022-05-19,131.7100067138672
2022-05-20,130.27999877929688
2022-05-23,132.35000610351562
2022-05-24,128.27999877929688
2022-05-25,131.74000549316406
2022-05-26,138.47000122070312
2022-05-27,142.25
2022-05-31,140.86000061035156
2022-06-01,138.4199981689453
2022-06-02,142.2899932861328
2022-06-03,142.1699981689453
2022-06-06,144.4199981689453
2022-06-07,143.82000732421875
2022-06-08,140.7100067138672
2022-06-09,135.8000030517578
2022-06-10,127.47000122070312
2022-06-13,120.8499984741211
2022-06-14,119.13999938964844
2022-06-15,121.88999938964844
2022-06-16,115.41999816894533
2022-06-17,116.27999877929688
2022-06-21,114.44000244140624
2022-06-22,112.0199966430664
2022-06-23,110.5199966430664
2022-06-24,116.70999908447266
2022-06-27,117.02999877929688
2022-06-28,115.27999877929688
2022-06-29,113.05999755859376
2022-06-30,111.44000244140624
2022-07-01,112.98999786376952
2022-07-05,112.02999877929688
2022-07-06,109.75
2022-07-07,113.9000015258789
2022-07-08,111.58999633789062
2022-07-11,111.58999633789062
2022-07-12,112.63999938964844
2022-07-13,114.12000274658205
2022-07-14,113.30999755859376
2022-07-15,116.33999633789062
2022-07-18,117.41999816894533
2022-07-19,121.41000366210938
2022-07-20,122.69000244140624
2022-07-21,121.97000122070312
2022-07-22,120.83000183105467
2022-07-25,122.19000244140624
2022-07-26,120.22000122070312
2022-07-27,129.25
2022-07-28,128.0
2022-07-29,128.07000732421875
2022-08-01,128.69000244140625
2022-08-02,128.67999267578125
2022-08-03,130.97000122070312
2022-08-04,131.0500030517578
2022-08-05,130.32000732421875
2022-08-08,130.72000122070312
2022-08-09,131.4499969482422
2022-08-10,133.66000366210938
2022-08-11,134.69000244140625
2022-08-12,137.44000244140625
2022-08-15,137.02000427246094
2022-08-16,139.02000427246094
2022-08-17,137.4600067138672
2022-08-18,138.77000427246094
2022-08-19,135.47999572753906
2022-08-22,131.5800018310547
2022-08-23,132.27999877929688
2022-08-24,133.3000030517578
2022-08-25,136.0800018310547
2022-08-26,131.08999633789062
2022-08-29,129.47000122070312
2022-08-30,126.83000183105467
2022-08-31,127.36000061035156
2022-09-01,127.66999816894533
2022-09-02,127.48999786376952
2022-09-06,126.87000274658205
2022-09-07,131.17999267578125
2022-09-08,132.97000122070312
2022-09-09,135.91000366210938
2022-09-12,136.64999389648438
2022-09-13,130.4600067138672
2022-09-14,134.8300018310547
2022-09-15,135.24000549316406
2022-09-16,130.8000030517578
2022-09-19,132.3000030517578
2022-09-20,131.67999267578125
2022-09-21,124.62999725341795
2022-09-22,119.41999816894533
2022-09-23,118.33000183105467
2022-09-26,117.4800033569336
2022-09-27,118.16999816894533
2022-09-28,123.66999816894533
2022-09-29,121.86000061035156
2022-09-30,120.62000274658205
2022-10-03,121.7699966430664
2022-10-04,125.97000122070312
2022-10-05,125.91999816894533
2022-10-06,123.3499984741211
2022-10-07,121.37000274658205
2022-10-10,120.33000183105467
2022-10-11,117.87999725341795
2022-10-12,121.0
2022-10-13,123.0999984741211
2022-10-14,122.58000183105467
2022-10-17,126.41000366210938
2022-10-18,128.60000610351562
2022-10-19,128.6999969482422
2022-10-20,126.5500030517578
2022-10-21,131.22999572753906
2022-10-24,130.6300048828125
2022-10-25,130.63999938964844
2022-10-26,129.99000549316406
2022-10-27,133.39999389648438
2022-10-28,134.63999938964844
2022-10-31,135.25999450683594
2022-11-01,133.74000549316406
2022-11-02,129.72999572753906
2022-11-03,128.5
2022-11-04,130.00999450683594
2022-11-07,128.8699951171875
2022-11-08,130.8300018310547
2022-11-09,129.88999938964844
2022-11-10,136.6199951171875
2022-11-11,140.6300048828125
2022-11-14,138.75999450683594
2022-11-15,138.5399932861328
2022-11-16,138.3800048828125
2022-11-17,137.9600067138672
2022-11-18,139.50999450683594
2022-11-21,137.91000366210938
2022-11-22,139.99000549316406
2022-11-23,138.5399932861328
2022-11-25,138.25
2022-11-28,137.0
2022-11-29,138.75
2022-11-30,142.6199951171875
2022-12-01,142.3000030517578
2022-12-02,141.4199981689453
2022-12-05,139.13999938964844
2022-12-06,137.57000732421875
2022-12-07,134.32000732421875
2022-12-08,137.16000366210938
2022-12-09,137.42999267578125
2022-12-12,138.75
2022-12-13,138.11000061035156
2022-12-14,136.0500030517578
2022-12-15,133.25
2022-12-16,130.99000549316406
2022-12-19,129.89999389648438
2022-12-20,129.49000549316406
2022-12-21,127.25
2022-12-22,125.94000244140624
2022-12-23,126.43000030517578
2022-12-27,125.73999786376952
2022-12-28,124.0199966430664
2022-12-29,126.04000091552734
2022-12-30,126.36000061035156
2023-01-03,125.02999877929688
2023-01-04,127.83999633789062
2023-01-05,126.83999633789062
2023-01-06,130.25
2023-01-09,129.0800018310547
2023-01-10,129.4600067138672
2023-01-11,134.44000244140625
2023-01-12,135.0
2023-01-13,136.8800048828125
2023-01-17,136.19000244140625
2023-01-18,134.52999877929688
2023-01-19,135.05999755859375
2023-01-20,138.72000122070312
2023-01-23,140.0
2023-01-24,140.24000549316406
2023-01-25,142.27000427246094
2023-01-26,144.05999755859375
2023-01-27,144.7100067138672
2023-01-30,142.9199981689453
2023-01-31,145.08999633789062
2023-02-01,147.3800048828125
2023-02-02,147.08999633789062
2023-02-03,146.82000732421875
2023-02-06,146.22999572753906
2023-02-07,148.19000244140625
2023-02-08,147.27999877929688
2023-02-09,150.8000030517578
2023-02-10,147.1699981689453
2023-02-13,149.0
2023-02-14,151.3699951171875
2023-02-15,152.75999450683594
2023-02-16,148.27999877929688
2023-02-17,146.33999633789062
2023-02-21,144.0800018310547
2023-02-22,143.91000366210938
2023-02-23,145.38999938964844
2023-02-24,144.7899932861328
2023-02-27,145.08999633789062
2023-02-28,144.50999450683594
2023-03-01,145.5
2023-03-02,146.19000244140625
2023-03-03,147.5800018310547
2023-03-06,148.63999938964844
2023-03-07,146.99000549316406
2023-03-08,147.44000244140625
2023-03-09,142.41000366210938
2023-03-10,140.5500030517578
2023-03-13,137.5399932861328
2023-03-14,139.07000732421875
2023-03-15,135.8300018310547
2023-03-16,138.3300018310547
2023-03-17,136.5399932861328
2023-03-20,138.02999877929688
2023-03-21,140.86000061035156
2023-03-22,137.63999938964844
2023-03-23,135.6699981689453
2023-03-24,131.8300018310547
2023-03-27,132.3000030517578
2023-03-28,132.50999450683594
2023-03-29,135.91000366210938
2023-03-30,137.4600067138672
2023-03-31,140.8699951171875
2023-04-03,139.57000732421875
2023-04-04,139.0
2023-04-05,139.49000549316406
2023-04-06,140.6300048828125
2023-04-10,141.0
2023-04-11,141.75
2023-04-12,138.36000061035156
2023-04-13,142.41000366210938
2023-04-14,144.30999755859375
2023-04-17,145.14999389648438
2023-04-18,147.02000427246094
2023-04-19,146.99000549316406
2023-04-20,147.00999450683594
2023-04-21,148.02000427246094
2023-04-24,148.4499969482422
2023-04-25,146.3300018310547
2023-04-26,141.33999633789062
2023-04-27,141.74000549316406
2023-04-28,144.02000427246094
2023-05-01,144.4499969482422
2023-05-02,145.9600067138672
2023-05-03,145.72999572753906
2023-05-04,142.6199951171875
2023-05-05,144.61000061035156
2023-05-08,145.5500030517578
2023-05-09,145.72000122070312
2023-05-10,142.41000366210938
2023-05-11,141.6999969482422
2023-05-12,141.5800018310547
2023-05-15,143.25999450683594
2023-05-16,142.47000122070312
2023-05-17,144.1999969482422
2023-05-18,146.25
2023-05-19,144.17999267578125
2023-05-22,143.5500030517578
2023-05-23,137.7100067138672
2023-05-24,136.85000610351562
2023-05-25,139.92999267578125
2023-05-26,138.08999633789062
2023-05-30,136.0800018310547
2023-05-31,136.1199951171875
2023-06-01,137.6699981689453
2023-06-02,142.8000030517578
2023-06-05,142.57000732421875
2023-06-06,144.60000610351562
2023-06-07,142.6300048828125
2023-06-08,142.8800048828125
2023-06-09,141.52999877929688
2023-06-12,142.6699981689453
2023-06-13,143.2899932861328
2023-06-14,143.5500030517578
2023-06-15,140.6699981689453
2023-06-16,140.80999755859375
2023-06-20,139.6300048828125
2023-06-21,141.14999389648438
2023-06-22,141.07000732421875
2023-06-23,137.11000061035156
2023-06-26,138.33999633789062
2023-06-27,141.35000610351562
2023-06-28,141.9199981689453
2023-06-29,143.9199981689453
2023-06-30,145.5500030517578
2023-07-03,145.47999572753906
2023-07-05,145.0
2023-07-06,145.6999969482422
2023-07-07,148.32000732421875
2023-07-10,152.13999938964844
2023-07-11,152.16000366210938
2023-07-12,151.02999877929688
2023-07-13,151.88999938964844
2023-07-14,147.77999877929688
2023-07-17,149.0
2023-07-18,149.97000122070312
2023-07-19,148.9199981689453
2023-07-20,149.2899932861328
2023-07-21,151.83999633789062
2023-07-24,150.4600067138672
2023-07-25,151.1300048828125
2023-07-26,150.25999450683594
2023-07-27,152.63999938964844
2023-07-28,154.1699981689453
2023-07-31,155.49000549316406
2023-08-01,154.57000732421875
2023-08-02,153.24000549316406
2023-08-03,150.66000366210938
2023-08-04,151.35000610351562
2023-08-07,153.47999572753906
2023-08-08,153.72999572753906
2023-08-09,154.19000244140625
2023-08-10,155.3800048828125
2023-08-11,154.83999633789062
2023-08-14,155.32000732421875
2023-08-15,153.66000366210938
2023-08-16,153.6999969482422
2023-08-17,149.7899932861328
2023-08-18,150.8000030517578
2023-08-21,149.0
2023-08-22,149.99000549316406
2023-08-23,149.8699951171875
2023-08-24,147.11000061035156
2023-08-25,147.02000427246094
2023-08-28,148.72000122070312
2023-08-29,149.8300018310547
2023-08-30,150.4199981689453
2023-08-31,148.64999389648438
2023-09-01,151.0
2023-09-05,148.5800018310547
2023-09-06,149.1999969482422
2023-09-07,148.36000061035156
2023-09-08,154.1199951171875
2023-09-11,154.74000549316406
2023-09-12,155.74000549316406
2023-09-13,153.38999938964844
2023-09-14,156.14999389648438
2023-09-15,154.41000366210938
2023-09-18,153.36000061035156
2023-09-19,152.14999389648438
2023-09-20,152.74000549316406
2023-09-21,147.7100067138672
2023-09-22,147.58999633789062
2023-09-25,147.80999755859375
2023-09-26,147.33999633789062
2023-09-27,149.36000061035156
2023-09-28,153.6699981689453
2023-09-29,150.17999267578125
2023-10-02,149.22000122070312
2023-10-03,146.77000427246094
2023-10-04,151.0
2023-10-05,149.8300018310547
2023-10-06,151.38999938964844
2023-10-09,149.67999267578125
2023-10-10,153.07000732421875
2023-10-11,153.69000244140625
2023-10-12,153.0
2023-10-13,149.97999572753906
2023-10-16,153.8000030517578
2023-10-17,154.8300018310547
2023-10-18,152.27999877929688
2023-10-19,150.30999755859375
2023-10-20,147.57000732421875
2023-10-23,147.86000061035156
2023-10-24,149.64999389648438
2023-10-25,150.75
2023-10-26,148.47000122070312
2023-10-27,149.1699981689453
2023-10-30,151.27999877929688
2023-10-31,151.52999877929688
2023-11-01,151.1300048828125
2023-11-02,152.6199951171875
2023-11-03,156.80999755859375
2023-11-06,156.32000732421875
2023-11-07,158.0500030517578
2023-11-08,156.91000366210938
2023-11-09,158.25999450683594
2023-11-10,161.8000030517578
2023-11-13,162.6699981689453
2023-11-14,167.02999877929688
2023-11-15,165.57000732421875
2023-11-16,167.1699981689453
2023-11-17,168.2899932861328
2023-11-20,169.1699981689453
2023-11-21,169.86000061035156
2023-11-22,171.0500030517578
2023-11-24,169.82000732421875
2023-11-27,168.77000427246094
2023-11-28,167.3699951171875
2023-11-29,166.66000366210938
2023-11-30,167.52000427246094
2023-12-01,170.83999633789062
2023-12-04,171.57000732421875
2023-12-05,167.42999267578125
2023-12-06,168.05999755859375
2023-12-07,170.42999267578125
2023-12-08,171.3300018310547
2023-12-11,177.00999450683594
2023-12-12,178.5800018310547
2023-12-13,178.08999633789062
2023-12-14,176.75999450683594
2023-12-15,177.22999572753906
2023-12-18,178.49000549316406
2023-12-19,179.74000549316406
2023-12-20,177.6699981689453
2023-12-21,181.5200042724609
2023-12-22,181.509994506836
2023-12-26,181.2100067138672
2023-12-27,181.5200042724609
2023-12-28,181.7400054931641
2023-12-29,182.08999633789065
2024-01-02,180.07000732421875
2024-01-03,178.9199981689453
2024-01-04,178.75
2024-01-05,180.5
2024-01-08,182.1999969482422
2024-01-09,181.6499938964844
2024-01-10,182.5200042724609
2024-01-11,182.1499938964844
2024-01-12,182.16000366210932
2024-01-16,182.38999938964844
2024-01-17,183.5200042724609
2024-01-18,185.7100067138672
2024-01-19,187.3800048828125
2024-01-22,188.4499969482422
2024-01-23,187.3800048828125
2024-01-24,187.57000732421875
2024-01-25,191.7700042724609
2024-01-26,192.6300048828125
2024-01-29,193.1699981689453
2024-01-30,194.17999267578125
2024-01-31,190.9600067138672
2024-02-01,193.72000122070312
2024-02-02,195.009994506836
2024-02-05,193.6699981689453
2024-02-06,194.6199951171875
2024-02-07,196.02999877929688
2024-02-08,194.5500030517578
2024-02-09,192.16000366210932
2024-02-12,193.57000732421875
2024-02-13,190.1100006103516
2024-02-14,192.6999969482422
2024-02-15,196.16000366210932
2024-02-16,197.57000732421875
2024-02-20,197.08999633789065
2024-02-21,199.0399932861328
2024-02-22,202.4499969482422
2024-02-23,204.5399932861328
2024-02-26,203.009994506836
2024-02-27,203.58999633789065
2024-02-28,203.9600067138672
2024-02-29,204.32000732421875
2024-03-01,204.8800048828125
2024-03-04,202.41000366210932
2024-03-05,203.8099975585937
2024-03-06,203.6100006103516
2024-03-07,204.94000244140625
2024-03-08,205.7100067138672
2024-03-11,204.19000244140625
2024-03-12,207.02999877929688
2024-03-13,208.52999877929688
2024-03-14,206.9199981689453
2024-03-15,204.66000366210932
2024-03-18,206.5
2024-03-19,208.1199951171875
2024-03-20,210.509994506836
2024-03-21,210.5500030517578
2024-03-22,211.3000030517578
2024-03-25,210.1199951171875
2024-03-26,213.0399932861328
2024-03-27,214.33999633789065
2024-03-28,213.3099975585937
2024-04-01,212.6999969482422
2024-04-02,210.3699951171875
2024-04-03,212.1699981689453
2024-04-04,208.7899932861328
2024-04-05,211.69000244140625
2024-04-08,211.5800018310547
2024-04-09,209.91000366210932
2024-04-10,209.58999633789065
2024-04-11,210.759994506836
2024-04-12,205.1000061035156
2024-04-15,204.42999267578125
2024-04-16,202.5
2024-04-17,200.47999572753903
2024-04-18,198.82000732421875
2024-04-19,194.47000122070312
2024-04-22,195.13999938964844
2024-04-23,197.0399932861328
2024-04-24,204.6999969482422
2024-04-25,203.92999267578125
2024-04-26,202.1199951171875
2024-04-29,202.16000366210932
2024-04-30,197.27999877929688
2024-05-01,197.7400054931641
2024-05-02,197.52999877929688
2024-05-03,197.5399932861328
2024-05-06,200.1000061035156
2024-05-07,199.7100067138672
2024-05-08,200.38999938964844
2024-05-09,203.47999572753903
2024-05-10,208.0800018310547
2024-05-13,206.08999633789065
2024-05-14,205.3000030517578
2024-05-15,204.57000732421875
2024-05-16,205.7899932861328
2024-05-17,204.19000244140625
2024-05-20,205.57000732421875
2024-05-21,205.8000030517578
2024-05-22,204.42999267578125
2024-05-23,200.02999877929688
2024-05-24,203.2400054931641
2024-05-28,200.0
2024-05-29,196.47999572753903
2024-05-30,196.52999877929688
2024-05-31,200.6000061035156
2024-06-03,198.16000366210932
2024-06-04,200.44000244140625
2024-06-05,202.5800018310547
2024-06-06,201.1699981689453
2024-06-07,202.17999267578125
2024-06-10,204.82000732421875
2024-06-11,205.8800048828125
2024-06-12,210.7100067138672
2024-06-13,211.63999938964844
2024-06-14,210.32000732421875
2024-06-17,214.6199951171875
2024-06-18,216.0
2024-06-20,217.8099975585937
2024-06-21,215.8800048828125
2024-06-24,217.0399932861328
2024-06-25,215.0800018310547
2024-06-26,213.0500030517578
2024-06-27,215.07000732421875
2024-06-28,218.1999969482422
2024-07-01,214.22999572753903
2024-07-02,215.6000061035156
2024-07-03,216.1199951171875
2024-07-05,214.41000366210932
2024-07-08,214.57000732421875
2024-07-09,215.25
2024-07-10,219.8500061035156
2024-07-11,216.8600006103516
2024-07-12,220.72000122070312
2024-07-15,222.9900054931641
2024-07-16,228.19000244140625
2024-07-17,219.7899932861328
2024-07-18,219.0
2024-07-19,219.19000244140625
2024-07-22,220.1499938964844
2024-07-23,220.66000366210932
2024-07-24,214.6000061035156
2024-07-25,213.17999267578125
2024-07-26,215.6100006103516
2024-07-29,217.82000732421875
2024-07-30,218.759994506836
2024-07-31,214.6699981689453
2024-08-01,208.7100067138672
2024-08-02,204.9600067138672
2024-08-05,201.82000732421875
2024-08-06,207.1199951171875
2024-08-07,203.5200042724609
2024-08-08,205.0399932861328
2024-08-09,206.32000732421875
2024-08-12,205.58999633789065
2024-08-13,205.16000366210932
2024-08-14,207.7899932861328
2024-08-15,210.58999633789065
2024-08-16,212.4600067138672
2024-08-19,214.5500030517578
2024-08-20,212.41000366210932
2024-08-21,216.42999267578125
2024-08-22,215.8300018310547
2024-08-23,217.08999633789065
2024-08-26,215.2899932861328
2024-08-27,218.33999633789065
2024-08-28,217.0800018310547
2024-08-29,217.66000366210932
2024-08-30,219.63999938964844
2024-09-03,215.6499938964844
2024-09-04,214.25
2024-09-05,216.0
2024-09-06,213.1000061035156
2024-09-09,214.94000244140625
2024-09-10,210.6499938964844
2024-09-11,211.5800018310547
2024-09-12,216.1300048828125
2024-09-13,216.82000732421875
2024-09-16,218.1000061035156
2024-09-17,220.3800048828125
2024-09-18,220.97999572753903
2024-09-19,225.5399932861328
2024-09-20,224.63999938964844
2024-09-23,224.66000366210932
2024-09-24,228.47000122070312
2024-09-25,227.38999938964844
2024-09-26,232.91000366210932
2024-09-27,234.3600006103516
2024-09-30,230.5
2024-10-01,229.8300018310547
2024-10-02,231.4600067138672
2024-10-03,230.8800048828125
2024-10-04,233.72000122070312
2024-10-07,232.5
2024-10-08,234.19000244140625
2024-10-09,236.97999572753903
2024-10-10,235.9499969482422
2024-10-11,238.1300048828125
2024-10-14,237.759994506836
2024-10-15,236.1199951171875
2024-10-16,237.4900054931641
2024-10-17,238.47000122070312
2024-10-18,238.8099975585937
2024-10-21,236.9499969482422
2024-10-22,238.1300048828125
2024-10-23,233.5
2024-10-24,235.2100067138672
2024-10-25,236.1100006103516
2024-10-28,237.1699981689453
2024-10-29,239.1499938964844
2024-10-30,238.41000366210932
2024-10-31,234.8500061035156
2024-11-01,236.47000122070312
2024-11-04,233.3999938964844
2024-11-05,235.6499938964844
2024-11-06,246.42999267578125
2024-11-07,246.22999572753903
2024-11-08,247.6499938964844
2024-11-11,250.3600006103516
2024-11-12,250.6000061035156
2024-11-13,252.6499938964844
2024-11-14,250.0399932861328
2024-11-15,248.41000366210932
2024-11-18,249.0399932861328
2024-11-19,249.759994506836
2024-11-20,250.13999938964844
2024-11-21,251.8300018310547
2024-11-22,253.0
2024-11-25,253.6300048828125
2024-11-26,253.0
2024-11-27,250.4199981689453
2024-11-29,253.44000244140625
2024-12-02,250.47000122070312
2024-12-03,251.0200042724609
2024-12-04,254.009994506836
2024-12-05,255.38999938964844
2024-12-06,258.4599914550781
2024-12-09,250.0
2024-12-10,253.72000122070312
2024-12-11,256.95001220703125
2024-12-12,255.8999938964844
2024-12-13,252.759994506836
2024-12-16,253.0
2024-12-17,250.2700042724609
2024-12-18,242.52999877929688
2024-12-19,245.75
2024-12-20,249.4199981689453
2024-12-23,250.7100067138672
2024-12-24,253.259994506836
2024-12-26,251.759994506836
2024-12-27,249.94000244140625
2024-12-30,248.1999969482422
2024-12-31,247.16000366210932
2025-01-02,245.1199951171875
2025-01-03,246.5200042724609
2025-01-06,243.5500030517578
2025-01-07,241.3800048828125
2025-01-08,243.3000030517578
2025-01-10,240.69000244140625
2025-01-13,241.47000122070312
2025-01-14,244.97000122070312
2025-01-15,243.9199981689453
2025-01-16,246.6499938964844
2025-01-17,246.6100006103516
2025-01-21,247.5
2025-01-22,248.0
2025-01-23,250.1100006103516
2025-01-24,247.72999572753903
2025-01-27,249.72000122070312
2025-01-28,253.66000366210932
2025-01-29,253.92999267578125
2025-01-30,256.7900085449219
2025-01-31,256.07000732421875
2025-02-03,256.2699890136719
2025-02-04,258.739990234375
2025-02-05,257.8500061035156
2025-02-06,270.3900146484375
2025-02-07,269.69000244140625
2025-02-10,267.4800109863281
2025-02-11,269.1199951171875
2025-02-12,273.45001220703125
2025-02-13,269.5199890136719
2025-02-14,265.8699951171875
2025-02-18,268.8699951171875
2025-02-19,269.510009765625
2025-02-20,267.8099975585937
2025-02-21,259.489990234375
2025-02-24,258.8999938964844
2025-02-25,257.95001220703125
2025-02-26,259.9599914550781
2025-02-27,259.1000061035156
2025-02-28,264.9599914550781
2025-03-03,263.5799865722656
2025-03-04,259.5599975585937
2025-03-05,259.489990234375
2025-03-06,251.1199951171875
2025-03-07,247.13999938964844
2025-03-10,238.8999938964844
2025-03-11,231.8300018310547
2025-03-12,228.3999938964844
2025-03-13,221.77999877929688
2025-03-14,229.3699951171875
2025-03-17,234.6499938964844
2025-03-18,227.0500030517578
2025-03-19,232.9499969482422
2025-03-20,231.91000366210932
2025-03-21,229.3300018310547
2025-03-24,232.5599975585937
2025-03-25,234.6699981689453
2025-03-26,234.8600006103516
2025-03-27,232.0500030517578
2025-03-28,225.7100067138672
2025-03-31,227.5500030517578
2025-04-01,227.27999877929688
2025-04-02,231.3800048828125
2025-04-03,217.3800048828125
2025-04-04,208.8500061035156
2025-04-07,204.13999938964844
2025-04-08,201.27999877929688
2025-04-09,218.6499938964844
2025-04-10,209.9199981689453
2025-04-11,212.41000366210932
2025-04-14,210.1300048828125
2025-04-15,211.32000732421875
2025-04-16,209.08999633789065
2025-04-17,210.4499969482422
2025-04-21,204.58999633789065
2025-04-22,210.63999938964844
2025-04-23,215.3600006103516
2025-04-24,219.3600006103516
2025-04-25,219.6199951171875
2025-04-28,221.6000061035156
2025-04-29,226.41000366210932
2025-04-30,225.47999572753903
2025-05-01,234.08999633789065
2025-05-02,240.8999938964844
2025-05-05,238.9600067138672
2025-05-06,236.58999633789065
2025-05-07,241.6499938964844
2025-05-08,243.17999267578125
2025-05-09,243.009994506836
2025-05-12,252.4199981689453
2025-05-13,256.010009765625
2025-05-14,253.0
2025-05-15,252.4900054931641
2025-05-16,255.7700042724609
2025-05-19,256.45001220703125
2025-05-20,253.41000366210932
2025-05-21,246.759994506836
2025-05-22,246.63999938964844
2025-05-23,244.7700042724609
2025-05-27,253.0800018310547
2025-05-28,250.77999877929688
2025-05-29,248.259994506836
2025-05-30,248.44000244140625
2025-06-02,249.1300048828125
2025-06-03,251.1000061035156
2025-06-04,249.42999267578125
2025-06-05,248.47000122070312
2025-06-06,252.8099975585937
2025-06-09,252.07000732421875
2025-06-10,253.5399932861328
2025-06-11,253.5399932861328
2025-06-12,250.5500030517578
2025-06-13,243.8800048828125
2025-06-16,247.3500061035156
2025-06-17,246.97000122070312
2025-06-18,247.5599975585937
2025-06-20,248.8600006103516
2025-06-23,252.33999633789065
2025-06-24,255.92999267578125
2025-06-25,253.72000122070312
2025-06-26,257.489990234375
2025-06-27,265.5
2025-06-30,266.3399963378906
2025-07-01,268.9599914550781
2025-07-02,270.1099853515625
2025-07-03,273.4200134277344
2025-07-07,270.8500061035156
2025-07-08,272.9599914550781
2025-07-09,272.5299987792969
2025-07-10,277.4800109863281
2025-07-11,277.3099975585937
2025-07-14,278.6499938964844
2025-07-15,274.3399963378906
2025-07-16,273.4700012207031
2025-07-17,272.2099914550781
2025-07-18,272.67999267578125
2025-07-21,270.8500061035156
2025-07-22,273.8399963378906
2025-07-23,266.8500061035156
2025-07-24,267.57000732421875
2025-07-25,273.6499938964844
2025-07-28,270.57000732421875
2025-07-29,273.0599975585937
2025-07-30,273.2900085449219
2025-07-31,268.0799865722656
2025-08-01,260.8399963378906
2025-08-04,262.4200134277344
2025-08-05,260.1499938964844
2025-08-06,260.95001220703125
2025-08-07,260.9200134277344
2025-08-08,262.29998779296875
2025-08-11,261.04998779296875
2025-08-12,268.7699890136719
2025-08-13,272.8500061035156
2025-08-14,270.3399963378906
2025-08-15,267.7300109863281
2025-08-18,269.1499938964844
2025-08-19,271.7300109863281
2025-08-20,269.8999938964844
2025-08-21,269.19000244140625
2025-08-22,277.5
2025-08-25,274.07000732421875
2025-08-26,275.3399963378906
2025-08-27,276.3999938964844
2025-08-28,276.29998779296875
2025-08-29,276.0599975585937
2025-09-02,276.010009765625
2025-09-03,275.0
2025-09-04,278.0599975585937
2025-09-05,272.29998779296875
2025-09-08,277.79998779296875
2025-09-09,274.9700012207031
2025-09-10,273.1000061035156
2025-09-11,278.2200012207031
2025-09-12,274.7300109863281
2025-09-15,271.25
2025-09-16,273.8800048828125
2025-09-17,266.4100036621094
2025-09-18,266.29998779296875
2025-09-19,268.6099853515625
2025-09-22,266.5799865722656
2025-09-23,263.70001220703125
2025-09-24,263.1700134277344
2025-09-25,261.2799987792969
2025-09-26,261.75
2025-09-29,262.2799987792969
2025-09-30,259.44000244140625
2025-10-01,256.75
2025-10-02,258.9100036621094
2025-10-03,258.42999267578125
2025-10-06,260.17999267578125
2025-10-07,258.6400146484375
2025-10-08,260.0599975585937
2025-10-09,260.1000061035156
2025-10-10,259.5299987792969
2025-10-13,263.3599853515625
2025-10-14,268.3999938964844
2025-10-15,265.1099853515625
2025-10-16,257.4700012207031
2025-10-17,260.2699890136719
2025-10-20,261.0400085449219
2025-10-21,265.9599914550781
2025-10-22,275.0599975585937
2025-10-23,267.6300048828125
2025-10-24,267.7699890136719
2025-10-27,266.2200012207031
2025-10-28,260.8999938964844
2025-10-29,260.3900146484375
2025-10-30,260.17999267578125
2025-10-31,256.9599914550781
2025-11-03,259.0899963378906
2025-11-04,258.6400146484375
2025-11-05,264.4599914550781
2025-11-06,265.2699890136719
2025-11-07,273.32000732421875
2025-11-10,274.5400085449219
2025-11-11,273.6099853515625
2025-11-12,274.79998779296875
2025-11-13,269.8900146484375
2025-11-14,269.6700134277344
2025-11-17,266.04998779296875
2025-11-18,267.94000244140625
2025-11-19,267.010009765625
2025-11-20,264.32000732421875
2025-11-21,274.4800109863281
2025-11-24,274.3299865722656
2025-11-25,284.7300109863281
2025-11-26,285.7699890136719
2025-11-28,285.0299987792969
2025-12-01,283.0400085449219
2025-12-02,281.17999267578125
2025-12-03,280.239990234375
2025-12-04,273.45001220703125
2025-12-05,272.25
2025-12-08,269.82000732421875
2025-12-09,269.25
2025-12-10,271.2300109863281
2025-12-11,278.17999267578125
2025-12-12,280.239990234375
2025-12-15,285.8500061035156
2025-12-16,285.8299865722656
2025-12-17,293.0
2025-12-18,287.6700134277344
2025-12-19,292.25
2025-12-22,292.54998779296875
2025-12-23,291.3800048828125
2025-12-24,293.29998779296875
2025-12-26,293.4800109863281
2025-12-29,292.3599853515625
2025-12-30,290.42999267578125
2025-12-31,287.25
2026-01-02,292.9800109863281
2026-01-05,285.7699890136719
2026-01-06,293.2799987792969
2026-01-07,293.5
2026-01-08,298.3299865722656
2026-01-09,300.3599853515625
2026-01-12,300.3999938964844
2026-01-13,300.6199951171875
2026-01-14,300.1300048828125
2026-01-15,301.8599853515625
2026-01-16,300.8500061035156
2026-01-20,289.9800109863281
2026-01-21,296.4599914550781
2026-01-22,295.9200134277344
2026-01-23,298.1099853515625
2026-01-26,297.1199951171875
2026-01-27,296.1700134277344
2026-01-28,296.3099975585937
2026-01-29,299.2799987792969
2026-01-30,298.510009765625
2026-02-02,302.92999267578125
2026-02-03,304.6000061035156
2026-02-04,308.8099975585937
2026-02-05,308.7200012207031
2026-02-06,314.3800048828125
2026-02-09,314.0299987792969
2026-02-10,323.70001220703125
2026-02-11,325.1300048828125
2026-02-12,322.1700134277344
2026-02-13,314.6199951171875
2026-02-17,317.82000732421875
2026-02-18,315.8800048828125
2026-02-19,312.7300109863281
2026-02-20,315.9599914550781
2026-02-23,311.79998779296875
2026-02-24,312.7799987792969
2026-02-25,313.3500061035156
2026-02-26,317.8299865722656
2026-02-27,311.7799987792969
2026-03-02,304.79998779296875
2026-03-03,305.94000244140625
2026-03-04,304.9100036621094
2026-03-05,307.3599853515625
2026-03-06,298.6400146484375
2026-03-09,303.4599914550781
2026-03-10,298.3699951171875
2026-03-11,296.8500061035156
2026-03-12,294.260009765625
2026-03-13,291.54998779296875
2026-03-16,296.0
2026-03-17,301.3099975585937
2026-03-18,294.5599975585937
2026-03-19,297.8299865722656
2026-03-20,292.5799865722656
2026-03-23,300.6700134277344
2026-03-24,299.9100036621094
2026-03-25,303.1600036621094
2026-03-26,301.70001220703125
2026-03-27,294.0400085449219
2026-03-30,295.8699951171875
2026-03-31,304.0799865722656
2026-04-01,308.260009765625
2026-04-02,304.95001220703125
2026-04-06,306.8800048828125
2026-04-07,302.1600036621094
2026-04-08,317.20001220703125
2026-04-09,322.510009765625
2026-04-10,323.42999267578125
2026-04-13,327.260009765625
2026-04-14,331.3800048828125
2026-04-15,328.9100036621094
2026-04-16,330.3800048828125
2026-04-17,341.0299987792969
2026-04-20,342.8900146484375
2026-04-21,340.2099914550781
2026-04-22,333.6700134277344
2026-04-23,334.2799987792969
2026-04-24,335.6300048828125
2026-04-27,332.45001220703125
2026-04-28,323.3599853515625
2026-04-29,314.5
2026-04-30,324.07000732421875
2026-05-01,318.6099853515625
2026-05-04,311.3800048828125
2026-05-05,312.7699890136719
2026-05-06,321.510009765625
2026-05-07,320.29998779296875
2026-05-08,316.7799987792969
2026-05-11,315.5299987792969
2026-05-12,313.57000732421875
2026-05-13,311.4100036621094
2026-05-14,316.5199890136719
2026-05-15,316.1700134277344
2026-05-18,318.1400146484375
2026-05-19,315.3900146484375
2026-05-20,323.8699951171875
2026-05-21,322.760009765625
2026-05-22,321.0799865722656
