,HUBB
2015-01-02,107.52999877929688
2015-01-05,104.58000183105467
2015-01-06,102.61000061035156
2015-01-07,102.62999725341795
2015-01-08,105.5199966430664
2015-01-09,106.68000030517578
2015-01-12,105.93000030517578
2015-01-13,105.8000030517578
2015-01-14,104.36000061035156
2015-01-15,103.8499984741211
2015-01-16,104.66999816894533
2015-01-20,104.9800033569336
2015-01-21,106.95999908447266
2015-01-22,108.81999969482422
2015-01-23,106.9800033569336
2015-01-26,107.68000030517578
2015-01-27,106.75
2015-01-28,104.5500030517578
2015-01-29,108.5
2015-01-30,106.04000091552734
2015-02-02,108.80999755859376
2015-02-03,111.05999755859376
2015-02-04,110.54000091552734
2015-02-05,111.04000091552734
2015-02-06,112.19000244140624
2015-02-09,112.2699966430664
2015-02-10,113.86000061035156
2015-02-11,113.77999877929688
2015-02-12,114.86000061035156
2015-02-13,115.41000366210938
2015-02-17,114.37000274658205
2015-02-18,113.97000122070312
2015-02-19,113.9499969482422
2015-02-20,116.12000274658205
2015-02-23,115.94000244140624
2015-02-24,116.29000091552734
2015-02-25,115.68000030517578
2015-02-26,114.44000244140624
2015-02-27,113.8000030517578
2015-03-02,113.6500015258789
2015-03-03,112.5999984741211
2015-03-04,110.4000015258789
2015-03-05,110.23999786376952
2015-03-06,109.87999725341795
2015-03-09,110.56999969482422
2015-03-10,108.22000122070312
2015-03-11,108.66000366210938
2015-03-12,109.0500030517578
2015-03-13,108.3000030517578
2015-03-16,109.62000274658205
2015-03-17,109.4800033569336
2015-03-18,110.0
2015-03-19,110.0500030517578
2015-03-20,111.41000366210938
2015-03-23,110.5500030517578
2015-03-24,110.37000274658205
2015-03-25,109.4000015258789
2015-03-26,109.6999969482422
2015-03-27,109.45999908447266
2015-03-30,110.0500030517578
2015-03-31,109.62000274658205
2015-04-01,108.6500015258789
2015-04-02,108.81999969482422
2015-04-06,109.33999633789062
2015-04-07,109.41999816894533
2015-04-08,109.98999786376952
2015-04-09,110.9800033569336
2015-04-10,110.75
2015-04-13,110.37999725341795
2015-04-14,110.6500015258789
2015-04-15,110.5
2015-04-16,110.88999938964844
2015-04-17,110.6999969482422
2015-04-20,110.37999725341795
2015-04-21,110.37999725341795
2015-04-22,110.19000244140624
2015-04-23,110.31999969482422
2015-04-24,109.31999969482422
2015-04-27,109.2300033569336
2015-04-28,110.11000061035156
2015-04-29,109.87999725341795
2015-04-30,108.83000183105467
2015-05-01,109.5999984741211
2015-05-04,110.0999984741211
2015-05-05,109.29000091552734
2015-05-06,108.7699966430664
2015-05-07,108.86000061035156
2015-05-08,109.51000213623048
2015-05-11,109.52999877929688
2015-05-12,109.0999984741211
2015-05-13,109.83000183105467
2015-05-14,111.55999755859376
2015-05-15,111.73999786376952
2015-05-18,111.37999725341795
2015-05-19,111.37000274658205
2015-05-20,111.55999755859376
2015-05-21,110.52999877929688
2015-05-22,110.29000091552734
2015-05-26,109.77999877929688
2015-05-27,109.75
2015-05-28,109.11000061035156
2015-05-29,108.02999877929688
2015-06-01,108.58999633789062
2015-06-02,108.88999938964844
2015-06-03,109.66999816894533
2015-06-04,109.18000030517578
2015-06-05,109.77999877929688
2015-06-08,109.3499984741211
2015-06-09,110.5
2015-06-10,111.0
2015-06-11,110.94000244140624
2015-06-12,110.83999633789062
2015-06-15,110.27999877929688
2015-06-16,110.29000091552734
2015-06-17,110.87000274658205
2015-06-18,111.16000366210938
2015-06-19,110.45999908447266
2015-06-22,110.66000366210938
2015-06-23,110.7699966430664
2015-06-24,110.4000015258789
2015-06-25,110.43000030517578
2015-06-26,110.9800033569336
2015-06-29,108.8000030517578
2015-06-30,108.27999877929688
2015-07-01,108.27999877929688
2015-07-02,108.0
2015-07-06,107.4000015258789
2015-07-07,108.16000366210938
2015-07-08,106.4499969482422
2015-07-09,106.51000213623048
2015-07-10,106.87000274658205
2015-07-13,108.06999969482422
2015-07-14,108.4000015258789
2015-07-15,107.41999816894533
2015-07-16,107.23999786376952
2015-07-17,106.8000030517578
2015-07-20,106.56999969482422
2015-07-21,105.33000183105467
2015-07-22,104.4499969482422
2015-07-23,106.69000244140624
2015-07-24,104.33000183105467
2015-07-27,103.3499984741211
2015-07-28,103.75
2015-07-29,105.33999633789062
2015-07-30,104.7300033569336
2015-07-31,104.41000366210938
2015-08-03,103.7300033569336
2015-08-04,104.54000091552734
2015-08-05,105.0199966430664
2015-08-06,103.93000030517578
2015-08-07,103.9000015258789
2015-08-10,105.5199966430664
2015-08-11,104.38999938964844
2015-08-12,103.86000061035156
2015-08-13,103.23999786376952
2015-08-14,103.51000213623048
2015-08-17,103.69000244140624
2015-08-18,103.31999969482422
2015-08-19,102.1500015258789
2015-08-20,100.70999908447266
2015-08-21,98.91999816894533
2015-08-24,95.80999755859376
2015-08-25,94.94000244140624
2015-08-26,96.5500030517578
2015-08-27,98.73999786376952
2015-08-28,98.54000091552734
2015-08-31,98.66999816894533
2015-09-01,96.97000122070312
2015-09-02,97.33999633789062
2015-09-03,97.66000366210938
2015-09-04,95.9000015258789
2015-09-08,97.37999725341795
2015-09-09,96.02999877929688
2015-09-10,94.79000091552734
2015-09-11,95.08999633789062
2015-09-14,94.0999984741211
2015-09-15,95.25
2015-09-16,95.9499969482422
2015-09-17,95.08999633789062
2015-09-18,90.0
2015-09-21,88.12000274658203
2015-09-22,85.93000030517578
2015-09-23,85.29000091552734
2015-09-24,84.45999908447266
2015-09-25,85.04000091552734
2015-09-28,82.95999908447266
2015-09-29,83.08999633789062
2015-09-30,84.94999694824219
2015-10-01,85.25
2015-10-02,86.2300033569336
2015-10-05,88.52999877929688
2015-10-06,88.6500015258789
2015-10-07,89.37000274658203
2015-10-08,90.77999877929688
2015-10-09,91.41999816894533
2015-10-12,90.31999969482422
2015-10-13,89.33000183105469
2015-10-14,88.23999786376953
2015-10-15,88.9800033569336
2015-10-16,87.0
2015-10-19,87.4000015258789
2015-10-20,88.22000122070312
2015-10-21,87.44000244140625
2015-10-22,93.3499984741211
2015-10-23,94.12000274658205
2015-10-26,94.1999969482422
2015-10-27,93.93000030517578
2015-10-28,96.2300033569336
2015-10-29,96.25
2015-10-30,96.8499984741211
2015-11-02,97.52999877929688
2015-11-03,96.81999969482422
2015-11-04,96.4499969482422
2015-11-05,96.43000030517578
2015-11-06,95.83000183105467
2015-11-09,94.58000183105467
2015-11-10,94.22000122070312
2015-11-11,94.93000030517578
2015-11-12,93.5
2015-11-13,95.41999816894533
2015-11-16,97.3000030517578
2015-11-17,96.0
2015-11-18,98.1999969482422
2015-11-19,97.7699966430664
2015-11-20,97.33000183105467
2015-11-23,97.56999969482422
2015-11-24,98.55999755859376
2015-11-25,99.25
2015-11-27,99.63999938964844
2015-11-30,99.29000091552734
2015-12-01,99.86000061035156
2015-12-02,98.8000030517578
2015-12-03,97.69000244140624
2015-12-04,98.08000183105467
2015-12-07,97.47000122070312
2015-12-08,95.9800033569336
2015-12-09,95.33999633789062
2015-12-10,95.19000244140624
2015-12-11,94.76000213623048
2015-12-14,94.04000091552734
2015-12-15,93.3000030517578
2015-12-16,94.7699966430664
2015-12-17,93.36000061035156
2015-12-18,92.0500030517578
2015-12-21,94.3000030517578
2015-12-22,96.9800033569336
2015-12-23,100.16000366210938
2015-12-24,101.41999816894533
2015-12-28,101.61000061035156
2015-12-29,103.0
2015-12-30,103.3000030517578
2015-12-31,101.04000091552734
2016-01-04,101.9800033569336
2016-01-05,100.3000030517578
2016-01-06,98.73999786376952
2016-01-07,95.0
2016-01-08,94.91000366210938
2016-01-11,91.9800033569336
2016-01-12,92.27999877929688
2016-01-13,89.0199966430664
2016-01-14,90.68000030517578
2016-01-15,89.06999969482422
2016-01-19,88.48999786376953
2016-01-20,86.76000213623047
2016-01-21,87.25
2016-01-22,88.44999694824219
2016-01-25,86.73999786376953
2016-01-26,87.76000213623047
2016-01-27,86.29000091552734
2016-01-28,88.4000015258789
2016-01-29,90.43000030517578
2016-02-01,90.0999984741211
2016-02-02,87.95999908447266
2016-02-03,89.75
2016-02-04,91.87999725341795
2016-02-05,90.19000244140624
2016-02-08,89.87000274658203
2016-02-09,89.95999908447266
2016-02-10,89.80000305175781
2016-02-11,89.36000061035156
2016-02-12,89.94000244140625
2016-02-16,92.38999938964844
2016-02-17,93.0500030517578
2016-02-18,92.91000366210938
2016-02-19,93.5500030517578
2016-02-22,95.72000122070312
2016-02-23,96.06999969482422
2016-02-24,96.69000244140624
2016-02-25,97.83999633789062
2016-02-26,98.86000061035156
2016-02-29,99.36000061035156
2016-03-01,100.81999969482422
2016-03-02,102.08000183105467
2016-03-03,101.55999755859376
2016-03-04,101.06999969482422
2016-03-07,101.83000183105467
2016-03-08,99.9000015258789
2016-03-09,99.06999969482422
2016-03-10,99.76000213623048
2016-03-11,100.55999755859376
2016-03-14,99.7300033569336
2016-03-15,100.41000366210938
2016-03-16,101.31999969482422
2016-03-17,102.4800033569336
2016-03-18,103.0
2016-03-21,102.7699966430664
2016-03-22,102.51000213623048
2016-03-23,100.93000030517578
2016-03-24,100.95999908447266
2016-03-28,101.94000244140624
2016-03-29,103.55999755859376
2016-03-30,105.37999725341795
2016-03-31,105.93000030517578
2016-04-01,108.23999786376952
2016-04-04,106.62999725341795
2016-04-05,105.5
2016-04-06,106.4000015258789
2016-04-07,106.62000274658205
2016-04-08,107.47000122070312
2016-04-11,106.48999786376952
2016-04-12,106.7699966430664
2016-04-13,109.11000061035156
2016-04-14,108.2300033569336
2016-04-15,108.9800033569336
2016-04-18,109.1999969482422
2016-04-19,108.58999633789062
2016-04-20,108.47000122070312
2016-04-21,109.04000091552734
2016-04-22,108.1999969482422
2016-04-25,107.33999633789062
2016-04-26,106.9800033569336
2016-04-27,106.69000244140624
2016-04-28,105.56999969482422
2016-04-29,105.76000213623048
2016-05-02,106.13999938964844
2016-05-03,105.8499984741211
2016-05-04,104.54000091552734
2016-05-05,105.22000122070312
2016-05-06,105.5500030517578
2016-05-09,104.33000183105467
2016-05-10,106.6500015258789
2016-05-11,106.30999755859376
2016-05-12,106.4499969482422
2016-05-13,104.16000366210938
2016-05-16,105.26000213623048
2016-05-17,104.87999725341795
2016-05-18,104.62999725341795
2016-05-19,103.5500030517578
2016-05-20,104.8000030517578
2016-05-23,105.01000213623048
2016-05-24,105.47000122070312
2016-05-25,106.26000213623048
2016-05-26,105.79000091552734
2016-05-27,105.95999908447266
2016-05-31,106.2699966430664
2016-06-01,105.93000030517578
2016-06-02,105.83000183105467
2016-06-03,104.38999938964844
2016-06-06,105.83000183105467
2016-06-07,105.79000091552734
2016-06-08,105.9499969482422
2016-06-09,105.72000122070312
2016-06-10,102.68000030517578
2016-06-13,103.01000213623048
2016-06-14,102.44000244140624
2016-06-15,102.0999984741211
2016-06-16,101.5
2016-06-17,100.6999969482422
2016-06-20,101.9499969482422
2016-06-21,101.41000366210938
2016-06-22,101.83999633789062
2016-06-23,103.3499984741211
2016-06-24,100.91000366210938
2016-06-27,98.16999816894533
2016-06-28,98.87999725341795
2016-06-29,101.4499969482422
2016-06-30,105.47000122070312
2016-07-01,105.5500030517578
2016-07-05,103.98999786376952
2016-07-06,104.54000091552734
2016-07-07,104.9499969482422
2016-07-08,106.05999755859376
2016-07-11,106.61000061035156
2016-07-12,105.9800033569336
2016-07-13,106.19000244140624
2016-07-14,106.6999969482422
2016-07-15,106.91999816894533
2016-07-18,106.76000213623048
2016-07-19,106.5199966430664
2016-07-20,106.45999908447266
2016-07-21,105.72000122070312
2016-07-22,105.5999984741211
2016-07-25,104.1999969482422
2016-07-26,106.5199966430664
2016-07-27,105.95999908447266
2016-07-28,106.22000122070312
2016-07-29,107.83000183105467
2016-08-01,106.0199966430664
2016-08-02,104.86000061035156
2016-08-03,105.08999633789062
2016-08-04,104.5
2016-08-05,105.7300033569336
2016-08-08,105.79000091552734
2016-08-09,105.47000122070312
2016-08-10,106.7699966430664
2016-08-11,106.9499969482422
2016-08-12,106.91000366210938
2016-08-15,107.37000274658205
2016-08-16,107.0
2016-08-17,106.62000274658205
2016-08-18,108.11000061035156
2016-08-19,107.9000015258789
2016-08-22,107.9000015258789
2016-08-23,108.51000213623048
2016-08-24,107.5999984741211
2016-08-25,108.11000061035156
2016-08-26,107.91999816894533
2016-08-29,108.23999786376952
2016-08-30,108.43000030517578
2016-08-31,108.30999755859376
2016-09-01,108.19000244140624
2016-09-02,108.79000091552734
2016-09-06,107.88999938964844
2016-09-07,107.36000061035156
2016-09-08,106.7699966430664
2016-09-09,103.73999786376952
2016-09-12,104.80999755859376
2016-09-13,103.0999984741211
2016-09-14,102.12000274658205
2016-09-15,103.0500030517578
2016-09-16,102.73999786376952
2016-09-19,103.58000183105467
2016-09-20,102.8000030517578
2016-09-21,104.81999969482422
2016-09-22,107.22000122070312
2016-09-23,106.06999969482422
2016-09-26,105.81999969482422
2016-09-27,106.70999908447266
2016-09-28,108.0999984741211
2016-09-29,106.61000061035156
2016-09-30,107.73999786376952
2016-10-03,106.37000274658205
2016-10-04,105.3499984741211
2016-10-05,105.58999633789062
2016-10-06,105.47000122070312
2016-10-07,104.16000366210938
2016-10-10,104.1999969482422
2016-10-11,102.79000091552734
2016-10-12,102.6999969482422
2016-10-13,101.5500030517578
2016-10-14,103.5
2016-10-17,103.25
2016-10-18,103.23999786376952
2016-10-19,103.95999908447266
2016-10-20,103.83999633789062
2016-10-21,104.5999984741211
2016-10-24,104.87999725341795
2016-10-25,104.81999969482422
2016-10-26,105.1999969482422
2016-10-27,104.91999816894533
2016-10-28,104.5999984741211
2016-10-31,104.5199966430664
2016-11-01,103.54000091552734
2016-11-02,102.13999938964844
2016-11-03,102.62999725341795
2016-11-04,103.16999816894533
2016-11-07,105.4000015258789
2016-11-08,105.5199966430664
2016-11-09,108.37999725341795
2016-11-10,110.2699966430664
2016-11-11,110.43000030517578
2016-11-14,112.1999969482422
2016-11-15,111.91999816894533
2016-11-16,111.8499984741211
2016-11-17,111.4000015258789
2016-11-18,110.54000091552734
2016-11-21,111.18000030517578
2016-11-22,112.6999969482422
2016-11-23,113.0199966430664
2016-11-25,113.18000030517578
2016-11-28,111.45999908447266
2016-11-29,111.4499969482422
2016-11-30,112.27999877929688
2016-12-01,112.7699966430664
2016-12-02,113.1500015258789
2016-12-05,113.68000030517578
2016-12-06,113.58999633789062
2016-12-07,114.91000366210938
2016-12-08,114.75
2016-12-09,116.25
2016-12-12,116.77999877929688
2016-12-13,117.0199966430664
2016-12-14,115.5199966430664
2016-12-15,115.36000061035156
2016-12-16,117.0
2016-12-19,116.7300033569336
2016-12-20,118.54000091552734
2016-12-21,117.83999633789062
2016-12-22,117.80999755859376
2016-12-23,118.16999816894533
2016-12-27,118.4800033569336
2016-12-28,117.12999725341795
2016-12-29,117.36000061035156
2016-12-30,116.6999969482422
2017-01-03,117.63999938964844
2017-01-04,118.62999725341795
2017-01-05,118.18000030517578
2017-01-06,118.44000244140624
2017-01-09,116.62000274658205
2017-01-10,117.47000122070312
2017-01-11,118.58000183105467
2017-01-12,118.47000122070312
2017-01-13,119.66000366210938
2017-01-17,117.7300033569336
2017-01-18,117.72000122070312
2017-01-19,117.91999816894533
2017-01-20,117.62999725341795
2017-01-23,117.54000091552734
2017-01-24,118.72000122070312
2017-01-25,119.12999725341795
2017-01-26,118.6999969482422
2017-01-27,118.4000015258789
2017-01-30,117.80999755859376
2017-01-31,122.08000183105467
2017-02-01,122.18000030517578
2017-02-02,122.13999938964844
2017-02-03,125.73999786376952
2017-02-06,124.48999786376952
2017-02-07,123.62000274658205
2017-02-08,122.68000030517578
2017-02-09,122.87000274658205
2017-02-10,122.8499984741211
2017-02-13,122.7300033569336
2017-02-14,122.41999816894533
2017-02-15,122.61000061035156
2017-02-16,122.12999725341795
2017-02-17,122.20999908447266
2017-02-21,123.41000366210938
2017-02-22,121.41999816894533
2017-02-23,120.51000213623048
2017-02-24,120.31999969482422
2017-02-27,120.77999877929688
2017-02-28,118.62000274658205
2017-03-01,121.68000030517578
2017-03-02,120.79000091552734
2017-03-03,120.79000091552734
2017-03-06,121.58000183105467
2017-03-07,120.58999633789062
2017-03-08,120.16999816894533
2017-03-09,119.44000244140624
2017-03-10,120.79000091552734
2017-03-13,120.9800033569336
2017-03-14,119.31999969482422
2017-03-15,122.08000183105467
2017-03-16,120.79000091552734
2017-03-17,120.4499969482422
2017-03-20,119.38999938964844
2017-03-21,117.41000366210938
2017-03-22,117.9499969482422
2017-03-23,118.4800033569336
2017-03-24,117.6500015258789
2017-03-27,117.37999725341795
2017-03-28,118.58000183105467
2017-03-29,119.1500015258789
2017-03-30,120.38999938964844
2017-03-31,120.0500030517578
2017-04-03,120.2699966430664
2017-04-04,118.30999755859376
2017-04-05,116.48999786376952
2017-04-06,118.54000091552734
2017-04-07,119.33999633789062
2017-04-10,119.8499984741211
2017-04-11,119.87999725341795
2017-04-12,117.9000015258789
2017-04-13,116.9499969482422
2017-04-17,118.54000091552734
2017-04-18,118.2699966430664
2017-04-19,118.3499984741211
2017-04-20,118.93000030517578
2017-04-21,119.0
2017-04-24,121.52999877929688
2017-04-25,117.12999725341795
2017-04-26,114.13999938964844
2017-04-27,114.87000274658205
2017-04-28,113.12999725341795
2017-05-01,112.86000061035156
2017-05-02,113.18000030517578
2017-05-03,112.66999816894533
2017-05-04,112.12000274658205
2017-05-05,112.7699966430664
2017-05-08,112.48999786376952
2017-05-09,114.30999755859376
2017-05-10,114.80999755859376
2017-05-11,113.38999938964844
2017-05-12,111.1500015258789
2017-05-15,112.01000213623048
2017-05-16,112.0999984741211
2017-05-17,110.88999938964844
2017-05-18,111.73999786376952
2017-05-19,114.16999816894533
2017-05-22,114.5500030517578
2017-05-23,115.08000183105467
2017-05-24,116.36000061035156
2017-05-25,116.95999908447266
2017-05-26,117.1500015258789
2017-05-30,115.68000030517578
2017-05-31,115.91000366210938
2017-06-01,117.11000061035156
2017-06-02,117.87000274658205
2017-06-05,117.80999755859376
2017-06-06,116.98999786376952
2017-06-07,116.7699966430664
2017-06-08,118.05999755859376
2017-06-09,118.98999786376952
2017-06-12,119.72000122070312
2017-06-13,119.56999969482422
2017-06-14,119.23999786376952
2017-06-15,118.91000366210938
2017-06-16,117.48999786376952
2017-06-19,117.04000091552734
2017-06-20,114.5999984741211
2017-06-21,112.75
2017-06-22,112.41999816894533
2017-06-23,112.87999725341795
2017-06-26,112.94000244140624
2017-06-27,112.22000122070312
2017-06-28,112.08999633789062
2017-06-29,112.29000091552734
2017-06-30,113.16999816894533
2017-07-03,113.5
2017-07-05,113.73999786376952
2017-07-06,112.87000274658205
2017-07-07,114.2699966430664
2017-07-10,114.08000183105467
2017-07-11,115.0500030517578
2017-07-12,114.9000015258789
2017-07-13,115.08000183105467
2017-07-14,115.73999786376952
2017-07-17,115.88999938964844
2017-07-18,115.80999755859376
2017-07-19,117.0999984741211
2017-07-20,117.1500015258789
2017-07-21,116.12000274658205
2017-07-24,116.30999755859376
2017-07-25,120.6500015258789
2017-07-26,118.3499984741211
2017-07-27,119.4000015258789
2017-07-28,119.5
2017-07-31,118.79000091552734
2017-08-01,117.52999877929688
2017-08-02,119.44000244140624
2017-08-03,119.1999969482422
2017-08-04,119.27999877929688
2017-08-07,119.02999877929688
2017-08-08,118.26000213623048
2017-08-09,117.94000244140624
2017-08-10,115.52999877929688
2017-08-11,115.0199966430664
2017-08-14,115.36000061035156
2017-08-15,113.98999786376952
2017-08-16,114.16000366210938
2017-08-17,112.0999984741211
2017-08-18,111.6500015258789
2017-08-21,110.05999755859376
2017-08-22,110.77999877929688
2017-08-23,109.88999938964844
2017-08-24,109.9800033569336
2017-08-25,110.47000122070312
2017-08-28,110.29000091552734
2017-08-29,111.02999877929688
2017-08-30,112.05999755859376
2017-08-31,112.79000091552734
2017-09-01,112.79000091552734
2017-09-05,111.29000091552734
2017-09-06,111.08000183105467
2017-09-07,110.05999755859376
2017-09-08,111.9499969482422
2017-09-11,112.95999908447266
2017-09-12,114.81999969482422
2017-09-13,114.94000244140624
2017-09-14,113.0
2017-09-15,113.76000213623048
2017-09-18,113.9800033569336
2017-09-19,112.76000213623048
2017-09-20,113.30999755859376
2017-09-21,113.3000030517578
2017-09-22,113.9499969482422
2017-09-25,114.01000213623048
2017-09-26,114.91000366210938
2017-09-27,115.79000091552734
2017-09-28,115.86000061035156
2017-09-29,116.0199966430664
2017-10-02,117.22000122070312
2017-10-03,117.54000091552734
2017-10-04,118.2300033569336
2017-10-05,117.75
2017-10-06,117.1500015258789
2017-10-09,116.12999725341795
2017-10-10,116.0199966430664
2017-10-11,115.02999877929688
2017-10-12,116.79000091552734
2017-10-13,118.0500030517578
2017-10-16,119.73999786376952
2017-10-17,118.87999725341795
2017-10-18,120.16000366210938
2017-10-19,120.83000183105467
2017-10-20,123.06999969482422
2017-10-23,121.31999969482422
2017-10-24,125.3499984741211
2017-10-25,125.98999786376952
2017-10-26,126.16000366210938
2017-10-27,125.93000030517578
2017-10-30,125.12000274658205
2017-10-31,125.81999969482422
2017-11-01,126.16000366210938
2017-11-02,126.19000244140624
2017-11-03,125.12000274658205
2017-11-06,125.5500030517578
2017-11-07,124.61000061035156
2017-11-08,123.58000183105467
2017-11-09,122.98999786376952
2017-11-10,122.5999984741211
2017-11-13,121.76000213623048
2017-11-14,121.43000030517578
2017-11-15,119.62999725341795
2017-11-16,120.3000030517578
2017-11-17,119.8499984741211
2017-11-20,120.4499969482422
2017-11-21,120.16000366210938
2017-11-22,121.0
2017-11-24,120.4499969482422
2017-11-27,121.29000091552734
2017-11-28,126.08999633789062
2017-11-29,125.70999908447266
2017-11-30,125.79000091552734
2017-12-01,124.33999633789062
2017-12-04,128.2899932861328
2017-12-05,126.7300033569336
2017-12-06,127.5999984741211
2017-12-07,130.7899932861328
2017-12-08,130.75
2017-12-11,130.74000549316406
2017-12-12,130.49000549316406
2017-12-13,129.3300018310547
2017-12-14,127.75
2017-12-15,128.8699951171875
2017-12-18,130.94000244140625
2017-12-19,132.14999389648438
2017-12-20,134.6699981689453
2017-12-21,135.22000122070312
2017-12-22,135.22999572753906
2017-12-26,137.5
2017-12-27,135.8800048828125
2017-12-28,135.99000549316406
2017-12-29,135.33999633789062
2018-01-02,134.1999969482422
2018-01-03,133.33999633789062
2018-01-04,135.52999877929688
2018-01-05,135.92999267578125
2018-01-08,136.0500030517578
2018-01-09,135.1699981689453
2018-01-10,134.16000366210938
2018-01-11,135.2899932861328
2018-01-12,138.33999633789062
2018-01-16,136.35000610351562
2018-01-17,136.1999969482422
2018-01-18,138.50999450683594
2018-01-19,138.30999755859375
2018-01-22,138.55999755859375
2018-01-23,137.52999877929688
2018-01-24,136.66000366210938
2018-01-25,138.17999267578125
2018-01-26,139.2100067138672
2018-01-29,138.02999877929688
2018-01-30,138.8000030517578
2018-01-31,135.9499969482422
2018-02-01,137.2100067138672
2018-02-02,133.85000610351562
2018-02-05,128.89999389648438
2018-02-06,130.50999450683594
2018-02-07,132.7899932861328
2018-02-08,129.64999389648438
2018-02-09,132.10000610351562
2018-02-12,133.32000732421875
2018-02-13,133.5800018310547
2018-02-14,135.77000427246094
2018-02-15,136.3000030517578
2018-02-16,135.47000122070312
2018-02-20,133.3000030517578
2018-02-21,133.99000549316406
2018-02-22,134.38999938964844
2018-02-23,134.52000427246094
2018-02-26,134.41000366210938
2018-02-27,133.19000244140625
2018-02-28,131.0500030517578
2018-03-01,129.52000427246094
2018-03-02,128.33999633789062
2018-03-05,128.83999633789062
2018-03-06,129.27000427246094
2018-03-07,125.7300033569336
2018-03-08,126.0
2018-03-09,126.3000030517578
2018-03-12,125.08000183105467
2018-03-13,125.54000091552734
2018-03-14,126.33000183105467
2018-03-15,124.97000122070312
2018-03-16,126.36000061035156
2018-03-19,125.47000122070312
2018-03-20,125.41999816894533
2018-03-21,125.36000061035156
2018-03-22,121.5500030517578
2018-03-23,118.3499984741211
2018-03-26,119.80999755859376
2018-03-27,119.5500030517578
2018-03-28,119.87000274658205
2018-03-29,121.77999877929688
2018-04-02,117.33999633789062
2018-04-03,118.29000091552734
2018-04-04,118.63999938964844
2018-04-05,120.0
2018-04-06,117.38999938964844
2018-04-09,117.37000274658205
2018-04-10,119.0199966430664
2018-04-11,117.29000091552734
2018-04-12,118.36000061035156
2018-04-13,118.4499969482422
2018-04-16,119.81999969482422
2018-04-17,120.75
2018-04-18,121.97000122070312
2018-04-19,120.91000366210938
2018-04-20,119.6500015258789
2018-04-23,118.86000061035156
2018-04-24,109.3499984741211
2018-04-25,107.91000366210938
2018-04-26,106.16999816894533
2018-04-27,104.77999877929688
2018-04-30,103.86000061035156
2018-05-01,102.51000213623048
2018-05-02,102.87999725341795
2018-05-03,102.63999938964844
2018-05-04,103.97000122070312
2018-05-07,104.76000213623048
2018-05-08,103.8499984741211
2018-05-09,104.72000122070312
2018-05-10,104.27999877929688
2018-05-11,104.70999908447266
2018-05-14,104.86000061035156
2018-05-15,105.19000244140624
2018-05-16,105.68000030517578
2018-05-17,106.02999877929688
2018-05-18,105.6999969482422
2018-05-21,106.87000274658205
2018-05-22,110.62000274658205
2018-05-23,110.36000061035156
2018-05-24,111.19000244140624
2018-05-25,110.52999877929688
2018-05-29,108.58000183105467
2018-05-30,110.12000274658205
2018-05-31,107.69000244140624
2018-06-01,107.95999908447266
2018-06-04,108.58000183105467
2018-06-05,109.8000030517578
2018-06-06,111.2699966430664
2018-06-07,112.16999816894533
2018-06-08,112.0
2018-06-11,112.08999633789062
2018-06-12,112.44000244140624
2018-06-13,111.9800033569336
2018-06-14,112.88999938964844
2018-06-15,112.86000061035156
2018-06-18,113.1999969482422
2018-06-19,110.27999877929688
2018-06-20,109.0
2018-06-21,107.91999816894533
2018-06-22,109.25
2018-06-25,107.83999633789062
2018-06-26,106.9499969482422
2018-06-27,106.73999786376952
2018-06-28,105.9800033569336
2018-06-29,105.73999786376952
2018-07-02,106.12000274658205
2018-07-03,108.19000244140624
2018-07-05,108.6500015258789
2018-07-06,108.56999969482422
2018-07-09,111.13999938964844
2018-07-10,113.51000213623048
2018-07-11,111.1500015258789
2018-07-12,112.3499984741211
2018-07-13,113.36000061035156
2018-07-16,112.1500015258789
2018-07-17,113.36000061035156
2018-07-18,114.81999969482422
2018-07-19,115.58999633789062
2018-07-20,115.25
2018-07-23,113.9499969482422
2018-07-24,118.54000091552734
2018-07-25,121.43000030517578
2018-07-26,122.80999755859376
2018-07-27,121.93000030517578
2018-07-30,119.94000244140624
2018-07-31,123.25
2018-08-01,119.87999725341795
2018-08-02,118.08999633789062
2018-08-03,119.55999755859376
2018-08-06,118.79000091552734
2018-08-07,119.0500030517578
2018-08-08,118.11000061035156
2018-08-09,118.20999908447266
2018-08-10,117.91999816894533
2018-08-13,118.47000122070312
2018-08-14,120.8499984741211
2018-08-15,120.83000183105467
2018-08-16,122.2699966430664
2018-08-17,123.26000213623048
2018-08-20,123.5999984741211
2018-08-21,125.20999908447266
2018-08-22,123.95999908447266
2018-08-23,124.4499969482422
2018-08-24,124.88999938964844
2018-08-27,126.83999633789062
2018-08-28,126.48999786376952
2018-08-29,126.81999969482422
2018-08-30,125.41000366210938
2018-08-31,126.36000061035156
2018-09-04,125.94000244140624
2018-09-05,127.43000030517578
2018-09-06,127.75
2018-09-07,129.11000061035156
2018-09-10,130.36000061035156
2018-09-11,131.88999938964844
2018-09-12,131.42999267578125
2018-09-13,133.47999572753906
2018-09-14,134.39999389648438
2018-09-17,133.8800048828125
2018-09-18,134.80999755859375
2018-09-19,135.02999877929688
2018-09-20,135.86000061035156
2018-09-21,136.74000549316406
2018-09-24,135.6300048828125
2018-09-25,134.50999450683594
2018-09-26,133.50999450683594
2018-09-27,133.60000610351562
2018-09-28,133.57000732421875
2018-10-01,133.75999450683594
2018-10-02,132.07000732421875
2018-10-03,130.92999267578125
2018-10-04,131.0800018310547
2018-10-05,128.58999633789062
2018-10-08,127.43000030517578
2018-10-09,125.97000122070312
2018-10-10,123.38999938964844
2018-10-11,120.22000122070312
2018-10-12,121.5
2018-10-15,122.88999938964844
2018-10-16,126.0999984741211
2018-10-17,123.98999786376952
2018-10-18,122.51000213623048
2018-10-19,120.02999877929688
2018-10-22,121.33000183105467
2018-10-23,107.1500015258789
2018-10-24,101.73999786376952
2018-10-25,102.05999755859376
2018-10-26,99.73999786376952
2018-10-29,98.44000244140624
2018-10-30,99.58000183105467
2018-10-31,101.6999969482422
2018-11-01,108.52999877929688
2018-11-02,107.97000122070312
2018-11-05,108.1500015258789
2018-11-06,109.7300033569336
2018-11-07,110.75
2018-11-08,110.73999786376952
2018-11-09,110.0
2018-11-12,106.9800033569336
2018-11-13,107.2699966430664
2018-11-14,105.87000274658205
2018-11-15,106.55999755859376
2018-11-16,107.0999984741211
2018-11-19,105.37000274658205
2018-11-20,104.94000244140624
2018-11-21,106.62000274658205
2018-11-23,105.48999786376952
2018-11-26,107.01000213623048
2018-11-27,105.08999633789062
2018-11-28,107.30999755859376
2018-11-29,106.68000030517578
2018-11-30,110.16000366210938
2018-12-03,111.5999984741211
2018-12-04,106.29000091552734
2018-12-06,106.2699966430664
2018-12-07,104.0199966430664
2018-12-10,103.87999725341795
2018-12-11,104.0999984741211
2018-12-12,106.3499984741211
2018-12-13,104.87000274658205
2018-12-14,102.88999938964844
2018-12-17,102.51000213623048
2018-12-18,100.37000274658205
2018-12-19,98.05999755859376
2018-12-20,97.1999969482422
2018-12-21,95.37000274658205
2018-12-24,92.76000213623048
2018-12-26,97.4000015258789
2018-12-27,98.83000183105467
2018-12-28,98.51000213623048
2018-12-31,99.33999633789062
2019-01-02,99.0199966430664
2019-01-03,96.2699966430664
2019-01-04,100.37000274658205
2019-01-07,100.75
2019-01-08,101.0999984741211
2019-01-09,102.33000183105467
2019-01-10,103.69000244140624
2019-01-11,105.58999633789062
2019-01-14,104.80999755859376
2019-01-15,104.26000213623048
2019-01-16,105.0500030517578
2019-01-17,106.55999755859376
2019-01-18,107.5999984741211
2019-01-22,104.4499969482422
2019-01-23,103.91000366210938
2019-01-24,104.45999908447266
2019-01-25,105.62000274658205
2019-01-28,105.69000244140624
2019-01-29,107.8000030517578
2019-01-30,108.2699966430664
2019-01-31,109.33000183105467
2019-02-01,110.2300033569336
2019-02-04,111.25
2019-02-05,113.91999816894533
2019-02-06,115.23999786376952
2019-02-07,115.0
2019-02-08,115.31999969482422
2019-02-11,115.27999877929688
2019-02-12,115.95999908447266
2019-02-13,116.88999938964844
2019-02-14,115.8499984741211
2019-02-15,118.61000061035156
2019-02-19,118.68000030517578
2019-02-20,119.79000091552734
2019-02-21,119.23999786376952
2019-02-22,120.19000244140624
2019-02-25,120.63999938964844
2019-02-26,119.02999877929688
2019-02-27,118.61000061035156
2019-02-28,118.0500030517578
2019-03-01,118.0999984741211
2019-03-04,117.13999938964844
2019-03-05,118.18000030517578
2019-03-06,118.95999908447266
2019-03-07,119.5500030517578
2019-03-08,117.8000030517578
2019-03-11,118.9800033569336
2019-03-12,118.72000122070312
2019-03-13,121.33000183105467
2019-03-14,121.1999969482422
2019-03-15,123.6999969482422
2019-03-18,123.26000213623048
2019-03-19,121.16999816894533
2019-03-20,118.6500015258789
2019-03-21,119.61000061035156
2019-03-22,114.91000366210938
2019-03-25,115.0999984741211
2019-03-26,115.7699966430664
2019-03-27,116.01000213623048
2019-03-28,117.22000122070312
2019-03-29,117.9800033569336
2019-04-01,119.45999908447266
2019-04-02,120.16999816894533
2019-04-03,121.66999816894533
2019-04-04,122.9499969482422
2019-04-05,125.04000091552734
2019-04-08,126.0199966430664
2019-04-09,124.25
2019-04-10,123.4800033569336
2019-04-11,124.73999786376952
2019-04-12,125.0199966430664
2019-04-15,124.37999725341795
2019-04-16,125.4000015258789
2019-04-17,125.16000366210938
2019-04-18,126.16999816894533
2019-04-22,125.66000366210938
2019-04-23,125.45999908447266
2019-04-24,125.20999908447266
2019-04-25,122.93000030517578
2019-04-26,123.2699966430664
2019-04-29,123.26000213623048
2019-04-30,127.5999984741211
2019-05-01,127.02999877929688
2019-05-02,128.7100067138672
2019-05-03,129.67999267578125
2019-05-06,128.5
2019-05-07,126.29000091552734
2019-05-08,126.31999969482422
2019-05-09,125.4000015258789
2019-05-10,125.81999969482422
2019-05-13,119.25
2019-05-14,120.55999755859376
2019-05-15,120.83999633789062
2019-05-16,122.75
2019-05-17,121.38999938964844
2019-05-20,118.9000015258789
2019-05-21,120.73999786376952
2019-05-22,118.86000061035156
2019-05-23,117.16000366210938
2019-05-24,118.0
2019-05-28,117.41000366210938
2019-05-29,117.30999755859376
2019-05-30,117.11000061035156
2019-05-31,114.54000091552734
2019-06-03,116.5999984741211
2019-06-04,121.87000274658205
2019-06-05,122.9800033569336
2019-06-06,123.72000122070312
2019-06-07,123.95999908447266
2019-06-10,124.68000030517578
2019-06-11,123.88999938964844
2019-06-12,122.55999755859376
2019-06-13,123.33999633789062
2019-06-14,122.70999908447266
2019-06-17,120.9800033569336
2019-06-18,123.8000030517578
2019-06-19,123.6999969482422
2019-06-20,126.4000015258789
2019-06-21,125.66000366210938
2019-06-24,125.5
2019-06-25,126.3000030517578
2019-06-26,127.47000122070312
2019-06-27,128.44000244140625
2019-06-28,130.39999389648438
2019-07-01,131.1300048828125
2019-07-02,129.77000427246094
2019-07-03,130.6199951171875
2019-07-05,129.13999938964844
2019-07-08,128.86000061035156
2019-07-09,127.6999969482422
2019-07-10,126.37999725341795
2019-07-11,125.2300033569336
2019-07-12,128.0
2019-07-15,127.25
2019-07-16,128.3800048828125
2019-07-17,125.27999877929688
2019-07-18,124.81999969482422
2019-07-19,125.4800033569336
2019-07-22,124.37999725341795
2019-07-23,126.45999908447266
2019-07-24,127.54000091552734
2019-07-25,126.58999633789062
2019-07-26,125.97000122070312
2019-07-29,125.37000274658205
2019-07-30,131.6199951171875
2019-07-31,129.8800048828125
2019-08-01,127.68000030517578
2019-08-02,127.91999816894533
2019-08-05,123.69000244140624
2019-08-06,126.08000183105467
2019-08-07,126.58999633789062
2019-08-08,129.10000610351562
2019-08-09,126.62000274658205
2019-08-12,125.66999816894533
2019-08-13,127.26000213623048
2019-08-14,122.97000122070312
2019-08-15,123.08999633789062
2019-08-16,126.08000183105467
2019-08-19,127.80999755859376
2019-08-20,127.70999908447266
2019-08-21,128.60000610351562
2019-08-22,128.1300048828125
2019-08-23,123.7300033569336
2019-08-26,123.87000274658205
2019-08-27,123.79000091552734
2019-08-28,126.9499969482422
2019-08-29,129.32000732421875
2019-08-30,131.13999938964844
2019-09-03,127.6500015258789
2019-09-04,129.67999267578125
2019-09-05,132.30999755859375
2019-09-06,134.0800018310547
2019-09-09,134.66000366210938
2019-09-10,135.50999450683594
2019-09-11,136.80999755859375
2019-09-12,135.80999755859375
2019-09-13,137.8800048828125
2019-09-16,133.52000427246094
2019-09-17,133.97000122070312
2019-09-18,133.3699951171875
2019-09-19,131.41000366210938
2019-09-20,131.1999969482422
2019-09-23,132.67999267578125
2019-09-24,132.5800018310547
2019-09-25,133.61000061035156
2019-09-26,133.07000732421875
2019-09-27,132.13999938964844
2019-09-30,131.39999389648438
2019-10-01,130.05999755859375
2019-10-02,125.97000122070312
2019-10-03,127.93000030517578
2019-10-04,130.8000030517578
2019-10-07,129.1999969482422
2019-10-08,128.9199981689453
2019-10-09,129.7100067138672
2019-10-10,131.5
2019-10-11,132.14999389648438
2019-10-14,133.1300048828125
2019-10-15,134.44000244140625
2019-10-16,131.35000610351562
2019-10-17,134.24000549316406
2019-10-18,135.11000061035156
2019-10-21,135.89999389648438
2019-10-22,137.0
2019-10-23,139.14999389648438
2019-10-24,138.75999450683594
2019-10-25,138.77000427246094
2019-10-28,140.1999969482422
2019-10-29,142.0
2019-10-30,143.6300048828125
2019-10-31,141.6999969482422
2019-11-01,143.8000030517578
2019-11-04,145.7100067138672
2019-11-05,145.13999938964844
2019-11-06,144.00999450683594
2019-11-07,144.0399932861328
2019-11-08,145.5
2019-11-11,145.0399932861328
2019-11-12,146.1300048828125
2019-11-13,146.3300018310547
2019-11-14,147.57000732421875
2019-11-15,148.7100067138672
2019-11-18,147.75
2019-11-19,148.27000427246094
2019-11-20,146.14999389648438
2019-11-21,145.3000030517578
2019-11-22,145.7100067138672
2019-11-25,148.0399932861328
2019-11-26,148.83999633789062
2019-11-27,148.30999755859375
2019-11-29,147.02000427246094
2019-12-02,146.7899932861328
2019-12-03,145.52000427246094
2019-12-04,145.66000366210938
2019-12-05,146.74000549316406
2019-12-06,147.0399932861328
2019-12-09,147.32000732421875
2019-12-10,146.5399932861328
2019-12-11,146.4600067138672
2019-12-12,147.66000366210938
2019-12-13,146.4499969482422
2019-12-16,147.3800048828125
2019-12-17,147.55999755859375
2019-12-18,148.1999969482422
2019-12-19,147.24000549316406
2019-12-20,148.6199951171875
2019-12-23,148.77999877929688
2019-12-24,147.77000427246094
2019-12-26,148.0800018310547
2019-12-27,148.3300018310547
2019-12-30,148.0399932861328
2019-12-31,147.82000732421875
2020-01-02,148.5
2020-01-03,148.52999877929688
2020-01-06,147.83999633789062
2020-01-07,147.6199951171875
2020-01-08,148.2100067138672
2020-01-09,145.52999877929688
2020-01-10,144.3000030517578
2020-01-13,146.02000427246094
2020-01-14,144.80999755859375
2020-01-15,146.25999450683594
2020-01-16,148.3699951171875
2020-01-17,149.16000366210938
2020-01-21,148.4499969482422
2020-01-22,149.0399932861328
2020-01-23,148.6999969482422
2020-01-24,146.94000244140625
2020-01-27,145.55999755859375
2020-01-28,146.57000732421875
2020-01-29,147.24000549316406
2020-01-30,148.00999450683594
2020-01-31,143.22999572753906
2020-02-03,145.60000610351562
2020-02-04,143.66000366210938
2020-02-05,148.38999938964844
2020-02-06,147.33999633789062
2020-02-07,145.4199981689453
2020-02-10,147.30999755859375
2020-02-11,149.5399932861328
2020-02-12,149.1300048828125
2020-02-13,149.52000427246094
2020-02-14,147.5399932861328
2020-02-18,146.05999755859375
2020-02-19,146.94000244140625
2020-02-20,146.6999969482422
2020-02-21,144.52000427246094
2020-02-24,141.22000122070312
2020-02-25,136.57000732421875
2020-02-26,136.30999755859375
2020-02-27,132.77000427246094
2020-02-28,133.24000549316406
2020-03-02,140.08999633789062
2020-03-03,133.42999267578125
2020-03-04,140.5
2020-03-05,136.5800018310547
2020-03-06,134.5399932861328
2020-03-09,122.08999633789062
2020-03-10,130.22000122070312
2020-03-11,122.08000183105467
2020-03-12,106.91999816894533
2020-03-13,119.13999938964844
2020-03-16,108.51000213623048
2020-03-17,108.69000244140624
2020-03-18,96.66999816894533
2020-03-19,101.37999725341795
2020-03-20,96.58000183105467
2020-03-23,86.70999908447266
2020-03-24,98.62000274658205
2020-03-25,107.25
2020-03-26,113.04000091552734
2020-03-27,106.97000122070312
2020-03-30,112.97000122070312
2020-03-31,114.73999786376952
2020-04-01,110.25
2020-04-02,112.58999633789062
2020-04-03,107.8000030517578
2020-04-06,115.86000061035156
2020-04-07,116.29000091552734
2020-04-08,120.05999755859376
2020-04-09,124.44000244140624
2020-04-13,119.1500015258789
2020-04-14,123.58999633789062
2020-04-15,119.38999938964844
2020-04-16,117.95999908447266
2020-04-17,120.47000122070312
2020-04-20,116.95999908447266
2020-04-21,114.6500015258789
2020-04-22,117.95999908447266
2020-04-23,118.69000244140624
2020-04-24,119.43000030517578
2020-04-27,122.5999984741211
2020-04-28,123.73999786376952
2020-04-29,126.79000091552734
2020-04-30,124.43000030517578
2020-05-01,122.08000183105467
2020-05-04,120.0
2020-05-05,121.58000183105467
2020-05-06,119.18000030517578
2020-05-07,119.33000183105467
2020-05-08,122.47000122070312
2020-05-11,121.48999786376952
2020-05-12,114.30999755859376
2020-05-13,109.8000030517578
2020-05-14,112.73999786376952
2020-05-15,113.58999633789062
2020-05-18,119.26000213623048
2020-05-19,117.75
2020-05-20,118.72000122070312
2020-05-21,117.79000091552734
2020-05-22,116.86000061035156
2020-05-26,120.83999633789062
2020-05-27,125.33999633789062
2020-05-28,124.38999938964844
2020-05-29,122.41999816894533
2020-06-01,124.98999786376952
2020-06-02,128.66000366210938
2020-06-03,131.17999267578125
2020-06-04,133.57000732421875
2020-06-05,137.8000030517578
2020-06-08,137.75999450683594
2020-06-09,135.6699981689453
2020-06-10,131.55999755859375
2020-06-11,123.16999816894533
2020-06-12,124.76000213623048
2020-06-15,125.4000015258789
2020-06-16,127.52999877929688
2020-06-17,128.72000122070312
2020-06-18,126.79000091552734
2020-06-19,126.1999969482422
2020-06-22,125.80999755859376
2020-06-23,125.45999908447266
2020-06-24,118.95999908447266
2020-06-25,119.9499969482422
2020-06-26,118.79000091552734
2020-06-29,122.0999984741211
2020-06-30,125.36000061035156
2020-07-01,122.95999908447266
2020-07-02,123.87000274658205
2020-07-06,125.77999877929688
2020-07-07,125.0
2020-07-08,125.4499969482422
2020-07-09,124.72000122070312
2020-07-10,124.6500015258789
2020-07-13,123.9800033569336
2020-07-14,129.60000610351562
2020-07-15,131.9199981689453
2020-07-16,131.61000061035156
2020-07-17,131.91000366210938
2020-07-20,130.33999633789062
2020-07-21,131.55999755859375
2020-07-22,132.50999450683594
2020-07-23,133.5800018310547
2020-07-24,132.58999633789062
2020-07-27,132.9499969482422
2020-07-28,130.89999389648438
2020-07-29,133.94000244140625
2020-07-30,132.7899932861328
2020-07-31,134.97000122070312
2020-08-03,136.58999633789062
2020-08-04,137.0800018310547
2020-08-05,139.3000030517578
2020-08-06,140.3699951171875
2020-08-07,142.22999572753906
2020-08-10,144.5800018310547
2020-08-11,144.5399932861328
2020-08-12,147.0500030517578
2020-08-13,146.6300048828125
2020-08-14,146.3000030517578
2020-08-17,146.63999938964844
2020-08-18,144.8000030517578
2020-08-19,144.94000244140625
2020-08-20,143.0500030517578
2020-08-21,144.02999877929688
2020-08-24,145.9600067138672
2020-08-25,145.86000061035156
2020-08-26,147.0800018310547
2020-08-27,147.4199981689453
2020-08-28,146.02000427246094
2020-08-31,144.9199981689453
2020-09-01,146.3699951171875
2020-09-02,149.00999450683594
2020-09-03,146.39999389648438
2020-09-04,144.3699951171875
2020-09-08,138.6999969482422
2020-09-09,141.36000061035156
2020-09-10,140.47000122070312
2020-09-11,140.75999450683594
2020-09-14,142.9199981689453
2020-09-15,143.55999755859375
2020-09-16,143.1699981689453
2020-09-17,143.13999938964844
2020-09-18,139.02999877929688
2020-09-21,134.33999633789062
2020-09-22,135.75999450683594
2020-09-23,132.02000427246094
2020-09-24,132.9600067138672
2020-09-25,133.82000732421875
2020-09-28,136.9600067138672
2020-09-29,136.7899932861328
2020-09-30,136.83999633789062
2020-10-01,136.1699981689453
2020-10-02,137.50999450683594
2020-10-05,140.22999572753906
2020-10-06,139.22999572753906
2020-10-07,141.25
2020-10-08,143.10000610351562
2020-10-09,144.0800018310547
2020-10-12,146.5
2020-10-13,144.63999938964844
2020-10-14,144.5500030517578
2020-10-15,144.3300018310547
2020-10-16,144.57000732421875
2020-10-19,146.08999633789062
2020-10-20,147.5
2020-10-21,147.2899932861328
2020-10-22,149.66000366210938
2020-10-23,153.38999938964844
2020-10-26,149.0
2020-10-27,148.3699951171875
2020-10-28,144.24000549316406
2020-10-29,144.63999938964844
2020-10-30,145.50999450683594
2020-11-02,149.94000244140625
2020-11-03,153.64999389648438
2020-11-04,149.66000366210938
2020-11-05,153.27000427246094
2020-11-06,153.49000549316406
2020-11-09,158.61000061035156
2020-11-10,160.0800018310547
2020-11-11,157.1999969482422
2020-11-12,152.6699981689453
2020-11-13,155.47999572753906
2020-11-16,159.16000366210938
2020-11-17,155.74000549316406
2020-11-18,155.35000610351562
2020-11-19,157.75
2020-11-20,157.47000122070312
2020-11-23,160.35000610351562
2020-11-24,164.13999938964844
2020-11-25,162.55999755859375
2020-11-27,162.22999572753906
2020-11-30,161.58999633789062
2020-12-01,161.69000244140625
2020-12-02,157.1999969482422
2020-12-03,156.25
2020-12-04,161.5
2020-12-07,158.94000244140625
2020-12-08,161.05999755859375
2020-12-09,161.6199951171875
2020-12-10,159.9499969482422
2020-12-11,160.39999389648438
2020-12-14,157.7100067138672
2020-12-15,159.86000061035156
2020-12-16,156.47999572753906
2020-12-17,158.97000122070312
2020-12-18,155.6300048828125
2020-12-21,157.0
2020-12-22,157.8800048828125
2020-12-23,159.57000732421875
2020-12-24,160.8300018310547
2020-12-28,158.2899932861328
2020-12-29,156.7899932861328
2020-12-30,156.30999755859375
2020-12-31,156.7899932861328
2021-01-04,156.05999755859375
2021-01-05,158.4199981689453
2021-01-06,168.07000732421875
2021-01-07,168.5
2021-01-08,167.44000244140625
2021-01-11,169.30999755859375
2021-01-12,171.9199981689453
2021-01-13,165.66000366210938
2021-01-14,164.49000549316406
2021-01-15,162.57000732421875
2021-01-19,165.5399932861328
2021-01-20,166.5500030517578
2021-01-21,165.5500030517578
2021-01-22,166.42999267578125
2021-01-25,164.08999633789062
2021-01-26,163.39999389648438
2021-01-27,161.16000366210938
2021-01-28,159.83999633789062
2021-01-29,155.60000610351562
2021-02-01,158.9600067138672
2021-02-02,158.4499969482422
2021-02-03,161.4199981689453
2021-02-04,158.92999267578125
2021-02-05,161.91000366210938
2021-02-08,164.22999572753906
2021-02-09,162.5500030517578
2021-02-10,161.9600067138672
2021-02-11,164.36000061035156
2021-02-12,165.2100067138672
2021-02-16,166.57000732421875
2021-02-17,168.35000610351562
2021-02-18,167.82000732421875
2021-02-19,170.47999572753906
2021-02-22,178.19000244140625
2021-02-23,180.25
2021-02-24,177.99000549316406
2021-02-25,177.5
2021-02-26,177.50999450683594
2021-03-01,182.1300048828125
2021-03-02,180.97999572753903
2021-03-03,179.3699951171875
2021-03-04,174.8800048828125
2021-03-05,180.7100067138672
2021-03-08,185.5200042724609
2021-03-09,183.75
2021-03-10,187.6300048828125
2021-03-11,184.5800018310547
2021-03-12,187.47999572753903
2021-03-15,190.009994506836
2021-03-16,189.0800018310547
2021-03-17,189.8500061035156
2021-03-18,186.19000244140625
2021-03-19,183.4900054931641
2021-03-22,184.3699951171875
2021-03-23,178.02999877929688
2021-03-24,179.25
2021-03-25,183.7400054931641
2021-03-26,189.1300048828125
2021-03-29,188.72999572753903
2021-03-30,187.5800018310547
2021-03-31,186.88999938964844
2021-04-01,190.38999938964844
2021-04-05,192.4199981689453
2021-04-06,192.67999267578125
2021-04-07,187.77999877929688
2021-04-08,186.07000732421875
2021-04-09,187.44000244140625
2021-04-12,187.4499969482422
2021-04-13,183.88999938964844
2021-04-14,184.92999267578125
2021-04-15,187.32000732421875
2021-04-16,189.27999877929688
2021-04-19,189.0500030517578
2021-04-20,185.8099975585937
2021-04-21,189.94000244140625
2021-04-22,188.3699951171875
2021-04-23,191.1199951171875
2021-04-26,190.47999572753903
2021-04-27,194.0800018310547
2021-04-28,191.4199981689453
2021-04-29,195.9199981689453
2021-04-30,192.009994506836
2021-05-03,193.6199951171875
2021-05-04,195.4900054931641
2021-05-05,198.1300048828125
2021-05-06,199.77999877929688
2021-05-07,199.17999267578125
2021-05-10,197.4900054931641
2021-05-11,195.8300018310547
2021-05-12,188.77999877929688
2021-05-13,191.7400054931641
2021-05-14,194.08999633789065
2021-05-17,192.8800048828125
2021-05-18,189.0200042724609
2021-05-19,188.08999633789065
2021-05-20,188.509994506836
2021-05-21,188.3300018310547
2021-05-24,188.92999267578125
2021-05-25,187.6300048828125
2021-05-26,189.3600006103516
2021-05-27,189.77999877929688
2021-05-28,190.63999938964844
2021-06-01,192.009994506836
2021-06-02,190.3999938964844
2021-06-03,191.1100006103516
2021-06-04,191.6499938964844
2021-06-07,189.8999938964844
2021-06-08,189.82000732421875
2021-06-09,186.77999877929688
2021-06-10,184.6199951171875
2021-06-11,184.47000122070312
2021-06-14,183.25
2021-06-15,184.2700042724609
2021-06-16,181.5
2021-06-17,176.52000427246094
2021-06-18,175.30999755859375
2021-06-21,180.07000732421875
2021-06-22,182.1199951171875
2021-06-23,182.6499938964844
2021-06-24,184.19000244140625
2021-06-25,185.63999938964844
2021-06-28,184.7400054931641
2021-06-29,185.1699981689453
2021-06-30,186.83999633789065
2021-07-01,186.4600067138672
2021-07-02,186.259994506836
2021-07-06,183.3999938964844
2021-07-07,186.8000030517578
2021-07-08,185.07000732421875
2021-07-09,189.4900054931641
2021-07-12,191.52999877929688
2021-07-13,188.91000366210932
2021-07-14,190.77999877929688
2021-07-15,192.2100067138672
2021-07-16,191.13999938964844
2021-07-19,187.4600067138672
2021-07-20,196.6100006103516
2021-07-21,197.3699951171875
2021-07-22,195.5500030517578
2021-07-23,195.47999572753903
2021-07-26,194.3099975585937
2021-07-27,196.1499938964844
2021-07-28,195.8800048828125
2021-07-29,197.7400054931641
2021-07-30,200.4600067138672
2021-08-02,197.16000366210932
2021-08-03,201.259994506836
2021-08-04,199.8099975585937
2021-08-05,199.0599975585937
2021-08-06,200.2400054931641
2021-08-09,197.83999633789065
2021-08-10,201.75
2021-08-11,203.72000122070312
2021-08-12,205.82000732421875
2021-08-13,206.94000244140625
2021-08-16,205.0500030517578
2021-08-17,203.6699981689453
2021-08-18,200.8800048828125
2021-08-19,198.42999267578125
2021-08-20,202.3600006103516
2021-08-23,203.41000366210932
2021-08-24,204.9900054931641
2021-08-25,208.22000122070312
2021-08-26,205.4499969482422
2021-08-27,208.1999969482422
2021-08-30,208.58999633789065
2021-08-31,206.1100006103516
2021-09-01,203.0
2021-09-02,202.94000244140625
2021-09-03,202.2400054931641
2021-09-07,198.0599975585937
2021-09-08,197.77999877929688
2021-09-09,194.6199951171875
2021-09-10,192.13999938964844
2021-09-13,191.63999938964844
2021-09-14,191.16000366210932
2021-09-15,191.3500061035156
2021-09-16,188.1199951171875
2021-09-17,185.47999572753903
2021-09-20,183.6100006103516
2021-09-21,179.6699981689453
2021-09-22,181.3300018310547
2021-09-23,185.0500030517578
2021-09-24,183.509994506836
2021-09-27,185.3099975585937
2021-09-28,183.8099975585937
2021-09-29,184.8300018310547
2021-09-30,180.6699981689453
2021-10-01,180.00999450683594
2021-10-04,180.42999267578125
2021-10-05,183.41000366210932
2021-10-06,183.97999572753903
2021-10-07,183.8699951171875
2021-10-08,180.5
2021-10-11,179.63999938964844
2021-10-12,178.97999572753906
2021-10-13,182.0599975585937
2021-10-14,187.3800048828125
2021-10-15,188.3000030517578
2021-10-18,188.8300018310547
2021-10-19,189.8000030517578
2021-10-20,191.3800048828125
2021-10-21,190.8099975585937
2021-10-22,192.07000732421875
2021-10-25,190.2400054931641
2021-10-26,191.3300018310547
2021-10-27,190.6699981689453
2021-10-28,197.6499938964844
2021-10-29,199.3699951171875
2021-11-01,200.6199951171875
2021-11-02,202.6000061035156
2021-11-03,201.94000244140625
2021-11-04,204.0500030517578
2021-11-05,205.6699981689453
2021-11-08,207.91000366210932
2021-11-09,208.6199951171875
2021-11-10,208.0599975585937
2021-11-11,207.9600067138672
2021-11-12,208.1699981689453
2021-11-15,208.2700042724609
2021-11-16,209.2700042724609
2021-11-17,209.16000366210932
2021-11-18,209.6100006103516
2021-11-19,210.1000061035156
2021-11-22,208.5
2021-11-23,208.92999267578125
2021-11-24,208.5
2021-11-26,203.8000030517578
2021-11-29,201.3500061035156
2021-11-30,195.6999969482422
2021-12-01,196.0500030517578
2021-12-02,202.4600067138672
2021-12-03,202.2700042724609
2021-12-06,204.6699981689453
2021-12-07,209.0599975585937
2021-12-08,209.009994506836
2021-12-09,207.57000732421875
2021-12-10,208.27999877929688
2021-12-13,210.0500030517578
2021-12-14,206.3099975585937
2021-12-15,207.69000244140625
2021-12-16,208.27999877929688
2021-12-17,204.9900054931641
2021-12-20,202.02999877929688
2021-12-21,206.08999633789065
2021-12-22,203.91000366210932
2021-12-23,204.3999938964844
2021-12-27,208.3999938964844
2021-12-28,209.3699951171875
2021-12-29,210.13999938964844
2021-12-30,207.44000244140625
2021-12-31,208.2700042724609
2022-01-03,205.2899932861328
2022-01-04,209.5
2022-01-05,204.22999572753903
2022-01-06,204.3099975585937
2022-01-07,200.0399932861328
2022-01-10,196.32000732421875
2022-01-11,200.3300018310547
2022-01-12,202.3999938964844
2022-01-13,200.1100006103516
2022-01-14,200.0500030517578
2022-01-18,199.0200042724609
2022-01-19,197.3600006103516
2022-01-20,194.0599975585937
2022-01-21,194.67999267578125
2022-01-24,194.2400054931641
2022-01-25,187.2700042724609
2022-01-26,186.2400054931641
2022-01-27,182.75
2022-01-28,182.77999877929688
2022-01-31,187.2899932861328
2022-02-01,188.5399932861328
2022-02-02,188.3600006103516
2022-02-03,185.42999267578125
2022-02-04,186.6999969482422
2022-02-07,185.5
2022-02-08,188.52999877929688
2022-02-09,192.1000061035156
2022-02-10,186.4600067138672
2022-02-11,183.3099975585937
2022-02-14,183.3000030517578
2022-02-15,185.2700042724609
2022-02-16,185.3300018310547
2022-02-17,180.8999938964844
2022-02-18,179.35000610351562
2022-02-22,177.3699951171875
2022-02-23,174.75999450683594
2022-02-24,176.13999938964844
2022-02-25,180.6300048828125
2022-02-28,178.25
2022-03-01,175.97999572753906
2022-03-02,181.3500061035156
2022-03-03,180.72000122070312
2022-03-04,180.8800048828125
2022-03-07,177.57000732421875
2022-03-08,179.22999572753906
2022-03-09,181.3699951171875
2022-03-10,179.89999389648438
2022-03-11,178.24000549316406
2022-03-14,178.8800048828125
2022-03-15,182.3699951171875
2022-03-16,187.6300048828125
2022-03-17,188.22999572753903
2022-03-18,189.5800018310547
2022-03-21,189.94000244140625
2022-03-22,187.0
2022-03-23,180.44000244140625
2022-03-24,182.0200042724609
2022-03-25,186.3600006103516
2022-03-28,187.3000030517578
2022-03-29,191.8300018310547
2022-03-30,190.63999938964844
2022-03-31,183.7700042724609
2022-04-01,185.5500030517578
2022-04-04,185.22999572753903
2022-04-05,181.75
2022-04-06,182.67999267578125
2022-04-07,184.3699951171875
2022-04-08,184.41000366210932
2022-04-11,183.07000732421875
2022-04-12,181.5500030517578
2022-04-13,184.3600006103516
2022-04-14,185.0
2022-04-18,182.2899932861328
2022-04-19,188.6199951171875
2022-04-20,191.0
2022-04-21,194.16000366210932
2022-04-22,191.7400054931641
2022-04-25,189.33999633789065
2022-04-26,195.2899932861328
2022-04-27,196.3300018310547
2022-04-28,203.7100067138672
2022-04-29,195.3600006103516
2022-05-02,194.3999938964844
2022-05-03,195.0800018310547
2022-05-04,200.1999969482422
2022-05-05,196.8800048828125
2022-05-06,196.509994506836
2022-05-09,196.92999267578125
2022-05-10,191.8800048828125
2022-05-11,189.2400054931641
2022-05-12,194.4499969482422
2022-05-13,194.17999267578125
2022-05-16,192.7700042724609
2022-05-17,195.2100067138672
2022-05-18,189.0
2022-05-19,188.8300018310547
2022-05-20,186.0
2022-05-23,187.44000244140625
2022-05-24,184.2899932861328
2022-05-25,182.9600067138672
2022-05-26,186.7100067138672
2022-05-27,192.4499969482422
2022-05-31,189.8600006103516
2022-06-01,188.7899932861328
2022-06-02,191.77999877929688
2022-06-03,193.4199981689453
2022-06-06,197.9600067138672
2022-06-07,203.6300048828125
2022-06-08,199.42999267578125
2022-06-09,198.82000732421875
2022-06-10,195.47999572753903
2022-06-13,183.8699951171875
2022-06-14,181.3099975585937
2022-06-15,181.6699981689453
2022-06-16,173.0
2022-06-17,171.3300018310547
2022-06-21,174.1199951171875
2022-06-22,173.2899932861328
2022-06-23,174.0
2022-06-24,183.32000732421875
2022-06-27,186.1300048828125
2022-06-28,180.8999938964844
2022-06-29,179.52000427246094
2022-06-30,178.5800018310547
2022-07-01,181.5500030517578
2022-07-05,182.3300018310547
2022-07-06,183.02999877929688
2022-07-07,186.3999938964844
2022-07-08,185.6499938964844
2022-07-11,185.0
2022-07-12,185.0200042724609
2022-07-13,185.57000732421875
2022-07-14,187.16000366210932
2022-07-15,189.7899932861328
2022-07-18,183.0
2022-07-19,191.72999572753903
2022-07-20,192.3800048828125
2022-07-21,195.1100006103516
2022-07-22,193.69000244140625
2022-07-25,195.52999877929688
2022-07-26,204.0800018310547
2022-07-27,209.7100067138672
2022-07-28,217.16000366210932
2022-07-29,219.0200042724609
2022-08-01,214.7700042724609
2022-08-02,212.42999267578125
2022-08-03,214.17999267578125
2022-08-04,214.1699981689453
2022-08-05,213.5200042724609
2022-08-08,214.13999938964844
2022-08-09,213.4499969482422
2022-08-10,218.1100006103516
2022-08-11,219.3000030517578
2022-08-12,222.47000122070312
2022-08-15,220.9199981689453
2022-08-16,220.7899932861328
2022-08-17,221.19000244140625
2022-08-18,223.8999938964844
2022-08-19,224.0800018310547
2022-08-22,220.47999572753903
2022-08-23,218.5800018310547
2022-08-24,217.3999938964844
2022-08-25,220.6300048828125
2022-08-26,210.97000122070312
2022-08-29,211.3500061035156
2022-08-30,206.91000366210932
2022-08-31,206.3000030517578
2022-09-01,208.22000122070312
2022-09-02,206.33999633789065
2022-09-06,208.2899932861328
2022-09-07,214.5599975585937
2022-09-08,219.6000061035156
2022-09-09,224.0599975585937
2022-09-12,225.0399932861328
2022-09-13,219.97999572753903
2022-09-14,219.0399932861328
2022-09-15,220.1499938964844
2022-09-16,219.1100006103516
2022-09-19,227.009994506836
2022-09-20,223.8999938964844
2022-09-21,227.13999938964844
2022-09-22,222.08999633789065
2022-09-23,220.0
2022-09-26,219.88999938964844
2022-09-27,217.1199951171875
2022-09-28,222.0
2022-09-29,220.3300018310547
2022-09-30,223.0
2022-10-03,227.1100006103516
2022-10-04,236.08999633789065
2022-10-05,237.6000061035156
2022-10-06,235.0
2022-10-07,229.1000061035156
2022-10-10,230.1199951171875
2022-10-11,228.7700042724609
2022-10-12,225.4199981689453
2022-10-13,226.509994506836
2022-10-14,217.66000366210932
2022-10-17,223.72999572753903
2022-10-18,229.7899932861328
2022-10-19,217.7100067138672
2022-10-20,212.4499969482422
2022-10-21,216.83999633789065
2022-10-24,223.2100067138672
2022-10-25,237.3500061035156
2022-10-26,238.0599975585937
2022-10-27,239.4199981689453
2022-10-28,237.07000732421875
2022-10-31,237.47999572753903
2022-11-01,239.3699951171875
2022-11-02,235.3699951171875
2022-11-03,235.5800018310547
2022-11-04,237.8699951171875
2022-11-07,237.6499938964844
2022-11-08,242.41000366210932
2022-11-09,239.66000366210932
2022-11-10,254.32000732421875
2022-11-11,250.6100006103516
2022-11-14,249.3600006103516
2022-11-15,249.63999938964844
2022-11-16,247.88999938964844
2022-11-17,249.8000030517578
2022-11-18,253.4900054931641
2022-11-21,253.7899932861328
2022-11-22,259.19000244140625
2022-11-23,256.0799865722656
2022-11-25,258.5199890136719
2022-11-28,249.509994506836
2022-11-29,249.5599975585937
2022-11-30,254.0599975585937
2022-12-01,252.3300018310547
2022-12-02,249.8800048828125
2022-12-05,246.259994506836
2022-12-06,245.4199981689453
2022-12-07,246.77999877929688
2022-12-08,250.9199981689453
2022-12-09,250.1000061035156
2022-12-12,255.1000061035156
2022-12-13,255.7899932861328
2022-12-14,248.8600006103516
2022-12-15,241.13999938964844
2022-12-16,232.67999267578125
2022-12-19,236.77999877929688
2022-12-20,235.9499969482422
2022-12-21,239.5399932861328
2022-12-22,234.7400054931641
2022-12-23,235.72000122070312
2022-12-27,236.92999267578125
2022-12-28,234.5
2022-12-29,235.33999633789065
2022-12-30,234.67999267578125
2023-01-03,234.4900054931641
2023-01-04,229.3000030517578
2023-01-05,224.42999267578125
2023-01-06,228.8699951171875
2023-01-09,231.3800048828125
2023-01-10,234.75
2023-01-11,236.77999877929688
2023-01-12,234.6100006103516
2023-01-13,236.4199981689453
2023-01-17,229.97999572753903
2023-01-18,227.97000122070312
2023-01-19,223.5500030517578
2023-01-20,224.72999572753903
2023-01-23,224.63999938964844
2023-01-24,229.44000244140625
2023-01-25,228.0
2023-01-26,230.88999938964844
2023-01-27,231.02999877929688
2023-01-30,229.88999938964844
2023-01-31,228.91000366210932
2023-02-01,238.3500061035156
2023-02-02,236.8999938964844
2023-02-03,241.22999572753903
2023-02-06,242.1999969482422
2023-02-07,244.6499938964844
2023-02-08,239.07000732421875
2023-02-09,240.6199951171875
2023-02-10,242.82000732421875
2023-02-13,245.3600006103516
2023-02-14,245.4199981689453
2023-02-15,251.009994506836
2023-02-16,250.25
2023-02-17,252.0599975585937
2023-02-21,248.72999572753903
2023-02-22,247.38999938964844
2023-02-23,250.1999969482422
2023-02-24,253.4600067138672
2023-02-27,251.8300018310547
2023-02-28,251.5399932861328
2023-03-01,249.63999938964844
2023-03-02,249.5399932861328
2023-03-03,253.0399932861328
2023-03-06,252.7400054931641
2023-03-07,249.83999633789065
2023-03-08,251.07000732421875
2023-03-09,246.8300018310547
2023-03-10,239.2899932861328
2023-03-13,236.9900054931641
2023-03-14,245.9600067138672
2023-03-15,234.3600006103516
2023-03-16,241.63999938964844
2023-03-17,234.97000122070312
2023-03-20,241.5200042724609
2023-03-21,242.0200042724609
2023-03-22,236.259994506836
2023-03-23,231.63999938964844
2023-03-24,230.27999877929688
2023-03-27,233.57000732421875
2023-03-28,236.509994506836
2023-03-29,240.009994506836
2023-03-30,240.16000366210932
2023-03-31,243.3099975585937
2023-04-03,244.33999633789065
2023-04-04,230.6999969482422
2023-04-05,224.009994506836
2023-04-06,221.27999877929688
2023-04-10,224.5200042724609
2023-04-11,224.52999877929688
2023-04-12,226.7700042724609
2023-04-13,226.58999633789065
2023-04-14,227.72999572753903
2023-04-17,231.5
2023-04-18,233.4499969482422
2023-04-19,232.1300048828125
2023-04-20,231.1100006103516
2023-04-21,230.6300048828125
2023-04-24,232.38999938964844
2023-04-25,259.4100036621094
2023-04-26,260.0199890136719
2023-04-27,266.989990234375
2023-04-28,269.32000732421875
2023-05-01,272.8599853515625
2023-05-02,279.7799987792969
2023-05-03,273.2699890136719
2023-05-04,269.510009765625
2023-05-05,272.0899963378906
2023-05-08,270.5599975585937
2023-05-09,270.9200134277344
2023-05-10,272.19000244140625
2023-05-11,272.75
2023-05-12,273.5199890136719
2023-05-15,273.5799865722656
2023-05-16,270.07000732421875
2023-05-17,275.010009765625
2023-05-18,280.57000732421875
2023-05-19,280.010009765625
2023-05-22,282.489990234375
2023-05-23,275.7900085449219
2023-05-24,275.0299987792969
2023-05-25,286.6000061035156
2023-05-26,290.9100036621094
2023-05-30,288.8800048828125
2023-05-31,282.4599914550781
2023-06-01,287.25
2023-06-02,294.489990234375
2023-06-05,294.239990234375
2023-06-06,296.1700134277344
2023-06-07,304.5
2023-06-08,305.6600036621094
2023-06-09,306.8599853515625
2023-06-12,310.70001220703125
2023-06-13,315.5400085449219
2023-06-14,315.45001220703125
2023-06-15,321.0199890136719
2023-06-16,320.3800048828125
2023-06-20,321.0599975585937
2023-06-21,322.7699890136719
2023-06-22,321.42999267578125
2023-06-23,317.07000732421875
2023-06-26,319.45001220703125
2023-06-27,323.32000732421875
2023-06-28,321.82000732421875
2023-06-29,327.2099914550781
2023-06-30,331.5599975585937
2023-07-03,328.989990234375
2023-07-05,327.6499938964844
2023-07-06,326.3699951171875
2023-07-07,327.79998779296875
2023-07-10,335.42999267578125
2023-07-11,332.8699951171875
2023-07-12,331.5899963378906
2023-07-13,333.07000732421875
2023-07-14,330.0
2023-07-17,331.9599914550781
2023-07-18,337.3099975585937
2023-07-19,337.32000732421875
2023-07-20,337.8099975585937
2023-07-21,333.739990234375
2023-07-24,333.7799987792969
2023-07-25,318.5199890136719
2023-07-26,310.0
2023-07-27,308.4700012207031
2023-07-28,309.9800109863281
2023-07-31,312.0
2023-08-01,315.70001220703125
2023-08-02,313.19000244140625
2023-08-03,306.5799865722656
2023-08-04,304.2300109863281
2023-08-07,309.7300109863281
2023-08-08,314.1499938964844
2023-08-09,305.79998779296875
2023-08-10,302.3699951171875
2023-08-11,306.9599914550781
2023-08-14,310.42999267578125
2023-08-15,306.70001220703125
2023-08-16,306.5199890136719
2023-08-17,300.6099853515625
2023-08-18,303.5299987792969
2023-08-21,307.32000732421875
2023-08-22,307.17999267578125
2023-08-23,317.5899963378906
2023-08-24,316.44000244140625
2023-08-25,323.4599914550781
2023-08-28,325.989990234375
2023-08-29,327.3699951171875
2023-08-30,326.760009765625
2023-08-31,326.04998779296875
2023-09-01,328.5299987792969
2023-09-05,313.739990234375
2023-09-06,316.9200134277344
2023-09-07,325.0199890136719
2023-09-08,327.57000732421875
2023-09-11,326.45001220703125
2023-09-12,318.92999267578125
2023-09-13,315.5400085449219
2023-09-14,319.57000732421875
2023-09-15,315.8500061035156
2023-09-18,320.19000244140625
2023-09-19,314.3800048828125
2023-09-20,310.489990234375
2023-09-21,304.4599914550781
2023-09-22,305.8399963378906
2023-09-25,313.07000732421875
2023-09-26,308.8999938964844
2023-09-27,316.1099853515625
2023-09-28,317.9100036621094
2023-09-29,313.4100036621094
2023-10-02,309.260009765625
2023-10-03,305.44000244140625
2023-10-04,307.07000732421875
2023-10-05,299.19000244140625
2023-10-06,309.19000244140625
2023-10-09,308.44000244140625
2023-10-10,307.7799987792969
2023-10-11,310.6300048828125
2023-10-12,309.5
2023-10-13,294.7900085449219
2023-10-16,304.0299987792969
2023-10-17,299.6499938964844
2023-10-18,289.92999267578125
2023-10-19,285.0
2023-10-20,279.8699951171875
2023-10-23,280.3800048828125
2023-10-24,282.260009765625
2023-10-25,279.8900146484375
2023-10-26,281.8500061035156
2023-10-27,281.0199890136719
2023-10-30,283.3299865722656
2023-10-31,270.1000061035156
2023-11-01,279.1000061035156
2023-11-02,280.7099914550781
2023-11-03,281.8399963378906
2023-11-06,278.25
2023-11-07,278.6300048828125
2023-11-08,281.44000244140625
2023-11-09,285.010009765625
2023-11-10,289.5199890136719
2023-11-13,290.7900085449219
2023-11-14,295.5400085449219
2023-11-15,289.4100036621094
2023-11-16,289.5899963378906
2023-11-17,300.8599853515625
2023-11-20,300.75
2023-11-21,297.42999267578125
2023-11-22,299.7300109863281
2023-11-24,300.5299987792969
2023-11-27,300.6000061035156
2023-11-28,294.9200134277344
2023-11-29,294.6600036621094
2023-11-30,300.0
2023-12-01,303.4800109863281
2023-12-04,303.3399963378906
2023-12-05,299.82000732421875
2023-12-06,303.4100036621094
2023-12-07,306.25
2023-12-08,308.1700134277344
2023-12-11,314.8699951171875
2023-12-12,319.0299987792969
2023-12-13,314.9200134277344
2023-12-14,326.7900085449219
2023-12-15,325.42999267578125
2023-12-18,325.1099853515625
2023-12-19,323.69000244140625
2023-12-20,321.1199951171875
2023-12-21,324.54998779296875
2023-12-22,325.989990234375
2023-12-26,328.8900146484375
2023-12-27,328.0199890136719
2023-12-28,328.1000061035156
2023-12-29,328.92999267578125
2024-01-02,325.9200134277344
2024-01-03,316.8399963378906
2024-01-04,319.94000244140625
2024-01-05,318.1600036621094
2024-01-08,322.8800048828125
2024-01-09,327.75
2024-01-10,325.69000244140625
2024-01-11,327.69000244140625
2024-01-12,327.6300048828125
2024-01-16,326.4200134277344
2024-01-17,321.6199951171875
2024-01-18,325.69000244140625
2024-01-19,329.6199951171875
2024-01-22,334.760009765625
2024-01-23,330.9599914550781
2024-01-24,328.1600036621094
2024-01-25,333.82000732421875
2024-01-26,328.9800109863281
2024-01-29,332.5599975585937
2024-01-30,344.3099975585937
2024-01-31,335.57000732421875
2024-02-01,343.7099914550781
2024-02-02,354.0299987792969
2024-02-05,350.989990234375
2024-02-06,350.25
2024-02-07,355.1300048828125
2024-02-08,358.2099914550781
2024-02-09,363.010009765625
2024-02-12,359.82000732421875
2024-02-13,352.6199951171875
2024-02-14,359.69000244140625
2024-02-15,358.69000244140625
2024-02-16,358.8800048828125
2024-02-20,355.3500061035156
2024-02-21,354.1499938964844
2024-02-22,364.7200012207031
2024-02-23,365.7900085449219
2024-02-26,369.5799865722656
2024-02-27,367.489990234375
2024-02-28,370.8200073242188
2024-02-29,380.6700134277344
2024-03-01,384.7699890136719
2024-03-04,387.739990234375
2024-03-05,380.6499938964844
2024-03-06,387.9200134277344
2024-03-07,392.9599914550781
2024-03-08,393.1400146484375
2024-03-11,387.4299926757813
2024-03-12,396.9299926757813
2024-03-13,399.5299987792969
2024-03-14,401.8299865722656
2024-03-15,395.1499938964844
2024-03-18,399.6099853515625
2024-03-19,396.7099914550781
2024-03-20,406.6499938964844
2024-03-21,415.0
2024-03-22,417.9200134277344
2024-03-25,413.1199951171875
2024-03-26,413.3299865722656
2024-03-27,413.8599853515625
2024-03-28,415.0499877929688
2024-04-01,416.7999877929688
2024-04-02,415.5400085449219
2024-04-03,424.3999938964844
2024-04-04,412.55999755859375
2024-04-05,417.0799865722656
2024-04-08,415.739990234375
2024-04-09,409.1700134277344
2024-04-10,406.9100036621094
2024-04-11,406.2300109863281
2024-04-12,401.739990234375
2024-04-15,402.5899963378906
2024-04-16,396.2799987792969
2024-04-17,390.9700012207031
2024-04-18,392.2799987792969
2024-04-19,388.0299987792969
2024-04-22,390.55999755859375
2024-04-23,398.0
2024-04-24,398.5499877929688
2024-04-25,402.2699890136719
2024-04-26,407.5299987792969
2024-04-29,407.1900024414063
2024-04-30,370.5199890136719
2024-05-01,373.2999877929688
2024-05-02,372.9400024414063
2024-05-03,379.8900146484375
2024-05-06,388.0
2024-05-07,393.05999755859375
2024-05-08,396.3699951171875
2024-05-09,409.2099914550781
2024-05-10,407.2699890136719
2024-05-13,402.0199890136719
2024-05-14,401.0400085449219
2024-05-15,404.7300109863281
2024-05-16,391.3299865722656
2024-05-17,392.739990234375
2024-05-20,397.7699890136719
2024-05-21,404.0
2024-05-22,401.1400146484375
2024-05-23,400.6099853515625
2024-05-24,413.0
2024-05-28,397.6600036621094
2024-05-29,389.2799987792969
2024-05-30,390.6799926757813
2024-05-31,388.8900146484375
2024-06-03,385.75
2024-06-04,371.7699890136719
2024-06-05,381.6199951171875
2024-06-06,365.9400024414063
2024-06-07,366.6799926757813
2024-06-10,369.010009765625
2024-06-11,367.7099914550781
2024-06-12,383.489990234375
2024-06-13,385.010009765625
2024-06-14,374.739990234375
2024-06-17,381.6300048828125
2024-06-18,387.739990234375
2024-06-20,380.0700073242188
2024-06-21,377.3900146484375
2024-06-24,379.55999755859375
2024-06-25,378.0400085449219
2024-06-26,371.7699890136719
2024-06-27,369.8399963378906
2024-06-28,365.4800109863281
2024-07-01,359.1400146484375
2024-07-02,365.80999755859375
2024-07-03,371.2900085449219
2024-07-05,372.75
2024-07-08,377.010009765625
2024-07-09,371.1499938964844
2024-07-10,375.3200073242188
2024-07-11,379.0199890136719
2024-07-12,380.4700012207031
2024-07-15,374.6000061035156
2024-07-16,391.4100036621094
2024-07-17,366.6099853515625
2024-07-18,368.7799987792969
2024-07-19,370.2300109863281
2024-07-22,379.260009765625
2024-07-23,379.6000061035156
2024-07-24,356.9800109863281
2024-07-25,355.54998779296875
2024-07-26,367.0899963378906
2024-07-29,366.8900146484375
2024-07-30,379.7999877929688
2024-07-31,395.6499938964844
2024-08-01,379.7699890136719
2024-08-02,366.1900024414063
2024-08-05,364.4200134277344
2024-08-06,361.0299987792969
2024-08-07,359.0400085449219
2024-08-08,373.7799987792969
2024-08-09,377.0
2024-08-12,373.2699890136719
2024-08-13,375.0799865722656
2024-08-14,379.6799926757813
2024-08-15,380.9700012207031
2024-08-16,373.8299865722656
2024-08-19,375.7200012207031
2024-08-20,370.9200134277344
2024-08-21,375.4200134277344
2024-08-22,378.1400146484375
2024-08-23,385.7799987792969
2024-08-26,385.1099853515625
2024-08-27,387.9700012207031
2024-08-28,389.0700073242188
2024-08-29,395.5199890136719
2024-08-30,399.9200134277344
2024-09-03,378.9599914550781
2024-09-04,374.7699890136719
2024-09-05,370.4200134277344
2024-09-06,370.9299926757813
2024-09-09,378.1199951171875
2024-09-10,380.1600036621094
2024-09-11,392.8699951171875
2024-09-12,399.1799926757813
2024-09-13,404.6300048828125
2024-09-16,408.8200073242188
2024-09-17,411.2900085449219
2024-09-18,409.8599853515625
2024-09-19,422.5400085449219
2024-09-20,426.010009765625
2024-09-23,426.5899963378906
2024-09-24,424.8599853515625
2024-09-25,424.1300048828125
2024-09-26,427.9500122070313
2024-09-27,428.4800109863281
2024-09-30,428.3500061035156
2024-10-01,427.2900085449219
2024-10-02,427.7000122070313
2024-10-03,425.8999938964844
2024-10-04,429.7200012207031
2024-10-07,438.4299926757813
2024-10-08,441.1099853515625
2024-10-09,449.4100036621094
2024-10-10,443.4500122070313
2024-10-11,456.5700073242188
2024-10-14,460.5
2024-10-15,451.3900146484375
2024-10-16,454.05999755859375
2024-10-17,457.510009765625
2024-10-18,456.80999755859375
2024-10-21,456.7000122070313
2024-10-22,448.3699951171875
2024-10-23,444.7200012207031
2024-10-24,450.1799926757813
2024-10-25,444.5199890136719
2024-10-28,449.6700134277344
2024-10-29,440.1199951171875
2024-10-30,431.6600036621094
2024-10-31,427.0299987792969
2024-11-01,425.7000122070313
2024-11-04,424.9200134277344
2024-11-05,439.6400146484375
2024-11-06,472.1199951171875
2024-11-07,466.9800109863281
2024-11-08,467.9299926757813
2024-11-11,466.010009765625
2024-11-12,452.0299987792969
2024-11-13,453.7900085449219
2024-11-14,440.0899963378906
2024-11-15,437.6099853515625
2024-11-18,444.9299926757813
2024-11-19,452.3699951171875
2024-11-20,445.5799865722656
2024-11-21,456.4800109863281
2024-11-22,460.80999755859375
2024-11-25,463.8599853515625
2024-11-26,460.739990234375
2024-11-27,458.8500061035156
2024-11-29,460.0899963378906
2024-12-02,457.2300109863281
2024-12-03,457.8200073242188
2024-12-04,469.3800048828125
2024-12-05,467.1199951171875
2024-12-06,461.9700012207031
2024-12-09,452.2200012207031
2024-12-10,448.5899963378906
2024-12-11,457.0
2024-12-12,455.3399963378906
2024-12-13,453.6199951171875
2024-12-16,455.8200073242188
2024-12-17,439.5299987792969
2024-12-18,425.4200134277344
2024-12-19,424.5499877929688
2024-12-20,426.7999877929688
2024-12-23,425.8999938964844
2024-12-24,432.0400085449219
2024-12-26,430.4599914550781
2024-12-27,423.1099853515625
2024-12-30,419.1900024414063
2024-12-31,418.8900146484375
2025-01-02,419.989990234375
2025-01-03,430.9599914550781
2025-01-06,440.5499877929688
2025-01-07,433.9599914550781
2025-01-08,434.7699890136719
2025-01-10,420.25
2025-01-13,420.510009765625
2025-01-14,428.2099914550781
2025-01-15,428.9299926757813
2025-01-16,433.9200134277344
2025-01-17,437.3800048828125
2025-01-21,450.3800048828125
2025-01-22,456.8599853515625
2025-01-23,453.7900085449219
2025-01-24,455.260009765625
2025-01-27,414.5299987792969
2025-01-28,413.3599853515625
2025-01-29,417.7099914550781
2025-01-30,426.5700073242188
2025-01-31,423.010009765625
2025-02-03,408.7300109863281
2025-02-04,400.9100036621094
2025-02-05,400.0700073242188
2025-02-06,394.989990234375
2025-02-07,400.9299926757813
2025-02-10,399.7999877929688
2025-02-11,397.0700073242188
2025-02-12,391.2099914550781
2025-02-13,393.2300109863281
2025-02-14,390.1400146484375
2025-02-18,395.5499877929688
2025-02-19,392.3800048828125
2025-02-20,389.4200134277344
2025-02-21,377.4800109863281
2025-02-24,369.25
2025-02-25,372.2099914550781
2025-02-26,377.3900146484375
2025-02-27,369.2699890136719
2025-02-28,371.5899963378906
2025-03-03,354.95001220703125
2025-03-04,351.7900085449219
2025-03-05,353.8500061035156
2025-03-06,346.2799987792969
2025-03-07,354.4700012207031
2025-03-10,337.67999267578125
2025-03-11,340.4200134277344
2025-03-12,334.69000244140625
2025-03-13,331.79998779296875
2025-03-14,340.82000732421875
2025-03-17,344.0599975585937
2025-03-18,336.3800048828125
2025-03-19,342.2099914550781
2025-03-20,339.17999267578125
2025-03-21,338.3599853515625
2025-03-24,349.5
2025-03-25,353.6199951171875
2025-03-26,346.6300048828125
2025-03-27,342.0
2025-03-28,332.010009765625
2025-03-31,330.9100036621094
2025-04-01,332.8599853515625
2025-04-02,341.6199951171875
2025-04-03,321.3500061035156
2025-04-04,315.94000244140625
2025-04-07,316.8900146484375
2025-04-08,317.5
2025-04-09,351.95001220703125
2025-04-10,341.8399963378906
2025-04-11,353.42999267578125
2025-04-14,350.510009765625
2025-04-15,346.5899963378906
2025-04-16,338.7799987792969
2025-04-17,338.9700012207031
2025-04-21,329.2200012207031
2025-04-22,340.5199890136719
2025-04-23,345.95001220703125
2025-04-24,360.2799987792969
2025-04-25,359.8399963378906
2025-04-28,357.9800109863281
2025-04-29,359.4700012207031
2025-04-30,363.1799926757813
2025-05-01,343.1199951171875
2025-05-02,355.9100036621094
2025-05-05,353.510009765625
2025-05-06,348.3099975585937
2025-05-07,352.3900146484375
2025-05-08,354.57000732421875
2025-05-09,356.7200012207031
2025-05-12,378.4100036621094
2025-05-13,386.6600036621094
2025-05-14,385.6799926757813
2025-05-15,386.6400146484375
2025-05-16,392.2200012207031
2025-05-19,390.7699890136719
2025-05-20,389.0799865722656
2025-05-21,381.9100036621094
2025-05-22,389.3900146484375
2025-05-23,390.5899963378906
2025-05-27,398.8599853515625
2025-05-28,395.2200012207031
2025-05-29,396.9400024414063
2025-05-30,389.5799865722656
2025-06-02,381.3399963378906
2025-06-03,390.0700073242188
2025-06-04,390.7200012207031
2025-06-05,388.6099853515625
2025-06-06,395.2799987792969
2025-06-09,392.3399963378906
2025-06-10,388.0899963378906
2025-06-11,388.989990234375
2025-06-12,391.0400085449219
2025-06-13,382.0299987792969
2025-06-16,391.8900146484375
2025-06-17,391.2200012207031
2025-06-18,398.7300109863281
2025-06-20,395.7900085449219
2025-06-23,394.6900024414063
2025-06-24,402.989990234375
2025-06-25,399.05999755859375
2025-06-26,405.260009765625
2025-06-27,406.6199951171875
2025-06-30,408.4100036621094
2025-07-01,410.510009765625
2025-07-02,415.1199951171875
2025-07-03,414.8399963378906
2025-07-07,412.9700012207031
2025-07-08,412.5
2025-07-09,417.7099914550781
2025-07-10,422.260009765625
2025-07-11,419.239990234375
2025-07-14,415.0799865722656
2025-07-15,414.8599853515625
2025-07-16,418.4200134277344
2025-07-17,437.2300109863281
2025-07-18,430.2799987792969
2025-07-21,422.2699890136719
2025-07-22,428.5499877929688
2025-07-23,434.9500122070313
2025-07-24,437.5
2025-07-25,442.5400085449219
2025-07-28,438.30999755859375
2025-07-29,427.3299865722656
2025-07-30,437.4400024414063
2025-07-31,437.4800109863281
2025-08-01,426.739990234375
2025-08-04,429.05999755859375
2025-08-05,427.6700134277344
2025-08-06,423.5700073242188
2025-08-07,417.8399963378906
2025-08-08,418.6499938964844
2025-08-11,417.5400085449219
2025-08-12,432.1400146484375
2025-08-13,443.9500122070313
2025-08-14,437.6700134277344
2025-08-15,427.6499938964844
2025-08-18,432.2200012207031
2025-08-19,432.80999755859375
2025-08-20,429.9599914550781
2025-08-21,427.5700073242188
2025-08-22,440.8500061035156
2025-08-25,437.55999755859375
2025-08-26,442.5199890136719
2025-08-27,446.05999755859375
2025-08-28,445.7999877929688
2025-08-29,430.989990234375
2025-09-02,430.1499938964844
2025-09-03,428.7999877929688
2025-09-04,437.1600036621094
2025-09-05,436.0400085449219
2025-09-08,436.6199951171875
2025-09-09,437.239990234375
2025-09-10,442.3299865722656
2025-09-11,450.9299926757813
2025-09-12,437.4299926757813
2025-09-15,438.1099853515625
2025-09-16,435.4400024414063
2025-09-17,433.260009765625
2025-09-18,440.1000061035156
2025-09-19,441.4400024414063
2025-09-22,438.489990234375
2025-09-23,435.2300109863281
2025-09-24,431.1600036621094
2025-09-25,420.4400024414063
2025-09-26,425.2200012207031
2025-09-29,426.4400024414063
2025-09-30,430.30999755859375
2025-10-01,430.4700012207031
2025-10-02,423.4200134277344
2025-10-03,413.0
2025-10-06,413.0499877929688
2025-10-07,412.9299926757813
2025-10-08,419.6700134277344
2025-10-09,418.8900146484375
2025-10-10,408.4599914550781
2025-10-13,418.7200012207031
2025-10-14,427.4299926757813
2025-10-15,434.0499877929688
2025-10-16,428.8200073242188
2025-10-17,425.7099914550781
2025-10-20,431.6499938964844
2025-10-21,435.2900085449219
2025-10-22,422.6300048828125
2025-10-23,433.2699890136719
2025-10-24,434.3900146484375
2025-10-27,433.9800109863281
2025-10-28,455.3399963378906
2025-10-29,472.5700073242188
2025-10-30,469.9599914550781
2025-10-31,470.0
2025-11-03,467.6099853515625
2025-11-04,459.4400024414063
2025-11-05,468.05999755859375
2025-11-06,461.4700012207031
2025-11-07,462.4299926757813
2025-11-10,462.2799987792969
2025-11-11,450.1199951171875
2025-11-12,453.0
2025-11-13,437.6499938964844
2025-11-14,432.8200073242188
2025-11-17,420.5700073242188
2025-11-18,417.2799987792969
2025-11-19,419.0899963378906
2025-11-20,407.3599853515625
2025-11-21,421.8399963378906
2025-11-24,424.0799865722656
2025-11-25,429.8200073242188
2025-11-26,428.4700012207031
2025-11-28,431.4299926757813
2025-12-01,427.8500061035156
2025-12-02,427.4800109863281
2025-12-03,429.3399963378906
2025-12-04,437.7099914550781
2025-12-05,440.5299987792969
2025-12-08,441.510009765625
2025-12-09,438.7000122070313
2025-12-10,448.1799926757813
2025-12-11,462.8200073242188
2025-12-12,448.0
2025-12-15,444.8399963378906
2025-12-16,438.4200134277344
2025-12-17,429.6799926757813
2025-12-18,434.8500061035156
2025-12-19,442.510009765625
2025-12-22,451.0299987792969
2025-12-23,455.9200134277344
2025-12-24,456.2799987792969
2025-12-26,454.9400024414063
2025-12-29,451.3900146484375
2025-12-30,446.6099853515625
2025-12-31,444.1099853515625
2026-01-02,463.0299987792969
2026-01-05,465.4800109863281
2026-01-06,477.4599914550781
2026-01-07,468.2000122070313
2026-01-08,460.8699951171875
2026-01-09,470.5299987792969
2026-01-12,472.8800048828125
2026-01-13,481.6799926757813
2026-01-14,476.05999755859375
2026-01-15,484.1099853515625
2026-01-16,489.30999755859375
2026-01-20,472.5400085449219
2026-01-21,482.5
2026-01-22,484.05999755859375
2026-01-23,485.5299987792969
2026-01-26,486.8200073242188
2026-01-27,484.1400146484375
2026-01-28,485.7300109863281
2026-01-29,497.9700012207031
2026-01-30,487.9400024414063
2026-02-02,495.5899963378906
2026-02-03,503.8599853515625
2026-02-04,487.1600036621094
2026-02-05,487.3999938964844
2026-02-06,503.7999877929688
2026-02-09,506.1400146484375
2026-02-10,503.1000061035156
2026-02-11,516.030029296875
2026-02-12,516.02001953125
2026-02-13,524.1199951171875
2026-02-17,524.25
2026-02-18,522.2999877929688
2026-02-19,526.5599975585938
2026-02-20,526.72998046875
2026-02-23,516.989990234375
2026-02-24,526.75
2026-02-25,527.9000244140625
2026-02-26,524.1900024414062
2026-02-27,511.6300048828125
2026-03-02,516.97998046875
2026-03-03,488.489990234375
2026-03-04,490.7799987792969
2026-03-05,476.510009765625
2026-03-06,471.5400085449219
2026-03-09,487.760009765625
2026-03-10,478.05999755859375
2026-03-11,477.9700012207031
2026-03-12,468.4100036621094
2026-03-13,467.3800048828125
2026-03-16,472.6400146484375
2026-03-17,471.2200012207031
2026-03-18,477.4700012207031
2026-03-19,492.6499938964844
2026-03-20,475.739990234375
2026-03-23,489.0700073242188
2026-03-24,505.6199951171875
2026-03-25,503.2000122070313
2026-03-26,481.6700134277344
2026-03-27,480.9700012207031
2026-03-30,472.0700073242188
2026-03-31,490.739990234375
2026-04-01,500.3800048828125
2026-04-02,494.25
2026-04-06,499.2000122070313
2026-04-07,499.30999755859375
2026-04-08,527.2100219726562
2026-04-09,534.6699829101562
2026-04-10,536.010009765625
2026-04-13,539.7899780273438
2026-04-14,545.6199951171875
2026-04-15,526.9400024414062
2026-04-16,521.7100219726562
2026-04-17,535.5700073242188
2026-04-20,546.22998046875
2026-04-21,549.1099853515625
2026-04-22,549.75
2026-04-23,557.8499755859375
2026-04-24,553.0700073242188
2026-04-27,555.3400268554688
2026-04-28,544.7100219726562
2026-04-29,545.9299926757812
2026-04-30,508.1700134277344
2026-05-01,508.4299926757813
2026-05-04,516.0
2026-05-05,507.80999755859375
2026-05-06,502.3399963378906
2026-05-07,493.0400085449219
2026-05-08,492.5799865722656
2026-05-11,490.1600036621094
2026-05-12,485.9800109863281
2026-05-13,483.7900085449219
2026-05-14,482.0299987792969
2026-05-15,479.9700012207031
2026-05-18,470.8699951171875
2026-05-19,461.5
2026-05-20,463.3200073242187
2026-05-21,460.9800109863281
2026-05-22,475.010009765625
2026-05-26,478.0499877929687
2026-05-27,484.25
2026-05-28,473.9299926757813
2026-05-29,473.6099853515625
2026-06-01,462.9299926757813
2026-06-02,480.4599914550781
2026-06-03,484.9100036621094
2026-06-04,485.2699890136719
2026-06-05,476.8200073242187
2026-06-08,485.0299987792969
2026-06-09,486.4700012207031
2026-06-10,467.5899963378906
2026-06-11,469.32000732421875
2026-06-12,476.8900146484375
