,IEX
2015-01-02,77.87999725341797
2015-01-05,75.88999938964844
2015-01-06,74.30999755859375
2015-01-07,74.80999755859375
2015-01-08,76.0199966430664
2015-01-09,75.08000183105469
2015-01-12,73.80999755859375
2015-01-13,73.05999755859375
2015-01-14,72.55000305175781
2015-01-15,71.44999694824219
2015-01-16,72.16000366210938
2015-01-20,72.13999938964844
2015-01-21,72.86000061035156
2015-01-22,73.61000061035156
2015-01-23,73.12999725341797
2015-01-26,73.83999633789062
2015-01-27,72.5199966430664
2015-01-28,72.13999938964844
2015-01-29,72.44999694824219
2015-01-30,72.3499984741211
2015-02-02,73.51000213623047
2015-02-03,74.7300033569336
2015-02-04,73.9800033569336
2015-02-05,74.87999725341797
2015-02-06,74.8499984741211
2015-02-09,75.26000213623047
2015-02-10,75.5
2015-02-11,75.31999969482422
2015-02-12,76.37000274658203
2015-02-13,77.13999938964844
2015-02-17,76.63999938964844
2015-02-18,77.55999755859375
2015-02-19,77.48999786376953
2015-02-20,78.43000030517578
2015-02-23,77.70999908447266
2015-02-24,78.1500015258789
2015-02-25,78.41000366210938
2015-02-26,78.01000213623047
2015-02-27,77.26000213623047
2015-03-02,78.19000244140625
2015-03-03,77.68000030517578
2015-03-04,76.56999969482422
2015-03-05,76.54000091552734
2015-03-06,75.36000061035156
2015-03-09,75.7300033569336
2015-03-10,74.55999755859375
2015-03-11,75.12999725341797
2015-03-12,76.05000305175781
2015-03-13,74.72000122070312
2015-03-16,75.25
2015-03-17,75.12000274658203
2015-03-18,77.0199966430664
2015-03-19,76.38999938964844
2015-03-20,76.3499984741211
2015-03-23,75.76000213623047
2015-03-24,75.44999694824219
2015-03-25,74.58999633789062
2015-03-26,74.56999969482422
2015-03-27,75.0199966430664
2015-03-30,76.2699966430664
2015-03-31,75.83000183105469
2015-04-01,75.25
2015-04-02,75.73999786376953
2015-04-06,77.16999816894531
2015-04-07,76.43000030517578
2015-04-08,76.33999633789062
2015-04-09,75.94000244140625
2015-04-10,76.0999984741211
2015-04-13,76.08000183105469
2015-04-14,76.5
2015-04-15,77.37000274658203
2015-04-16,76.77999877929688
2015-04-17,75.41999816894531
2015-04-20,76.58999633789062
2015-04-21,75.91999816894531
2015-04-22,76.05999755859375
2015-04-23,76.37000274658203
2015-04-24,75.88999938964844
2015-04-27,76.05000305175781
2015-04-28,76.01000213623047
2015-04-29,75.9000015258789
2015-04-30,75.01000213623047
2015-05-01,75.19999694824219
2015-05-04,75.52999877929688
2015-05-05,75.23999786376953
2015-05-06,76.04000091552734
2015-05-07,75.7699966430664
2015-05-08,76.48999786376953
2015-05-11,76.56999969482422
2015-05-12,76.55000305175781
2015-05-13,77.4800033569336
2015-05-14,78.62999725341797
2015-05-15,78.1500015258789
2015-05-18,78.4000015258789
2015-05-19,78.19000244140625
2015-05-20,78.62999725341797
2015-05-21,79.19000244140625
2015-05-22,78.93000030517578
2015-05-26,77.5199966430664
2015-05-27,78.23999786376953
2015-05-28,77.80000305175781
2015-05-29,77.26000213623047
2015-06-01,77.2300033569336
2015-06-02,77.3499984741211
2015-06-03,78.16999816894531
2015-06-04,77.5
2015-06-05,78.2699966430664
2015-06-08,77.88999938964844
2015-06-09,77.77999877929688
2015-06-10,78.81999969482422
2015-06-11,79.98999786376953
2015-06-12,79.75
2015-06-15,78.87999725341797
2015-06-16,79.12000274658203
2015-06-17,79.33999633789062
2015-06-18,79.95999908447266
2015-06-19,79.62000274658203
2015-06-22,79.88999938964844
2015-06-23,80.0
2015-06-24,79.43000030517578
2015-06-25,79.06999969482422
2015-06-26,79.56999969482422
2015-06-29,78.11000061035156
2015-06-30,78.58000183105469
2015-07-01,79.05000305175781
2015-07-02,79.12000274658203
2015-07-06,78.33999633789062
2015-07-07,78.79000091552734
2015-07-08,77.44000244140625
2015-07-09,77.68000030517578
2015-07-10,77.19999694824219
2015-07-13,78.22000122070312
2015-07-14,78.37000274658203
2015-07-15,77.61000061035156
2015-07-16,77.43000030517578
2015-07-17,77.0199966430664
2015-07-20,77.20999908447266
2015-07-21,76.22000122070312
2015-07-22,75.87000274658203
2015-07-23,76.30000305175781
2015-07-24,74.44999694824219
2015-07-27,73.5999984741211
2015-07-28,74.83999633789062
2015-07-29,76.4000015258789
2015-07-30,76.27999877929688
2015-07-31,76.02999877929688
2015-08-03,74.88999938964844
2015-08-04,74.70999908447266
2015-08-05,75.5
2015-08-06,74.73999786376953
2015-08-07,74.20999908447266
2015-08-10,75.9000015258789
2015-08-11,74.81999969482422
2015-08-12,74.87000274658203
2015-08-13,74.81999969482422
2015-08-14,75.18000030517578
2015-08-17,75.66000366210938
2015-08-18,75.43000030517578
2015-08-19,74.70999908447266
2015-08-20,72.55999755859375
2015-08-21,70.83999633789062
2015-08-24,69.5199966430664
2015-08-25,69.5
2015-08-26,69.86000061035156
2015-08-27,71.30999755859375
2015-08-28,71.62999725341797
2015-08-31,71.83000183105469
2015-09-01,68.86000061035156
2015-09-02,69.83000183105469
2015-09-03,70.33000183105469
2015-09-04,69.30000305175781
2015-09-08,70.98999786376953
2015-09-09,70.66000366210938
2015-09-10,70.31999969482422
2015-09-11,70.5999984741211
2015-09-14,70.1500015258789
2015-09-15,71.41000366210938
2015-09-16,72.83999633789062
2015-09-17,71.94999694824219
2015-09-18,71.26000213623047
2015-09-21,71.55999755859375
2015-09-22,70.31999969482422
2015-09-23,68.9800033569336
2015-09-24,69.19999694824219
2015-09-25,69.54000091552734
2015-09-28,69.12000274658203
2015-09-29,70.29000091552734
2015-09-30,71.30000305175781
2015-10-01,70.27999877929688
2015-10-02,72.18000030517578
2015-10-05,74.76000213623047
2015-10-06,74.7699966430664
2015-10-07,76.41000366210938
2015-10-08,79.20999908447266
2015-10-09,77.7699966430664
2015-10-12,76.3499984741211
2015-10-13,76.02999877929688
2015-10-14,74.80000305175781
2015-10-15,74.87000274658203
2015-10-16,74.9800033569336
2015-10-19,74.91000366210938
2015-10-20,74.88999938964844
2015-10-21,74.79000091552734
2015-10-22,76.20999908447266
2015-10-23,76.6500015258789
2015-10-26,76.79000091552734
2015-10-27,76.3499984741211
2015-10-28,76.80999755859375
2015-10-29,76.58999633789062
2015-10-30,76.76000213623047
2015-11-02,77.25
2015-11-03,77.4000015258789
2015-11-04,77.18000030517578
2015-11-05,77.56999969482422
2015-11-06,77.2699966430664
2015-11-09,76.87000274658203
2015-11-10,77.33999633789062
2015-11-11,76.9000015258789
2015-11-12,75.30000305175781
2015-11-13,75.33000183105469
2015-11-16,76.05999755859375
2015-11-17,75.98999786376953
2015-11-18,77.4800033569336
2015-11-19,78.0
2015-11-20,78.33999633789062
2015-11-23,78.02999877929688
2015-11-24,78.7699966430664
2015-11-25,78.80999755859375
2015-11-27,78.98999786376953
2015-11-30,78.80000305175781
2015-12-01,78.93000030517578
2015-12-02,78.3499984741211
2015-12-03,77.95999908447266
2015-12-04,78.73999786376953
2015-12-07,77.55999755859375
2015-12-08,76.37999725341797
2015-12-09,76.48999786376953
2015-12-10,76.5
2015-12-11,75.7300033569336
2015-12-14,76.06999969482422
2015-12-15,76.22000122070312
2015-12-16,76.91000366210938
2015-12-17,76.19000244140625
2015-12-18,75.08000183105469
2015-12-21,75.36000061035156
2015-12-22,76.22000122070312
2015-12-23,77.44999694824219
2015-12-24,77.58999633789062
2015-12-28,77.22000122070312
2015-12-29,77.70999908447266
2015-12-30,77.12000274658203
2015-12-31,76.61000061035156
2016-01-04,75.73999786376953
2016-01-05,75.0
2016-01-06,74.16999816894531
2016-01-07,72.61000061035156
2016-01-08,71.63999938964844
2016-01-11,71.38999938964844
2016-01-12,71.75
2016-01-13,69.98999786376953
2016-01-14,71.30999755859375
2016-01-15,69.95999908447266
2016-01-19,69.61000061035156
2016-01-20,69.25
2016-01-21,68.37000274658203
2016-01-22,70.0199966430664
2016-01-25,68.33000183105469
2016-01-26,70.25
2016-01-27,70.94999694824219
2016-01-28,69.5
2016-01-29,72.51000213623047
2016-02-01,71.44999694824219
2016-02-02,70.48999786376953
2016-02-03,71.83999633789062
2016-02-04,73.08999633789062
2016-02-05,72.76000213623047
2016-02-08,72.04000091552734
2016-02-09,71.47000122070312
2016-02-10,71.25
2016-02-11,70.87000274658203
2016-02-12,71.76000213623047
2016-02-16,73.19999694824219
2016-02-17,73.88999938964844
2016-02-18,74.6500015258789
2016-02-19,74.73999786376953
2016-02-22,75.79000091552734
2016-02-23,74.81999969482422
2016-02-24,74.95999908447266
2016-02-25,74.98999786376953
2016-02-26,75.72000122070312
2016-02-29,75.16000366210938
2016-03-01,76.80000305175781
2016-03-02,77.01000213623047
2016-03-03,77.77999877929688
2016-03-04,78.16000366210938
2016-03-07,78.41999816894531
2016-03-08,77.2699966430664
2016-03-09,77.37999725341797
2016-03-10,77.19999694824219
2016-03-11,78.12999725341797
2016-03-14,77.95999908447266
2016-03-15,78.12999725341797
2016-03-16,79.31999969482422
2016-03-17,80.87000274658203
2016-03-18,81.51000213623047
2016-03-21,82.45999908447266
2016-03-22,82.91999816894531
2016-03-23,81.87000274658203
2016-03-24,82.16999816894531
2016-03-28,82.36000061035156
2016-03-29,83.62999725341797
2016-03-30,83.41000366210938
2016-03-31,82.87999725341797
2016-04-01,84.01000213623047
2016-04-04,82.0
2016-04-05,81.04000091552734
2016-04-06,81.18000030517578
2016-04-07,80.80999755859375
2016-04-08,81.4000015258789
2016-04-11,81.56999969482422
2016-04-12,82.26000213623047
2016-04-13,83.88999938964844
2016-04-14,83.41000366210938
2016-04-15,83.47000122070312
2016-04-18,84.25
2016-04-19,84.12000274658203
2016-04-20,83.62000274658203
2016-04-21,83.29000091552734
2016-04-22,83.4800033569336
2016-04-25,82.66999816894531
2016-04-26,84.12999725341797
2016-04-27,83.80000305175781
2016-04-28,82.37999725341797
2016-04-29,81.9000015258789
2016-05-02,82.47000122070312
2016-05-03,81.51000213623047
2016-05-04,80.79000091552734
2016-05-05,81.31999969482422
2016-05-06,82.19999694824219
2016-05-09,81.5
2016-05-10,82.2699966430664
2016-05-11,81.80999755859375
2016-05-12,82.33000183105469
2016-05-13,81.22000122070312
2016-05-16,82.31999969482422
2016-05-17,81.7699966430664
2016-05-18,81.66000366210938
2016-05-19,81.47000122070312
2016-05-20,82.0199966430664
2016-05-23,82.26000213623047
2016-05-24,83.6500015258789
2016-05-25,83.91000366210938
2016-05-26,83.48999786376953
2016-05-27,83.54000091552734
2016-05-31,83.33999633789062
2016-06-01,83.93000030517578
2016-06-02,84.6500015258789
2016-06-03,84.44000244140625
2016-06-06,85.83000183105469
2016-06-07,86.13999938964844
2016-06-08,86.94000244140625
2016-06-09,86.81999969482422
2016-06-10,85.94000244140625
2016-06-13,85.55999755859375
2016-06-14,85.13999938964844
2016-06-15,85.27999877929688
2016-06-16,85.25
2016-06-17,85.48999786376953
2016-06-20,86.56999969482422
2016-06-21,85.43000030517578
2016-06-22,85.5999984741211
2016-06-23,86.51000213623047
2016-06-24,81.5
2016-06-27,79.29000091552734
2016-06-28,79.91000366210938
2016-06-29,80.52999877929688
2016-06-30,82.0999984741211
2016-07-01,82.18000030517578
2016-07-05,80.69999694824219
2016-07-06,81.47000122070312
2016-07-07,81.98999786376953
2016-07-08,83.8499984741211
2016-07-11,84.61000061035156
2016-07-12,85.5
2016-07-13,85.02999877929688
2016-07-14,85.27999877929688
2016-07-15,85.22000122070312
2016-07-18,84.44999694824219
2016-07-19,87.13999938964844
2016-07-20,88.27999877929688
2016-07-21,87.16000366210938
2016-07-22,87.29000091552734
2016-07-25,86.83999633789062
2016-07-26,88.2300033569336
2016-07-27,88.7300033569336
2016-07-28,89.04000091552734
2016-07-29,89.79000091552734
2016-08-01,90.0
2016-08-02,89.69999694824219
2016-08-03,90.0
2016-08-04,90.3000030517578
2016-08-05,91.0999984741211
2016-08-08,91.5500030517578
2016-08-09,91.87999725341795
2016-08-10,92.0999984741211
2016-08-11,92.70999908447266
2016-08-12,92.31999969482422
2016-08-15,92.9499969482422
2016-08-16,92.45999908447266
2016-08-17,92.87000274658205
2016-08-18,92.88999938964844
2016-08-19,93.87000274658205
2016-08-22,93.5999984741211
2016-08-23,94.13999938964844
2016-08-24,93.43000030517578
2016-08-25,93.98999786376952
2016-08-26,94.25
2016-08-29,95.05999755859376
2016-08-30,94.83999633789062
2016-08-31,93.44000244140624
2016-09-01,93.45999908447266
2016-09-02,94.02999877929688
2016-09-06,93.5500030517578
2016-09-07,93.62000274658205
2016-09-08,93.27999877929688
2016-09-09,90.76000213623048
2016-09-12,91.58999633789062
2016-09-13,90.5199966430664
2016-09-14,90.4499969482422
2016-09-15,91.31999969482422
2016-09-16,90.1999969482422
2016-09-19,90.97000122070312
2016-09-20,90.97000122070312
2016-09-21,91.98999786376952
2016-09-22,93.93000030517578
2016-09-23,92.18000030517578
2016-09-26,91.7699966430664
2016-09-27,92.11000061035156
2016-09-28,92.9000015258789
2016-09-29,92.88999938964844
2016-09-30,93.56999969482422
2016-10-03,92.52999877929688
2016-10-04,91.63999938964844
2016-10-05,92.58999633789062
2016-10-06,92.7300033569336
2016-10-07,90.4000015258789
2016-10-10,90.05999755859375
2016-10-11,87.4000015258789
2016-10-12,87.41000366210938
2016-10-13,86.44999694824219
2016-10-14,86.41000366210938
2016-10-17,86.9800033569336
2016-10-18,86.79000091552734
2016-10-19,87.25
2016-10-20,86.77999877929688
2016-10-21,86.31999969482422
2016-10-24,86.87999725341797
2016-10-25,86.05000305175781
2016-10-26,86.19999694824219
2016-10-27,86.01000213623047
2016-10-28,86.20999908447266
2016-10-31,86.44000244140625
2016-11-01,85.30000305175781
2016-11-02,84.97000122070312
2016-11-03,85.19000244140625
2016-11-04,85.0999984741211
2016-11-07,87.55000305175781
2016-11-08,87.91999816894531
2016-11-09,90.58000183105467
2016-11-10,92.58999633789062
2016-11-11,92.5
2016-11-14,92.80999755859376
2016-11-15,92.63999938964844
2016-11-16,92.33000183105467
2016-11-17,92.02999877929688
2016-11-18,91.97000122070312
2016-11-21,92.5199966430664
2016-11-22,93.5
2016-11-23,93.5199966430664
2016-11-25,93.72000122070312
2016-11-28,93.54000091552734
2016-11-29,93.47000122070312
2016-11-30,93.61000061035156
2016-12-01,95.63999938964844
2016-12-02,94.95999908447266
2016-12-05,95.23999786376952
2016-12-06,95.2699966430664
2016-12-07,94.8000030517578
2016-12-08,94.27999877929688
2016-12-09,93.7300033569336
2016-12-12,93.51000213623048
2016-12-13,93.51000213623048
2016-12-14,92.08000183105467
2016-12-15,91.81999969482422
2016-12-16,91.1500015258789
2016-12-19,91.81999969482422
2016-12-20,91.55999755859376
2016-12-21,90.9000015258789
2016-12-22,90.86000061035156
2016-12-23,90.79000091552734
2016-12-27,91.0999984741211
2016-12-28,89.63999938964844
2016-12-29,89.91999816894531
2016-12-30,90.05999755859375
2017-01-03,91.22000122070312
2017-01-04,91.63999938964844
2017-01-05,90.81999969482422
2017-01-06,90.5999984741211
2017-01-09,89.52999877929688
2017-01-10,90.80999755859376
2017-01-11,91.38999938964844
2017-01-12,90.56999969482422
2017-01-13,91.72000122070312
2017-01-17,90.47000122070312
2017-01-18,90.62000274658205
2017-01-19,90.75
2017-01-20,91.13999938964844
2017-01-23,90.3499984741211
2017-01-24,92.13999938964844
2017-01-25,92.97000122070312
2017-01-26,92.6500015258789
2017-01-27,92.5
2017-01-30,92.0199966430664
2017-01-31,90.16000366210938
2017-02-01,89.47000122070312
2017-02-02,89.33999633789062
2017-02-03,91.02999877929688
2017-02-06,90.12000274658205
2017-02-07,90.12999725341795
2017-02-08,90.02999877929688
2017-02-09,90.13999938964844
2017-02-10,90.93000030517578
2017-02-13,91.95999908447266
2017-02-14,91.44000244140624
2017-02-15,92.4000015258789
2017-02-16,92.22000122070312
2017-02-17,92.37999725341795
2017-02-21,93.62000274658205
2017-02-22,93.2699966430664
2017-02-23,92.48999786376952
2017-02-24,92.43000030517578
2017-02-27,93.6500015258789
2017-02-28,92.19000244140624
2017-03-01,96.13999938964844
2017-03-02,94.69000244140624
2017-03-03,94.19000244140624
2017-03-06,94.0
2017-03-07,93.52999877929688
2017-03-08,92.41999816894533
2017-03-09,91.87000274658205
2017-03-10,92.23999786376952
2017-03-13,92.7699966430664
2017-03-14,91.77999877929688
2017-03-15,93.41000366210938
2017-03-16,92.72000122070312
2017-03-17,92.62999725341795
2017-03-20,92.06999969482422
2017-03-21,90.8499984741211
2017-03-22,91.12999725341795
2017-03-23,91.62000274658205
2017-03-24,91.47000122070312
2017-03-27,91.33999633789062
2017-03-28,92.23999786376952
2017-03-29,92.08999633789062
2017-03-30,92.91000366210938
2017-03-31,93.51000213623048
2017-04-03,92.87000274658205
2017-04-04,93.08999633789062
2017-04-05,92.22000122070312
2017-04-06,93.44000244140624
2017-04-07,93.33000183105467
2017-04-10,93.58000183105467
2017-04-11,94.30999755859376
2017-04-12,92.33000183105467
2017-04-13,91.72000122070312
2017-04-17,93.26000213623048
2017-04-18,93.52999877929688
2017-04-19,94.0
2017-04-20,100.16000366210938
2017-04-21,101.58999633789062
2017-04-24,102.08999633789062
2017-04-25,103.47000122070312
2017-04-26,104.20999908447266
2017-04-27,105.38999938964844
2017-04-28,104.76000213623048
2017-05-01,104.47000122070312
2017-05-02,104.6500015258789
2017-05-03,104.36000061035156
2017-05-04,103.97000122070312
2017-05-05,105.37999725341795
2017-05-08,104.9800033569336
2017-05-09,104.20999908447266
2017-05-10,104.55999755859376
2017-05-11,104.26000213623048
2017-05-12,103.51000213623048
2017-05-15,104.19000244140624
2017-05-16,105.9800033569336
2017-05-17,105.08999633789062
2017-05-18,105.56999969482422
2017-05-19,106.6999969482422
2017-05-22,106.8499984741211
2017-05-23,108.6500015258789
2017-05-24,108.38999938964844
2017-05-25,107.86000061035156
2017-05-26,107.72000122070312
2017-05-30,107.91000366210938
2017-05-31,108.47000122070312
2017-06-01,108.88999938964844
2017-06-02,110.0999984741211
2017-06-05,109.81999969482422
2017-06-06,109.55999755859376
2017-06-07,109.5999984741211
2017-06-08,110.3000030517578
2017-06-09,110.98999786376952
2017-06-12,111.02999877929688
2017-06-13,111.80999755859376
2017-06-14,111.9800033569336
2017-06-15,113.0199966430664
2017-06-16,113.1999969482422
2017-06-19,114.81999969482422
2017-06-20,112.63999938964844
2017-06-21,111.0999984741211
2017-06-22,111.54000091552734
2017-06-23,112.6999969482422
2017-06-26,112.58999633789062
2017-06-27,111.4800033569336
2017-06-28,112.56999969482422
2017-06-29,111.56999969482422
2017-06-30,113.01000213623048
2017-07-03,113.51000213623048
2017-07-05,113.4800033569336
2017-07-06,112.66999816894533
2017-07-07,114.12999725341795
2017-07-10,113.94000244140624
2017-07-11,113.73999786376952
2017-07-12,114.26000213623048
2017-07-13,113.19000244140624
2017-07-14,113.94000244140624
2017-07-17,114.19000244140624
2017-07-18,113.37000274658205
2017-07-19,114.41999816894533
2017-07-20,114.29000091552734
2017-07-21,113.97000122070312
2017-07-24,113.87999725341795
2017-07-25,113.13999938964844
2017-07-26,117.04000091552734
2017-07-27,115.54000091552734
2017-07-28,116.61000061035156
2017-07-31,116.54000091552734
2017-08-01,115.58999633789062
2017-08-02,115.45999908447266
2017-08-03,115.70999908447266
2017-08-04,116.22000122070312
2017-08-07,117.08000183105467
2017-08-08,116.94000244140624
2017-08-09,115.76000213623048
2017-08-10,113.04000091552734
2017-08-11,113.12000274658205
2017-08-14,114.75
2017-08-15,115.18000030517578
2017-08-16,116.29000091552734
2017-08-17,113.58999633789062
2017-08-18,112.95999908447266
2017-08-21,113.41000366210938
2017-08-22,114.62999725341795
2017-08-23,113.87000274658205
2017-08-24,113.68000030517578
2017-08-25,114.5
2017-08-28,115.0199966430664
2017-08-29,115.1999969482422
2017-08-30,115.91999816894533
2017-08-31,117.58000183105467
2017-09-01,117.77999877929688
2017-09-05,117.23999786376952
2017-09-06,117.23999786376952
2017-09-07,118.0999984741211
2017-09-08,120.5500030517578
2017-09-11,120.6999969482422
2017-09-12,121.69000244140624
2017-09-13,120.20999908447266
2017-09-14,120.81999969482422
2017-09-15,121.58999633789062
2017-09-18,123.5
2017-09-19,123.3499984741211
2017-09-20,123.08999633789062
2017-09-21,123.1500015258789
2017-09-22,123.12000274658205
2017-09-25,123.58000183105467
2017-09-26,123.11000061035156
2017-09-27,122.98999786376952
2017-09-28,122.30999755859376
2017-09-29,121.47000122070312
2017-10-02,122.80999755859376
2017-10-03,123.19000244140624
2017-10-04,124.33000183105467
2017-10-05,123.75
2017-10-06,123.87999725341795
2017-10-09,123.12999725341795
2017-10-10,123.05999755859376
2017-10-11,123.2300033569336
2017-10-12,124.52999877929688
2017-10-13,124.5199966430664
2017-10-16,125.05999755859376
2017-10-17,124.1999969482422
2017-10-18,124.52999877929688
2017-10-19,124.63999938964844
2017-10-20,125.7699966430664
2017-10-23,124.73999786376952
2017-10-24,126.87999725341795
2017-10-25,127.04000091552734
2017-10-26,129.2100067138672
2017-10-27,128.41000366210938
2017-10-30,127.95999908447266
2017-10-31,128.2100067138672
2017-11-01,128.02999877929688
2017-11-02,128.47999572753906
2017-11-03,127.80999755859376
2017-11-06,127.87000274658205
2017-11-07,127.4800033569336
2017-11-08,128.02999877929688
2017-11-09,127.29000091552734
2017-11-10,128.02000427246094
2017-11-13,127.95999908447266
2017-11-14,127.63999938964844
2017-11-15,126.4499969482422
2017-11-16,128.11000061035156
2017-11-17,128.11000061035156
2017-11-20,129.0500030517578
2017-11-21,130.1199951171875
2017-11-22,130.30999755859375
2017-11-24,130.69000244140625
2017-11-27,130.8300018310547
2017-11-28,132.60000610351562
2017-11-29,132.5
2017-11-30,135.57000732421875
2017-12-01,133.99000549316406
2017-12-04,133.58999633789062
2017-12-05,132.85000610351562
2017-12-06,131.99000549316406
2017-12-07,132.3000030517578
2017-12-08,132.63999938964844
2017-12-11,132.30999755859375
2017-12-12,131.3300018310547
2017-12-13,130.4199981689453
2017-12-14,129.24000549316406
2017-12-15,131.1999969482422
2017-12-18,131.94000244140625
2017-12-19,132.1300048828125
2017-12-20,132.5
2017-12-21,132.97000122070312
2017-12-22,132.07000732421875
2017-12-26,132.02000427246094
2017-12-27,132.22000122070312
2017-12-28,132.5
2017-12-29,131.97000122070312
2018-01-02,131.67999267578125
2018-01-03,132.8699951171875
2018-01-04,135.0
2018-01-05,134.74000549316406
2018-01-08,134.97000122070312
2018-01-09,135.75999450683594
2018-01-10,134.94000244140625
2018-01-11,136.74000549316406
2018-01-12,136.80999755859375
2018-01-16,136.8300018310547
2018-01-17,136.52000427246094
2018-01-18,136.6999969482422
2018-01-19,138.35000610351562
2018-01-22,137.7100067138672
2018-01-23,137.69000244140625
2018-01-24,138.1999969482422
2018-01-25,140.82000732421875
2018-01-26,142.42999267578125
2018-01-29,140.66000366210938
2018-01-30,144.4499969482422
2018-01-31,143.47999572753906
2018-02-01,144.5500030517578
2018-02-02,142.1300048828125
2018-02-05,135.3699951171875
2018-02-06,135.52000427246094
2018-02-07,136.6699981689453
2018-02-08,132.72000122070312
2018-02-09,130.89999389648438
2018-02-12,132.6300048828125
2018-02-13,133.0
2018-02-14,135.0399932861328
2018-02-15,136.9600067138672
2018-02-16,137.35000610351562
2018-02-20,136.8300018310547
2018-02-21,137.11000061035156
2018-02-22,138.1199951171875
2018-02-23,140.24000549316406
2018-02-26,141.8000030517578
2018-02-27,139.5399932861328
2018-02-28,136.8000030517578
2018-03-01,135.94000244140625
2018-03-02,137.4499969482422
2018-03-05,138.89999389648438
2018-03-06,141.02999877929688
2018-03-07,142.0500030517578
2018-03-08,142.8300018310547
2018-03-09,147.4499969482422
2018-03-12,146.6999969482422
2018-03-13,146.3000030517578
2018-03-14,146.88999938964844
2018-03-15,146.89999389648438
2018-03-16,147.72000122070312
2018-03-19,147.25999450683594
2018-03-20,150.3699951171875
2018-03-21,149.64999389648438
2018-03-22,144.7100067138672
2018-03-23,142.77999877929688
2018-03-26,145.3000030517578
2018-03-27,141.50999450683594
2018-03-28,140.52000427246094
2018-03-29,142.50999450683594
2018-04-02,139.39999389648438
2018-04-03,141.1999969482422
2018-04-04,142.66000366210938
2018-04-05,142.6300048828125
2018-04-06,138.77000427246094
2018-04-09,139.24000549316406
2018-04-10,141.38999938964844
2018-04-11,141.05999755859375
2018-04-12,142.1999969482422
2018-04-13,141.94000244140625
2018-04-16,142.49000549316406
2018-04-17,144.52000427246094
2018-04-18,145.6300048828125
2018-04-19,145.17999267578125
2018-04-20,144.63999938964844
2018-04-23,142.6999969482422
2018-04-24,138.3699951171875
2018-04-25,137.83999633789062
2018-04-26,137.16000366210938
2018-04-27,136.49000549316406
2018-04-30,133.66000366210938
2018-05-01,133.33999633789062
2018-05-02,132.8699951171875
2018-05-03,132.5800018310547
2018-05-04,136.5
2018-05-07,136.27000427246094
2018-05-08,136.3699951171875
2018-05-09,136.60000610351562
2018-05-10,137.85000610351562
2018-05-11,138.7899932861328
2018-05-14,137.72000122070312
2018-05-15,137.1199951171875
2018-05-16,137.41000366210938
2018-05-17,138.02000427246094
2018-05-18,139.5399932861328
2018-05-21,142.02000427246094
2018-05-22,140.3300018310547
2018-05-23,139.75
2018-05-24,140.92999267578125
2018-05-25,139.27000427246094
2018-05-29,137.89999389648438
2018-05-30,140.58999633789062
2018-05-31,138.67999267578125
2018-06-01,139.47000122070312
2018-06-04,139.24000549316406
2018-06-05,141.25999450683594
2018-06-06,142.49000549316406
2018-06-07,143.30999755859375
2018-06-08,144.1300048828125
2018-06-11,143.38999938964844
2018-06-12,143.22999572753906
2018-06-13,142.17999267578125
2018-06-14,143.6699981689453
2018-06-15,143.25
2018-06-18,143.99000549316406
2018-06-19,141.60000610351562
2018-06-20,141.2100067138672
2018-06-21,138.75
2018-06-22,138.66000366210938
2018-06-25,137.1199951171875
2018-06-26,136.07000732421875
2018-06-27,135.58999633789062
2018-06-28,135.52000427246094
2018-06-29,136.47999572753906
2018-07-02,135.7899932861328
2018-07-03,135.44000244140625
2018-07-05,137.5800018310547
2018-07-06,137.38999938964844
2018-07-09,138.3800048828125
2018-07-10,138.75999450683594
2018-07-11,136.74000549316406
2018-07-12,138.14999389648438
2018-07-13,138.64999389648438
2018-07-16,137.4199981689453
2018-07-17,138.6300048828125
2018-07-18,139.0800018310547
2018-07-19,140.6699981689453
2018-07-20,140.0399932861328
2018-07-23,137.4499969482422
2018-07-24,139.60000610351562
2018-07-25,149.0399932861328
2018-07-26,150.3699951171875
2018-07-27,149.9499969482422
2018-07-30,147.97000122070312
2018-07-31,153.5800018310547
2018-08-01,152.64999389648438
2018-08-02,152.7899932861328
2018-08-03,151.75999450683594
2018-08-06,152.97000122070312
2018-08-07,153.27000427246094
2018-08-08,152.52000427246094
2018-08-09,151.64999389648438
2018-08-10,151.0399932861328
2018-08-13,151.08999633789062
2018-08-14,152.11000061035156
2018-08-15,151.5800018310547
2018-08-16,152.02999877929688
2018-08-17,152.1199951171875
2018-08-20,153.07000732421875
2018-08-21,153.75999450683594
2018-08-22,152.82000732421875
2018-08-23,150.9499969482422
2018-08-24,151.5
2018-08-27,153.50999450683594
2018-08-28,153.6699981689453
2018-08-29,155.36000061035156
2018-08-30,153.91000366210938
2018-08-31,153.2100067138672
2018-09-04,152.7899932861328
2018-09-05,152.69000244140625
2018-09-06,152.57000732421875
2018-09-07,152.35000610351562
2018-09-10,152.52000427246094
2018-09-11,152.07000732421875
2018-09-12,151.1300048828125
2018-09-13,153.36000061035156
2018-09-14,155.27999877929688
2018-09-17,153.89999389648438
2018-09-18,155.9600067138672
2018-09-19,155.10000610351562
2018-09-20,156.77000427246094
2018-09-21,156.16000366210938
2018-09-24,154.77999877929688
2018-09-25,154.0
2018-09-26,153.25
2018-09-27,152.2100067138672
2018-09-28,150.66000366210938
2018-10-01,151.11000061035156
2018-10-02,149.9199981689453
2018-10-03,150.97000122070312
2018-10-04,149.8300018310547
2018-10-05,148.05999755859375
2018-10-08,145.8000030517578
2018-10-09,143.42999267578125
2018-10-10,140.1199951171875
2018-10-11,134.17999267578125
2018-10-12,136.49000549316406
2018-10-15,135.17999267578125
2018-10-16,136.8000030517578
2018-10-17,137.36000061035156
2018-10-18,134.3699951171875
2018-10-19,132.86000061035156
2018-10-22,133.5500030517578
2018-10-23,129.41000366210938
2018-10-24,127.12999725341795
2018-10-25,126.86000061035156
2018-10-26,127.37000274658205
2018-10-29,125.01000213623048
2018-10-30,125.25
2018-10-31,126.81999969482422
2018-11-01,131.9600067138672
2018-11-02,134.1199951171875
2018-11-05,133.94000244140625
2018-11-06,134.4600067138672
2018-11-07,138.5399932861328
2018-11-08,136.52999877929688
2018-11-09,135.52999877929688
2018-11-12,132.99000549316406
2018-11-13,132.6699981689453
2018-11-14,133.74000549316406
2018-11-15,136.07000732421875
2018-11-16,136.75999450683594
2018-11-19,134.61000061035156
2018-11-20,131.99000549316406
2018-11-21,133.02000427246094
2018-11-23,131.39999389648438
2018-11-26,133.25
2018-11-27,131.8300018310547
2018-11-28,134.61000061035156
2018-11-29,134.36000061035156
2018-11-30,137.39999389648438
2018-12-03,139.19000244140625
2018-12-04,134.49000549316406
2018-12-06,135.0399932861328
2018-12-07,133.63999938964844
2018-12-10,134.3800048828125
2018-12-11,133.5399932861328
2018-12-12,135.61000061035156
2018-12-13,135.00999450683594
2018-12-14,132.55999755859375
2018-12-17,129.30999755859375
2018-12-18,129.0399932861328
2018-12-19,125.6999969482422
2018-12-20,124.94000244140624
2018-12-21,123.70999908447266
2018-12-24,118.63999938964844
2018-12-26,123.66999816894533
2018-12-27,125.43000030517578
2018-12-28,124.16000366210938
2018-12-31,126.26000213623048
2019-01-02,125.0500030517578
2019-01-03,121.41999816894533
2019-01-04,129.35000610351562
2019-01-07,131.8300018310547
2019-01-08,134.89999389648438
2019-01-09,135.5399932861328
2019-01-10,136.57000732421875
2019-01-11,136.55999755859375
2019-01-14,134.89999389648438
2019-01-15,134.64999389648438
2019-01-16,135.83999633789062
2019-01-17,137.83999633789062
2019-01-18,140.77000427246094
2019-01-22,137.60000610351562
2019-01-23,135.91000366210938
2019-01-24,136.75999450683594
2019-01-25,137.25999450683594
2019-01-28,135.64999389648438
2019-01-29,139.10000610351562
2019-01-30,137.10000610351562
2019-01-31,137.86000061035156
2019-02-01,138.07000732421875
2019-02-04,138.1300048828125
2019-02-05,138.35000610351562
2019-02-06,138.19000244140625
2019-02-07,137.85000610351562
2019-02-08,140.02000427246094
2019-02-11,140.36000061035156
2019-02-12,142.97000122070312
2019-02-13,141.97000122070312
2019-02-14,141.0800018310547
2019-02-15,144.1199951171875
2019-02-19,142.5399932861328
2019-02-20,143.1699981689453
2019-02-21,142.4600067138672
2019-02-22,144.5500030517578
2019-02-25,144.8300018310547
2019-02-26,143.5399932861328
2019-02-27,144.9600067138672
2019-02-28,144.10000610351562
2019-03-01,144.85000610351562
2019-03-04,145.5500030517578
2019-03-05,144.74000549316406
2019-03-06,145.08999633789062
2019-03-07,143.80999755859375
2019-03-08,142.9600067138672
2019-03-11,146.75
2019-03-12,145.88999938964844
2019-03-13,147.4199981689453
2019-03-14,146.6699981689453
2019-03-15,147.72000122070312
2019-03-18,149.97999572753906
2019-03-19,149.19000244140625
2019-03-20,148.55999755859375
2019-03-21,151.63999938964844
2019-03-22,147.92999267578125
2019-03-25,147.82000732421875
2019-03-26,150.3300018310547
2019-03-27,149.9600067138672
2019-03-28,151.4499969482422
2019-03-29,151.74000549316406
2019-04-01,155.77999877929688
2019-04-02,154.82000732421875
2019-04-03,155.5500030517578
2019-04-04,156.33999633789062
2019-04-05,156.25999450683594
2019-04-08,157.41000366210938
2019-04-09,154.52999877929688
2019-04-10,155.3800048828125
2019-04-11,157.50999450683594
2019-04-12,157.27000427246094
2019-04-15,156.2100067138672
2019-04-16,155.77999877929688
2019-04-17,154.49000549316406
2019-04-18,154.52000427246094
2019-04-22,153.60000610351562
2019-04-23,156.19000244140625
2019-04-24,156.7100067138672
2019-04-25,153.32000732421875
2019-04-26,156.58999633789062
2019-04-29,157.3000030517578
2019-04-30,156.66000366210938
2019-05-01,154.4499969482422
2019-05-02,155.35000610351562
2019-05-03,156.42999267578125
2019-05-06,156.0
2019-05-07,153.72000122070312
2019-05-08,153.5
2019-05-09,152.91000366210938
2019-05-10,154.49000549316406
2019-05-13,150.57000732421875
2019-05-14,151.1300048828125
2019-05-15,153.4600067138672
2019-05-16,153.4600067138672
2019-05-17,150.61000061035156
2019-05-20,151.02999877929688
2019-05-21,153.22999572753906
2019-05-22,151.82000732421875
2019-05-23,150.74000549316406
2019-05-24,152.9199981689453
2019-05-28,151.49000549316406
2019-05-29,151.64999389648438
2019-05-30,152.36000061035156
2019-05-31,152.7100067138672
2019-06-03,153.50999450683594
2019-06-04,157.52000427246094
2019-06-05,158.11000061035156
2019-06-06,158.27999877929688
2019-06-07,161.5800018310547
2019-06-10,163.07000732421875
2019-06-11,162.08999633789062
2019-06-12,160.3000030517578
2019-06-13,160.27000427246094
2019-06-14,159.67999267578125
2019-06-17,159.8800048828125
2019-06-18,162.88999938964844
2019-06-19,164.0399932861328
2019-06-20,166.1199951171875
2019-06-21,167.5399932861328
2019-06-24,165.8699951171875
2019-06-25,167.4199981689453
2019-06-26,168.25999450683594
2019-06-27,169.58999633789062
2019-06-28,172.13999938964844
2019-07-01,173.3699951171875
2019-07-02,172.4499969482422
2019-07-03,173.07000732421875
2019-07-05,171.72999572753906
2019-07-08,170.63999938964844
2019-07-09,169.97999572753906
2019-07-10,169.00999450683594
2019-07-11,169.13999938964844
2019-07-12,170.8300018310547
2019-07-15,169.17999267578125
2019-07-16,168.36000061035156
2019-07-17,165.75
2019-07-18,164.89999389648438
2019-07-19,164.4600067138672
2019-07-22,164.75
2019-07-23,166.94000244140625
2019-07-24,166.64999389648438
2019-07-25,165.22999572753906
2019-07-26,168.80999755859375
2019-07-29,167.44000244140625
2019-07-30,169.75999450683594
2019-07-31,168.22000122070312
2019-08-01,168.11000061035156
2019-08-02,161.5800018310547
2019-08-05,155.92999267578125
2019-08-06,159.5800018310547
2019-08-07,158.1199951171875
2019-08-08,162.1199951171875
2019-08-09,162.02999877929688
2019-08-12,162.19000244140625
2019-08-13,164.6699981689453
2019-08-14,160.86000061035156
2019-08-15,161.77000427246094
2019-08-16,164.0
2019-08-19,165.5500030517578
2019-08-20,164.77000427246094
2019-08-21,165.86000061035156
2019-08-22,164.86000061035156
2019-08-23,160.5500030517578
2019-08-26,160.6999969482422
2019-08-27,162.61000061035156
2019-08-28,162.8300018310547
2019-08-29,165.32000732421875
2019-08-30,164.7100067138672
2019-09-03,161.25999450683594
2019-09-04,162.9600067138672
2019-09-05,168.7100067138672
2019-09-06,168.85000610351562
2019-09-09,167.92999267578125
2019-09-10,166.22999572753906
2019-09-11,167.67999267578125
2019-09-12,169.50999450683594
2019-09-13,170.8800048828125
2019-09-16,171.52999877929688
2019-09-17,171.4199981689453
2019-09-18,170.41000366210938
2019-09-19,166.6699981689453
2019-09-20,164.33999633789062
2019-09-23,163.60000610351562
2019-09-24,162.3699951171875
2019-09-25,164.1699981689453
2019-09-26,163.85000610351562
2019-09-27,164.5399932861328
2019-09-30,163.8800048828125
2019-10-01,159.52999877929688
2019-10-02,156.75
2019-10-03,157.50999450683594
2019-10-04,158.5399932861328
2019-10-07,156.13999938964844
2019-10-08,152.30999755859375
2019-10-09,153.8699951171875
2019-10-10,156.07000732421875
2019-10-11,159.44000244140625
2019-10-14,157.30999755859375
2019-10-15,158.52000427246094
2019-10-16,157.39999389648438
2019-10-17,159.61000061035156
2019-10-18,160.33999633789062
2019-10-21,159.33999633789062
2019-10-22,159.13999938964844
2019-10-23,158.97999572753906
2019-10-24,157.8300018310547
2019-10-25,158.72000122070312
2019-10-28,159.36000061035156
2019-10-29,162.27999877929688
2019-10-30,156.24000549316406
2019-10-31,155.52999877929688
2019-11-01,159.0399932861328
2019-11-04,160.1999969482422
2019-11-05,160.5399932861328
2019-11-06,159.66000366210938
2019-11-07,160.3800048828125
2019-11-08,159.6199951171875
2019-11-11,160.8000030517578
2019-11-12,161.5
2019-11-13,161.67999267578125
2019-11-14,161.74000549316406
2019-11-15,162.05999755859375
2019-11-18,161.17999267578125
2019-11-19,162.55999755859375
2019-11-20,162.00999450683594
2019-11-21,160.94000244140625
2019-11-22,160.49000549316406
2019-11-25,160.92999267578125
2019-11-26,161.8800048828125
2019-11-27,163.30999755859375
2019-11-29,162.74000549316406
2019-12-02,160.19000244140625
2019-12-03,157.8300018310547
2019-12-04,157.36000061035156
2019-12-05,160.27000427246094
2019-12-06,163.22999572753906
2019-12-09,162.82000732421875
2019-12-10,163.1300048828125
2019-12-11,163.97000122070312
2019-12-12,166.86000061035156
2019-12-13,167.3699951171875
2019-12-16,167.1999969482422
2019-12-17,169.19000244140625
2019-12-18,169.0
2019-12-19,168.0
2019-12-20,171.3699951171875
2019-12-23,173.36000061035156
2019-12-24,171.88999938964844
2019-12-26,172.72999572753906
2019-12-27,172.6199951171875
2019-12-30,172.3300018310547
2019-12-31,172.0
2020-01-02,173.3000030517578
2020-01-03,172.75999450683594
2020-01-06,172.94000244140625
2020-01-07,170.80999755859375
2020-01-08,172.17999267578125
2020-01-09,173.88999938964844
2020-01-10,172.07000732421875
2020-01-13,173.33999633789062
2020-01-14,172.4600067138672
2020-01-15,173.1199951171875
2020-01-16,175.6699981689453
2020-01-17,175.85000610351562
2020-01-21,174.86000061035156
2020-01-22,173.0
2020-01-23,173.74000549316406
2020-01-24,172.13999938964844
2020-01-27,169.77999877929688
2020-01-28,171.27999877929688
2020-01-29,172.13999938964844
2020-01-30,165.9199981689453
2020-01-31,163.85000610351562
2020-02-03,165.05999755859375
2020-02-04,169.08999633789062
2020-02-05,170.4199981689453
2020-02-06,171.19000244140625
2020-02-07,171.35000610351562
2020-02-10,174.47000122070312
2020-02-11,176.0500030517578
2020-02-12,176.80999755859375
2020-02-13,174.69000244140625
2020-02-14,174.7899932861328
2020-02-18,174.9499969482422
2020-02-19,173.5399932861328
2020-02-20,173.5800018310547
2020-02-21,173.35000610351562
2020-02-24,169.44000244140625
2020-02-25,162.83999633789062
2020-02-26,159.30999755859375
2020-02-27,152.14999389648438
2020-02-28,148.0
2020-03-02,153.0399932861328
2020-03-03,149.4199981689453
2020-03-04,153.89999389648438
2020-03-05,148.2100067138672
2020-03-06,146.24000549316406
2020-03-09,135.69000244140625
2020-03-10,144.4499969482422
2020-03-11,134.8699951171875
2020-03-12,123.13999938964844
2020-03-13,130.85000610351562
2020-03-16,115.6999969482422
2020-03-17,125.95999908447266
2020-03-18,114.0
2020-03-19,123.36000061035156
2020-03-20,116.4800033569336
2020-03-23,114.6500015258789
2020-03-24,119.98999786376952
2020-03-25,119.36000061035156
2020-03-26,125.80999755859376
2020-03-27,131.17999267578125
2020-03-30,136.8800048828125
2020-03-31,138.11000061035156
2020-04-01,133.1999969482422
2020-04-02,136.3800048828125
2020-04-03,138.50999450683594
2020-04-06,143.9600067138672
2020-04-07,146.08999633789062
2020-04-08,151.0
2020-04-09,151.52000427246094
2020-04-13,146.6300048828125
2020-04-14,150.22000122070312
2020-04-15,145.39999389648438
2020-04-16,146.8300018310547
2020-04-17,152.72999572753906
2020-04-20,151.5800018310547
2020-04-21,148.6300048828125
2020-04-22,151.66000366210938
2020-04-23,152.36000061035156
2020-04-24,152.72000122070312
2020-04-27,156.2899932861328
2020-04-28,157.77999877929688
2020-04-29,157.8800048828125
2020-04-30,153.6300048828125
2020-05-01,151.2899932861328
2020-05-04,150.6300048828125
2020-05-05,151.77999877929688
2020-05-06,151.6999969482422
2020-05-07,153.39999389648438
2020-05-08,154.6999969482422
2020-05-11,153.55999755859375
2020-05-12,148.07000732421875
2020-05-13,146.8000030517578
2020-05-14,149.02999877929688
2020-05-15,148.4199981689453
2020-05-18,154.6300048828125
2020-05-19,151.14999389648438
2020-05-20,152.3699951171875
2020-05-21,151.55999755859375
2020-05-22,150.4499969482422
2020-05-26,155.08999633789062
2020-05-27,159.2100067138672
2020-05-28,157.47000122070312
2020-05-29,159.3699951171875
2020-06-01,158.1199951171875
2020-06-02,159.89999389648438
2020-06-03,165.86000061035156
2020-06-04,163.9600067138672
2020-06-05,167.2899932861328
2020-06-08,166.86000061035156
2020-06-09,162.11000061035156
2020-06-10,160.17999267578125
2020-06-11,151.1199951171875
2020-06-12,152.58999633789062
2020-06-15,152.72000122070312
2020-06-16,154.99000549316406
2020-06-17,154.67999267578125
2020-06-18,153.11000061035156
2020-06-19,153.24000549316406
2020-06-22,153.44000244140625
2020-06-23,154.3000030517578
2020-06-24,148.75999450683594
2020-06-25,152.19000244140625
2020-06-26,154.75999450683594
2020-06-29,154.38999938964844
2020-06-30,158.0399932861328
2020-07-01,155.83999633789062
2020-07-02,157.88999938964844
2020-07-06,160.02999877929688
2020-07-07,158.3300018310547
2020-07-08,157.80999755859375
2020-07-09,157.19000244140625
2020-07-10,156.94000244140625
2020-07-13,159.44000244140625
2020-07-14,162.7899932861328
2020-07-15,168.1199951171875
2020-07-16,168.4600067138672
2020-07-17,169.57000732421875
2020-07-20,168.97999572753906
2020-07-21,170.14999389648438
2020-07-22,169.33999633789062
2020-07-23,170.91000366210938
2020-07-24,167.6699981689453
2020-07-27,169.55999755859375
2020-07-28,165.3800048828125
2020-07-29,166.60000610351562
2020-07-30,164.60000610351562
2020-07-31,164.82000732421875
2020-08-03,166.2899932861328
2020-08-04,165.0500030517578
2020-08-05,166.14999389648438
2020-08-06,166.52000427246094
2020-08-07,167.5399932861328
2020-08-10,171.2100067138672
2020-08-11,174.02000427246094
2020-08-12,176.97999572753906
2020-08-13,174.86000061035156
2020-08-14,176.6999969482422
2020-08-17,174.86000061035156
2020-08-18,176.55999755859375
2020-08-19,175.7899932861328
2020-08-20,176.27999877929688
2020-08-21,178.85000610351562
2020-08-24,180.58999633789065
2020-08-25,179.6999969482422
2020-08-26,180.0
2020-08-27,178.74000549316406
2020-08-28,180.88999938964844
2020-08-31,180.22999572753903
2020-09-01,182.0800018310547
2020-09-02,184.1699981689453
2020-09-03,180.1499938964844
2020-09-04,177.6199951171875
2020-09-08,176.00999450683594
2020-09-09,179.69000244140625
2020-09-10,177.39999389648438
2020-09-11,181.1199951171875
2020-09-14,184.1000061035156
2020-09-15,186.2100067138672
2020-09-16,186.4600067138672
2020-09-17,186.5200042724609
2020-09-18,186.0399932861328
2020-09-21,178.25
2020-09-22,180.33999633789065
2020-09-23,176.50999450683594
2020-09-24,177.75999450683594
2020-09-25,179.02999877929688
2020-09-28,181.32000732421875
2020-09-29,181.75
2020-09-30,182.41000366210935
2020-10-01,178.1199951171875
2020-10-02,179.9199981689453
2020-10-05,182.91000366210935
2020-10-06,183.8000030517578
2020-10-07,189.17999267578125
2020-10-08,190.0
2020-10-09,190.41000366210935
2020-10-12,189.17999267578125
2020-10-13,186.1999969482422
2020-10-14,188.1499938964844
2020-10-15,189.6199951171875
2020-10-16,192.72999572753903
2020-10-19,189.7400054931641
2020-10-20,190.94000244140625
2020-10-21,190.4499969482422
2020-10-22,189.07000732421875
2020-10-23,191.6300048828125
2020-10-26,190.0800018310547
2020-10-27,186.0
2020-10-28,172.57000732421875
2020-10-29,168.72999572753906
2020-10-30,170.38999938964844
2020-11-02,178.75999450683594
2020-11-03,180.4199981689453
2020-11-04,176.89999389648438
2020-11-05,177.77000427246094
2020-11-06,183.0200042724609
2020-11-09,187.80999755859372
2020-11-10,195.9600067138672
2020-11-11,191.44000244140625
2020-11-12,189.0399932861328
2020-11-13,193.1699981689453
2020-11-16,197.25999450683597
2020-11-17,197.19000244140625
2020-11-18,197.4600067138672
2020-11-19,196.07000732421875
2020-11-20,193.97000122070312
2020-11-23,193.3800048828125
2020-11-24,194.4900054931641
2020-11-25,191.6699981689453
2020-11-27,192.3600006103516
2020-11-30,193.1499938964844
2020-12-01,195.13999938964844
2020-12-02,189.8800048828125
2020-12-03,190.25999450683597
2020-12-04,192.77999877929688
2020-12-07,190.9199981689453
2020-12-08,194.0800018310547
2020-12-09,194.4600067138672
2020-12-10,191.8699951171875
2020-12-11,192.92999267578125
2020-12-14,192.6699981689453
2020-12-15,196.3999938964844
2020-12-16,195.38999938964844
2020-12-17,197.8800048828125
2020-12-18,198.5500030517578
2020-12-21,198.3300018310547
2020-12-22,196.38999938964844
2020-12-23,194.80999755859372
2020-12-24,196.55999755859372
2020-12-28,195.91000366210935
2020-12-29,195.22999572753903
2020-12-30,196.6300048828125
2020-12-31,199.1999969482422
2021-01-04,195.30999755859372
2021-01-05,194.92999267578125
2021-01-06,202.17999267578125
2021-01-07,208.2400054931641
2021-01-08,206.9199981689453
2021-01-11,208.57000732421875
2021-01-12,208.3500061035156
2021-01-13,202.9199981689453
2021-01-14,199.27999877929688
2021-01-15,194.0399932861328
2021-01-19,193.42999267578125
2021-01-20,198.27999877929688
2021-01-21,195.52999877929688
2021-01-22,196.5399932861328
2021-01-25,194.1300048828125
2021-01-26,193.42999267578125
2021-01-27,188.3300018310547
2021-01-28,188.77999877929688
2021-01-29,186.19000244140625
2021-02-01,189.4199981689453
2021-02-02,193.8000030517578
2021-02-03,194.7899932861328
2021-02-04,189.6199951171875
2021-02-05,192.3500061035156
2021-02-08,198.42999267578125
2021-02-09,197.55999755859372
2021-02-10,199.3600006103516
2021-02-11,198.0
2021-02-12,199.8699951171875
2021-02-16,197.2899932861328
2021-02-17,193.5
2021-02-18,193.6199951171875
2021-02-19,196.75
2021-02-22,197.3000030517578
2021-02-23,196.80999755859372
2021-02-24,197.92999267578125
2021-02-25,197.1100006103516
2021-02-26,195.1699981689453
2021-03-01,199.91000366210935
2021-03-02,199.7700042724609
2021-03-03,199.17999267578125
2021-03-04,195.1300048828125
2021-03-05,197.9600067138672
2021-03-08,198.7400054931641
2021-03-09,197.63999938964844
2021-03-10,200.2400054931641
2021-03-11,199.02999877929688
2021-03-12,199.3500061035156
2021-03-15,203.4600067138672
2021-03-16,198.7400054931641
2021-03-17,197.22000122070312
2021-03-18,200.4199981689453
2021-03-19,199.13999938964844
2021-03-22,198.16000366210935
2021-03-23,197.8800048828125
2021-03-24,201.33999633789065
2021-03-25,201.6300048828125
2021-03-26,206.5500030517578
2021-03-29,208.13999938964844
2021-03-30,210.4600067138672
2021-03-31,209.32000732421875
2021-04-01,212.25
2021-04-05,214.66000366210935
2021-04-06,215.00999450683597
2021-04-07,214.2899932861328
2021-04-08,215.32000732421875
2021-04-09,217.4199981689453
2021-04-12,218.2400054931641
2021-04-13,216.5399932861328
2021-04-14,215.47000122070312
2021-04-15,218.0500030517578
2021-04-16,220.57000732421875
2021-04-19,219.8500061035156
2021-04-20,222.47000122070312
2021-04-21,224.6300048828125
2021-04-22,224.8999938964844
2021-04-23,225.19000244140625
2021-04-26,225.44000244140625
2021-04-27,226.19000244140625
2021-04-28,225.0
2021-04-29,228.1499938964844
2021-04-30,224.1999969482422
2021-05-03,223.5
2021-05-04,227.33999633789065
2021-05-05,225.69000244140625
2021-05-06,226.33999633789065
2021-05-07,226.0
2021-05-10,226.8600006103516
2021-05-11,224.75
2021-05-12,218.2100067138672
2021-05-13,223.2700042724609
2021-05-14,224.3600006103516
2021-05-17,223.83999633789065
2021-05-18,221.3800048828125
2021-05-19,217.4199981689453
2021-05-20,220.02999877929688
2021-05-21,219.9600067138672
2021-05-24,220.75999450683597
2021-05-25,221.5200042724609
2021-05-26,221.33999633789065
2021-05-27,221.8699951171875
2021-05-28,222.66000366210935
2021-06-01,223.8699951171875
2021-06-02,223.41000366210935
2021-06-03,223.1999969482422
2021-06-04,225.38999938964844
2021-06-07,222.75
2021-06-08,223.17999267578125
2021-06-09,221.00999450683597
2021-06-10,220.00999450683597
2021-06-11,220.25
2021-06-14,220.8300018310547
2021-06-15,222.4600067138672
2021-06-16,217.7400054931641
2021-06-17,214.66000366210935
2021-06-18,211.77999877929688
2021-06-21,217.1100006103516
2021-06-22,217.4600067138672
2021-06-23,217.63999938964844
2021-06-24,218.8000030517578
2021-06-25,219.82000732421875
2021-06-28,219.9199981689453
2021-06-29,220.57000732421875
2021-06-30,220.0500030517578
2021-07-01,219.8699951171875
2021-07-02,221.0200042724609
2021-07-06,219.3699951171875
2021-07-07,223.4499969482422
2021-07-08,220.67999267578125
2021-07-09,224.2700042724609
2021-07-12,224.5
2021-07-13,223.42999267578125
2021-07-14,223.9199981689453
2021-07-15,224.69000244140625
2021-07-16,226.6699981689453
2021-07-19,222.3500061035156
2021-07-20,228.2899932861328
2021-07-21,227.4600067138672
2021-07-22,226.2100067138672
2021-07-23,227.8000030517578
2021-07-26,226.1300048828125
2021-07-27,226.25
2021-07-28,219.6199951171875
2021-07-29,223.0500030517578
2021-07-30,226.69000244140625
2021-08-02,225.94000244140625
2021-08-03,228.7700042724609
2021-08-04,226.77999877929688
2021-08-05,227.1100006103516
2021-08-06,227.6699981689453
2021-08-09,226.3000030517578
2021-08-10,227.0
2021-08-11,227.97999572753903
2021-08-12,226.5
2021-08-13,223.9900054931641
2021-08-16,227.3600006103516
2021-08-17,223.72999572753903
2021-08-18,219.5500030517578
2021-08-19,220.6699981689453
2021-08-20,221.2899932861328
2021-08-23,221.72000122070312
2021-08-24,224.6300048828125
2021-08-25,226.42999267578125
2021-08-26,225.8500061035156
2021-08-27,225.3000030517578
2021-08-30,225.9499969482422
2021-08-31,224.0
2021-09-01,220.6300048828125
2021-09-02,224.22000122070312
2021-09-03,222.57000732421875
2021-09-07,217.1699981689453
2021-09-08,219.1000061035156
2021-09-09,217.7400054931641
2021-09-10,217.16000366210935
2021-09-13,214.47000122070312
2021-09-14,215.9199981689453
2021-09-15,219.1300048828125
2021-09-16,218.3699951171875
2021-09-17,215.75
2021-09-20,214.7100067138672
2021-09-21,213.41000366210935
2021-09-22,215.1999969482422
2021-09-23,217.22999572753903
2021-09-24,216.67999267578125
2021-09-27,215.3999938964844
2021-09-28,211.5800018310547
2021-09-29,213.0
2021-09-30,206.9499969482422
2021-10-01,210.1499938964844
2021-10-04,208.44000244140625
2021-10-05,211.0399932861328
2021-10-06,211.7400054931641
2021-10-07,213.8300018310547
2021-10-08,211.82000732421875
2021-10-11,207.16000366210935
2021-10-12,205.77999877929688
2021-10-13,206.07000732421875
2021-10-14,213.27999877929688
2021-10-15,213.4499969482422
2021-10-18,213.3800048828125
2021-10-19,216.25
2021-10-20,218.08999633789065
2021-10-21,220.25
2021-10-22,221.07000732421875
2021-10-25,221.19000244140625
2021-10-26,219.9600067138672
2021-10-27,222.22000122070312
2021-10-28,222.9600067138672
2021-10-29,222.57000732421875
2021-11-01,223.8999938964844
2021-11-02,231.8999938964844
2021-11-03,230.32000732421875
2021-11-04,233.3800048828125
2021-11-05,234.50999450683597
2021-11-08,235.4600067138672
2021-11-09,235.8600006103516
2021-11-10,235.5399932861328
2021-11-11,233.5800018310547
2021-11-12,235.0500030517578
2021-11-15,234.6100006103516
2021-11-16,236.5
2021-11-17,236.16000366210935
2021-11-18,235.83999633789065
2021-11-19,234.4199981689453
2021-11-22,235.32000732421875
2021-11-23,236.3699951171875
2021-11-24,236.07000732421875
2021-11-26,230.94000244140625
2021-11-29,234.4199981689453
2021-11-30,224.58999633789065
2021-12-01,221.1499938964844
2021-12-02,228.2100067138672
2021-12-03,228.2899932861328
2021-12-06,234.69000244140625
2021-12-07,235.13999938964844
2021-12-08,237.08999633789065
2021-12-09,235.3500061035156
2021-12-10,236.2899932861328
2021-12-13,236.52999877929688
2021-12-14,234.13999938964844
2021-12-15,237.80999755859372
2021-12-16,239.5
2021-12-17,228.72999572753903
2021-12-20,223.4900054931641
2021-12-21,228.4600067138672
2021-12-22,229.0500030517578
2021-12-23,230.63999938964844
2021-12-27,233.6199951171875
2021-12-28,234.97000122070312
2021-12-29,235.8300018310547
2021-12-30,235.42999267578125
2021-12-31,236.32000732421875
2022-01-03,230.69000244140625
2022-01-04,235.5200042724609
2022-01-05,231.3500061035156
2022-01-06,230.6699981689453
2022-01-07,227.57000732421875
2022-01-10,224.83999633789065
2022-01-11,226.16000366210935
2022-01-12,226.92999267578125
2022-01-13,226.2100067138672
2022-01-14,220.30999755859372
2022-01-18,217.6100006103516
2022-01-19,216.1000061035156
2022-01-20,216.1000061035156
2022-01-21,219.1499938964844
2022-01-24,220.6000061035156
2022-01-25,215.47999572753903
2022-01-26,211.67999267578125
2022-01-27,208.6699981689453
2022-01-28,211.2899932861328
2022-01-31,215.44000244140625
2022-02-01,216.22999572753903
2022-02-02,206.5
2022-02-03,202.6199951171875
2022-02-04,197.47999572753903
2022-02-07,197.97999572753903
2022-02-08,197.7400054931641
2022-02-09,198.8500061035156
2022-02-10,194.6499938964844
2022-02-11,189.83999633789065
2022-02-14,191.67999267578125
2022-02-15,191.2700042724609
2022-02-16,189.97999572753903
2022-02-17,188.7100067138672
2022-02-18,189.33999633789065
2022-02-22,188.67999267578125
2022-02-23,185.47999572753903
2022-02-24,188.9900054931641
2022-02-25,192.4900054931641
2022-02-28,191.8999938964844
2022-03-01,188.72000122070312
2022-03-02,193.08999633789065
2022-03-03,194.5399932861328
2022-03-04,192.16000366210935
2022-03-07,188.3800048828125
2022-03-08,183.2899932861328
2022-03-09,191.94000244140625
2022-03-10,188.83999633789065
2022-03-11,189.63999938964844
2022-03-14,189.08999633789065
2022-03-15,192.67999267578125
2022-03-16,196.1300048828125
2022-03-17,197.97000122070312
2022-03-18,198.9900054931641
2022-03-21,198.47000122070312
2022-03-22,197.25
2022-03-23,193.3999938964844
2022-03-24,194.2100067138672
2022-03-25,195.1699981689453
2022-03-28,194.7100067138672
2022-03-29,198.4499969482422
2022-03-30,195.3699951171875
2022-03-31,191.72999572753903
2022-04-01,192.16000366210935
2022-04-04,193.47999572753903
2022-04-05,192.1300048828125
2022-04-06,194.58999633789065
2022-04-07,198.72000122070312
2022-04-08,196.83999633789065
2022-04-11,195.1300048828125
2022-04-12,193.75999450683597
2022-04-13,195.1000061035156
2022-04-14,190.55999755859372
2022-04-18,189.0500030517578
2022-04-19,193.6100006103516
2022-04-20,197.1699981689453
2022-04-21,196.02999877929688
2022-04-22,191.4199981689453
2022-04-25,191.7100067138672
2022-04-26,186.8500061035156
2022-04-27,192.1499938964844
2022-04-28,195.94000244140625
2022-04-29,189.82000732421875
2022-05-02,190.0800018310547
2022-05-03,191.13999938964844
2022-05-04,197.4900054931641
2022-05-05,189.75999450683597
2022-05-06,188.05999755859372
2022-05-09,189.0
2022-05-10,184.7899932861328
2022-05-11,182.5399932861328
2022-05-12,184.47999572753903
2022-05-13,186.1699981689453
2022-05-16,185.47000122070312
2022-05-17,189.1300048828125
2022-05-18,181.52999877929688
2022-05-19,183.19000244140625
2022-05-20,185.4900054931641
2022-05-23,185.5
2022-05-24,187.47000122070312
2022-05-25,185.2400054931641
2022-05-26,189.1100006103516
2022-05-27,192.13999938964844
2022-05-31,191.5500030517578
2022-06-01,191.3999938964844
2022-06-02,196.17999267578125
2022-06-03,195.16000366210935
2022-06-06,195.00999450683597
2022-06-07,196.82000732421875
2022-06-08,194.42999267578125
2022-06-09,191.1499938964844
2022-06-10,185.27999877929688
2022-06-13,180.1199951171875
2022-06-14,179.41000366210938
2022-06-15,179.66000366210938
2022-06-16,173.41000366210938
2022-06-17,173.05999755859375
2022-06-21,176.25
2022-06-22,176.99000549316406
2022-06-23,179.60000610351562
2022-06-24,185.55999755859372
2022-06-27,184.19000244140625
2022-06-28,180.83999633789065
2022-06-29,181.0800018310547
2022-06-30,181.6300048828125
2022-07-01,183.66000366210935
2022-07-05,184.44000244140625
2022-07-06,185.27999877929688
2022-07-07,187.3600006103516
2022-07-08,185.69000244140625
2022-07-11,186.27999877929688
2022-07-12,182.2700042724609
2022-07-13,181.4199981689453
2022-07-14,181.3600006103516
2022-07-15,186.25999450683597
2022-07-18,182.75999450683597
2022-07-19,189.38999938964844
2022-07-20,189.3000030517578
2022-07-21,192.63999938964844
2022-07-22,192.7700042724609
2022-07-25,192.8699951171875
2022-07-26,194.6100006103516
2022-07-27,199.72000122070312
2022-07-28,206.0800018310547
2022-07-29,208.75
2022-08-01,208.3000030517578
2022-08-02,206.6199951171875
2022-08-03,209.8500061035156
2022-08-04,210.92999267578125
2022-08-05,211.92999267578125
2022-08-08,211.1300048828125
2022-08-09,209.4600067138672
2022-08-10,213.72000122070312
2022-08-11,214.0200042724609
2022-08-12,215.1999969482422
2022-08-15,216.1199951171875
2022-08-16,217.41000366210935
2022-08-17,215.8999938964844
2022-08-18,217.6300048828125
2022-08-19,215.5399932861328
2022-08-22,211.00999450683597
2022-08-23,211.42999267578125
2022-08-24,211.42999267578125
2022-08-25,213.4600067138672
2022-08-26,205.4600067138672
2022-08-29,204.8000030517578
2022-08-30,202.58999633789065
2022-08-31,201.2100067138672
2022-09-01,202.6100006103516
2022-09-02,200.0200042724609
2022-09-06,200.92999267578125
2022-09-07,207.2400054931641
2022-09-08,208.58999633789065
2022-09-09,210.0399932861328
2022-09-12,211.1699981689453
2022-09-13,207.97000122070312
2022-09-14,208.0399932861328
2022-09-15,205.83999633789065
2022-09-16,204.92999267578125
2022-09-19,209.38999938964844
2022-09-20,206.22000122070312
2022-09-21,204.32000732421875
2022-09-22,201.75999450683597
2022-09-23,199.30999755859372
2022-09-26,199.6199951171875
2022-09-27,198.52999877929688
2022-09-28,202.94000244140625
2022-09-29,200.25
2022-09-30,199.8500061035156
2022-10-03,205.08999633789065
2022-10-04,210.63999938964844
2022-10-05,208.8600006103516
2022-10-06,207.38999938964844
2022-10-07,202.02999877929688
2022-10-10,203.69000244140625
2022-10-11,205.55999755859372
2022-10-12,200.3999938964844
2022-10-13,203.80999755859372
2022-10-14,197.1100006103516
2022-10-17,203.5800018310547
2022-10-18,206.1100006103516
2022-10-19,204.05999755859372
2022-10-20,199.2899932861328
2022-10-21,203.9499969482422
2022-10-24,207.1000061035156
2022-10-25,212.33999633789065
2022-10-26,219.8300018310547
2022-10-27,217.5399932861328
2022-10-28,222.9199981689453
2022-10-31,222.30999755859372
2022-11-01,223.3699951171875
2022-11-02,218.4199981689453
2022-11-03,220.7400054931641
2022-11-04,222.58999633789065
2022-11-07,225.75
2022-11-08,224.88999938964844
2022-11-09,221.7899932861328
2022-11-10,232.9600067138672
2022-11-11,230.0800018310547
2022-11-14,228.1000061035156
2022-11-15,231.6199951171875
2022-11-16,232.7400054931641
2022-11-17,231.47000122070312
2022-11-18,233.5500030517578
2022-11-21,233.27999877929688
2022-11-22,234.82000732421875
2022-11-23,235.3999938964844
2022-11-25,236.66000366210935
2022-11-28,231.8300018310547
2022-11-29,231.05999755859372
2022-11-30,237.4900054931641
2022-12-01,240.7400054931641
2022-12-02,241.83999633789065
2022-12-05,236.8699951171875
2022-12-06,233.77999877929688
2022-12-07,235.0500030517578
2022-12-08,234.13999938964844
2022-12-09,235.2100067138672
2022-12-12,240.00999450683597
2022-12-13,242.0500030517578
2022-12-14,238.5399932861328
2022-12-15,229.5800018310547
2022-12-16,227.9900054931641
2022-12-19,226.2700042724609
2022-12-20,228.1199951171875
2022-12-21,232.0
2022-12-22,229.6499938964844
2022-12-23,229.3300018310547
2022-12-27,230.05999755859372
2022-12-28,227.16000366210935
2022-12-29,230.5
2022-12-30,228.3300018310547
2023-01-03,229.4900054931641
2023-01-04,229.2700042724609
2023-01-05,225.7400054931641
2023-01-06,232.13999938964844
2023-01-09,233.8600006103516
2023-01-10,234.8000030517578
2023-01-11,235.47999572753903
2023-01-12,236.25
2023-01-13,238.8999938964844
2023-01-17,236.6999969482422
2023-01-18,233.97000122070312
2023-01-19,226.47000122070312
2023-01-20,231.1999969482422
2023-01-23,230.8600006103516
2023-01-24,232.3500061035156
2023-01-25,232.8000030517578
2023-01-26,234.1499938964844
2023-01-27,238.72999572753903
2023-01-30,232.9900054931641
2023-01-31,239.67999267578125
2023-02-01,227.72999572753903
2023-02-02,225.58999633789065
2023-02-03,229.83999633789065
2023-02-06,225.2700042724609
2023-02-07,224.8600006103516
2023-02-08,224.55999755859372
2023-02-09,223.67999267578125
2023-02-10,225.9199981689453
2023-02-13,226.6699981689453
2023-02-14,225.3500061035156
2023-02-15,227.4199981689453
2023-02-16,225.08999633789065
2023-02-17,231.0
2023-02-21,224.8800048828125
2023-02-22,224.8500061035156
2023-02-23,225.69000244140625
2023-02-24,224.83999633789065
2023-02-27,225.22000122070312
2023-02-28,224.97999572753903
2023-03-01,223.47999572753903
2023-03-02,224.42999267578125
2023-03-03,228.2400054931641
2023-03-06,227.2700042724609
2023-03-07,224.05999755859372
2023-03-08,223.44000244140625
2023-03-09,223.1300048828125
2023-03-10,219.92999267578125
2023-03-13,219.0200042724609
2023-03-14,223.9600067138672
2023-03-15,215.8000030517578
2023-03-16,219.1199951171875
2023-03-17,215.7400054931641
2023-03-20,220.08999633789065
2023-03-21,222.50999450683597
2023-03-22,218.8500061035156
2023-03-23,218.0
2023-03-24,219.44000244140625
2023-03-27,221.72999572753903
2023-03-28,222.91000366210935
2023-03-29,226.07000732421875
2023-03-30,226.9600067138672
2023-03-31,231.02999877929688
2023-04-03,229.22999572753903
2023-04-04,222.22999572753903
2023-04-05,217.83999633789065
2023-04-06,216.7700042724609
2023-04-10,219.4499969482422
2023-04-11,220.41000366210935
2023-04-12,221.8600006103516
2023-04-13,221.44000244140625
2023-04-14,219.52999877929688
2023-04-17,220.8699951171875
2023-04-18,220.5500030517578
2023-04-19,217.83999633789065
2023-04-20,217.22999572753903
2023-04-21,217.75999450683597
2023-04-24,218.25
2023-04-25,215.3699951171875
2023-04-26,209.77999877929688
2023-04-27,207.8300018310547
2023-04-28,206.32000732421875
2023-05-01,206.83999633789065
2023-05-02,206.72999572753903
2023-05-03,210.1000061035156
2023-05-04,207.4900054931641
2023-05-05,210.92999267578125
2023-05-08,210.63999938964844
2023-05-09,208.16000366210935
2023-05-10,207.6999969482422
2023-05-11,207.9499969482422
2023-05-12,208.47000122070312
2023-05-15,207.88999938964844
2023-05-16,202.6999969482422
2023-05-17,204.7899932861328
2023-05-18,205.2899932861328
2023-05-19,204.9900054931641
2023-05-22,208.67999267578125
2023-05-23,204.5800018310547
2023-05-24,200.16000366210935
2023-05-25,201.7899932861328
2023-05-26,203.47999572753903
2023-05-30,202.7899932861328
2023-05-31,199.16000366210935
2023-06-01,201.32000732421875
2023-06-02,209.1000061035156
2023-06-05,205.38999938964844
2023-06-06,205.5399932861328
2023-06-07,208.19000244140625
2023-06-08,207.44000244140625
2023-06-09,206.8600006103516
2023-06-12,207.0
2023-06-13,208.8300018310547
2023-06-14,207.8600006103516
2023-06-15,210.3999938964844
2023-06-16,209.75
2023-06-20,205.13999938964844
2023-06-21,206.6699981689453
2023-06-22,203.6199951171875
2023-06-23,203.0399932861328
2023-06-26,205.92999267578125
2023-06-27,210.75
2023-06-28,209.97999572753903
2023-06-29,213.52999877929688
2023-06-30,215.25999450683597
2023-07-03,212.8300018310547
2023-07-05,210.8699951171875
2023-07-06,210.1199951171875
2023-07-07,209.97999572753903
2023-07-10,216.97000122070312
2023-07-11,216.4600067138672
2023-07-12,215.55999755859372
2023-07-13,212.6199951171875
2023-07-14,209.58999633789065
2023-07-17,210.6000061035156
2023-07-18,209.8500061035156
2023-07-19,211.17999267578125
2023-07-20,211.7100067138672
2023-07-21,212.63999938964844
2023-07-24,214.8500061035156
2023-07-25,210.47999572753903
2023-07-26,211.97999572753903
2023-07-27,218.82000732421875
2023-07-28,222.2400054931641
2023-07-31,225.80999755859372
2023-08-01,221.8600006103516
2023-08-02,219.41000366210935
2023-08-03,222.05999755859372
2023-08-04,220.88999938964844
2023-08-07,223.83999633789065
2023-08-08,223.8999938964844
2023-08-09,222.8300018310547
2023-08-10,221.47999572753903
2023-08-11,223.41000366210935
2023-08-14,222.7400054931641
2023-08-15,220.58999633789065
2023-08-16,219.4199981689453
2023-08-17,218.8999938964844
2023-08-18,219.4199981689453
2023-08-21,221.22000122070312
2023-08-22,221.6199951171875
2023-08-23,223.67999267578125
2023-08-24,222.69000244140625
2023-08-25,226.13999938964844
2023-08-28,226.94000244140625
2023-08-29,227.72999572753903
2023-08-30,228.72999572753903
2023-08-31,226.3999938964844
2023-09-01,228.27999877929688
2023-09-05,222.77999877929688
2023-09-06,222.83999633789065
2023-09-07,218.5
2023-09-08,216.08999633789065
2023-09-11,215.0
2023-09-12,213.8999938964844
2023-09-13,215.22000122070312
2023-09-14,216.3000030517578
2023-09-15,214.2400054931641
2023-09-18,212.3600006103516
2023-09-19,210.91000366210935
2023-09-20,209.94000244140625
2023-09-21,206.7899932861328
2023-09-22,207.1300048828125
2023-09-25,207.7400054931641
2023-09-26,203.80999755859372
2023-09-27,207.44000244140625
2023-09-28,209.05999755859372
2023-09-29,208.0200042724609
2023-10-02,206.77999877929688
2023-10-03,206.94000244140625
2023-10-04,208.44000244140625
2023-10-05,205.13999938964844
2023-10-06,205.97999572753903
2023-10-09,208.1499938964844
2023-10-10,208.2899932861328
2023-10-11,209.02999877929688
2023-10-12,205.6199951171875
2023-10-13,200.63999938964844
2023-10-16,202.6499938964844
2023-10-17,203.19000244140625
2023-10-18,196.92999267578125
2023-10-19,195.6000061035156
2023-10-20,192.72999572753903
2023-10-23,192.8300018310547
2023-10-24,192.7400054931641
2023-10-25,187.0
2023-10-26,193.2100067138672
2023-10-27,190.9199981689453
2023-10-30,190.52999877929688
2023-10-31,191.41000366210935
2023-11-01,188.3600006103516
2023-11-02,193.58999633789065
2023-11-03,195.1699981689453
2023-11-06,193.4900054931641
2023-11-07,191.5800018310547
2023-11-08,192.3300018310547
2023-11-09,190.25
2023-11-10,191.72000122070312
2023-11-13,192.2899932861328
2023-11-14,198.07000732421875
2023-11-15,199.0800018310547
2023-11-16,197.58999633789065
2023-11-17,198.00999450683597
2023-11-20,195.72000122070312
2023-11-21,198.58999633789065
2023-11-22,197.25
2023-11-24,199.2100067138672
2023-11-27,198.6000061035156
2023-11-28,196.6100006103516
2023-11-29,198.3000030517578
2023-11-30,201.67999267578125
2023-12-01,203.0399932861328
2023-12-04,204.1999969482422
2023-12-05,201.58999633789065
2023-12-06,204.58999633789065
2023-12-07,205.6000061035156
2023-12-08,204.83999633789065
2023-12-11,207.8800048828125
2023-12-12,207.55999755859372
2023-12-13,208.83999633789065
2023-12-14,214.92999267578125
2023-12-15,211.3500061035156
2023-12-18,211.92999267578125
2023-12-19,213.44000244140625
2023-12-20,212.16000366210935
2023-12-21,214.1100006103516
2023-12-22,214.3800048828125
2023-12-26,214.77999877929688
2023-12-27,215.7899932861328
2023-12-28,217.05999755859372
2023-12-29,217.1100006103516
2024-01-02,215.0500030517578
2024-01-03,212.27999877929688
2024-01-04,211.17999267578125
2024-01-05,211.17999267578125
2024-01-08,210.82000732421875
2024-01-09,209.97999572753903
2024-01-10,209.6199951171875
2024-01-11,208.5800018310547
2024-01-12,206.91000366210935
2024-01-16,205.7700042724609
2024-01-17,205.0399932861328
2024-01-18,205.3300018310547
2024-01-19,207.0399932861328
2024-01-22,207.44000244140625
2024-01-23,209.22000122070312
2024-01-24,205.69000244140625
2024-01-25,207.77999877929688
2024-01-26,209.1499938964844
2024-01-29,212.1499938964844
2024-01-30,213.6699981689453
2024-01-31,211.5
2024-02-01,220.17999267578125
2024-02-02,220.72000122070312
2024-02-05,218.22000122070312
2024-02-06,218.88999938964844
2024-02-07,222.4199981689453
2024-02-08,225.8300018310547
2024-02-09,228.1999969482422
2024-02-12,226.97000122070312
2024-02-13,224.2700042724609
2024-02-14,227.0200042724609
2024-02-15,227.67999267578125
2024-02-16,227.47000122070312
2024-02-20,230.3500061035156
2024-02-21,233.42999267578125
2024-02-22,235.1300048828125
2024-02-23,237.0500030517578
2024-02-26,236.05999755859372
2024-02-27,236.0500030517578
2024-02-28,236.67999267578125
2024-02-29,235.8999938964844
2024-03-01,239.47000122070312
2024-03-04,237.6199951171875
2024-03-05,235.33999633789065
2024-03-06,237.08999633789065
2024-03-07,238.72999572753903
2024-03-08,238.58999633789065
2024-03-11,239.05999755859372
2024-03-12,240.75999450683597
2024-03-13,240.80999755859372
2024-03-14,241.3500061035156
2024-03-15,239.97000122070312
2024-03-18,240.55999755859372
2024-03-19,240.02999877929688
2024-03-20,240.88999938964844
2024-03-21,245.8699951171875
2024-03-22,243.8699951171875
2024-03-25,241.97000122070312
2024-03-26,242.08999633789065
2024-03-27,245.08999633789065
2024-03-28,244.0200042724609
2024-04-01,240.8699951171875
2024-04-02,239.5800018310547
2024-04-03,239.2899932861328
2024-04-04,236.7899932861328
2024-04-05,239.3800048828125
2024-04-08,238.88999938964844
2024-04-09,241.5800018310547
2024-04-10,236.38999938964844
2024-04-11,236.25
2024-04-12,232.6699981689453
2024-04-15,230.4900054931641
2024-04-16,229.25
2024-04-17,226.8300018310547
2024-04-18,226.1000061035156
2024-04-19,227.0399932861328
2024-04-22,229.88999938964844
2024-04-23,232.2700042724609
2024-04-24,224.63999938964844
2024-04-25,223.27999877929688
2024-04-26,220.66000366210935
2024-04-29,223.8800048828125
2024-04-30,220.4600067138672
2024-05-01,221.3800048828125
2024-05-02,220.6300048828125
2024-05-03,220.4199981689453
2024-05-06,222.1499938964844
2024-05-07,221.75
2024-05-08,222.07000732421875
2024-05-09,222.7400054931641
2024-05-10,226.16000366210935
2024-05-13,225.4199981689453
2024-05-14,224.66000366210935
2024-05-15,224.1999969482422
2024-05-16,222.2400054931641
2024-05-17,222.3300018310547
2024-05-20,219.7899932861328
2024-05-21,217.1199951171875
2024-05-22,217.9900054931641
2024-05-23,215.5399932861328
2024-05-24,215.1499938964844
2024-05-28,211.2400054931641
2024-05-29,207.30999755859372
2024-05-30,205.1999969482422
2024-05-31,208.63999938964844
2024-06-03,206.1100006103516
2024-06-04,206.1000061035156
2024-06-05,207.5399932861328
2024-06-06,203.3999938964844
2024-06-07,201.7899932861328
2024-06-10,202.91000366210935
2024-06-11,203.8699951171875
2024-06-12,205.7899932861328
2024-06-13,202.9199981689453
2024-06-14,198.22999572753903
2024-06-17,200.2899932861328
2024-06-18,202.3500061035156
2024-06-20,203.1699981689453
2024-06-21,202.6999969482422
2024-06-24,204.5
2024-06-25,199.9900054931641
2024-06-26,199.1199951171875
2024-06-27,200.1499938964844
2024-06-28,201.1999969482422
2024-07-01,195.88999938964844
2024-07-02,196.41000366210935
2024-07-03,195.13999938964844
2024-07-05,194.69000244140625
2024-07-08,195.63999938964844
2024-07-09,195.2400054931641
2024-07-10,198.44000244140625
2024-07-11,203.47999572753903
2024-07-12,204.4600067138672
2024-07-15,206.69000244140625
2024-07-16,210.80999755859372
2024-07-17,210.5
2024-07-18,206.1999969482422
2024-07-19,202.97000122070312
2024-07-22,205.22000122070312
2024-07-23,203.8999938964844
2024-07-24,198.7100067138672
2024-07-25,203.0800018310547
2024-07-26,206.4600067138672
2024-07-29,206.22000122070312
2024-07-30,208.07000732421875
2024-07-31,208.47999572753903
2024-08-01,196.2899932861328
2024-08-02,194.1199951171875
2024-08-05,192.2100067138672
2024-08-06,192.1199951171875
2024-08-07,190.55999755859372
2024-08-08,194.8600006103516
2024-08-09,194.33999633789065
2024-08-12,191.3000030517578
2024-08-13,194.57000732421875
2024-08-14,193.30999755859372
2024-08-15,195.2400054931641
2024-08-16,196.5800018310547
2024-08-19,199.17999267578125
2024-08-20,199.0200042724609
2024-08-21,201.42999267578125
2024-08-22,199.47000122070312
2024-08-23,203.8999938964844
2024-08-26,203.9600067138672
2024-08-27,203.58999633789065
2024-08-28,203.17999267578125
2024-08-29,205.17999267578125
2024-08-30,206.47999572753903
2024-09-03,202.88999938964844
2024-09-04,200.38999938964844
2024-09-05,196.7700042724609
2024-09-06,195.13999938964844
2024-09-09,197.1699981689453
2024-09-10,197.5500030517578
2024-09-11,197.1300048828125
2024-09-12,198.1100006103516
2024-09-13,199.77999877929688
2024-09-16,202.67999267578125
2024-09-17,204.69000244140625
2024-09-18,205.6000061035156
2024-09-19,210.5
2024-09-20,208.72999572753903
2024-09-23,210.0
2024-09-24,212.47999572753903
2024-09-25,209.0399932861328
2024-09-26,213.41000366210935
2024-09-27,214.97999572753903
2024-09-30,214.5
2024-10-01,212.52999877929688
2024-10-02,211.32000732421875
2024-10-03,210.8500061035156
2024-10-04,211.1000061035156
2024-10-07,208.5800018310547
2024-10-08,208.41000366210935
2024-10-09,207.7400054931641
2024-10-10,208.4499969482422
2024-10-11,211.4900054931641
2024-10-14,213.30999755859372
2024-10-15,211.72000122070312
2024-10-16,210.6000061035156
2024-10-17,209.8800048828125
2024-10-18,210.52999877929688
2024-10-21,209.2899932861328
2024-10-22,207.88999938964844
2024-10-23,204.8600006103516
2024-10-24,203.47999572753903
2024-10-25,202.82000732421875
2024-10-28,204.83999633789065
2024-10-29,203.8800048828125
2024-10-30,218.63999938964844
2024-10-31,214.63999938964844
2024-11-01,216.0500030517578
2024-11-04,219.0
2024-11-05,224.7100067138672
2024-11-06,234.8999938964844
2024-11-07,228.8999938964844
2024-11-08,228.50999450683597
2024-11-11,229.33999633789065
2024-11-12,227.97000122070312
2024-11-13,231.0
2024-11-14,229.38999938964844
2024-11-15,227.8300018310547
2024-11-18,226.66000366210935
2024-11-19,223.6100006103516
2024-11-20,223.1100006103516
2024-11-21,227.4499969482422
2024-11-22,232.5
2024-11-25,236.05999755859372
2024-11-26,232.0200042724609
2024-11-27,231.1000061035156
2024-11-29,230.6300048828125
2024-12-02,231.80999755859372
2024-12-03,230.5
2024-12-04,227.8699951171875
2024-12-05,228.4499969482422
2024-12-06,229.7100067138672
2024-12-09,229.6499938964844
2024-12-10,227.9499969482422
2024-12-11,228.1699981689453
2024-12-12,224.97999572753903
2024-12-13,223.0
2024-12-16,224.0800018310547
2024-12-17,222.19000244140625
2024-12-18,211.6499938964844
2024-12-19,210.25999450683597
2024-12-20,212.3800048828125
2024-12-23,210.75999450683597
2024-12-24,212.27999877929688
2024-12-26,212.97999572753903
2024-12-27,211.1100006103516
2024-12-30,208.8300018310547
2024-12-31,209.2899932861328
2025-01-02,206.05999755859372
2025-01-03,207.0200042724609
2025-01-06,209.32000732421875
2025-01-07,208.0
2025-01-08,208.7899932861328
2025-01-10,206.0200042724609
2025-01-13,210.02999877929688
2025-01-14,214.5399932861328
2025-01-15,214.52999877929688
2025-01-16,217.2700042724609
2025-01-17,215.69000244140625
2025-01-21,219.66000366210935
2025-01-22,219.9900054931641
2025-01-23,222.0500030517578
2025-01-24,219.97000122070312
2025-01-27,221.4199981689453
2025-01-28,221.1699981689453
2025-01-29,218.8800048828125
2025-01-30,224.1100006103516
2025-01-31,224.30999755859372
2025-02-03,218.8600006103516
2025-02-04,218.6499938964844
2025-02-05,197.5800018310547
2025-02-06,199.32000732421875
2025-02-07,195.94000244140625
2025-02-10,196.4499969482422
2025-02-11,194.88999938964844
2025-02-12,193.5399932861328
2025-02-13,193.02999877929688
2025-02-14,195.2100067138672
2025-02-18,196.3699951171875
2025-02-19,198.6499938964844
2025-02-20,196.07000732421875
2025-02-21,192.97999572753903
2025-02-24,196.6199951171875
2025-02-25,196.44000244140625
2025-02-26,195.8000030517578
2025-02-27,193.7400054931641
2025-02-28,194.3300018310547
2025-03-03,188.52999877929688
2025-03-04,185.8800048828125
2025-03-05,188.42999267578125
2025-03-06,187.47999572753903
2025-03-07,187.66000366210935
2025-03-10,186.22999572753903
2025-03-11,184.75999450683597
2025-03-12,181.8999938964844
2025-03-13,178.22999572753906
2025-03-14,182.38999938964844
2025-03-17,184.58999633789065
2025-03-18,184.6199951171875
2025-03-19,184.5800018310547
2025-03-20,183.72999572753903
2025-03-21,181.91000366210935
2025-03-24,185.1000061035156
2025-03-25,184.3699951171875
2025-03-26,184.7400054931641
2025-03-27,183.92999267578125
2025-03-28,180.91000366210935
2025-03-31,180.97000122070312
2025-04-01,181.1499938964844
2025-04-02,183.3000030517578
2025-04-03,168.67999267578125
2025-04-04,162.49000549316406
2025-04-07,162.92999267578125
2025-04-08,161.94000244140625
2025-04-09,173.8000030517578
2025-04-10,166.97000122070312
2025-04-11,168.50999450683594
2025-04-14,169.86000061035156
2025-04-15,167.33999633789062
2025-04-16,164.0800018310547
2025-04-17,163.9499969482422
2025-04-21,160.66000366210938
2025-04-22,166.39999389648438
2025-04-23,167.14999389648438
2025-04-24,173.7899932861328
2025-04-25,173.0
2025-04-28,174.10000610351562
2025-04-29,172.1999969482422
2025-04-30,173.97000122070312
2025-05-01,175.25
2025-05-02,181.4499969482422
2025-05-05,181.72999572753903
2025-05-06,179.5399932861328
2025-05-07,180.08999633789062
2025-05-08,184.6499938964844
2025-05-09,183.47000122070312
2025-05-12,191.2899932861328
2025-05-13,190.30999755859372
2025-05-14,188.47000122070312
2025-05-15,189.55999755859372
2025-05-16,190.8500061035156
2025-05-19,189.92999267578125
2025-05-20,188.25999450683597
2025-05-21,181.16000366210935
2025-05-22,181.1300048828125
2025-05-23,179.60000610351562
2025-05-27,183.4499969482422
2025-05-28,180.6999969482422
2025-05-29,182.13999938964844
2025-05-30,180.91000366210935
2025-06-02,179.1699981689453
2025-06-03,182.0399932861328
2025-06-04,180.88999938964844
2025-06-05,180.27999877929688
2025-06-06,183.30999755859372
2025-06-09,183.22999572753903
2025-06-10,184.25999450683597
2025-06-11,183.1699981689453
2025-06-12,182.50999450683597
2025-06-13,177.82000732421875
2025-06-16,179.9199981689453
2025-06-17,175.99000549316406
2025-06-18,175.02999877929688
2025-06-20,173.14999389648438
2025-06-23,172.72000122070312
2025-06-24,174.8800048828125
2025-06-25,174.5
2025-06-26,176.35000610351562
2025-06-27,176.32000732421875
2025-06-30,175.57000732421875
2025-07-01,180.19000244140625
2025-07-02,182.16000366210935
2025-07-03,181.25
2025-07-07,179.3300018310547
2025-07-08,182.47000122070312
2025-07-09,184.3800048828125
2025-07-10,185.4199981689453
2025-07-11,181.47000122070312
2025-07-14,180.8699951171875
2025-07-15,179.47000122070312
2025-07-16,179.77000427246094
2025-07-17,183.9600067138672
2025-07-18,183.3800048828125
2025-07-21,180.8999938964844
2025-07-22,184.5399932861328
2025-07-23,184.3999938964844
2025-07-24,183.66000366210935
2025-07-25,185.69000244140625
2025-07-28,184.42999267578125
2025-07-29,185.17999267578125
2025-07-30,164.27999877929688
2025-07-31,163.50999450683594
2025-08-01,159.1199951171875
2025-08-04,158.25
2025-08-05,161.83999633789062
2025-08-06,159.72000122070312
2025-08-07,158.52999877929688
2025-08-08,158.25999450683594
2025-08-11,157.52999877929688
2025-08-12,163.32000732421875
2025-08-13,169.5
2025-08-14,167.19000244140625
2025-08-15,164.77000427246094
2025-08-18,163.77999877929688
2025-08-19,165.89999389648438
2025-08-20,164.47000122070312
2025-08-21,162.3800048828125
2025-08-22,168.55999755859375
2025-08-25,165.97999572753906
2025-08-26,166.0
2025-08-27,166.0800018310547
2025-08-28,165.22000122070312
2025-08-29,164.5
2025-09-02,162.14999389648438
2025-09-03,161.32000732421875
2025-09-04,164.86000061035156
2025-09-05,164.92999267578125
2025-09-08,164.1699981689453
2025-09-09,162.00999450683594
2025-09-10,160.1699981689453
2025-09-11,164.49000549316406
2025-09-12,160.5500030517578
2025-09-15,161.16000366210938
2025-09-16,163.83999633789062
2025-09-17,159.58999633789062
2025-09-18,162.05999755859375
2025-09-19,161.02999877929688
2025-09-22,160.60000610351562
2025-09-23,159.39999389648438
2025-09-24,159.75999450683594
2025-09-25,159.27999877929688
2025-09-26,161.35000610351562
2025-09-29,162.19000244140625
2025-09-30,162.75999450683594
2025-10-01,164.10000610351562
2025-10-02,165.17999267578125
2025-10-03,167.0
2025-10-06,167.0500030517578
2025-10-07,165.8000030517578
2025-10-08,166.88999938964844
2025-10-09,165.85000610351562
2025-10-10,161.16000366210938
2025-10-13,160.83999633789062
2025-10-14,163.64999389648438
2025-10-15,163.19000244140625
2025-10-16,165.02999877929688
2025-10-17,166.30999755859375
2025-10-20,166.61000061035156
2025-10-21,169.3300018310547
2025-10-22,166.35000610351562
2025-10-23,168.3699951171875
2025-10-24,167.9499969482422
2025-10-27,167.60000610351562
2025-10-28,166.9499969482422
2025-10-29,173.39999389648438
2025-10-30,170.3000030517578
2025-10-31,171.4600067138672
2025-11-03,168.25
2025-11-04,167.86000061035156
2025-11-05,168.27000427246094
2025-11-06,166.82000732421875
2025-11-07,167.9600067138672
2025-11-10,168.8000030517578
2025-11-11,169.50999450683594
2025-11-12,169.57000732421875
2025-11-13,167.05999755859375
2025-11-14,164.49000549316406
2025-11-17,162.75999450683594
2025-11-18,161.67999267578125
2025-11-19,161.67999267578125
2025-11-20,163.0
2025-11-21,170.64999389648438
2025-11-24,169.91000366210938
2025-11-25,173.64999389648438
2025-11-26,173.75999450683594
2025-11-28,173.92999267578125
2025-12-01,174.63999938964844
2025-12-02,175.10000610351562
2025-12-03,178.2100067138672
2025-12-04,179.02999877929688
2025-12-05,177.5399932861328
2025-12-08,175.9499969482422
2025-12-09,173.5
2025-12-10,176.50999450683594
2025-12-11,181.2400054931641
2025-12-12,178.92999267578125
2025-12-15,178.69000244140625
2025-12-16,177.19000244140625
2025-12-17,176.3300018310547
2025-12-18,177.5
2025-12-19,177.77999877929688
2025-12-22,179.52000427246094
2025-12-23,180.33999633789065
2025-12-24,180.1999969482422
2025-12-26,180.32000732421875
2025-12-29,180.00999450683594
2025-12-30,179.27999877929688
2025-12-31,177.94000244140625
2026-01-02,179.05999755859375
2026-01-05,180.8000030517578
2026-01-06,183.8699951171875
2026-01-07,180.4900054931641
2026-01-08,184.7400054931641
2026-01-09,184.7100067138672
2026-01-12,186.3300018310547
2026-01-13,187.3300018310547
2026-01-14,190.5399932861328
2026-01-15,195.3000030517578
2026-01-16,196.92999267578125
2026-01-20,193.3000030517578
2026-01-21,199.05999755859372
2026-01-22,197.83999633789065
2026-01-23,195.2700042724609
2026-01-26,195.2400054931641
2026-01-27,194.8500061035156
2026-01-28,196.3999938964844
2026-01-29,199.72000122070312
2026-01-30,198.5500030517578
2026-02-02,198.22000122070312
2026-02-03,201.6100006103516
2026-02-04,212.25
2026-02-05,212.94000244140625
2026-02-06,211.3699951171875
2026-02-09,210.75
2026-02-10,214.5800018310547
2026-02-11,211.47999572753903
2026-02-12,205.13999938964844
2026-02-13,210.41000366210935
2026-02-17,209.2100067138672
2026-02-18,208.97999572753903
2026-02-19,207.8600006103516
2026-02-20,207.47999572753903
2026-02-23,206.6499938964844
2026-02-24,208.4499969482422
2026-02-25,206.17999267578125
2026-02-26,209.58999633789065
2026-02-27,209.47000122070312
2026-03-02,211.5399932861328
2026-03-03,208.9600067138672
2026-03-04,208.6999969482422
2026-03-05,203.3300018310547
2026-03-06,197.8999938964844
2026-03-09,197.6000061035156
2026-03-10,195.7899932861328
2026-03-11,194.47999572753903
2026-03-12,188.1100006103516
2026-03-13,188.17999267578125
2026-03-16,189.57000732421875
2026-03-17,190.38999938964844
2026-03-18,190.16000366210935
2026-03-19,187.3800048828125
2026-03-20,184.1100006103516
2026-03-23,188.6100006103516
2026-03-24,192.8800048828125
2026-03-25,191.6300048828125
2026-03-26,189.72999572753903
2026-03-27,186.5500030517578
2026-03-30,183.4900054931641
2026-03-31,189.5500030517578
2026-04-01,191.97999572753903
2026-04-02,190.47000122070312
2026-04-06,190.75999450683597
2026-04-07,191.8300018310547
2026-04-08,197.8500061035156
2026-04-09,199.72999572753903
2026-04-10,201.08999633789065
2026-04-13,205.1199951171875
2026-04-14,204.89999389648438
2026-04-15,199.52000427246094
2026-04-16,200.7100067138672
2026-04-17,205.9199981689453
