,J
2015-01-02,36.92399215698242
2015-01-05,35.592281341552734
2015-01-06,34.947105407714844
2015-01-07,34.4838981628418
2015-01-08,35.72462463378906
2015-01-09,34.765132904052734
2015-01-12,33.71464920043945
2015-01-13,33.30107498168945
2015-01-14,32.99502944946289
2015-01-15,31.89491844177246
2015-01-16,32.217506408691406
2015-01-20,32.23405075073242
2015-01-21,32.73861312866211
2015-01-22,32.75515365600586
2015-01-23,32.912315368652344
2015-01-26,33.06119918823242
2015-01-27,32.358123779296875
2015-01-28,31.72948837280273
2015-01-29,32.05207824707031
2015-01-30,31.514429092407227
2015-02-02,32.961944580078125
2015-02-03,34.01242446899414
2015-02-04,32.92058563232422
2015-02-05,33.80563735961914
2015-02-06,33.838722229003906
2015-02-09,34.2771110534668
2015-02-10,34.29365539550781
2015-02-11,34.6906852722168
2015-02-12,35.203521728515625
2015-02-13,35.79079818725586
2015-02-17,35.774253845214844
2015-02-18,36.245731353759766
2015-02-19,36.23745727539063
2015-02-20,36.75856399536133
2015-02-23,36.5600471496582
2015-02-24,36.81646347045898
2015-02-25,37.01498031616211
2015-02-26,36.84127807617188
2015-02-27,36.67584609985352
2015-03-02,36.55177688598633
2015-03-03,36.38634490966797
2015-03-04,36.21264266967773
2015-03-05,36.27054214477539
2015-03-06,35.64191055297852
2015-03-09,35.78252410888672
2015-03-10,35.85696792602539
2015-03-11,35.60055160522461
2015-03-12,36.08856964111328
2015-03-13,35.74943923950195
2015-03-16,36.11338424682617
2015-03-17,35.97277069091797
2015-03-18,36.91572189331055
2015-03-19,36.38634490966797
2015-03-20,37.05633544921875
2015-03-23,37.18868255615234
2015-03-24,37.3127555847168
2015-03-25,37.1804084777832
2015-03-26,37.18868255615234
2015-03-27,36.626220703125
2015-03-30,37.18868255615234
2015-03-31,37.35411071777344
2015-04-01,36.65103530883789
2015-04-02,36.626220703125
2015-04-06,37.42855453491211
2015-04-07,37.1804084777832
2015-04-08,37.42855453491211
2015-04-09,37.96620178222656
2015-04-10,38.54520797729492
2015-04-13,38.39632034301758
2015-04-14,38.710636138916016
2015-04-15,39.87691879272461
2015-04-16,39.50470352172852
2015-04-17,39.25655746459961
2015-04-20,39.19865798950195
2015-04-21,38.97532653808594
2015-04-22,38.83470916748047
2015-04-23,39.0084114074707
2015-04-24,38.30533218383789
2015-04-27,38.5948371887207
2015-04-28,36.39461517333984
2015-04-29,36.5186882019043
2015-04-30,35.451663970947266
2015-05-01,35.360679626464844
2015-05-04,35.47647857666016
2015-05-05,35.402034759521484
2015-05-06,35.52610778808594
2015-05-07,35.80733871459961
2015-05-08,36.18782806396485
2015-05-11,36.22091674804688
2015-05-12,36.005855560302734
2015-05-13,36.419429779052734
2015-05-14,36.63449096679688
2015-05-15,36.39461517333984
2015-05-18,36.609676361083984
2015-05-19,36.17955780029297
2015-05-20,36.53523254394531
2015-05-21,36.659305572509766
2015-05-22,36.0389404296875
2015-05-26,35.60882568359375
2015-05-27,36.030670166015625
2015-05-28,35.84869766235352
2015-05-29,35.78252410888672
2015-06-01,35.9396858215332
2015-06-02,36.11338424682617
2015-06-03,36.60140609741211
2015-06-04,35.69981002807617
2015-06-05,36.09684371948242
2015-06-08,35.2779655456543
2015-06-09,35.51783752441406
2015-06-10,36.12165832519531
2015-06-11,35.9396858215332
2015-06-12,35.65845489501953
2015-06-15,34.988460540771484
2015-06-16,35.30277633666992
2015-06-17,35.39376449584961
2015-06-18,35.72462463378906
2015-06-19,36.014129638671875
2015-06-22,36.196102142333984
2015-06-23,36.27881622314453
2015-06-24,35.592281341552734
2015-06-25,35.153892517089844
2015-06-26,34.93056106567383
2015-06-29,33.62366485595703
2015-06-30,33.59885025024414
2015-07-01,33.61539077758789
2015-07-02,33.43341827392578
2015-07-06,33.01984405517578
2015-07-07,33.12737274169922
2015-07-08,32.97021484375
2015-07-09,32.953670501708984
2015-07-10,33.210086822509766
2015-07-13,33.77254867553711
2015-07-14,34.161312103271484
2015-07-15,33.2431755065918
2015-07-16,33.45823287963867
2015-07-17,33.06947326660156
2015-07-20,33.29280471801758
2015-07-21,33.73119354248047
2015-07-22,33.71464920043945
2015-07-23,33.325889587402344
2015-07-24,32.722068786621094
2015-07-27,32.75515365600586
2015-07-28,34.4838981628418
2015-07-29,35.31105041503906
2015-07-30,35.49302291870117
2015-07-31,34.83957290649414
2015-08-03,35.195247650146484
2015-08-04,35.08771896362305
2015-08-05,35.26142120361328
2015-08-06,35.97277069091797
2015-08-07,35.75770950317383
2015-08-10,36.890907287597656
2015-08-11,36.67584609985352
2015-08-12,36.52696228027344
2015-08-13,36.22091674804688
2015-08-14,36.52696228027344
2015-08-17,36.34498977661133
2015-08-18,35.86524200439453
2015-08-19,35.60055160522461
2015-08-20,34.53352737426758
2015-08-21,33.342430114746094
2015-08-24,31.646774291992188
2015-08-25,30.64592170715332
2015-08-26,31.09258270263672
2015-08-27,32.589725494384766
2015-08-28,33.05292892456055
2015-08-31,33.425148010253906
2015-09-01,32.6558952331543
2015-09-02,33.06119918823242
2015-09-03,33.367244720458984
2015-09-04,32.614540100097656
2015-09-08,33.143917083740234
2015-09-09,32.912315368652344
2015-09-10,32.953670501708984
2015-09-11,33.2431755065918
2015-09-14,32.46565246582031
2015-09-15,32.424293518066406
2015-09-16,32.48219680786133
2015-09-17,32.424293518066406
2015-09-18,31.340728759765625
2015-09-21,31.415172576904297
2015-09-22,30.94369506835937
2015-09-23,30.604564666748047
2015-09-24,30.894067764282227
2015-09-25,30.9023380279541
2015-09-28,30.315061569213867
2015-09-29,30.860980987548828
2015-09-30,30.96023941040039
2015-10-01,30.40604782104492
2015-10-02,30.9354248046875
2015-10-05,32.53182601928711
2015-10-06,32.88750076293945
2015-10-07,33.40860366821289
2015-10-08,34.12822341918945
2015-10-09,34.202667236328125
2015-10-12,33.838722229003906
2015-10-13,33.813907623291016
2015-10-14,33.62366485595703
2015-10-15,33.557491302490234
2015-10-16,32.52355194091797
2015-10-19,32.31676483154297
2015-10-20,32.540096282958984
2015-10-21,32.200965881347656
2015-10-22,32.407752990722656
2015-10-23,32.87922668457031
2015-10-26,32.81305694580078
2015-10-27,31.32418441772461
2015-10-28,32.167877197265625
2015-10-29,32.29195022583008
2015-10-30,33.20181655883789
2015-11-02,34.1116828918457
2015-11-03,34.40118408203125
2015-11-04,34.384639739990234
2015-11-05,34.60797119140625
2015-11-06,34.08686828613281
2015-11-09,33.995880126953125
2015-11-10,34.32674026489258
2015-11-11,34.368099212646484
2015-11-12,33.441688537597656
2015-11-13,33.68156433105469
2015-11-16,34.29365539550781
2015-11-17,33.85526657104492
2015-11-18,34.599700927734375
2015-11-19,35.3524055480957
2015-11-20,35.05463409423828
2015-11-23,36.014129638671875
2015-11-24,36.36980056762695
2015-11-25,35.774253845214844
2015-11-27,35.95622634887695
2015-11-30,36.51041793823242
2015-12-01,37.18868255615234
2015-12-02,36.51041793823242
2015-12-03,36.99843597412109
2015-12-04,36.890907287597656
2015-12-07,36.3119010925293
2015-12-08,35.58401107788086
2015-12-09,35.377220153808594
2015-12-10,35.360679626464844
2015-12-11,34.63278579711914
2015-12-14,34.49217224121094
2015-12-15,34.86438751220703
2015-12-16,35.2117919921875
2015-12-17,34.409454345703125
2015-12-18,33.73119354248047
2015-12-21,33.8635368347168
2015-12-22,34.72377395629883
2015-12-23,35.86524200439453
2015-12-24,35.81561279296875
2015-12-28,35.29450607299805
2015-12-29,35.6253662109375
2015-12-30,35.08771896362305
2015-12-31,34.69895935058594
2016-01-04,34.67414474487305
2016-01-05,34.186126708984375
2016-01-06,33.52440643310547
2016-01-07,32.62281036376953
2016-01-08,32.05207824707031
2016-01-11,31.762575149536133
2016-01-12,32.308494567871094
2016-01-13,31.63850212097168
2016-01-14,31.74603271484375
2016-01-15,31.133939743041992
2016-01-19,30.14135932922364
2016-01-20,30.422590255737305
2016-01-21,30.290246963500977
2016-01-22,30.94369506835937
2016-01-25,30.37296295166016
2016-01-26,30.98505210876465
2016-01-27,30.98505210876465
2016-01-28,31.20011138916016
2016-01-29,32.4491081237793
2016-02-01,32.36639404296875
2016-02-02,31.97763442993164
2016-02-03,30.894067764282227
2016-02-04,30.9354248046875
2016-02-05,30.64592170715332
2016-02-08,29.537540435791016
2016-02-09,29.36383819580078
2016-02-10,29.28112411499023
2016-02-11,28.99989128112793
2016-02-12,29.84358596801757
2016-02-16,30.77826690673828
2016-02-17,31.787389755249023
2016-02-18,31.43171501159668
2016-02-19,31.42344284057617
2016-02-22,31.95281982421875
2016-02-23,31.621959686279297
2016-02-24,31.853561401367188
2016-02-25,31.82047462463379
2016-02-26,32.143062591552734
2016-02-29,31.969362258911133
2016-03-01,32.80478286743164
2016-03-02,33.06947326660156
2016-03-03,33.56576156616211
2016-03-04,33.68983459472656
2016-03-07,34.53352737426758
2016-03-08,33.71464920043945
2016-03-09,33.70637893676758
2016-03-10,33.582305908203125
2016-03-11,34.53352737426758
2016-03-14,34.3184700012207
2016-03-15,34.210941314697266
2016-03-16,35.05463409423828
2016-03-17,36.27881622314453
2016-03-18,36.46078872680664
2016-03-21,36.51041793823242
2016-03-22,36.88263702392578
2016-03-23,36.11338424682617
2016-03-24,35.79079818725586
2016-03-28,35.58401107788086
2016-03-29,36.005855560302734
2016-03-30,36.20437240600586
2016-03-31,36.02239990234375
2016-04-01,36.196102142333984
2016-04-04,35.60055160522461
2016-04-05,35.09598922729492
2016-04-06,34.97191619873047
2016-04-07,33.9048957824707
2016-04-08,34.07859420776367
2016-04-11,34.30192565917969
2016-04-12,34.574886322021484
2016-04-13,35.52610778808594
2016-04-14,35.05463409423828
2016-04-15,34.87266159057617
2016-04-18,35.23660659790039
2016-04-19,35.53438186645508
2016-04-20,35.88178253173828
2016-04-21,35.88178253173828
2016-04-22,36.20437240600586
2016-04-25,36.07202911376953
2016-04-26,36.70893478393555
2016-04-27,37.1804084777832
2016-04-28,36.80819320678711
2016-04-29,36.87436294555664
2016-05-02,37.12250900268555
2016-05-03,37.279666900634766
2016-05-04,36.7668342590332
2016-05-05,38.53693771362305
2016-05-06,40.240867614746094
2016-05-09,40.728885650634766
2016-05-10,41.71319580078125
2016-05-11,41.41542053222656
2016-05-12,41.20035934448242
2016-05-13,40.64617156982422
2016-05-16,41.4567756652832
2016-05-17,40.7950553894043
2016-05-18,40.86122894287109
2016-05-19,40.46419525146485
2016-05-20,40.71234130859375
2016-05-23,40.23259353637695
2016-05-24,40.53036880493164
2016-05-25,41.374061584472656
2016-05-26,41.374061584472656
2016-05-27,41.481590270996094
2016-05-31,41.928253173828125
2016-06-01,42.085411071777344
2016-06-02,42.0026969909668
2016-06-03,42.598243713378906
2016-06-06,42.97873306274414
2016-06-07,42.82157516479492
2016-06-08,43.516380310058594
2016-06-09,43.43366622924805
2016-06-10,42.64787292480469
2016-06-13,41.96133804321289
2016-06-14,42.20121383666992
2016-06-15,42.2094841003418
2016-06-16,42.159854888916016
2016-06-17,42.38318634033203
2016-06-20,43.33440780639648
2016-06-21,43.17724990844727
2016-06-22,43.27650833129883
2016-06-23,43.92168426513672
2016-06-24,41.08456039428711
2016-06-27,39.41371536254883
2016-06-28,39.58741760253906
2016-06-29,40.32358169555664
2016-06-30,41.20035934448242
2016-07-01,41.142459869384766
2016-07-05,40.240867614746094
2016-07-06,41.17554473876953
2016-07-07,41.332706451416016
2016-07-08,42.39145660400391
2016-07-11,42.88774871826172
2016-07-12,43.91341400146485
2016-07-13,43.66526794433594
2016-07-14,43.70662689208984
2016-07-15,43.59082412719727
2016-07-18,43.52465438842773
2016-07-19,43.4171257019043
2016-07-20,44.10365676879883
2016-07-21,44.12847137451172
2016-07-22,43.90514373779297
2016-07-25,43.8306999206543
2016-07-26,44.558589935302734
2016-07-27,45.05488204956055
2016-07-28,44.73229217529297
2016-07-29,44.26908874511719
2016-08-01,44.2442741394043
2016-08-02,43.8306999206543
2016-08-03,43.83897018432617
2016-08-04,43.84724044799805
2016-08-05,44.46760559082031
2016-08-08,44.16156005859375
2016-08-09,45.96474838256836
2016-08-10,45.178955078125
2016-08-11,45.005252838134766
2016-08-12,44.26081848144531
2016-08-15,44.87290954589844
2016-08-16,44.40970230102539
2016-08-17,44.07057189941406
2016-08-18,44.64130783081055
2016-08-19,44.44279098510742
2016-08-22,44.74056243896485
2016-08-23,45.19549560546875
2016-08-24,44.75710678100586
2016-08-25,44.95562362670898
2016-08-26,45.06315231323242
2016-08-29,45.28648376464844
2016-08-30,44.23600387573242
2016-08-31,43.58255386352539
2016-09-01,43.0366325378418
2016-09-02,43.21860885620117
2016-09-06,42.7305908203125
2016-09-07,42.8298454284668
2016-09-08,42.65614318847656
2016-09-09,41.481590270996094
2016-09-12,41.86207962036133
2016-09-13,41.481590270996094
2016-09-14,40.77851486206055
2016-09-15,41.47332000732422
2016-09-16,41.08456039428711
2016-09-19,41.580848693847656
2016-09-20,41.28307723999024
2016-09-21,41.88689422607422
2016-09-22,42.35837173461914
2016-09-23,41.89516830444336
2016-09-26,41.94479751586914
2016-09-27,41.97788238525391
2016-09-28,43.18552017211914
2016-09-29,42.97873306274414
2016-09-30,42.780216217041016
2016-10-03,42.97873306274414
2016-10-04,42.44935989379883
2016-10-05,43.2847785949707
2016-10-06,43.33440780639648
2016-10-07,42.8712043762207
2016-10-10,42.87947463989258
2016-10-11,41.44023513793945
2016-10-12,41.65529251098633
2016-10-13,41.514678955078125
2016-10-14,41.39887619018555
2016-10-17,41.5891227722168
2016-10-18,41.83726501464844
2016-10-19,42.0026969909668
2016-10-20,41.91170883178711
2016-10-21,41.81245040893555
2016-10-24,42.16812515258789
2016-10-25,41.71319580078125
2016-10-26,42.07714080810547
2016-10-27,41.91997909545898
2016-10-28,42.26738357543945
2016-10-31,42.6644172668457
2016-11-01,41.97788238525391
2016-11-02,41.81245040893555
2016-11-03,42.2094841003418
2016-11-04,40.73715591430664
2016-11-07,40.87777328491211
2016-11-08,41.349246978759766
2016-11-09,45.418827056884766
2016-11-10,46.229434967041016
2016-11-11,46.006103515625
2016-11-14,48.495826721191406
2016-11-15,48.95903015136719
2016-11-16,48.495826721191406
2016-11-17,48.661258697509766
2016-11-18,48.09879684448242
2016-11-21,47.97472381591797
2016-11-22,49.06656265258789
2016-11-23,51.02690887451172
2016-11-25,51.4239387512207
2016-11-28,51.2171516418457
2016-11-29,51.05172348022461
2016-11-30,51.291595458984375
2016-12-01,50.97727966308594
2016-12-02,50.17494201660156
2016-12-05,49.50495147705078
2016-12-06,50.03432846069336
2016-12-07,49.87716674804688
2016-12-08,50.36518859863281
2016-12-09,50.92765045166016
2016-12-12,50.93592071533203
2016-12-13,50.12531280517578
2016-12-14,49.58766555786133
2016-12-15,49.099647521972656
2016-12-16,48.62817001342773
2016-12-19,48.58681488037109
2016-12-20,49.15754699707031
2016-12-21,48.35520935058594
2016-12-22,48.26422500610352
2016-12-23,48.13188171386719
2016-12-27,48.36348342895508
2016-12-28,47.55287551879883
2016-12-29,47.379173278808594
2016-12-30,47.1475715637207
2017-01-03,48.09879684448242
2017-01-04,48.61989974975586
2017-01-05,48.43792724609375
2017-01-06,47.95817947387695
2017-01-09,46.93251419067383
2017-01-10,47.38744735717773
2017-01-11,47.40398788452149
2017-01-12,47.47016143798828
2017-01-13,48.1070671081543
2017-01-17,47.15584182739258
2017-01-18,47.99126434326172
2017-01-19,47.65213394165039
2017-01-20,47.46188735961914
2017-01-23,47.246829986572266
2017-01-24,49.72827911376953
2017-01-25,51.1757926940918
2017-01-26,50.638145446777344
2017-01-27,49.926795959472656
2017-01-30,49.11619186401367
2017-01-31,48.42965316772461
2017-02-01,48.66952896118164
2017-02-02,48.55372619628906
2017-02-03,48.98384475708008
2017-02-06,48.95075988769531
2017-02-07,48.63644409179688
2017-02-08,46.84152603149414
2017-02-09,46.71745300292969
2017-02-10,47.47843170166016
2017-02-13,47.51979064941406
2017-02-14,47.5859603881836
2017-02-15,48.23941040039063
2017-02-16,48.82668685913086
2017-02-17,47.65213394165039
2017-02-21,48.13188171386719
2017-02-22,46.98214340209961
2017-02-23,46.40313720703125
2017-02-24,46.3452377319336
2017-02-27,47.18893051147461
2017-02-28,46.65955352783203
2017-03-01,47.594234466552734
2017-03-02,46.98214340209961
2017-03-03,46.71745300292969
2017-03-06,46.66782379150391
2017-03-07,46.74226760864258
2017-03-08,46.88288497924805
2017-03-09,46.212890625
2017-03-10,46.66782379150391
2017-03-13,46.68436813354492
2017-03-14,45.948204040527344
2017-03-15,46.593379974365234
2017-03-16,46.212890625
2017-03-17,45.87376022338867
2017-03-20,45.8654899597168
2017-03-21,45.10451126098633
2017-03-22,45.31129837036133
2017-03-23,45.29475402832031
2017-03-24,44.77365112304688
2017-03-27,44.41797637939453
2017-03-28,44.823280334472656
2017-03-29,45.584259033203125
2017-03-30,45.766231536865234
2017-03-31,45.72487258911133
2017-04-03,45.22031021118164
2017-04-04,45.22031021118164
2017-04-05,44.92253875732422
2017-04-06,45.14586639404297
2017-04-07,45.08796691894531
2017-04-10,45.443641662597656
2017-04-11,45.17068099975586
2017-04-12,43.92995834350586
2017-04-13,43.81415557861328
2017-04-17,44.21118927001953
2017-04-18,44.36834716796875
2017-04-19,44.56686401367188
2017-04-20,44.40143203735352
2017-04-21,44.2856330871582
2017-04-24,45.212039947509766
2017-04-25,45.584259033203125
2017-04-26,45.82413101196289
2017-04-27,46.08881759643555
2017-04-28,45.42709732055664
2017-05-01,45.09623718261719
2017-05-02,45.61734390258789
2017-05-03,45.14586639404297
2017-05-04,45.31129837036133
2017-05-05,45.212039947509766
2017-05-08,45.25339889526367
2017-05-09,46.25424957275391
2017-05-10,45.12932586669922
2017-05-11,45.12932586669922
2017-05-12,43.63218307495117
2017-05-15,43.69008255004883
2017-05-16,43.50811004638672
2017-05-17,42.77194595336914
2017-05-18,42.51552963256836
2017-05-19,43.84724044799805
2017-05-22,43.73971176147461
2017-05-23,43.98785781860352
2017-05-24,43.78934097290039
2017-05-25,43.49983978271485
2017-05-26,43.5577392578125
2017-05-30,43.53292465209961
2017-05-31,43.359222412109375
2017-06-01,44.012672424316406
2017-06-02,44.00439834594727
2017-06-05,43.26823806762695
2017-06-06,43.08626556396485
2017-06-07,43.01182174682617
2017-06-08,43.7645263671875
2017-06-09,45.4519157409668
2017-06-12,45.50154113769531
2017-06-13,45.49327087402344
2017-06-14,45.15414047241211
2017-06-15,44.50069046020508
2017-06-16,44.517234802246094
2017-06-19,44.83155059814453
2017-06-20,44.21118927001953
2017-06-21,43.4171257019043
2017-06-22,43.5577392578125
2017-06-23,43.68181228637695
2017-06-26,44.29390335083008
2017-06-27,44.27735900878906
2017-06-28,44.839820861816406
2017-06-29,44.30217361450195
2017-06-30,44.98870849609375
2017-07-03,45.61734390258789
2017-07-05,45.37746810913086
2017-07-06,44.80673599243164
2017-07-07,45.344383239746094
2017-07-10,45.31129837036133
2017-07-11,45.162410736083984
2017-07-12,45.22858428955078
2017-07-13,44.8646354675293
2017-07-14,44.972164154052734
2017-07-17,45.07969665527344
2017-07-18,43.342681884765625
2017-07-19,44.19464492797852
2017-07-20,43.45848083496094
2017-07-21,43.25996398925781
2017-07-24,43.152435302734375
2017-07-25,43.8306999206543
2017-07-26,43.67353820800781
2017-07-27,43.88859939575195
2017-07-28,43.33440780639648
2017-07-31,43.60736846923828
2017-08-01,44.04575729370117
2017-08-02,44.12847137451172
2017-08-03,43.566009521484375
2017-08-04,43.40885162353516
2017-08-07,43.26823806762695
2017-08-08,44.765380859375
2017-08-09,44.84809494018555
2017-08-10,43.57428359985352
2017-08-11,43.4915657043457
2017-08-14,43.61563873291016
2017-08-15,42.65614318847656
2017-08-16,42.22602844238281
2017-08-17,41.56430816650391
2017-08-18,41.23344802856445
2017-08-21,41.01011657714844
2017-08-22,42.07714080810547
2017-08-23,42.4576301574707
2017-08-24,42.4576301574707
2017-08-25,42.96219253540039
2017-08-28,43.20206451416016
2017-08-29,43.97958755493164
2017-08-30,44.45933151245117
2017-08-31,45.0714225769043
2017-09-01,45.60079956054688
2017-09-05,44.98043823242188
2017-09-06,45.0714225769043
2017-09-07,45.030067443847656
2017-09-08,45.18722534179688
2017-09-11,45.402286529541016
2017-09-12,46.26251983642578
2017-09-13,46.30387878417969
2017-09-14,46.14672088623047
2017-09-15,46.2790641784668
2017-09-18,46.94905471801758
2017-09-19,47.02349853515625
2017-09-20,47.74311828613281
2017-09-21,47.4867057800293
2017-09-22,47.594234466552734
2017-09-25,48.18978118896485
2017-09-26,48.22286605834961
2017-09-27,48.25595474243164
2017-09-28,48.11533737182617
2017-09-29,48.19805145263672
2017-10-02,48.62817001342773
2017-10-03,48.33866882324219
2017-10-04,48.47101211547852
2017-10-05,48.62817001342773
2017-10-06,48.7687873840332
2017-10-09,48.289039611816406
2017-10-10,48.27249526977539
2017-10-11,47.98299407958984
2017-10-12,48.40483856201172
2017-10-13,48.42965316772461
2017-10-16,48.80187225341797
2017-10-17,48.16496658325195
2017-10-18,48.11533737182617
2017-10-19,48.22286605834961
2017-10-20,48.65298461914063
2017-10-23,48.25595474243164
2017-10-24,48.46274185180664
2017-10-25,48.0408935546875
2017-10-26,48.57854080200195
2017-10-27,48.5620002746582
2017-10-30,48.35520935058594
2017-10-31,48.14842224121094
2017-11-01,48.21459579467773
2017-11-02,48.58681488037109
2017-11-03,49.04174423217773
2017-11-06,50.54716110229492
2017-11-07,50.39827346801758
2017-11-08,50.5554313659668
2017-11-09,49.860626220703125
2017-11-10,49.653839111328125
2017-11-13,49.48013687133789
2017-11-14,47.92509460449219
2017-11-15,47.43707656860352
2017-11-16,48.33039855957031
2017-11-17,48.495826721191406
2017-11-20,49.08310317993164
2017-11-21,53.64897537231445
2017-11-22,53.582801818847656
2017-11-24,52.35034942626953
2017-11-27,52.37516021728516
2017-11-28,53.40082931518555
2017-11-29,53.62416076660156
2017-11-30,54.28588104248047
2017-12-01,54.145263671875
2017-12-04,55.16265869140625
2017-12-05,54.972415924072266
2017-12-06,55.98981094360352
2017-12-07,55.98981094360352
2017-12-08,56.66807174682617
2017-12-11,56.560543060302734
2017-12-12,56.56881332397461
2017-12-13,56.37857055664063
2017-12-14,54.69945526123047
2017-12-15,54.74908447265625
2017-12-18,55.20401763916016
2017-12-19,54.914512634277344
2017-12-20,54.914512634277344
2017-12-21,54.988956451416016
2017-12-22,54.82352828979492
2017-12-26,54.63328170776367
2017-12-27,54.82352828979492
2017-12-28,55.06340026855469
2017-12-29,54.558837890625
2018-01-02,55.3115463256836
2018-01-03,55.50178909301758
2018-01-04,56.07252502441406
2018-01-05,56.36202621459961
2018-01-08,56.213138580322266
2018-01-09,56.00635147094727
2018-01-10,56.08906936645508
2018-01-11,57.48695373535156
2018-01-12,57.53657913208008
2018-01-16,57.420780181884766
2018-01-17,57.55312347412109
2018-01-18,57.39596557617188
2018-01-19,57.859169006347656
2018-01-22,58.09077072143555
2018-01-23,57.80126953125
2018-01-24,58.09904479980469
2018-01-25,57.78472518920898
2018-01-26,57.859169006347656
2018-01-29,58.76903533935547
2018-01-30,57.652381896972656
2018-01-31,57.45386505126953
2018-02-01,57.91706848144531
2018-02-02,55.518333435058594
2018-02-05,52.23454666137695
2018-02-06,53.05342483520508
2018-02-07,54.600196838378906
2018-02-08,51.96158599853516
2018-02-09,51.47356796264648
2018-02-12,52.18491744995117
2018-02-13,51.50665283203125
2018-02-14,52.65639114379883
2018-02-15,52.697750091552734
2018-02-16,52.26763153076172
2018-02-20,51.67208480834961
2018-02-21,51.33295440673828
2018-02-22,51.77961349487305
2018-02-23,51.57282638549805
2018-02-26,52.11874771118164
2018-02-27,51.06826400756836
2018-02-28,50.505802154541016
2018-03-01,49.08310317993164
2018-03-02,49.662109375
2018-03-05,49.720008850097656
2018-03-06,49.79445266723633
2018-03-07,49.78618240356445
2018-03-08,49.306434631347656
2018-03-09,50.29074478149414
2018-03-12,49.98469924926758
2018-03-13,49.720008850097656
2018-03-14,49.44704818725586
2018-03-15,49.57939529418945
2018-03-16,50.414817810058594
2018-03-19,49.55458068847656
2018-03-20,49.73655319213867
2018-03-21,50.067413330078125
2018-03-22,47.6934928894043
2018-03-23,45.96474838256836
2018-03-26,47.792747497558594
2018-03-27,46.51066589355469
2018-03-28,47.04004287719727
2018-03-29,48.92594528198242
2018-04-02,47.74311828613281
2018-04-03,48.42965316772461
2018-04-04,49.77790832519531
2018-04-05,49.5214958190918
2018-04-06,47.98299407958984
2018-04-09,48.23941040039063
2018-04-10,49.16581726074219
2018-04-11,49.23199081420898
2018-04-12,49.1823616027832
2018-04-13,49.025203704833984
2018-04-16,49.397422790527344
2018-04-17,49.82753753662109
2018-04-18,50.092227935791016
2018-04-19,50.042598724365234
2018-04-20,49.629024505615234
2018-04-23,50.00951385498047
2018-04-24,48.87631607055664
2018-04-25,48.50410079956055
2018-04-26,48.14842224121094
2018-04-27,48.63644409179688
2018-04-30,48.04916763305664
2018-05-01,48.29730987548828
2018-05-02,47.75139236450195
2018-05-03,47.27164459228516
2018-05-04,47.015228271484375
2018-05-07,46.90769958496094
2018-05-08,51.36603927612305
2018-05-09,51.99467468261719
2018-05-10,52.73910903930664
2018-05-11,52.565406799316406
2018-05-14,52.10220336914063
2018-05-15,51.85405731201172
2018-05-16,52.50750732421875
2018-05-17,52.90453720092773
2018-05-18,52.722564697265625
2018-05-21,53.12786865234375
2018-05-22,52.68947982788086
2018-05-23,52.49096298217773
2018-05-24,52.49096298217773
2018-05-25,52.3834342956543
2018-05-29,52.358619689941406
2018-05-30,53.63243103027344
2018-05-31,53.59934616088867
2018-06-01,54.10390853881836
2018-06-04,54.47612380981445
2018-06-05,54.92278671264648
2018-06-06,54.80698394775391
2018-06-07,54.63328170776367
2018-06-08,55.08821487426758
2018-06-11,54.85661315917969
2018-06-12,54.74081039428711
2018-06-13,54.19489288330078
2018-06-14,54.05427932739258
2018-06-15,53.392555236816406
2018-06-18,54.178348541259766
2018-06-19,53.59934616088867
2018-06-20,54.26106643676758
2018-06-21,53.392555236816406
2018-06-22,53.59934616088867
2018-06-25,52.5240478515625
2018-06-26,52.78873825073242
2018-06-27,52.60676574707031
2018-06-28,52.44133377075195
2018-06-29,52.51577758789063
2018-07-02,52.937625885009766
2018-07-03,52.11874771118164
2018-07-05,53.318115234375
2018-07-06,53.79785919189453
2018-07-09,54.59192657470703
2018-07-10,55.013771057128906
2018-07-11,54.09563446044922
2018-07-12,54.25279235839844
2018-07-13,54.85661315917969
2018-07-16,54.136993408203125
2018-07-17,54.59192657470703
2018-07-18,55.32809066772461
2018-07-19,55.2867317199707
2018-07-20,54.6663703918457
2018-07-23,54.69118118286133
2018-07-24,55.48524856567383
2018-07-25,55.50178909301758
2018-07-26,55.94018173217773
2018-07-27,55.63413619995117
2018-07-30,55.40253448486328
2018-07-31,55.94018173217773
2018-08-01,55.46043395996094
2018-08-02,55.3529052734375
2018-08-03,55.4935188293457
2018-08-06,59.81124496459961
2018-08-07,59.68717193603516
2018-08-08,60.28271865844727
2018-08-09,60.01803207397461
2018-08-10,59.45557022094727
2018-08-13,58.80212020874024
2018-08-14,59.23223876953125
2018-08-15,58.620147705078125
2018-08-16,58.80212020874024
2018-08-17,59.43902587890625
2018-08-20,60.24136352539063
2018-08-21,60.43988037109375
2018-08-22,60.35716247558594
2018-08-23,60.17518997192383
2018-08-24,60.20000457763672
2018-08-27,60.22481918334961
2018-08-28,60.01803207397461
2018-08-29,60.911354064941406
2018-08-30,60.36543655395508
2018-08-31,60.12556076049805
2018-09-04,59.59618377685547
2018-09-05,60.11729049682617
2018-09-06,61.0767822265625
2018-09-07,60.89480972290039
2018-09-10,61.13468551635742
2018-09-11,61.36628723144531
2018-09-12,62.06109237670898
2018-09-13,62.226524353027344
2018-09-14,62.68145751953125
2018-09-17,62.83861541748047
2018-09-18,62.99577331542969
2018-09-19,63.53342056274414
2018-09-20,63.47552108764648
2018-09-21,64.19514465332031
2018-09-24,63.9056396484375
2018-09-25,64.02143859863281
2018-09-26,63.67403793334961
2018-09-27,63.25218963623047
2018-09-28,63.27700424194336
2018-10-01,63.74020767211914
2018-10-02,63.85601043701172
2018-10-03,64.20341491699219
2018-10-04,64.40193176269531
2018-10-05,63.310089111328125
2018-10-08,63.75675201416016
2018-10-09,63.40934753417969
2018-10-10,61.43246078491211
2018-10-11,59.71198654174805
2018-10-12,59.55482864379883
2018-10-15,60.34062194824219
2018-10-16,61.48208618164063
2018-10-17,61.08505630493164
2018-10-18,60.4564208984375
2018-10-19,59.78643035888672
2018-10-22,63.8642807006836
2018-10-23,62.714542388916016
2018-10-24,59.99321746826172
2018-10-25,62.226524353027344
2018-10-26,61.13468551635742
2018-10-29,59.88568878173828
2018-10-30,61.324928283691406
2018-10-31,62.110721588134766
2018-11-01,62.47467041015625
2018-11-02,62.15208053588867
2018-11-05,63.53342056274414
2018-11-06,65.78327178955078
2018-11-07,66.9330062866211
2018-11-08,65.70055389404297
2018-11-09,63.89736557006836
2018-11-12,62.11899566650391
2018-11-13,61.75504684448242
2018-11-14,60.63839340209961
2018-11-15,62.036277770996094
2018-11-16,61.35801696777344
2018-11-19,60.32407760620117
2018-11-20,53.80613327026367
2018-11-21,53.9384765625
2018-11-23,53.50835800170898
2018-11-26,53.98810577392578
2018-11-27,53.50835800170898
2018-11-28,54.74081039428711
2018-11-29,53.84748840332031
2018-11-30,54.318965911865234
2018-12-03,54.575382232666016
2018-12-04,51.92023086547852
2018-12-06,50.38999938964844
2018-12-07,49.44704818725586
2018-12-10,48.686073303222656
2018-12-11,49.53803634643555
2018-12-12,50.31555938720703
2018-12-13,49.53803634643555
2018-12-14,48.55372619628906
2018-12-17,47.85892105102539
2018-12-18,47.72657775878906
2018-12-19,47.51979064941406
2018-12-20,47.23855972290039
2018-12-21,46.25424957275391
2018-12-24,45.69178771972656
2018-12-26,47.85892105102539
2018-12-27,48.25595474243164
2018-12-28,47.6273193359375
2018-12-31,48.35520935058594
2019-01-02,48.37175369262695
2019-01-03,47.39571762084961
2019-01-04,49.23199081420898
2019-01-07,49.24026107788086
2019-01-08,49.322975158691406
2019-01-09,49.75309753417969
2019-01-10,50.24938583374024
2019-01-11,50.01778411865234
2019-01-14,49.70346832275391
2019-01-15,49.5959358215332
2019-01-16,49.36433410644531
2019-01-17,50.05913925170898
2019-01-18,51.705169677734375
2019-01-22,51.07653427124024
2019-01-23,51.0351791381836
2019-01-24,51.43221282958984
2019-01-25,52.74737930297852
2019-01-28,52.20146179199219
2019-01-29,52.06084442138672
2019-01-30,52.87972259521485
2019-01-31,53.59934616088867
2019-02-01,54.087364196777344
2019-02-04,55.03031539916992
2019-02-05,55.195743560791016
2019-02-06,56.26276779174805
2019-02-07,53.955020904541016
2019-02-08,54.368595123291016
2019-02-11,54.368595123291016
2019-02-12,55.94018173217773
2019-02-13,56.60190200805664
2019-02-14,56.15523910522461
2019-02-15,56.841773986816406
2019-02-19,58.93446350097656
2019-02-20,61.04369735717773
2019-02-21,61.01061248779297
2019-02-22,61.58134460449219
2019-02-25,61.89566421508789
2019-02-26,61.86257553100586
2019-02-27,61.86257553100586
2019-02-28,61.027156829833984
2019-03-01,61.21739959716797
2019-03-04,60.911354064941406
2019-03-05,60.38197708129883
2019-03-06,59.76161575317383
2019-03-07,59.64581298828125
2019-03-08,59.47211456298828
2019-03-11,60.41506576538086
2019-03-12,60.43160629272461
2019-03-13,60.60530853271485
2019-03-14,60.448150634765625
2019-03-15,61.05197143554688
2019-03-18,61.490360260009766
2019-03-19,61.00234222412109
2019-03-20,60.9775276184082
2019-03-21,61.7633171081543
2019-03-22,60.43988037109375
2019-03-25,60.53086471557617
2019-03-26,60.99406814575195
2019-03-27,60.73765182495117
2019-03-28,61.98664855957031
2019-03-29,62.19343566894531
2019-04-01,63.77329635620117
2019-04-02,63.35144805908203
2019-04-03,63.09503173828125
2019-04-04,62.98750305175781
2019-04-05,63.4507064819336
2019-04-08,63.44243240356445
2019-04-09,62.507755279541016
2019-04-10,62.458126068115234
2019-04-11,63.1777458190918
2019-04-12,63.69057846069336
2019-04-15,63.21083068847656
2019-04-16,63.78156661987305
2019-04-17,63.500335693359375
2019-04-18,63.6326789855957
2019-04-22,65.08019256591797
2019-04-23,66.44499206542969
2019-04-24,65.70055389404297
2019-04-25,64.82377624511719
2019-04-26,65.32833862304688
2019-04-29,64.8982162475586
2019-04-30,64.46810150146484
2019-05-01,64.17859649658203
2019-05-02,63.47552108764648
2019-05-03,63.6988525390625
2019-05-06,63.6988525390625
2019-05-07,64.70797729492188
2019-05-08,65.36969757080078
2019-05-09,65.03883361816406
2019-05-10,65.06365203857422
2019-05-13,62.70627212524414
2019-05-14,63.26873397827149
2019-05-15,63.53342056274414
2019-05-16,64.10415649414062
2019-05-17,63.310089111328125
2019-05-20,62.921329498291016
2019-05-21,64.08760833740234
2019-05-22,63.50860595703125
2019-05-23,62.20170974731445
2019-05-24,62.739356994628906
2019-05-28,61.79640579223633
2019-05-29,61.101600646972656
2019-05-30,62.19343566894531
2019-05-31,62.276153564453125
2019-06-03,63.566505432128906
2019-06-04,65.2787094116211
2019-06-05,66.20511627197266
2019-06-06,65.86598205566406
2019-06-07,65.67574310302734
2019-06-10,66.28783416748047
2019-06-11,64.82377624511719
2019-06-12,64.38538360595703
2019-06-13,64.79068756103516
2019-06-14,64.76587677001953
2019-06-17,64.68315887451172
2019-06-18,66.05622863769531
2019-06-19,66.6931381225586
2019-06-20,67.74361419677734
2019-06-21,68.08274841308594
2019-06-24,67.8097915649414
2019-06-25,68.09101867675781
2019-06-26,68.49632263183594
2019-06-27,69.48890686035156
2019-06-28,69.80322265625
2019-07-01,70.14234924316406
2019-07-02,69.79495239257812
2019-07-03,70.13407897949219
2019-07-05,70.06790924072266
2019-07-08,69.10841369628906
2019-07-09,69.48062896728516
2019-07-10,69.33174133300781
2019-07-11,69.52198791503906
2019-07-12,70.48148345947266
2019-07-15,70.13407897949219
2019-07-16,70.92814636230469
2019-07-17,70.09272766113281
2019-07-18,69.43099975585938
2019-07-19,69.40618896484375
2019-07-22,69.58816528320312
2019-07-23,70.24988555908203
2019-07-24,70.84542846679688
2019-07-25,69.89420318603516
2019-07-26,70.27469635009766
2019-07-29,69.6295166015625
2019-07-30,69.67914581298828
2019-07-31,68.24817657470703
2019-08-01,66.64350891113281
2019-08-02,65.8990707397461
2019-08-05,66.99918365478516
2019-08-06,69.62124633789062
2019-08-07,69.1745834350586
2019-08-08,70.74617004394531
2019-08-09,71.05221557617188
2019-08-12,68.61212158203125
2019-08-13,69.3896484375
2019-08-14,66.8089370727539
2019-08-15,67.5616455078125
2019-08-16,69.0505142211914
2019-08-19,69.47235870361328
2019-08-20,69.12495422363281
2019-08-21,71.15974426269531
2019-08-22,71.5898666381836
2019-08-23,70.31605529785156
2019-08-26,70.81234741210938
2019-08-27,70.32432556152344
2019-08-28,70.72135925292969
2019-08-29,72.61553192138672
2019-08-30,73.50057983398438
2019-09-03,73.85625457763672
2019-09-04,75.16315460205078
2019-09-05,75.5684585571289
2019-09-06,76.3625259399414
2019-09-09,76.19709014892578
2019-09-10,74.41871643066406
2019-09-11,74.27810668945312
2019-09-12,74.75785064697266
2019-09-13,75.44438934326172
2019-09-16,76.65202331542969
2019-09-17,77.37992095947266
2019-09-18,77.06559753417969
2019-09-19,76.29634857177734
2019-09-20,75.92413330078125
2019-09-23,75.51055908203125
2019-09-24,74.79093933105469
2019-09-25,75.4940185546875
2019-09-26,75.25414276123047
2019-09-27,75.01426696777344
2019-09-30,75.68425750732422
2019-10-01,74.04650115966797
2019-10-02,72.69824981689453
2019-10-03,72.7975082397461
2019-10-04,74.29464721679688
2019-10-07,73.5336685180664
2019-10-08,73.07046508789062
2019-10-09,73.666015625
2019-10-10,74.14575958251953
2019-10-11,75.97376251220703
2019-10-14,75.56018829345703
2019-10-15,76.58585357666016
2019-10-16,75.940673828125
2019-10-17,77.14004516601562
2019-10-18,76.84226989746094
2019-10-21,77.0159683227539
2019-10-22,77.3551025390625
2019-10-23,76.84226989746094
2019-10-24,77.23103332519531
2019-10-25,77.6942367553711
2019-10-28,78.09127044677734
2019-10-29,77.99201202392578
2019-10-30,78.44694519042969
2019-10-31,77.40473175048828
2019-11-01,79.46434020996094
2019-11-04,80.2253189086914
2019-11-05,80.50654602050781
2019-11-06,80.1839599609375
2019-11-07,79.16656494140625
2019-11-08,78.24842834472656
2019-11-11,78.67854309082031
2019-11-12,78.75299072265625
2019-11-13,77.1069564819336
2019-11-14,78.16571044921875
2019-11-15,78.02509307861328
2019-11-18,77.50399017333984
2019-11-19,78.17398071289062
2019-11-20,77.96719360351562
2019-11-21,77.16485595703125
2019-11-22,77.23930358886719
2019-11-25,75.06389617919922
2019-11-26,75.6594467163086
2019-11-27,76.53622436523438
2019-11-29,76.17227935791016
2019-12-02,73.9141616821289
2019-12-03,73.31034088134766
2019-12-04,71.37480926513672
2019-12-05,70.837158203125
2019-12-06,70.32432556152344
2019-12-09,71.0025863647461
2019-12-10,72.06961059570312
2019-12-11,72.86367797851562
2019-12-12,74.46007537841797
2019-12-13,74.46834564208984
2019-12-16,73.83971405029297
2019-12-17,73.98033142089844
2019-12-18,73.09527587890625
2019-12-19,73.23589324951172
2019-12-20,74.47662353515625
2019-12-23,74.77439880371094
2019-12-24,74.08786010742188
2019-12-26,74.51797485351562
2019-12-27,74.06304168701172
2019-12-30,74.12921905517578
2019-12-31,74.30291748046875
2020-01-02,74.66686248779297
2020-01-03,75.17969512939453
2020-01-06,75.0390853881836
2020-01-07,75.30377197265625
2020-01-08,74.01341247558594
2020-01-09,75.17969512939453
2020-01-10,74.96463775634766
2020-01-13,75.38648223876953
2020-01-14,76.57758331298828
2020-01-15,76.7347412109375
2020-01-16,77.3137435913086
2020-01-17,77.75213623046875
2020-01-21,78.40558624267578
2020-01-22,78.45521545410156
2020-01-23,79.45606231689453
2020-01-24,80.23358917236328
2020-01-27,78.8108901977539
2020-01-28,78.44694519042969
2020-01-29,78.3973159790039
2020-01-30,78.15744018554688
2020-01-31,76.53622436523438
2020-02-03,76.95806884765625
2020-02-04,78.95977783203125
2020-02-05,80.02680206298828
2020-02-06,79.42298126220703
2020-02-07,79.2244644165039
2020-02-10,80.25012969970703
2020-02-11,80.83740997314453
2020-02-12,82.10294342041016
2020-02-13,82.07813262939453
2020-02-14,83.26095581054688
2020-02-18,83.1782455444336
2020-02-19,83.92267608642578
2020-02-20,84.39415740966797
2020-02-21,85.9078369140625
2020-02-24,84.3279800415039
2020-02-25,81.64801025390625
2020-02-26,82.57442474365234
2020-02-27,77.1896743774414
2020-02-28,76.37906646728516
2020-03-02,80.1426010131836
2020-03-03,80.72987365722656
2020-03-04,83.78205871582031
2020-03-05,80.44864654541016
2020-03-06,77.8100357055664
2020-03-09,73.56675720214844
2020-03-10,76.32943725585938
2020-03-11,72.78923034667969
2020-03-12,65.44413757324219
2020-03-13,71.76356506347656
2020-03-16,65.23735046386719
2020-03-17,66.66004943847656
2020-03-18,65.70055389404297
2020-03-19,61.77986145019531
2020-03-20,54.30242156982422
2020-03-23,52.11874771118164
2020-03-24,57.47867965698242
2020-03-25,60.58876419067383
2020-03-26,66.02314758300781
2020-03-27,61.93701934814453
2020-03-30,64.50946044921875
2020-03-31,65.5682144165039
2020-04-01,65.52685546875
2020-04-02,67.1480712890625
2020-04-03,65.320068359375
2020-04-06,69.00088500976562
2020-04-07,67.7270736694336
2020-04-08,66.94955444335938
2020-04-09,67.25559997558594
2020-04-13,66.03141784667969
2020-04-14,67.66917419433594
2020-04-15,66.1885757446289
2020-04-16,65.38623809814453
2020-04-17,69.64606475830078
2020-04-20,66.75103759765625
2020-04-21,64.6914291381836
2020-04-22,65.7667236328125
2020-04-23,65.96524047851562
2020-04-24,66.17202758789062
2020-04-27,65.99832916259766
2020-04-28,69.06705474853516
2020-04-29,68.4301528930664
2020-04-30,68.44669342041016
2020-05-01,66.81720733642578
2020-05-04,67.02399444580078
2020-05-05,67.44583892822266
2020-05-06,64.80723571777344
2020-05-07,64.97266387939453
2020-05-08,66.147216796875
2020-05-11,64.98920440673828
2020-05-12,61.75504684448242
2020-05-13,59.61272811889648
2020-05-14,59.223968505859375
2020-05-15,59.64581298828125
2020-05-18,63.99662399291992
2020-05-19,61.440731048583984
2020-05-20,63.20256042480469
2020-05-21,63.66576385498047
2020-05-22,63.77329635620117
2020-05-26,66.67658996582031
2020-05-27,69.66260528564453
2020-05-28,69.72050476074219
2020-05-29,69.49717712402344
2020-06-01,70.3822250366211
2020-06-02,70.60556030273438
2020-06-03,72.63207244873047
2020-06-04,72.45010375976562
2020-06-05,73.666015625
2020-06-08,74.0382308959961
2020-06-09,73.27725219726562
2020-06-10,70.20025634765625
2020-06-11,66.27955627441406
2020-06-12,66.57733154296875
2020-06-15,68.14891815185547
2020-06-16,70.40704345703125
2020-06-17,70.65518951416016
2020-06-18,70.423583984375
2020-06-19,70.78752899169922
2020-06-22,70.85369873046875
2020-06-23,70.57247161865234
2020-06-24,68.5542221069336
2020-06-25,69.182861328125
2020-06-26,68.23990631103516
2020-06-29,70.16716766357422
2020-06-30,70.14234924316406
2020-07-01,69.39791870117188
2020-07-02,70.85369873046875
2020-07-06,70.23333740234375
2020-07-07,69.08360290527344
2020-07-08,67.49546813964844
2020-07-09,65.22080993652344
2020-07-10,64.98920440673828
2020-07-13,65.12155151367188
2020-07-14,65.37796783447266
2020-07-15,67.13152313232422
2020-07-16,68.33916473388672
2020-07-17,69.08360290527344
2020-07-20,68.6369400024414
2020-07-21,69.44754791259766
2020-07-22,69.80322265625
2020-07-23,70.010009765625
2020-07-24,69.43099975585938
2020-07-27,69.65433502197266
2020-07-28,69.24076080322266
2020-07-29,71.73048400878906
2020-07-30,70.62210083007812
2020-07-31,70.59728240966797
2020-08-03,74.85710906982422
2020-08-04,76.3956069946289
2020-08-05,76.19709014892578
2020-08-06,74.8322982788086
2020-08-07,75.53536987304688
2020-08-10,75.36994171142578
2020-08-11,75.25414276123047
2020-08-12,74.84883880615234
2020-08-13,74.41044616699219
2020-08-14,74.44353485107422
2020-08-17,74.41871643066406
2020-08-18,74.3277359008789
2020-08-19,74.26155853271484
2020-08-20,73.64119720458984
2020-08-21,73.46749877929688
2020-08-24,73.92243194580078
2020-08-25,73.18626403808594
2020-08-26,73.15318298339844
2020-08-27,73.68255615234375
2020-08-28,73.99687194824219
2020-08-31,74.66686248779297
2020-09-01,75.63462829589844
2020-09-02,77.0159683227539
2020-09-03,75.27068328857422
2020-09-04,76.06475067138672
2020-09-08,74.95636749267578
2020-09-09,76.75955963134766
2020-09-10,75.36994171142578
2020-09-11,76.75955963134766
2020-09-14,77.7769546508789
2020-09-15,78.47175598144531
2020-09-16,78.28150939941406
2020-09-17,78.06645202636719
2020-09-18,77.84312438964844
2020-09-21,73.85625457763672
2020-09-22,75.54364776611328
2020-09-23,73.83971405029297
2020-09-24,74.46007537841797
2020-09-25,74.79093933105469
2020-09-28,76.4865951538086
2020-09-29,76.90843963623047
2020-09-30,76.7347412109375
2020-10-01,75.64290618896484
2020-10-02,77.95065307617188
2020-10-05,79.71248626708984
2020-10-06,78.80261993408203
2020-10-07,80.50654602050781
2020-10-08,81.8796157836914
2020-10-09,82.15257263183594
2020-10-12,83.36021423339844
2020-10-13,82.11949157714844
2020-10-14,81.81344604492188
2020-10-15,82.19393157958984
2020-10-16,82.16085052490234
2020-10-19,80.83740997314453
2020-10-20,81.02764892578125
2020-10-21,80.77951049804688
2020-10-22,81.49913024902344
2020-10-23,82.06159210205078
2020-10-26,79.85309600830078
2020-10-27,79.1086654663086
2020-10-28,77.09041595458984
2020-10-29,78.35595703125
2020-10-30,78.57928466796875
2020-11-02,81.98714447021484
2020-11-03,84.31970977783203
2020-11-04,79.11693572998047
2020-11-05,80.86222076416016
2020-11-06,80.73815155029297
2020-11-09,82.82257080078125
2020-11-10,84.0467529296875
2020-11-11,81.7638168334961
2020-11-12,82.10294342041016
2020-11-13,85.4198226928711
2020-11-16,88.67879486083984
2020-11-17,87.09893798828125
2020-11-18,87.04930877685547
2020-11-19,86.97486114501953
2020-11-20,85.85820770263672
2020-11-23,86.44548797607422
2020-11-24,88.9434814453125
2020-11-25,87.96744537353516
2020-11-27,87.56214141845703
2020-11-30,89.19989776611328
2020-12-01,89.9360580444336
2020-12-02,88.41410827636719
2020-12-03,89.15853881835938
2020-12-04,90.12630462646484
2020-12-07,90.86247253417967
2020-12-08,90.65568542480467
2020-12-09,90.73839569091795
2020-12-10,89.91951751708984
2020-12-11,89.86988830566406
2020-12-14,87.06584930419922
2020-12-15,87.60350036621094
2020-12-16,87.8681869506836
2020-12-17,88.50508880615234
2020-12-18,88.15768432617188
2020-12-21,88.22386169433594
2020-12-22,87.76892852783203
2020-12-23,88.38101959228516
2020-12-24,88.7366943359375
2020-12-28,88.356201171875
2020-12-29,88.6953353881836
2020-12-30,88.91039276123047
2020-12-31,90.12630462646484
2021-01-04,87.76892852783203
2021-01-05,88.63743591308594
2021-01-06,94.92377471923828
2021-01-07,94.97340393066406
2021-01-08,93.89810943603516
2021-01-11,93.47626495361328
2021-01-12,93.94773864746094
2021-01-13,93.27774810791016
2021-01-14,92.632568359375
2021-01-15,91.1436996459961
2021-01-19,92.3844223022461
2021-01-20,92.632568359375
2021-01-21,91.91294860839844
2021-01-22,91.82196044921876
2021-01-25,91.2264175415039
2021-01-26,90.00223541259766
2021-01-27,86.43721771240234
2021-01-28,86.54474639892578
2021-01-29,83.50910186767578
2021-02-01,84.08810424804688
2021-02-02,87.30572509765625
2021-02-03,87.75238037109375
2021-02-04,89.12545776367188
2021-02-05,88.87731170654297
2021-02-08,90.26692199707033
2021-02-09,92.6739273071289
2021-02-10,91.57382202148438
2021-02-11,95.1222915649414
2021-02-12,95.03958129882812
2021-02-16,93.65824127197266
2021-02-17,93.3108367919922
2021-02-18,93.06269073486328
2021-02-19,92.97997283935548
2021-02-22,95.74266052246094
2021-02-23,96.13968658447266
2021-02-24,99.05126190185548
2021-02-25,97.35559844970705
2021-02-26,95.18846893310548
2021-03-01,95.27117919921876
2021-03-02,94.75007629394533
2021-03-03,95.1801986694336
2021-03-04,93.36873626708984
2021-03-05,95.55241394042967
2021-03-08,97.81053161621094
2021-03-09,100.62284088134766
2021-03-10,103.18701171875
2021-03-11,103.44342803955078
2021-03-12,104.6014404296875
2021-03-15,104.12168884277344
2021-03-16,103.00503540039062
2021-03-17,103.65848541259766
2021-03-18,103.07948303222656
2021-03-19,102.04553985595705
2021-03-22,101.89665222167967
2021-03-23,100.74691772460938
2021-03-24,101.98764038085938
2021-03-25,104.34502410888672
2021-03-26,106.3880844116211
2021-03-29,105.35414123535156
2021-03-30,105.98278045654295
2021-03-31,106.92572784423828
2021-04-01,107.48818969726562
2021-04-05,109.7463150024414
2021-04-06,109.15076446533205
2021-04-07,108.72891998291016
2021-04-08,109.8207550048828
2021-04-09,111.75628662109376
2021-04-12,111.1938247680664
2021-04-13,108.8364486694336
2021-04-14,108.62139129638672
2021-04-15,110.76371002197266
2021-04-16,110.65618133544922
2021-04-19,110.60655212402344
2021-04-20,110.16815948486328
2021-04-21,112.04579162597656
2021-04-22,111.80591583251952
2021-04-23,113.4354019165039
2021-04-26,112.8563995361328
2021-04-27,113.07972717285156
2021-04-28,112.4924545288086
2021-04-29,111.97135162353516
2021-04-30,110.51556396484376
2021-05-03,112.2773895263672
2021-05-04,114.36180877685548
2021-05-05,114.28736877441406
2021-05-06,114.51897430419922
2021-05-07,115.75969696044922
2021-05-10,117.7531280517578
2021-05-11,115.91685485839844
2021-05-12,111.99616241455078
2021-05-13,115.02352905273438
2021-05-14,114.51897430419922
2021-05-17,115.0566177368164
2021-05-18,112.13677978515624
2021-05-19,112.86466979980467
2021-05-20,113.01355743408205
2021-05-21,114.60995483398438
2021-05-24,115.51155090332033
2021-05-25,115.19723510742188
2021-05-26,116.20635986328124
2021-05-27,116.2642593383789
2021-05-28,117.5215301513672
2021-06-01,117.7283172607422
2021-06-02,116.95906066894533
2021-06-03,117.2237548828125
2021-06-04,118.61336517333984
2021-06-07,117.19066619873048
2021-06-08,117.96818542480467
2021-06-09,117.05831909179688
2021-06-10,116.84326171875
2021-06-11,115.92512512207033
2021-06-14,114.60995483398438
2021-06-15,114.67613220214844
2021-06-16,113.95650482177734
2021-06-17,110.68099212646484
2021-06-18,107.26486206054688
2021-06-21,109.86211395263672
2021-06-22,109.80421447753906
2021-06-23,109.10940551757812
2021-06-24,111.8638153076172
2021-06-25,113.187255859375
2021-06-28,110.75543975830078
2021-06-29,109.02669525146484
2021-06-30,110.35840606689452
2021-07-01,111.09456634521484
2021-07-02,109.78766632080078
2021-07-06,108.9687957763672
2021-07-07,110.48247528076172
2021-07-08,109.43199920654295
2021-07-09,111.37580108642578
2021-07-12,112.1119613647461
2021-07-13,109.92001342773438
2021-07-14,109.92828369140624
2021-07-15,109.72149658203124
2021-07-16,109.21693420410156
2021-07-19,106.3467254638672
2021-07-20,109.37409210205078
2021-07-21,110.58173370361328
2021-07-22,109.41545104980467
2021-07-23,110.75543975830078
2021-07-26,110.26741790771484
2021-07-27,110.55692291259766
2021-07-28,111.75628662109376
2021-07-29,112.92256927490234
2021-07-30,111.87208557128906
2021-08-02,110.75543975830078
2021-08-03,107.0828857421875
2021-08-04,106.45425415039062
2021-08-05,106.48734283447266
2021-08-06,106.61141204833984
2021-08-09,107.82732391357422
2021-08-10,108.9522476196289
2021-08-11,112.61652374267578
2021-08-12,115.4371109008789
2021-08-13,114.20465087890624
2021-08-16,114.2625503540039
2021-08-17,112.2856674194336
2021-08-18,110.76371002197266
2021-08-19,109.1259536743164
2021-08-20,109.80421447753906
2021-08-23,109.96137237548828
2021-08-24,111.27654266357422
2021-08-25,111.9878921508789
2021-08-26,110.5734634399414
2021-08-27,112.50072479248048
2021-08-30,111.97135162353516
2021-08-31,111.63221740722656
2021-09-01,111.43370056152344
2021-09-02,112.7323226928711
2021-09-03,113.4023208618164
2021-09-07,110.25914764404295
2021-09-08,112.34356689453124
2021-09-09,112.12023162841795
2021-09-10,110.27568817138672
2021-09-13,111.29308319091795
2021-09-14,110.01927185058594
2021-09-15,112.4924545288086
2021-09-16,110.58173370361328
2021-09-17,107.98448181152344
2021-09-20,105.77599334716795
2021-09-21,104.83303833007812
2021-09-22,107.97621154785156
2021-09-23,111.50814056396484
2021-09-24,112.4924545288086
2021-09-27,114.37008666992188
2021-09-28,112.55035400390624
2021-09-29,112.83985137939452
2021-09-30,109.62223815917967
2021-10-01,111.38407135009766
2021-10-04,108.65447235107422
2021-10-05,109.41545104980467
2021-10-06,109.3823699951172
2021-10-07,111.54122924804688
2021-10-08,111.95480346679688
2021-10-11,110.8298797607422
2021-10-12,110.01100158691406
2021-10-13,110.2343292236328
2021-10-14,111.23518371582033
2021-10-15,110.80506134033205
2021-10-18,110.89604949951172
2021-10-19,110.68926239013672
2021-10-20,112.83158111572266
2021-10-21,113.21207427978516
2021-10-22,113.26170349121094
2021-10-25,115.08970642089844
2021-10-26,114.37008666992188
2021-10-27,112.4924545288086
2021-10-28,115.20550537109376
2021-10-29,116.1484603881836
2021-11-01,116.3883285522461
2021-11-02,116.32215881347656
2021-11-03,116.75227355957033
2021-11-04,117.24856567382812
2021-11-05,117.97645568847656
2021-11-08,119.92853546142578
2021-11-09,119.53150177001952
2021-11-10,120.3669204711914
2021-11-11,119.60594940185548
2021-11-12,120.28421020507812
2021-11-15,120.30075073242188
2021-11-16,121.76480865478516
2021-11-17,120.27593994140624
2021-11-18,121.77307891845705
2021-11-19,121.11135864257812
2021-11-22,121.23543548583984
2021-11-23,119.10965728759766
2021-11-24,122.79047393798828
2021-11-26,120.5406265258789
2021-11-29,120.8384017944336
2021-11-30,117.9185562133789
2021-12-01,114.79193115234376
2021-12-02,117.48017120361328
2021-12-03,117.36436462402344
2021-12-06,116.91770935058594
2021-12-07,118.70435333251952
2021-12-08,119.51496124267578
2021-12-09,117.58769989013672
2021-12-10,118.64645385742188
2021-12-13,116.53721618652344
2021-12-14,116.00784301757812
2021-12-15,115.86722564697266
2021-12-16,114.28736877441406
2021-12-17,112.10369110107422
2021-12-20,109.8703842163086
2021-12-21,111.0366668701172
2021-12-22,111.326171875
2021-12-23,113.6091079711914
2021-12-27,114.95735931396484
2021-12-28,115.96648406982422
2021-12-29,114.3535385131836
2021-12-30,114.83329010009766
2021-12-31,115.16414642333984
2022-01-03,115.45365142822266
2022-01-04,117.91028594970705
2022-01-05,115.03180694580078
2022-01-06,114.87464141845705
2022-01-07,113.4767608642578
2022-01-10,110.46593475341795
2022-01-11,110.96222686767578
2022-01-12,109.44026947021484
2022-01-13,110.9870376586914
2022-01-14,109.94483184814452
2022-01-18,107.20696258544922
2022-01-19,106.68585968017578
2022-01-20,104.65933990478516
2022-01-21,105.8421630859375
2022-01-24,109.2913818359375
2022-01-25,105.19698333740234
2022-01-26,103.95626068115234
2022-01-27,104.634521484375
2022-01-28,105.9579620361328
2022-01-31,107.67843627929688
2022-02-01,107.62053680419922
2022-02-02,108.86953735351562
2022-02-03,106.66104125976562
2022-02-04,105.60228729248048
2022-02-07,105.92488098144533
2022-02-08,102.76516723632812
2022-02-09,105.66018676757812
2022-02-10,102.85614776611328
2022-02-11,100.48223114013672
2022-02-14,99.81224060058594
2022-02-15,102.40121459960938
2022-02-16,100.63111877441406
2022-02-17,99.00990295410156
2022-02-18,98.96854400634766
2022-02-22,98.8692855834961
2022-02-23,97.1984405517578
2022-02-24,98.77002716064452
2022-02-25,101.9049301147461
2022-02-28,101.73949432373048
2022-03-01,101.74777221679688
2022-03-02,104.64279174804688
2022-03-03,105.73463439941406
2022-03-04,105.8421630859375
2022-03-07,101.62369537353516
2022-03-08,100.56494140625
2022-03-09,103.91490173339844
2022-03-10,103.07948303222656
2022-03-11,103.41860961914062
2022-03-14,104.91575622558594
2022-03-15,108.53040313720705
2022-03-16,112.2277603149414
2022-03-17,114.17156982421876
2022-03-18,116.8101806640625
2022-03-21,115.71006774902344
2022-03-22,114.38662719726562
2022-03-23,112.2360382080078
2022-03-24,114.65958404541016
2022-03-25,114.04749298095705
2022-03-28,114.6016845703125
2022-03-29,114.7671127319336
2022-03-30,115.42056274414062
2022-03-31,113.98959350585938
2022-04-01,115.45365142822266
2022-04-04,115.73487854003906
2022-04-05,115.6769790649414
2022-04-06,116.636474609375
2022-04-07,118.79534149169922
2022-04-08,118.72916412353516
2022-04-11,118.02608489990234
2022-04-12,116.04092407226562
2022-04-13,118.64645385742188
2022-04-14,119.65557861328124
2022-04-18,119.2171859741211
2022-04-19,121.88060760498048
2022-04-20,121.93023681640624
2022-04-21,122.55059814453124
2022-04-22,117.62078857421876
2022-04-25,116.0905532836914
2022-04-26,114.00613403320312
2022-04-27,117.0169677734375
2022-04-28,117.5463409423828
2022-04-29,114.6016845703125
2022-05-02,114.01441192626952
2022-05-03,114.6430435180664
2022-05-04,117.81102752685548
2022-05-05,113.79107666015624
2022-05-06,113.98959350585938
2022-05-09,107.7446060180664
2022-05-10,107.66189575195312
2022-05-11,108.13336944580078
2022-05-12,107.70325469970705
2022-05-13,110.0771713256836
2022-05-16,110.63136291503906
2022-05-17,112.71578216552734
2022-05-18,109.34928131103516
2022-05-19,110.6479034423828
2022-05-20,112.4428253173828
2022-05-23,113.44367218017578
2022-05-24,113.46022033691406
2022-05-25,113.58428955078124
2022-05-26,114.0557632446289
2022-05-27,115.8506851196289
2022-05-31,115.87549591064452
2022-06-01,114.85810089111328
2022-06-02,116.02438354492188
2022-06-03,114.25428009033205
2022-06-06,112.36837768554688
2022-06-07,113.90687561035156
2022-06-08,110.31704711914062
2022-06-09,109.17557525634766
2022-06-10,106.71894073486328
2022-06-13,103.96453094482422
2022-06-14,102.83133697509766
2022-06-15,103.12911224365234
2022-06-16,98.54669952392578
2022-06-17,98.17447662353516
2022-06-21,100.8130874633789
2022-06-22,100.68074798583984
2022-06-23,101.14395141601562
2022-06-24,103.74120330810548
2022-06-27,104.53526306152344
2022-06-28,103.07121276855467
2022-06-29,102.86442565917967
2022-06-30,105.15562438964844
2022-07-01,104.55181121826172
2022-07-05,102.65763092041016
2022-07-06,103.6419448852539
2022-07-07,104.94056701660156
2022-07-08,104.29539489746094
2022-07-11,104.21267700195312
2022-07-12,103.45169830322266
2022-07-13,103.18701171875
2022-07-14,102.59146118164062
2022-07-15,103.7660140991211
2022-07-18,103.44342803955078
2022-07-19,106.44598388671876
2022-07-20,106.05722045898438
2022-07-21,106.71894073486328
2022-07-22,107.13251495361328
2022-07-25,107.670166015625
2022-07-26,108.19126892089844
2022-07-27,109.67186737060548
2022-07-28,112.2856674194336
2022-07-29,113.5677490234375
2022-08-01,107.13251495361328
2022-08-02,105.70154571533205
2022-08-03,105.62710571289062
2022-08-04,106.52870178222656
2022-08-05,105.46167755126952
2022-08-08,104.1382293701172
2022-08-09,102.40121459960938
2022-08-10,105.2962417602539
2022-08-11,106.37981414794922
2022-08-12,110.01100158691406
2022-08-15,110.42457580566406
2022-08-16,111.01185607910156
2022-08-17,111.39234161376952
2022-08-18,111.75628662109376
2022-08-19,112.42627716064452
2022-08-22,109.05150604248048
2022-08-23,108.3732452392578
2022-08-24,108.7868194580078
2022-08-25,110.5734634399414
2022-08-26,105.51130676269533
2022-08-29,106.09857940673828
2022-08-30,102.93059539794922
2022-08-31,103.04639434814452
2022-09-01,102.02899932861328
2022-09-02,98.26546478271484
2022-09-06,99.18360137939452
2022-09-07,101.95455932617188
2022-09-08,101.97109985351562
2022-09-09,103.42688751220705
2022-09-12,102.9388656616211
2022-09-13,99.2001495361328
2022-09-14,99.00163269042967
2022-09-15,98.78656768798828
2022-09-16,96.99992370605467
2022-09-19,99.6964340209961
2022-09-20,98.58805084228516
2022-09-21,96.22240447998048
2022-09-22,96.081787109375
2022-09-23,94.220703125
2022-09-26,92.47541046142578
2022-09-27,90.39926147460938
2022-09-28,91.37530517578124
2022-09-29,89.99396514892578
2022-09-30,89.73754119873047
2022-10-03,92.78145599365234
2022-10-04,96.10660552978516
2022-10-05,94.69217681884766
2022-10-06,94.11317443847656
2022-10-07,92.96343231201172
2022-10-10,93.39354705810548
2022-10-11,92.60775756835938
2022-10-12,90.6391372680664
2022-10-13,92.37615203857422
2022-10-14,91.06925964355467
2022-10-17,93.68305206298828
2022-10-18,95.77574157714844
2022-10-19,94.4192123413086
2022-10-20,93.48453521728516
2022-10-21,95.13883972167967
2022-10-24,91.68962097167967
2022-10-25,93.1288604736328
2022-10-26,93.90637969970705
2022-10-27,94.43576049804688
2022-10-28,96.80140686035156
2022-10-31,95.30426788330078
2022-11-01,94.69217681884766
2022-11-02,93.56725311279295
2022-11-03,95.10575103759766
2022-11-04,97.62028503417967
2022-11-07,98.35645294189452
2022-11-08,98.7369384765625
2022-11-09,96.76832580566406
2022-11-10,103.98107147216795
2022-11-11,103.98934936523438
2022-11-14,102.63282012939452
2022-11-15,103.2283706665039
2022-11-16,103.29454040527344
2022-11-17,102.78170776367188
2022-11-18,104.25403594970705
2022-11-21,101.17703247070312
2022-11-22,102.15306854248048
2022-11-23,101.49134826660156
2022-11-25,102.25232696533205
2022-11-28,100.72209930419922
2022-11-29,101.54925537109376
2022-11-30,104.66761016845705
2022-12-01,103.0133056640625
2022-12-02,103.4682388305664
2022-12-05,100.8130874633789
2022-12-06,100.82135772705078
2022-12-07,101.50789642333984
2022-12-08,100.95370483398438
2022-12-09,100.38297271728516
2022-12-12,100.21754455566406
2022-12-13,101.54097747802734
2022-12-14,101.38381958007812
2022-12-15,98.91891479492188
2022-12-16,98.4887924194336
2022-12-19,98.03386688232422
2022-12-20,97.78572082519533
2022-12-21,100.33334350585938
2022-12-22,99.1587905883789
2022-12-23,99.96939849853516
2022-12-27,100.1927261352539
2022-12-28,98.59632873535156
2022-12-29,100.1927261352539
2022-12-30,99.31594848632812
2023-01-03,100.3250732421875
2023-01-04,104.22921752929688
2023-01-05,102.24405670166016
2023-01-06,106.2970962524414
2023-01-09,104.03897857666016
2023-01-10,105.46167755126952
2023-01-11,105.87525177001952
2023-01-12,105.7263641357422
2023-01-13,104.22921752929688
2023-01-17,102.9388656616211
2023-01-18,100.9040756225586
2023-01-19,98.14139556884766
2023-01-20,99.30767822265624
2023-01-23,99.84532165527344
2023-01-24,100.37470245361328
2023-01-25,100.8296356201172
2023-01-26,101.50789642333984
2023-01-27,100.83790588378906
2023-01-30,100.08519744873048
2023-01-31,102.19442749023438
2023-02-01,103.52613830566406
2023-02-02,103.7246551513672
2023-02-03,103.8487319946289
2023-02-06,103.32762908935548
2023-02-07,101.38381958007812
2023-02-08,100.41605377197266
2023-02-09,100.78827667236328
2023-02-10,100.66419982910156
2023-02-13,101.48307800292967
2023-02-14,101.34246826171876
2023-02-15,101.55752563476562
2023-02-16,101.36727905273438
2023-02-17,100.82135772705078
2023-02-21,98.43089294433594
2023-02-22,99.15052032470705
2023-02-23,99.2415008544922
2023-02-24,99.96112060546876
2023-02-27,100.38297271728516
2023-02-28,98.84447479248048
2023-03-01,98.7369384765625
2023-03-02,100.1927261352539
2023-03-03,102.04553985595705
2023-03-06,101.0198745727539
2023-03-07,100.17618560791016
2023-03-08,100.1513671875
2023-03-09,97.56238555908205
2023-03-10,95.2132797241211
2023-03-13,96.1645050048828
2023-03-14,98.1579360961914
2023-03-15,95.45315551757812
2023-03-16,97.10745239257812
2023-03-17,93.5176239013672
2023-03-20,94.31996154785156
2023-03-21,95.03131103515624
2023-03-22,93.41009521484376
2023-03-23,92.37615203857422
2023-03-24,92.9220733642578
2023-03-27,94.33650207519533
2023-03-28,94.47711944580078
2023-03-29,95.7095718383789
2023-03-30,96.081787109375
2023-03-31,97.1984405517578
2023-04-03,97.2894287109375
2023-04-04,93.91465759277344
2023-04-05,92.9717025756836
2023-04-06,93.44317626953124
2023-04-10,94.19588470458984
2023-04-11,94.17107391357422
2023-04-12,94.58464813232422
2023-04-13,95.85018920898438
2023-04-14,95.1305694580078
2023-04-17,95.71784210205078
2023-04-18,95.56895446777344
2023-04-19,95.1222915649414
2023-04-20,95.55241394042967
2023-04-21,94.9155044555664
2023-04-24,94.71698760986328
2023-04-25,94.07181549072266
2023-04-26,93.18675994873048
2023-04-27,95.5441436767578
2023-04-28,95.5027847290039
2023-05-01,96.2554931640625
2023-05-02,94.64254760742188
2023-05-03,95.3373565673828
2023-05-04,95.37043762207033
2023-05-05,98.53842163085938
2023-05-08,97.01647186279295
2023-05-09,98.23238372802734
2023-05-10,94.81624603271484
2023-05-11,96.13968658447266
2023-05-12,95.23809814453124
2023-05-15,94.30341339111328
2023-05-16,93.88983917236328
2023-05-17,95.70130157470705
2023-05-18,96.34647369384766
2023-05-19,96.71869659423828
2023-05-22,96.82622528076172
2023-05-23,95.94944763183594
2023-05-24,94.79143524169922
2023-05-25,93.3852767944336
2023-05-26,94.30341339111328
2023-05-30,93.58379364013672
2023-05-31,90.65568542480467
2023-06-01,91.66480255126952
2023-06-02,95.11402130126952
2023-06-05,94.5515594482422
2023-06-06,96.2554931640625
2023-06-07,95.98252868652344
2023-06-08,96.50363159179688
2023-06-09,96.13968658447266
2023-06-12,95.98252868652344
2023-06-13,96.47055053710938
2023-06-14,95.36216735839844
2023-06-15,96.13968658447266
2023-06-16,96.4209213256836
2023-06-20,95.5358657836914
2023-06-21,95.10575103759766
2023-06-22,96.26376342773438
2023-06-23,94.7087173461914
2023-06-26,95.18846893310548
2023-06-27,96.27203369140624
2023-06-28,96.20586395263672
2023-06-29,97.8188018798828
2023-06-30,98.33991241455078
2023-07-03,98.71212768554688
2023-07-05,100.42433166503906
2023-07-06,100.2340850830078
2023-07-07,100.27544403076172
2023-07-10,101.11913299560548
2023-07-11,103.50132751464844
2023-07-12,102.92232513427734
2023-07-13,103.21182250976562
2023-07-14,101.92147064208984
2023-07-17,100.99506378173828
2023-07-18,101.41690826416016
2023-07-19,101.11913299560548
2023-07-20,101.80567169189452
2023-07-21,104.19613647460938
2023-07-24,104.220947265625
2023-07-25,104.3946533203125
2023-07-26,105.0563735961914
2023-07-27,104.15477752685548
2023-07-28,103.6419448852539
2023-07-31,103.7329330444336
2023-08-01,104.6758804321289
2023-08-02,105.44512939453124
2023-08-03,105.42031860351562
2023-08-04,105.23834228515624
2023-08-07,106.28055572509766
2023-08-08,111.13592529296876
2023-08-09,112.79850006103516
2023-08-10,113.07145690917967
2023-08-11,112.87294006347656
2023-08-14,113.29478454589844
2023-08-15,112.82331085205078
2023-08-16,111.83073425292967
2023-08-17,110.01100158691406
2023-08-18,110.46593475341795
2023-08-21,112.62479400634766
2023-08-22,112.8150405883789
2023-08-23,112.6082534790039
2023-08-24,110.99530792236328
2023-08-25,111.33444213867188
2023-08-28,111.84727478027344
2023-08-29,112.1119613647461
2023-08-30,112.00443267822266
2023-08-31,111.51641845703124
2023-09-01,111.97962188720705
2023-09-05,109.71322631835938
2023-09-06,109.3327407836914
2023-09-07,108.92743682861328
2023-09-08,108.14163970947266
2023-09-11,108.65447235107422
2023-09-12,108.6627426147461
2023-09-13,108.50558471679688
2023-09-14,110.83815002441406
2023-09-15,109.3658218383789
2023-09-18,110.1929702758789
2023-09-19,109.44026947021484
2023-09-20,110.15161895751952
2023-09-21,108.4559555053711
2023-09-22,109.3658218383789
2023-09-25,109.4071807861328
2023-09-26,108.65447235107422
2023-09-27,112.64134216308594
2023-09-28,112.41800689697266
2023-09-29,112.9060287475586
2023-10-02,111.13592529296876
2023-10-03,110.13507080078124
2023-10-04,111.64048767089844
2023-10-05,111.1607437133789
2023-10-06,113.8158950805664
2023-10-09,115.86722564697266
2023-10-10,115.16414642333984
2023-10-11,116.0905532836914
2023-10-12,114.568603515625
2023-10-13,114.50242614746094
2023-10-16,114.32872772216795
2023-10-17,115.51155090332033
2023-10-18,111.80591583251952
2023-10-19,109.86211395263672
2023-10-20,109.60569763183594
2023-10-23,108.89434814453124
2023-10-24,109.50643920898438
2023-10-25,109.84557342529295
2023-10-26,110.06890106201172
2023-10-27,108.47250366210938
2023-10-30,108.52213287353516
2023-10-31,110.25914764404295
2023-11-01,107.66189575195312
2023-11-02,110.75543975830078
2023-11-03,110.81333923339844
2023-11-06,110.4907455444336
2023-11-07,110.3253173828125
2023-11-08,109.69668579101562
2023-11-09,109.3823699951172
2023-11-10,110.78852081298828
2023-11-13,110.7388916015625
2023-11-14,113.3609619140625
2023-11-15,113.3196029663086
2023-11-16,110.09371948242188
2023-11-17,111.92999267578124
2023-11-20,113.30306243896484
2023-11-21,103.45996856689452
2023-11-22,102.53356170654295
2023-11-24,102.04553985595705
2023-11-27,101.25148010253906
2023-11-28,102.61627960205078
2023-11-29,104.3863754272461
2023-11-30,105.19698333740234
2023-12-01,107.16560363769533
2023-12-04,106.95881652832033
2023-12-05,105.57747650146484
2023-12-06,106.53697204589844
2023-12-07,106.1812973022461
2023-12-08,105.28797149658205
2023-12-11,106.08203887939452
2023-12-12,106.3715362548828
2023-12-13,106.68585968017578
2023-12-14,106.61968231201172
2023-12-15,104.87439727783205
2023-12-18,104.54353332519533
2023-12-19,106.48734283447266
2023-12-20,104.33674621582033
2023-12-21,105.49475860595705
2023-12-22,105.9331512451172
2023-12-26,106.02413940429688
2023-12-27,107.66189575195312
2023-12-28,107.56263732910156
2023-12-29,107.36412048339844
2024-01-02,105.85043334960938
2024-01-03,104.8992156982422
2024-01-04,104.57662200927734
2024-01-05,104.70069885253906
2024-01-08,106.39635467529295
2024-01-09,108.41460418701172
2024-01-10,109.14249420166016
2024-01-11,109.47335052490234
2024-01-12,110.6975326538086
2024-01-16,109.24175262451172
2024-01-17,107.89349365234376
2024-01-18,108.9936065673828
2024-01-19,109.4071807861328
2024-01-22,110.52383422851562
2024-01-23,110.92913818359376
2024-01-24,110.91259765625
2024-01-25,112.25257873535156
2024-01-26,113.4767608642578
2024-01-29,114.0723114013672
2024-01-30,114.40316772460938
2024-01-31,111.47505950927734
2024-02-01,113.27824401855467
2024-02-02,114.3948974609375
2024-02-05,113.3196029663086
2024-02-06,115.7266082763672
2024-02-07,118.7622528076172
2024-02-08,118.4231185913086
2024-02-09,120.3669204711914
2024-02-12,120.3669204711914
2024-02-13,118.3321304321289
2024-02-14,119.34952545166016
2024-02-15,121.83924865722656
2024-02-16,122.03776550292967
2024-02-20,120.24285125732422
2024-02-21,119.57286071777344
2024-02-22,120.71432495117188
2024-02-23,121.58283233642578
2024-02-26,121.1609878540039
2024-02-27,121.83097839355467
2024-02-28,121.69863891601562
2024-02-29,121.30160522460938
2024-03-01,121.27678680419922
2024-03-04,121.7069091796875
2024-03-05,121.69036865234376
2024-03-06,121.52493286132812
2024-03-07,123.02207946777344
2024-03-08,121.533203125
2024-03-11,122.29418182373048
2024-03-12,123.39429473876952
2024-03-13,124.60193634033205
2024-03-14,123.51836395263672
2024-03-15,123.22059631347656
2024-03-18,122.35208129882812
2024-03-19,123.88231658935548
2024-03-20,124.57711791992188
2024-03-21,125.24710845947266
2024-03-22,124.09737396240234
2024-03-25,124.13873291015624
2024-03-26,124.38687133789062
2024-03-27,126.49610900878906
2024-03-28,127.15782928466795
2024-04-01,125.08995056152344
2024-04-02,123.83268737792967
2024-04-03,123.96502685546876
2024-04-04,123.3612060546875
2024-04-05,122.35208129882812
2024-04-08,120.86321258544922
2024-04-09,121.35950469970705
2024-04-10,119.39088439941406
2024-04-11,120.6729736328125
2024-04-12,119.64730072021484
2024-04-15,119.09310913085938
2024-04-16,119.9202651977539
2024-04-17,118.2576904296875
2024-04-18,118.69608306884766
2024-04-19,118.9690399169922
2024-04-22,119.20064544677734
2024-04-23,119.6307601928711
2024-04-24,119.09310913085938
2024-04-25,119.258544921875
2024-04-26,119.86236572265624
2024-04-29,120.63988494873048
2024-04-30,118.72089385986328
2024-05-01,118.43966674804688
2024-05-02,119.87890625
2024-05-03,122.50096893310548
2024-05-06,123.31157684326172
2024-05-07,117.15757751464844
2024-05-08,114.568603515625
2024-05-09,115.62734985351562
2024-05-10,115.17241668701172
2024-05-13,114.41143798828124
2024-05-14,114.03922271728516
2024-05-15,113.90687561035156
2024-05-16,113.9399642944336
2024-05-17,112.8563995361328
2024-05-20,113.2286148071289
2024-05-21,114.80020141601562
2024-05-22,114.03922271728516
2024-05-23,114.57687377929688
2024-05-24,116.21463012695312
2024-05-28,113.74144744873048
2024-05-29,110.93740844726562
2024-05-30,113.62564849853516
2024-05-31,115.25513458251952
2024-06-03,114.13021087646484
2024-06-04,114.65958404541016
2024-06-05,114.3948974609375
2024-06-06,114.3948974609375
2024-06-07,115.02352905273438
2024-06-10,115.81759643554688
2024-06-11,115.37920379638672
2024-06-12,115.65216827392578
2024-06-13,115.13106536865234
2024-06-14,114.31217956542967
2024-06-17,116.41314697265624
2024-06-18,116.62820434570312
2024-06-20,116.78536224365234
2024-06-21,116.5951156616211
2024-06-24,117.52980041503906
2024-06-25,115.74315643310548
2024-06-26,115.03180694580078
2024-06-27,115.34612274169922
2024-06-28,115.5611801147461
2024-07-01,114.3948974609375
2024-07-02,113.95650482177734
2024-07-03,114.55205535888672
2024-07-05,113.10454559326172
2024-07-08,113.8655242919922
2024-07-09,112.8563995361328
2024-07-10,114.61823272705078
2024-07-11,116.7191925048828
2024-07-12,119.0517578125
2024-07-15,119.68865966796876
2024-07-16,124.68464660644533
2024-07-17,123.7003402709961
2024-07-18,123.0386199951172
2024-07-19,122.3272705078125
2024-07-22,123.6093521118164
2024-07-23,125.13130950927734
2024-07-24,118.22460174560548
2024-07-25,120.499267578125
2024-07-26,120.7474136352539
2024-07-29,120.59852600097656
2024-07-30,120.92111206054688
2024-07-31,121.05345916748048
2024-08-01,119.73828887939452
2024-08-02,117.65386962890624
2024-08-05,115.90858459472656
2024-08-06,116.37178802490234
2024-08-07,115.32130432128906
2024-08-08,117.67041778564452
2024-08-09,118.69608306884766
2024-08-12,118.68781280517578
2024-08-13,119.15101623535156
2024-08-14,119.92853546142578
2024-08-15,121.28506469726562
2024-08-16,121.51666259765624
2024-08-19,122.4596176147461
2024-08-20,121.97159576416016
2024-08-21,122.7822036743164
2024-08-22,122.93109130859376
2024-08-23,123.2454071044922
2024-08-26,124.10564422607422
2024-08-27,124.05601501464844
2024-08-28,123.6093521118164
2024-08-29,124.0725555419922
2024-08-30,124.80045318603516
2024-09-03,121.71517944335938
2024-09-04,121.45049285888672
2024-09-05,119.06002807617188
2024-09-06,117.38091278076172
2024-09-09,119.55632019042967
2024-09-10,118.39830780029295
2024-09-11,117.40572357177734
2024-09-12,117.86892700195312
2024-09-13,119.07656860351562
2024-09-16,119.76310729980467
2024-09-17,119.88717651367188
2024-09-18,120.38346862792967
2024-09-19,123.62589263916016
2024-09-20,122.9476318359375
2024-09-23,122.69121551513672
2024-09-24,124.45304870605467
2024-09-25,127.44733428955078
2024-09-26,127.8857192993164
2024-09-27,128.64669799804688
2024-09-30,129.6039581298828
2024-10-01,130.7623748779297
2024-10-02,133.74256896972656
2024-10-03,137.53465270996094
2024-10-04,138.65345764160156
2024-10-07,136.6039581298828
2024-10-08,135.99009704589844
2024-10-09,135.92079162597656
2024-10-10,135.40594482421875
2024-10-11,137.089111328125
2024-10-14,137.95050048828125
2024-10-15,136.9702911376953
2024-10-16,139.83168029785156
2024-10-17,141.68316650390625
2024-10-18,142.47525024414062
2024-10-21,142.11880493164062
2024-10-22,140.34654235839844
2024-10-23,139.98019409179688
2024-10-24,140.34654235839844
2024-10-25,139.1287078857422
2024-10-28,139.80198669433594
2024-10-29,141.4158477783203
2024-10-30,140.0
2024-10-31,139.18812561035156
2024-11-01,138.2376251220703
2024-11-04,138.4554443359375
2024-11-05,140.28712463378906
2024-11-06,146.15841674804688
2024-11-07,143.4158477783203
2024-11-08,144.98019409179688
2024-11-11,145.4257354736328
2024-11-12,145.65345764160156
2024-11-13,147.77227783203125
2024-11-14,139.2178192138672
2024-11-15,138.62376403808594
2024-11-18,138.9604034423828
2024-11-19,132.19801330566406
2024-11-20,131.18812561035156
2024-11-21,134.089111328125
2024-11-22,136.0
2024-11-25,137.92079162597656
2024-11-26,139.29702758789062
2024-11-27,139.81187438964844
2024-11-29,139.83168029785156
2024-12-02,138.4851531982422
2024-12-03,136.6336669921875
2024-12-04,136.99009704589844
2024-12-05,136.37623596191406
2024-12-06,136.46534729003906
2024-12-09,134.80198669433594
2024-12-10,134.732666015625
2024-12-11,133.7821807861328
2024-12-12,134.6732635498047
2024-12-13,135.6336669921875
2024-12-16,135.88119506835938
2024-12-17,133.3267364501953
2024-12-18,131.24752807617188
2024-12-19,132.732666015625
2024-12-20,134.40594482421875
2024-12-23,133.9405975341797
2024-12-24,134.65345764160156
2024-12-26,134.89108276367188
2024-12-27,133.732666015625
2024-12-30,132.17822265625
2024-12-31,132.29702758789062
2025-01-02,131.64356994628906
2025-01-03,132.47525024414062
2025-01-06,131.55445861816406
2025-01-07,130.5445556640625
2025-01-08,131.7821807861328
2025-01-10,131.0395965576172
2025-01-13,132.95050048828125
2025-01-14,133.81187438964844
2025-01-15,134.8712921142578
2025-01-16,136.9604034423828
2025-01-17,137.88119506835938
2025-01-21,139.83168029785156
2025-01-22,140.2376251220703
2025-01-23,140.17822265625
2025-01-24,139.62376403808594
2025-01-27,136.10891723632812
2025-01-28,136.0297088623047
2025-01-29,135.90098571777344
2025-01-30,138.43563842773438
2025-01-31,138.74256896972656
2025-02-03,137.40594482421875
2025-02-04,132.66336059570312
2025-02-05,130.9604034423828
2025-02-06,132.15841674804688
2025-02-07,132.6039581298828
2025-02-10,133.0594024658203
2025-02-11,131.90098571777344
2025-02-12,129.04949951171875
2025-02-13,129.0594024658203
2025-02-14,127.6039581298828
2025-02-18,129.13861083984375
2025-02-19,129.10891723632812
2025-02-20,128.84158325195312
2025-02-21,127.7821807861328
2025-02-24,127.11881256103516
2025-02-25,125.8910903930664
2025-02-26,125.14851379394533
2025-02-27,125.2871322631836
2025-02-28,126.84158325195312
2025-03-03,123.92079162597656
2025-03-04,121.50495147705078
2025-03-05,123.13861083984376
2025-03-06,122.37623596191406
2025-03-07,123.29702758789062
2025-03-10,122.35643768310548
2025-03-11,120.96039581298828
2025-03-12,120.50495147705078
2025-03-13,118.07920837402344
2025-03-14,120.84158325195312
2025-03-17,121.55445861816406
2025-03-18,121.2871322631836
2025-03-19,123.0197982788086
2025-03-20,120.68316650390624
2025-03-21,120.04950714111328
2025-03-24,121.97029876708984
2025-03-25,122.3960418701172
2025-03-26,122.7425765991211
2025-03-27,122.2178192138672
2025-03-28,120.0197982788086
2025-03-31,119.6930694580078
2025-04-01,120.77227783203124
2025-04-02,123.2871322631836
2025-04-03,117.3069305419922
2025-04-04,110.3465347290039
2025-04-07,109.96039581298828
2025-04-08,109.6930694580078
2025-04-09,117.36634063720705
2025-04-10,113.7128677368164
2025-04-11,115.38613891601562
2025-04-14,116.7128677368164
2025-04-15,116.3465347290039
2025-04-16,115.42574310302734
2025-04-17,116.05940246582033
2025-04-21,114.53465270996094
2025-04-22,117.2178192138672
2025-04-23,118.0197982788086
2025-04-24,121.11881256103516
2025-04-25,120.36634063720705
2025-04-28,121.1980209350586
2025-04-29,122.68316650390624
2025-04-30,122.57425689697266
2025-05-01,123.06930541992188
2025-05-02,125.42574310302734
2025-05-05,125.37623596191406
2025-05-06,118.2871322631836
2025-05-07,118.1089096069336
2025-05-08,121.73267364501952
2025-05-09,121.5445556640625
2025-05-12,126.24752807617188
2025-05-13,125.68316650390624
2025-05-14,124.97029876708984
2025-05-15,127.52474975585938
2025-05-16,129.1699981689453
2025-05-19,128.85000610351562
2025-05-20,128.1199951171875
2025-05-21,126.30999755859376
2025-05-22,126.80999755859376
2025-05-23,125.8499984741211
2025-05-27,128.66000366210938
2025-05-28,126.6999969482422
2025-05-29,126.0199966430664
2025-05-30,126.3000030517578
2025-06-02,124.12999725341795
2025-06-03,125.83999633789062
2025-06-04,125.5999984741211
2025-06-05,125.0
2025-06-06,127.66999816894533
2025-06-09,127.73999786376952
2025-06-10,127.47000122070312
2025-06-11,127.05999755859376
2025-06-12,127.61000061035156
2025-06-13,125.88999938964844
2025-06-16,129.72000122070312
2025-06-17,128.4600067138672
2025-06-18,127.33999633789062
2025-06-20,127.33000183105467
2025-06-23,128.25999450683594
2025-06-24,129.5399932861328
2025-06-25,128.05999755859375
2025-06-26,129.55999755859375
2025-06-27,130.0399932861328
2025-06-30,131.4499969482422
2025-07-01,132.64999389648438
2025-07-02,132.00999450683594
2025-07-03,132.61000061035156
2025-07-07,132.3699951171875
2025-07-08,132.99000549316406
2025-07-09,134.1999969482422
2025-07-10,136.2100067138672
2025-07-11,135.13999938964844
2025-07-14,136.0399932861328
2025-07-15,133.72000122070312
2025-07-16,137.72999572753906
2025-07-17,139.3000030517578
2025-07-18,138.6699981689453
2025-07-21,137.19000244140625
2025-07-22,139.44000244140625
2025-07-23,141.72000122070312
2025-07-24,142.1300048828125
2025-07-25,143.4499969482422
2025-07-28,143.27999877929688
2025-07-29,142.7899932861328
2025-07-30,141.39999389648438
2025-07-31,141.8699951171875
2025-08-01,139.0800018310547
2025-08-04,139.9199981689453
2025-08-05,145.2100067138672
2025-08-06,146.9499969482422
2025-08-07,146.97999572753906
2025-08-08,148.16000366210938
2025-08-11,147.85000610351562
2025-08-12,149.80999755859375
2025-08-13,152.17999267578125
2025-08-14,148.3300018310547
2025-08-15,147.9499969482422
2025-08-18,146.7899932861328
2025-08-19,147.75999450683594
2025-08-20,146.5399932861328
2025-08-21,147.32000732421875
2025-08-22,148.49000549316406
2025-08-25,147.10000610351562
2025-08-26,148.13999938964844
2025-08-27,148.36000061035156
2025-08-28,146.91000366210938
2025-08-29,146.22999572753906
2025-09-02,145.22999572753906
2025-09-03,143.3699951171875
2025-09-04,143.74000549316406
2025-09-05,145.4199981689453
2025-09-08,144.75999450683594
2025-09-09,143.7100067138672
2025-09-10,144.7100067138672
2025-09-11,148.74000549316406
2025-09-12,146.6999969482422
2025-09-15,146.74000549316406
2025-09-16,146.16000366210938
2025-09-17,147.3000030517578
2025-09-18,149.6300048828125
2025-09-19,149.1699981689453
2025-09-22,150.61000061035156
2025-09-23,147.86000061035156
2025-09-24,147.4600067138672
2025-09-25,146.27999877929688
2025-09-26,147.86000061035156
2025-09-29,148.4600067138672
2025-09-30,149.86000061035156
2025-10-01,152.49000549316406
2025-10-02,153.99000549316406
2025-10-03,154.60000610351562
2025-10-06,155.00999450683594
2025-10-07,155.30999755859375
2025-10-08,157.36000061035156
2025-10-09,155.44000244140625
2025-10-10,151.1300048828125
2025-10-13,153.91000366210938
2025-10-14,158.02000427246094
2025-10-15,160.6300048828125
2025-10-16,156.07000732421875
2025-10-17,155.38999938964844
2025-10-20,162.57000732421875
2025-10-21,164.44000244140625
2025-10-22,157.6999969482422
2025-10-23,160.77000427246094
2025-10-24,159.58999633789062
2025-10-27,161.0
2025-10-28,158.30999755859375
2025-10-29,158.36000061035156
2025-10-30,158.22000122070312
2025-10-31,155.80999755859375
2025-11-03,154.25
2025-11-04,154.57000732421875
2025-11-05,155.99000549316406
2025-11-06,153.49000549316406
2025-11-07,153.36000061035156
2025-11-10,154.27999877929688
2025-11-11,154.6699981689453
2025-11-12,154.6199951171875
2025-11-13,153.1999969482422
2025-11-14,154.41000366210938
2025-11-17,150.58999633789062
2025-11-18,150.75999450683594
2025-11-19,145.0500030517578
2025-11-20,129.1699981689453
2025-11-21,128.77000427246094
2025-11-24,132.8699951171875
2025-11-25,133.5399932861328
2025-11-26,135.86000061035156
2025-11-28,134.80999755859375
2025-12-01,132.83999633789062
2025-12-02,135.02000427246094
2025-12-03,138.72999572753906
2025-12-04,140.72999572753906
2025-12-05,140.22000122070312
2025-12-08,140.05999755859375
2025-12-09,137.27999877929688
2025-12-10,135.25
2025-12-11,136.72999572753906
2025-12-12,135.72000122070312
2025-12-15,135.52000427246094
2025-12-16,133.9499969482422
2025-12-17,132.3800048828125
2025-12-18,132.69000244140625
2025-12-19,134.07000732421875
2025-12-22,135.67999267578125
2025-12-23,135.86000061035156
2025-12-24,136.11000061035156
2025-12-26,135.27999877929688
2025-12-29,135.27999877929688
2025-12-30,133.94000244140625
2025-12-31,132.4600067138672
2026-01-02,135.35000610351562
2026-01-05,138.86000061035156
2026-01-06,137.6699981689453
2026-01-07,136.8000030517578
2026-01-08,138.38999938964844
2026-01-09,139.9499969482422
2026-01-12,139.50999450683594
2026-01-13,139.5
2026-01-14,139.0
2026-01-15,141.5
2026-01-16,139.94000244140625
2026-01-20,136.22999572753906
2026-01-21,138.47000122070312
2026-01-22,140.08999633789062
2026-01-23,137.88999938964844
2026-01-26,136.97999572753906
2026-01-27,136.77000427246094
2026-01-28,136.6999969482422
2026-01-29,136.2899932861328
2026-01-30,135.25999450683594
2026-02-02,136.8800048828125
2026-02-03,132.91000366210938
2026-02-04,143.3300018310547
2026-02-05,143.72999572753906
2026-02-06,148.80999755859375
2026-02-09,150.9600067138672
2026-02-10,151.16000366210938
2026-02-11,142.36000061035156
2026-02-12,131.52000427246094
2026-02-13,132.7899932861328
2026-02-17,136.4600067138672
2026-02-18,141.49000549316406
2026-02-19,139.30999755859375
2026-02-20,137.92999267578125
2026-02-23,131.8000030517578
2026-02-24,134.52999877929688
2026-02-25,133.4499969482422
2026-02-26,139.75999450683594
2026-02-27,137.86000061035156
2026-03-02,139.02999877929688
2026-03-03,138.8800048828125
2026-03-04,138.14999389648438
2026-03-05,136.10000610351562
2026-03-06,136.7899932861328
2026-03-09,134.6699981689453
2026-03-10,131.83999633789062
2026-03-11,132.91000366210938
2026-03-12,129.5
2026-03-13,128.05999755859375
2026-03-16,128.8300018310547
2026-03-17,130.3800048828125
2026-03-18,127.79000091552734
2026-03-19,128.02000427246094
2026-03-20,128.44000244140625
2026-03-23,129.2100067138672
2026-03-24,128.8699951171875
2026-03-25,129.97000122070312
2026-03-26,129.52000427246094
2026-03-27,125.88999938964844
2026-03-30,124.8000030517578
2026-03-31,127.27999877929688
2026-04-01,128.4199981689453
2026-04-02,128.02000427246094
2026-04-06,128.0399932861328
2026-04-07,127.19000244140624
2026-04-08,131.13999938964844
2026-04-09,127.12999725341795
2026-04-10,122.87000274658205
2026-04-13,125.30999755859376
2026-04-14,125.41000366210938
2026-04-15,127.30999755859376
2026-04-16,126.25
2026-04-17,128.92999267578125
2026-04-20,128.8699951171875
2026-04-21,129.50999450683594
2026-04-22,127.5500030517578
2026-04-23,127.58000183105467
2026-04-24,126.5999984741211
2026-04-27,125.81999969482422
2026-04-28,126.45999908447266
2026-04-29,125.56999969482422
2026-04-30,129.41000366210938
2026-05-01,128.9199981689453
2026-05-04,130.74000549316406
2026-05-05,136.5500030517578
2026-05-06,126.62000274658205
2026-05-07,122.76000213623048
2026-05-08,118.43000030517578
2026-05-11,117.0199966430664
2026-05-12,114.1500015258789
2026-05-13,107.2699966430664
2026-05-14,112.76000213623048
2026-05-15,110.51000213623048
2026-05-18,113.61000061035156
2026-05-19,112.88999938964844
2026-05-20,113.81999969482422
2026-05-21,114.04000091552734
2026-05-22,114.69000244140624
2026-05-26,115.8499984741211
2026-05-27,115.9000015258789
2026-05-28,118.95999908447266
2026-05-29,119.86000061035156
2026-06-01,123.0199966430664
2026-06-02,121.94000244140624
2026-06-03,121.27999877929688
2026-06-04,123.56999969482422
2026-06-05,122.5500030517578
2026-06-08,119.95999908447266
2026-06-09,125.44000244140625
2026-06-10,121.76000213623047
2026-06-11,126.30999755859375
2026-06-12,127.0
