,KKR
2015-01-02,23.489999771118164
2015-01-05,23.34000015258789
2015-01-06,23.11000061035156
2015-01-07,23.540000915527344
2015-01-08,23.399999618530277
2015-01-09,23.739999771118164
2015-01-12,23.46999931335449
2015-01-13,23.71999931335449
2015-01-14,23.239999771118164
2015-01-15,22.809999465942383
2015-01-16,22.950000762939453
2015-01-20,23.26000022888184
2015-01-21,23.450000762939453
2015-01-22,24.020000457763672
2015-01-23,24.26000022888184
2015-01-26,24.61000061035156
2015-01-27,24.6200008392334
2015-01-28,24.38999938964844
2015-01-29,24.270000457763672
2015-01-30,24.01000022888184
2015-02-02,24.049999237060547
2015-02-03,24.40999984741211
2015-02-04,24.270000457763672
2015-02-05,24.690000534057617
2015-02-06,24.71999931335449
2015-02-09,24.979999542236328
2015-02-10,24.270000457763672
2015-02-11,24.270000457763672
2015-02-12,24.36000061035156
2015-02-13,24.420000076293945
2015-02-17,24.36000061035156
2015-02-18,24.030000686645508
2015-02-19,24.200000762939453
2015-02-20,24.239999771118164
2015-02-23,23.96999931335449
2015-02-24,23.809999465942383
2015-02-25,23.559999465942383
2015-02-26,23.489999771118164
2015-02-27,22.850000381469727
2015-03-02,23.600000381469727
2015-03-03,23.46999931335449
2015-03-04,23.770000457763672
2015-03-05,23.670000076293945
2015-03-06,23.709999084472656
2015-03-09,23.270000457763672
2015-03-10,22.81999969482422
2015-03-11,22.8700008392334
2015-03-12,23.030000686645508
2015-03-13,22.8700008392334
2015-03-16,22.950000762939453
2015-03-17,23.01000022888184
2015-03-18,22.959999084472656
2015-03-19,22.809999465942383
2015-03-20,23.1200008392334
2015-03-23,23.1200008392334
2015-03-24,23.020000457763672
2015-03-25,22.82999992370605
2015-03-26,22.59000015258789
2015-03-27,22.649999618530277
2015-03-30,22.770000457763672
2015-03-31,22.809999465942383
2015-04-01,23.07999992370605
2015-04-02,22.950000762939453
2015-04-06,22.850000381469727
2015-04-07,22.61000061035156
2015-04-08,22.51000022888184
2015-04-09,22.479999542236328
2015-04-10,22.700000762939453
2015-04-13,22.8700008392334
2015-04-14,22.790000915527344
2015-04-15,22.93000030517578
2015-04-16,23.36000061035156
2015-04-17,23.11000061035156
2015-04-20,23.200000762939453
2015-04-21,23.15999984741211
2015-04-22,23.3700008392334
2015-04-23,23.540000915527344
2015-04-24,23.38999938964844
2015-04-27,23.270000457763672
2015-04-28,23.31999969482422
2015-04-29,23.239999771118164
2015-04-30,22.51000022888184
2015-05-01,22.6200008392334
2015-05-04,22.770000457763672
2015-05-05,22.81999969482422
2015-05-06,22.670000076293945
2015-05-07,22.5
2015-05-08,22.6200008392334
2015-05-11,22.649999618530277
2015-05-12,22.68000030517578
2015-05-13,22.770000457763672
2015-05-14,22.90999984741211
2015-05-15,23.01000022888184
2015-05-18,23.1200008392334
2015-05-19,23.1200008392334
2015-05-20,23.0
2015-05-21,22.979999542236328
2015-05-22,22.940000534057617
2015-05-26,22.93000030517578
2015-05-27,22.979999542236328
2015-05-28,23.0
2015-05-29,22.950000762939453
2015-06-01,22.8700008392334
2015-06-02,22.920000076293945
2015-06-03,23.190000534057617
2015-06-04,23.209999084472656
2015-06-05,23.25
2015-06-08,23.06999969482422
2015-06-09,22.850000381469727
2015-06-10,23.049999237060547
2015-06-11,23.309999465942383
2015-06-12,23.100000381469727
2015-06-15,22.96999931335449
2015-06-16,22.90999984741211
2015-06-17,22.790000915527344
2015-06-18,23.01000022888184
2015-06-19,23.0
2015-06-22,23.1299991607666
2015-06-23,23.280000686645508
2015-06-24,23.290000915527344
2015-06-25,23.26000022888184
2015-06-26,23.09000015258789
2015-06-29,22.790000915527344
2015-06-30,22.850000381469727
2015-07-01,23.030000686645508
2015-07-02,23.270000457763672
2015-07-06,23.149999618530277
2015-07-07,23.07999992370605
2015-07-08,22.420000076293945
2015-07-09,22.809999465942383
2015-07-10,23.170000076293945
2015-07-13,23.51000022888184
2015-07-14,23.81999969482422
2015-07-15,24.040000915527344
2015-07-16,24.13999938964844
2015-07-17,24.149999618530277
2015-07-20,23.76000022888184
2015-07-21,24.200000762939453
2015-07-22,24.09000015258789
2015-07-23,24.270000457763672
2015-07-24,24.1200008392334
2015-07-27,23.75
2015-07-28,24.200000762939453
2015-07-29,24.600000381469727
2015-07-30,24.040000915527344
2015-07-31,23.899999618530277
2015-08-03,23.989999771118164
2015-08-04,23.940000534057617
2015-08-05,23.799999237060547
2015-08-06,23.25
2015-08-07,23.0
2015-08-10,23.270000457763672
2015-08-11,22.780000686645508
2015-08-12,22.63999938964844
2015-08-13,22.739999771118164
2015-08-14,22.86000061035156
2015-08-17,22.190000534057617
2015-08-18,21.899999618530277
2015-08-19,21.5
2015-08-20,20.270000457763672
2015-08-21,19.549999237060547
2015-08-24,18.690000534057617
2015-08-25,18.899999618530277
2015-08-26,19.549999237060547
2015-08-27,20.34000015258789
2015-08-28,19.90999984741211
2015-08-31,19.09000015258789
2015-09-01,18.520000457763672
2015-09-02,18.520000457763672
2015-09-03,18.940000534057617
2015-09-04,18.739999771118164
2015-09-08,19.479999542236328
2015-09-09,18.90999984741211
2015-09-10,18.3700008392334
2015-09-11,18.5
2015-09-14,18.399999618530277
2015-09-15,18.88999938964844
2015-09-16,18.959999084472656
2015-09-17,19.459999084472656
2015-09-18,18.84000015258789
2015-09-21,18.84000015258789
2015-09-22,18.43000030517578
2015-09-23,17.989999771118164
2015-09-24,17.649999618530273
2015-09-25,17.450000762939453
2015-09-28,16.520000457763672
2015-09-29,16.1299991607666
2015-09-30,16.780000686645508
2015-10-01,17.15999984741211
2015-10-02,17.440000534057617
2015-10-05,18.26000022888184
2015-10-06,18.34000015258789
2015-10-07,18.6200008392334
2015-10-08,18.76000022888184
2015-10-09,18.670000076293945
2015-10-12,18.350000381469727
2015-10-13,17.899999618530273
2015-10-14,17.610000610351562
2015-10-15,17.700000762939453
2015-10-16,17.799999237060547
2015-10-19,17.229999542236328
2015-10-20,16.969999313354492
2015-10-21,17.049999237060547
2015-10-22,17.389999389648438
2015-10-23,17.790000915527344
2015-10-26,17.770000457763672
2015-10-27,17.600000381469727
2015-10-28,16.850000381469727
2015-10-29,17.299999237060547
2015-10-30,17.149999618530273
2015-11-02,18.32999992370605
2015-11-03,18.899999618530277
2015-11-04,18.450000762939453
2015-11-05,18.8799991607666
2015-11-06,18.989999771118164
2015-11-09,18.209999084472656
2015-11-10,18.040000915527344
2015-11-11,18.020000457763672
2015-11-12,17.899999618530273
2015-11-13,17.6299991607666
2015-11-16,17.649999618530273
2015-11-17,17.270000457763672
2015-11-18,17.479999542236328
2015-11-19,17.540000915527344
2015-11-20,17.450000762939453
2015-11-23,17.100000381469727
2015-11-24,17.030000686645508
2015-11-25,17.09000015258789
2015-11-27,17.100000381469727
2015-11-30,16.90999984741211
2015-12-01,16.920000076293945
2015-12-02,16.579999923706055
2015-12-03,16.3799991607666
2015-12-04,16.329999923706055
2015-12-07,16.15999984741211
2015-12-08,16.020000457763672
2015-12-09,15.739999771118164
2015-12-10,16.40999984741211
2015-12-11,15.199999809265137
2015-12-14,14.449999809265137
2015-12-15,15.229999542236328
2015-12-16,15.380000114440918
2015-12-17,15.760000228881836
2015-12-18,15.5600004196167
2015-12-21,15.850000381469728
2015-12-22,15.710000038146973
2015-12-23,16.190000534057617
2015-12-24,16.040000915527344
2015-12-28,15.800000190734863
2015-12-29,15.65999984741211
2015-12-30,15.609999656677246
2015-12-31,15.59000015258789
2016-01-04,15.779999732971191
2016-01-05,15.449999809265137
2016-01-06,15.140000343322754
2016-01-07,14.489999771118164
2016-01-08,14.15999984741211
2016-01-11,13.68000030517578
2016-01-12,13.539999961853027
2016-01-13,13.31999969482422
2016-01-14,13.949999809265137
2016-01-15,13.4399995803833
2016-01-19,13.170000076293944
2016-01-20,13.619999885559082
2016-01-21,14.369999885559082
2016-01-22,14.40999984741211
2016-01-25,13.399999618530272
2016-01-26,13.739999771118164
2016-01-27,13.390000343322754
2016-01-28,13.529999732971191
2016-01-29,13.630000114440918
2016-02-01,13.90999984741211
2016-02-02,13.380000114440918
2016-02-03,13.25
2016-02-04,13.640000343322754
2016-02-05,13.829999923706056
2016-02-08,12.93000030517578
2016-02-09,12.619999885559082
2016-02-10,11.710000038146973
2016-02-11,11.130000114440918
2016-02-12,11.9399995803833
2016-02-16,12.479999542236328
2016-02-17,12.600000381469728
2016-02-18,12.8100004196167
2016-02-19,12.81999969482422
2016-02-22,13.15999984741211
2016-02-23,13.010000228881836
2016-02-24,12.619999885559082
2016-02-25,12.260000228881836
2016-02-26,12.34000015258789
2016-02-29,12.84000015258789
2016-03-01,12.960000038146973
2016-03-02,12.779999732971191
2016-03-03,12.979999542236328
2016-03-04,13.420000076293944
2016-03-07,13.949999809265137
2016-03-08,13.34000015258789
2016-03-09,13.5
2016-03-10,13.779999732971191
2016-03-11,14.149999618530272
2016-03-14,14.109999656677246
2016-03-15,13.949999809265137
2016-03-16,14.350000381469728
2016-03-17,15.039999961853027
2016-03-18,14.779999732971191
2016-03-21,14.93000030517578
2016-03-22,14.869999885559082
2016-03-23,14.199999809265137
2016-03-24,13.899999618530272
2016-03-28,14.100000381469728
2016-03-29,14.369999885559082
2016-03-30,14.5
2016-03-31,14.6899995803833
2016-04-01,14.350000381469728
2016-04-04,14.0
2016-04-05,13.369999885559082
2016-04-06,13.470000267028809
2016-04-07,13.300000190734863
2016-04-08,13.050000190734863
2016-04-11,13.1899995803833
2016-04-12,13.279999732971191
2016-04-13,13.779999732971191
2016-04-14,13.710000038146973
2016-04-15,13.670000076293944
2016-04-18,13.949999809265137
2016-04-19,14.359999656677246
2016-04-20,14.8100004196167
2016-04-21,14.869999885559082
2016-04-22,14.9399995803833
2016-04-25,14.489999771118164
2016-04-26,14.520000457763672
2016-04-27,14.369999885559082
2016-04-28,13.920000076293944
2016-04-29,13.600000381469728
2016-05-02,13.4399995803833
2016-05-03,13.5
2016-05-04,13.390000343322754
2016-05-05,13.170000076293944
2016-05-06,13.170000076293944
2016-05-09,13.050000190734863
2016-05-10,13.0
2016-05-11,12.850000381469728
2016-05-12,12.979999542236328
2016-05-13,12.670000076293944
2016-05-16,13.010000228881836
2016-05-17,13.130000114440918
2016-05-18,13.130000114440918
2016-05-19,12.81999969482422
2016-05-20,13.050000190734863
2016-05-23,13.0600004196167
2016-05-24,13.380000114440918
2016-05-25,13.56999969482422
2016-05-26,13.420000076293944
2016-05-27,13.520000457763672
2016-05-31,13.510000228881836
2016-06-01,13.630000114440918
2016-06-02,13.65999984741211
2016-06-03,13.539999961853027
2016-06-06,14.039999961853027
2016-06-07,14.06999969482422
2016-06-08,13.90999984741211
2016-06-09,13.640000343322754
2016-06-10,13.369999885559082
2016-06-13,13.109999656677246
2016-06-14,12.720000267028809
2016-06-15,12.6899995803833
2016-06-16,12.40999984741211
2016-06-17,12.460000038146973
2016-06-20,12.779999732971191
2016-06-21,13.079999923706056
2016-06-22,13.010000228881836
2016-06-23,13.25
2016-06-24,12.420000076293944
2016-06-27,11.979999542236328
2016-06-28,12.010000228881836
2016-06-29,12.479999542236328
2016-06-30,12.34000015258789
2016-07-01,12.34000015258789
2016-07-05,12.0600004196167
2016-07-06,12.0
2016-07-07,12.09000015258789
2016-07-08,12.300000190734863
2016-07-11,12.479999542236328
2016-07-12,12.479999542236328
2016-07-13,12.399999618530272
2016-07-14,12.56999969482422
2016-07-15,12.850000381469728
2016-07-18,12.920000076293944
2016-07-19,13.0600004196167
2016-07-20,13.68000030517578
2016-07-21,13.850000381469728
2016-07-22,14.100000381469728
2016-07-25,13.920000076293944
2016-07-26,14.470000267028809
2016-07-27,14.720000267028809
2016-07-28,14.68000030517578
2016-07-29,14.4399995803833
2016-08-01,14.550000190734863
2016-08-02,14.140000343322754
2016-08-03,14.260000228881836
2016-08-04,14.489999771118164
2016-08-05,14.630000114440918
2016-08-08,14.859999656677246
2016-08-09,14.869999885559082
2016-08-10,14.630000114440918
2016-08-11,14.8100004196167
2016-08-12,14.779999732971191
2016-08-15,14.920000076293944
2016-08-16,14.770000457763672
2016-08-17,14.68000030517578
2016-08-18,15.050000190734863
2016-08-19,15.09000015258789
2016-08-22,15.09000015258789
2016-08-23,14.970000267028809
2016-08-24,14.800000190734863
2016-08-25,14.68000030517578
2016-08-26,14.56999969482422
2016-08-29,14.800000190734863
2016-08-30,14.859999656677246
2016-08-31,14.989999771118164
2016-09-01,14.779999732971191
2016-09-02,14.800000190734863
2016-09-06,14.84000015258789
2016-09-07,15.0
2016-09-08,15.279999732971191
2016-09-09,14.739999771118164
2016-09-12,14.880000114440918
2016-09-13,14.5600004196167
2016-09-14,14.470000267028809
2016-09-15,14.739999771118164
2016-09-16,14.350000381469728
2016-09-19,14.380000114440918
2016-09-20,14.380000114440918
2016-09-21,14.40999984741211
2016-09-22,14.479999542236328
2016-09-23,14.34000015258789
2016-09-26,14.06999969482422
2016-09-27,14.010000228881836
2016-09-28,14.140000343322754
2016-09-29,14.050000190734863
2016-09-30,14.260000228881836
2016-10-03,14.270000457763672
2016-10-04,14.199999809265137
2016-10-05,14.359999656677246
2016-10-06,14.260000228881836
2016-10-07,14.229999542236328
2016-10-10,14.369999885559082
2016-10-11,14.239999771118164
2016-10-12,14.0
2016-10-13,13.770000457763672
2016-10-14,13.75
2016-10-17,13.640000343322754
2016-10-18,13.720000267028809
2016-10-19,13.880000114440918
2016-10-20,13.890000343322754
2016-10-21,14.020000457763672
2016-10-24,14.479999542236328
2016-10-25,14.880000114440918
2016-10-26,14.869999885559082
2016-10-27,14.75
2016-10-28,14.510000228881836
2016-10-31,14.1899995803833
2016-11-01,14.06999969482422
2016-11-02,14.079999923706056
2016-11-03,13.890000343322754
2016-11-04,13.640000343322754
2016-11-07,13.960000038146973
2016-11-08,13.890000343322754
2016-11-09,13.609999656677246
2016-11-10,14.25
2016-11-11,14.739999771118164
2016-11-14,15.130000114440918
2016-11-15,15.050000190734863
2016-11-16,14.760000228881836
2016-11-17,15.220000267028809
2016-11-18,15.399999618530272
2016-11-21,15.460000038146973
2016-11-22,15.4399995803833
2016-11-23,15.550000190734863
2016-11-25,15.9399995803833
2016-11-28,15.369999885559082
2016-11-29,15.260000228881836
2016-11-30,15.300000190734863
2016-12-01,15.670000076293944
2016-12-02,15.479999542236328
2016-12-05,15.670000076293944
2016-12-06,15.869999885559082
2016-12-07,16.34000015258789
2016-12-08,16.989999771118164
2016-12-09,17.1299991607666
2016-12-12,16.959999084472656
2016-12-13,16.850000381469727
2016-12-14,16.520000457763672
2016-12-15,16.649999618530273
2016-12-16,16.649999618530273
2016-12-19,16.649999618530273
2016-12-20,16.84000015258789
2016-12-21,16.6200008392334
2016-12-22,16.34000015258789
2016-12-23,16.06999969482422
2016-12-27,15.920000076293944
2016-12-28,15.609999656677246
2016-12-29,15.470000267028809
2016-12-30,15.390000343322754
2017-01-03,15.829999923706056
2017-01-04,16.3799991607666
2017-01-05,16.40999984741211
2017-01-06,16.729999542236328
2017-01-09,17.139999389648438
2017-01-10,17.110000610351562
2017-01-11,17.25
2017-01-12,17.229999542236328
2017-01-13,17.229999542236328
2017-01-17,16.989999771118164
2017-01-18,17.139999389648438
2017-01-19,17.040000915527344
2017-01-20,17.219999313354492
2017-01-23,17.190000534057617
2017-01-24,17.6200008392334
2017-01-25,17.690000534057617
2017-01-26,17.799999237060547
2017-01-27,17.739999771118164
2017-01-30,17.540000915527344
2017-01-31,17.360000610351562
2017-02-01,17.579999923706055
2017-02-02,17.559999465942383
2017-02-03,17.610000610351562
2017-02-06,17.469999313354492
2017-02-07,17.940000534057617
2017-02-08,18.3700008392334
2017-02-09,18.239999771118164
2017-02-10,18.170000076293945
2017-02-13,18.0
2017-02-14,18.010000228881836
2017-02-15,18.18000030517578
2017-02-16,18.010000228881836
2017-02-17,18.25
2017-02-21,18.270000457763672
2017-02-22,18.239999771118164
2017-02-23,18.190000534057617
2017-02-24,18.0
2017-02-27,18.1200008392334
2017-02-28,18.030000686645508
2017-03-01,18.18000030517578
2017-03-02,18.09000015258789
2017-03-03,18.09000015258789
2017-03-06,18.040000915527344
2017-03-07,17.90999984741211
2017-03-08,18.010000228881836
2017-03-09,18.020000457763672
2017-03-10,18.209999084472656
2017-03-13,18.270000457763672
2017-03-14,18.26000022888184
2017-03-15,18.43000030517578
2017-03-16,18.350000381469727
2017-03-17,18.15999984741211
2017-03-20,18.25
2017-03-21,17.93000030517578
2017-03-22,18.21999931335449
2017-03-23,18.239999771118164
2017-03-24,18.170000076293945
2017-03-27,17.68000030517578
2017-03-28,17.850000381469727
2017-03-29,17.770000457763672
2017-03-30,18.3700008392334
2017-03-31,18.229999542236328
2017-04-03,17.940000534057617
2017-04-04,18.040000915527344
2017-04-05,17.68000030517578
2017-04-06,17.68000030517578
2017-04-07,17.450000762939453
2017-04-10,17.889999389648438
2017-04-11,17.8799991607666
2017-04-12,17.56999969482422
2017-04-13,17.270000457763672
2017-04-17,17.309999465942383
2017-04-18,17.040000915527344
2017-04-19,16.860000610351562
2017-04-20,17.219999313354492
2017-04-21,17.040000915527344
2017-04-24,17.260000228881836
2017-04-25,17.489999771118164
2017-04-26,17.770000457763672
2017-04-27,18.729999542236328
2017-04-28,18.979999542236328
2017-05-01,18.899999618530277
2017-05-02,18.739999771118164
2017-05-03,18.600000381469727
2017-05-04,18.25
2017-05-05,18.59000015258789
2017-05-08,18.739999771118164
2017-05-09,18.96999931335449
2017-05-10,18.82999992370605
2017-05-11,18.690000534057617
2017-05-12,18.36000061035156
2017-05-15,18.530000686645508
2017-05-16,18.6299991607666
2017-05-17,17.93000030517578
2017-05-18,18.13999938964844
2017-05-19,18.450000762939453
2017-05-22,18.84000015258789
2017-05-23,18.700000762939453
2017-05-24,18.739999771118164
2017-05-25,18.6299991607666
2017-05-26,18.670000076293945
2017-05-30,18.61000061035156
2017-05-31,18.420000076293945
2017-06-01,18.76000022888184
2017-06-02,18.790000915527344
2017-06-05,18.5
2017-06-06,18.530000686645508
2017-06-07,18.540000915527344
2017-06-08,18.63999938964844
2017-06-09,18.959999084472656
2017-06-12,18.709999084472656
2017-06-13,19.11000061035156
2017-06-14,18.600000381469727
2017-06-15,18.43000030517578
2017-06-16,18.26000022888184
2017-06-19,18.84000015258789
2017-06-20,18.6200008392334
2017-06-21,18.549999237060547
2017-06-22,18.770000457763672
2017-06-23,18.530000686645508
2017-06-26,18.229999542236328
2017-06-27,18.200000762939453
2017-06-28,18.540000915527344
2017-06-29,18.420000076293945
2017-06-30,18.600000381469727
2017-07-03,18.540000915527344
2017-07-05,18.43000030517578
2017-07-06,18.31999969482422
2017-07-07,18.549999237060547
2017-07-10,18.86000061035156
2017-07-11,18.96999931335449
2017-07-12,19.170000076293945
2017-07-13,19.15999984741211
2017-07-14,19.25
2017-07-17,19.440000534057617
2017-07-18,19.1299991607666
2017-07-19,19.440000534057617
2017-07-20,19.309999465942383
2017-07-21,19.3799991607666
2017-07-24,19.299999237060547
2017-07-25,19.459999084472656
2017-07-26,19.309999465942383
2017-07-27,19.25
2017-07-28,19.299999237060547
2017-07-31,19.3799991607666
2017-08-01,19.459999084472656
2017-08-02,19.350000381469727
2017-08-03,19.399999618530277
2017-08-04,19.520000457763672
2017-08-07,19.5
2017-08-08,19.520000457763672
2017-08-09,19.1200008392334
2017-08-10,18.5
2017-08-11,18.34000015258789
2017-08-14,18.63999938964844
2017-08-15,18.459999084472656
2017-08-16,18.3799991607666
2017-08-17,18.030000686645508
2017-08-18,18.13999938964844
2017-08-21,18.13999938964844
2017-08-22,18.63999938964844
2017-08-23,18.56999969482422
2017-08-24,18.31999969482422
2017-08-25,18.440000534057617
2017-08-28,18.649999618530277
2017-08-29,18.440000534057617
2017-08-30,18.950000762939453
2017-08-31,19.01000022888184
2017-09-01,18.979999542236328
2017-09-05,18.350000381469727
2017-09-06,18.31999969482422
2017-09-07,18.26000022888184
2017-09-08,18.15999984741211
2017-09-11,18.65999984741211
2017-09-12,18.76000022888184
2017-09-13,18.57999992370605
2017-09-14,18.700000762939453
2017-09-15,18.93000030517578
2017-09-18,18.940000534057617
2017-09-19,19.09000015258789
2017-09-20,19.25
2017-09-21,19.309999465942383
2017-09-22,19.729999542236328
2017-09-25,19.709999084472656
2017-09-26,19.799999237060547
2017-09-27,19.90999984741211
2017-09-28,19.989999771118164
2017-09-29,20.32999992370605
2017-10-02,20.229999542236328
2017-10-03,20.280000686645508
2017-10-04,20.36000061035156
2017-10-05,20.5
2017-10-06,20.299999237060547
2017-10-09,20.200000762939453
2017-10-10,20.25
2017-10-11,20.239999771118164
2017-10-12,20.030000686645508
2017-10-13,19.90999984741211
2017-10-16,20.200000762939453
2017-10-17,20.18000030517578
2017-10-18,20.21999931335449
2017-10-19,20.36000061035156
2017-10-20,20.3799991607666
2017-10-23,20.3700008392334
2017-10-24,20.75
2017-10-25,20.520000457763672
2017-10-26,20.299999237060547
2017-10-27,20.350000381469727
2017-10-30,20.049999237060547
2017-10-31,20.049999237060547
2017-11-01,19.90999984741211
2017-11-02,19.899999618530277
2017-11-03,20.020000457763672
2017-11-06,20.06999969482422
2017-11-07,19.989999771118164
2017-11-08,19.76000022888184
2017-11-09,19.5
2017-11-10,19.26000022888184
2017-11-13,19.229999542236328
2017-11-14,19.200000762939453
2017-11-15,19.21999931335449
2017-11-16,19.549999237060547
2017-11-17,19.559999465942383
2017-11-20,19.5
2017-11-21,19.5
2017-11-22,19.520000457763672
2017-11-24,19.51000022888184
2017-11-27,19.489999771118164
2017-11-28,19.6299991607666
2017-11-29,19.780000686645508
2017-11-30,19.920000076293945
2017-12-01,19.8799991607666
2017-12-04,19.950000762939453
2017-12-05,19.57999992370605
2017-12-06,19.190000534057617
2017-12-07,19.65999984741211
2017-12-08,19.989999771118164
2017-12-11,20.18000030517578
2017-12-12,20.11000061035156
2017-12-13,19.940000534057617
2017-12-14,19.93000030517578
2017-12-15,20.100000381469727
2017-12-18,20.6299991607666
2017-12-19,20.770000457763672
2017-12-20,20.90999984741211
2017-12-21,21.149999618530277
2017-12-22,21.18000030517578
2017-12-26,20.989999771118164
2017-12-27,21.06999969482422
2017-12-28,21.1299991607666
2017-12-29,21.059999465942383
2018-01-02,21.51000022888184
2018-01-03,21.96999931335449
2018-01-04,21.989999771118164
2018-01-05,21.920000076293945
2018-01-08,22.030000686645508
2018-01-09,22.670000076293945
2018-01-10,22.850000381469727
2018-01-11,23.030000686645508
2018-01-12,23.07999992370605
2018-01-16,22.790000915527344
2018-01-17,22.850000381469727
2018-01-18,22.549999237060547
2018-01-19,22.770000457763672
2018-01-22,23.020000457763672
2018-01-23,23.76000022888184
2018-01-24,23.989999771118164
2018-01-25,24.40999984741211
2018-01-26,24.399999618530277
2018-01-29,24.25
2018-01-30,23.959999084472656
2018-01-31,24.07999992370605
2018-02-01,24.309999465942383
2018-02-02,23.479999542236328
2018-02-05,21.940000534057617
2018-02-06,22.06999969482422
2018-02-07,22.190000534057617
2018-02-08,21.07999992370605
2018-02-09,21.190000534057617
2018-02-12,21.530000686645508
2018-02-13,21.25
2018-02-14,21.59000015258789
2018-02-15,22.479999542236328
2018-02-16,22.229999542236328
2018-02-20,21.8700008392334
2018-02-21,21.88999938964844
2018-02-22,21.780000686645508
2018-02-23,21.959999084472656
2018-02-26,22.059999465942383
2018-02-27,21.540000915527344
2018-02-28,21.459999084472656
2018-03-01,21.43000030517578
2018-03-02,21.559999465942383
2018-03-05,21.979999542236328
2018-03-06,22.280000686645508
2018-03-07,22.190000534057617
2018-03-08,22.1200008392334
2018-03-09,22.709999084472656
2018-03-12,22.690000534057617
2018-03-13,22.420000076293945
2018-03-14,22.1200008392334
2018-03-15,21.76000022888184
2018-03-16,21.96999931335449
2018-03-19,21.63999938964844
2018-03-20,21.75
2018-03-21,21.809999465942383
2018-03-22,21.06999969482422
2018-03-23,20.61000061035156
2018-03-26,20.700000762939453
2018-03-27,20.3700008392334
2018-03-28,20.200000762939453
2018-03-29,20.299999237060547
2018-04-02,19.88999938964844
2018-04-03,19.709999084472656
2018-04-04,20.100000381469727
2018-04-05,20.32999992370605
2018-04-06,20.01000022888184
2018-04-09,20.01000022888184
2018-04-10,20.40999984741211
2018-04-11,20.229999542236328
2018-04-12,20.57999992370605
2018-04-13,20.32999992370605
2018-04-16,20.71999931335449
2018-04-17,20.979999542236328
2018-04-18,20.96999931335449
2018-04-19,21.149999618530277
2018-04-20,21.420000076293945
2018-04-23,21.309999465942383
2018-04-24,21.149999618530277
2018-04-25,20.75
2018-04-26,20.88999938964844
2018-04-27,20.86000061035156
2018-04-30,20.940000534057617
2018-05-01,21.399999618530277
2018-05-02,21.5
2018-05-03,22.13999938964844
2018-05-04,23.0
2018-05-07,22.59000015258789
2018-05-08,22.670000076293945
2018-05-09,22.8799991607666
2018-05-10,22.51000022888184
2018-05-11,22.030000686645508
2018-05-14,21.75
2018-05-15,21.600000381469727
2018-05-16,22.31999969482422
2018-05-17,22.709999084472656
2018-05-18,22.399999618530277
2018-05-21,22.649999618530277
2018-05-22,22.56999969482422
2018-05-23,22.290000915527344
2018-05-24,22.5
2018-05-25,22.459999084472656
2018-05-29,21.90999984741211
2018-05-30,22.149999618530277
2018-05-31,22.229999542236328
2018-06-01,22.46999931335449
2018-06-04,22.520000457763672
2018-06-05,22.450000762939453
2018-06-06,22.65999984741211
2018-06-07,22.479999542236328
2018-06-08,22.979999542236328
2018-06-11,23.26000022888184
2018-06-12,23.239999771118164
2018-06-13,23.6299991607666
2018-06-14,23.76000022888184
2018-06-15,23.90999984741211
2018-06-18,23.959999084472656
2018-06-19,24.18000030517578
2018-06-20,24.280000686645508
2018-06-21,24.56999969482422
2018-06-22,24.850000381469727
2018-06-25,24.540000915527344
2018-06-26,25.0
2018-06-27,24.84000015258789
2018-06-28,24.450000762939453
2018-06-29,24.850000381469727
2018-07-02,25.93000030517578
2018-07-03,26.68000030517578
2018-07-05,26.850000381469727
2018-07-06,27.040000915527344
2018-07-09,27.11000061035156
2018-07-10,26.280000686645508
2018-07-11,26.290000915527344
2018-07-12,26.600000381469727
2018-07-13,26.530000686645508
2018-07-16,26.600000381469727
2018-07-17,26.899999618530277
2018-07-18,27.200000762939453
2018-07-19,27.059999465942383
2018-07-20,27.270000457763672
2018-07-23,27.34000015258789
2018-07-24,27.5
2018-07-25,27.739999771118164
2018-07-26,27.850000381469727
2018-07-27,27.65999984741211
2018-07-30,27.309999465942383
2018-07-31,27.3799991607666
2018-08-01,27.38999938964844
2018-08-02,27.1299991607666
2018-08-03,26.950000762939453
2018-08-06,26.63999938964844
2018-08-07,26.3799991607666
2018-08-08,26.13999938964844
2018-08-09,26.239999771118164
2018-08-10,25.729999542236328
2018-08-13,25.200000762939453
2018-08-14,25.440000534057617
2018-08-15,25.100000381469727
2018-08-16,25.3700008392334
2018-08-17,25.399999618530277
2018-08-20,25.549999237060547
2018-08-21,25.88999938964844
2018-08-22,26.209999084472656
2018-08-23,26.489999771118164
2018-08-24,26.690000534057617
2018-08-27,26.459999084472656
2018-08-28,26.31999969482422
2018-08-29,26.32999992370605
2018-08-30,26.059999465942383
2018-08-31,26.07999992370605
2018-09-04,25.959999084472656
2018-09-05,25.450000762939453
2018-09-06,25.170000076293945
2018-09-07,25.1200008392334
2018-09-10,26.350000381469727
2018-09-11,26.530000686645508
2018-09-12,26.8700008392334
2018-09-13,27.18000030517578
2018-09-14,27.520000457763672
2018-09-17,27.6200008392334
2018-09-18,27.670000076293945
2018-09-19,27.88999938964844
2018-09-20,28.020000457763672
2018-09-21,28.25
2018-09-24,28.25
2018-09-25,28.1200008392334
2018-09-26,28.0
2018-09-27,27.5
2018-09-28,27.270000457763672
2018-10-01,27.5
2018-10-02,27.520000457763672
2018-10-03,28.030000686645508
2018-10-04,27.700000762939453
2018-10-05,26.96999931335449
2018-10-08,26.36000061035156
2018-10-09,26.059999465942383
2018-10-10,24.420000076293945
2018-10-11,24.25
2018-10-12,24.489999771118164
2018-10-15,24.81999969482422
2018-10-16,25.649999618530277
2018-10-17,25.549999237060547
2018-10-18,24.670000076293945
2018-10-19,24.170000076293945
2018-10-22,23.90999984741211
2018-10-23,23.149999618530277
2018-10-24,22.1200008392334
2018-10-25,23.51000022888184
2018-10-26,22.940000534057617
2018-10-29,21.790000915527344
2018-10-30,23.13999938964844
2018-10-31,23.649999618530277
2018-11-01,24.56999969482422
2018-11-02,23.88999938964844
2018-11-05,24.0
2018-11-06,23.989999771118164
2018-11-07,24.739999771118164
2018-11-08,24.440000534057617
2018-11-09,23.790000915527344
2018-11-12,22.809999465942383
2018-11-13,22.8700008392334
2018-11-14,22.420000076293945
2018-11-15,22.299999237060547
2018-11-16,21.82999992370605
2018-11-19,21.100000381469727
2018-11-20,20.940000534057617
2018-11-21,21.739999771118164
2018-11-23,22.15999984741211
2018-11-26,22.68000030517578
2018-11-27,22.31999969482422
2018-11-28,23.0
2018-11-29,22.739999771118164
2018-11-30,22.920000076293945
2018-12-03,23.649999618530277
2018-12-04,22.200000762939453
2018-12-06,21.61000061035156
2018-12-07,21.0
2018-12-10,21.11000061035156
2018-12-11,20.90999984741211
2018-12-12,21.149999618530277
2018-12-13,20.790000915527344
2018-12-14,20.1200008392334
2018-12-17,19.799999237060547
2018-12-18,19.90999984741211
2018-12-19,19.350000381469727
2018-12-20,19.11000061035156
2018-12-21,19.020000457763672
2018-12-24,18.68000030517578
2018-12-26,19.6200008392334
2018-12-27,19.84000015258789
2018-12-28,19.63999938964844
2018-12-31,19.6299991607666
2019-01-02,19.6200008392334
2019-01-03,18.709999084472656
2019-01-04,20.0
2019-01-07,20.690000534057617
2019-01-08,21.1299991607666
2019-01-09,21.479999542236328
2019-01-10,21.1200008392334
2019-01-11,20.899999618530277
2019-01-14,20.76000022888184
2019-01-15,21.100000381469727
2019-01-16,22.25
2019-01-17,22.649999618530277
2019-01-18,22.81999969482422
2019-01-22,22.15999984741211
2019-01-23,22.290000915527344
2019-01-24,22.36000061035156
2019-01-25,22.82999992370605
2019-01-28,22.780000686645508
2019-01-29,22.459999084472656
2019-01-30,22.559999465942383
2019-01-31,22.450000762939453
2019-02-01,23.479999542236328
2019-02-04,23.709999084472656
2019-02-05,23.739999771118164
2019-02-06,23.239999771118164
2019-02-07,23.25
2019-02-08,23.170000076293945
2019-02-11,23.440000534057617
2019-02-12,23.61000061035156
2019-02-13,23.5
2019-02-14,23.38999938964844
2019-02-15,23.530000686645508
2019-02-19,23.700000762939453
2019-02-20,23.649999618530277
2019-02-21,23.65999984741211
2019-02-22,23.350000381469727
2019-02-25,22.790000915527344
2019-02-26,22.790000915527344
2019-02-27,22.82999992370605
2019-02-28,22.229999542236328
2019-03-01,22.559999465942383
2019-03-04,23.07999992370605
2019-03-05,22.8700008392334
2019-03-06,22.770000457763672
2019-03-07,22.71999931335449
2019-03-08,22.38999938964844
2019-03-11,22.959999084472656
2019-03-12,23.190000534057617
2019-03-13,23.81999969482422
2019-03-14,24.13999938964844
2019-03-15,24.15999984741211
2019-03-18,24.51000022888184
2019-03-19,24.209999084472656
2019-03-20,24.07999992370605
2019-03-21,24.520000457763672
2019-03-22,23.65999984741211
2019-03-25,23.559999465942383
2019-03-26,23.690000534057617
2019-03-27,23.21999931335449
2019-03-28,23.26000022888184
2019-03-29,23.489999771118164
2019-04-01,24.1299991607666
2019-04-02,23.25
2019-04-03,23.59000015258789
2019-04-04,23.649999618530277
2019-04-05,23.799999237060547
2019-04-08,23.649999618530277
2019-04-09,22.899999618530277
2019-04-10,23.06999969482422
2019-04-11,22.96999931335449
2019-04-12,23.34000015258789
2019-04-15,23.350000381469727
2019-04-16,23.86000061035156
2019-04-17,23.46999931335449
2019-04-18,23.76000022888184
2019-04-22,23.420000076293945
2019-04-23,23.780000686645508
2019-04-24,23.82999992370605
2019-04-25,24.11000061035156
2019-04-26,24.559999465942383
2019-04-29,24.809999465942383
2019-04-30,24.450000762939453
2019-05-01,24.63999938964844
2019-05-02,24.21999931335449
2019-05-03,24.670000076293945
2019-05-06,24.15999984741211
2019-05-07,23.90999984741211
2019-05-08,23.76000022888184
2019-05-09,23.920000076293945
2019-05-10,24.149999618530277
2019-05-13,23.290000915527344
2019-05-14,24.09000015258789
2019-05-15,24.209999084472656
2019-05-16,24.65999984741211
2019-05-17,24.670000076293945
2019-05-20,24.5
2019-05-21,24.96999931335449
2019-05-22,24.899999618530277
2019-05-23,24.040000915527344
2019-05-24,23.989999771118164
2019-05-28,23.549999237060547
2019-05-29,23.200000762939453
2019-05-30,23.3799991607666
2019-05-31,22.280000686645508
2019-06-03,22.71999931335449
2019-06-04,23.56999969482422
2019-06-05,23.709999084472656
2019-06-06,23.790000915527344
2019-06-07,23.959999084472656
2019-06-10,23.959999084472656
2019-06-11,24.040000915527344
2019-06-12,24.100000381469727
2019-06-13,24.309999465942383
2019-06-14,23.790000915527344
2019-06-17,23.520000457763672
2019-06-18,23.3799991607666
2019-06-19,24.290000915527344
2019-06-20,24.63999938964844
2019-06-21,24.59000015258789
2019-06-24,24.09000015258789
2019-06-25,23.959999084472656
2019-06-26,24.530000686645508
2019-06-27,24.899999618530277
2019-06-28,25.270000457763672
2019-07-01,25.8799991607666
2019-07-02,25.850000381469727
2019-07-03,25.989999771118164
2019-07-05,25.940000534057617
2019-07-08,25.399999618530277
2019-07-09,26.09000015258789
2019-07-10,26.209999084472656
2019-07-11,26.459999084472656
2019-07-12,26.790000915527344
2019-07-15,26.540000915527344
2019-07-16,26.049999237060547
2019-07-17,25.450000762939453
2019-07-18,25.440000534057617
2019-07-19,25.13999938964844
2019-07-22,26.13999938964844
2019-07-23,26.71999931335449
2019-07-24,27.290000915527344
2019-07-25,27.38999938964844
2019-07-26,27.299999237060547
2019-07-29,26.90999984741211
2019-07-30,27.01000022888184
2019-07-31,26.75
2019-08-01,25.690000534057617
2019-08-02,25.1299991607666
2019-08-05,24.38999938964844
2019-08-06,25.09000015258789
2019-08-07,24.459999084472656
2019-08-08,25.190000534057617
2019-08-09,25.170000076293945
2019-08-12,24.46999931335449
2019-08-13,25.030000686645508
2019-08-14,24.309999465942383
2019-08-15,23.979999542236328
2019-08-16,24.46999931335449
2019-08-19,24.709999084472656
2019-08-20,24.93000030517578
2019-08-21,25.700000762939453
2019-08-22,25.670000076293945
2019-08-23,25.459999084472656
2019-08-26,25.700000762939453
2019-08-27,25.65999984741211
2019-08-28,25.68000030517578
2019-08-29,25.959999084472656
2019-08-30,25.84000015258789
2019-09-03,25.270000457763672
2019-09-04,25.790000915527344
2019-09-05,26.76000022888184
2019-09-06,26.81999969482422
2019-09-09,26.940000534057617
2019-09-10,26.88999938964844
2019-09-11,27.200000762939453
2019-09-12,28.049999237060547
2019-09-13,28.1299991607666
2019-09-16,28.25
2019-09-17,28.559999465942383
2019-09-18,28.0
2019-09-19,28.84000015258789
2019-09-20,29.149999618530277
2019-09-23,29.440000534057617
2019-09-24,29.26000022888184
2019-09-25,29.600000381469727
2019-09-26,29.38999938964844
2019-09-27,27.31999969482422
2019-09-30,26.850000381469727
2019-10-01,26.059999465942383
2019-10-02,25.3799991607666
2019-10-03,25.68000030517578
2019-10-04,25.8799991607666
2019-10-07,26.26000022888184
2019-10-08,25.700000762939453
2019-10-09,26.229999542236328
2019-10-10,26.170000076293945
2019-10-11,26.299999237060547
2019-10-14,26.1299991607666
2019-10-15,26.790000915527344
2019-10-16,26.770000457763672
2019-10-17,27.280000686645508
2019-10-18,27.450000762939453
2019-10-21,27.790000915527344
2019-10-22,27.46999931335449
2019-10-23,28.600000381469727
2019-10-24,27.90999984741211
2019-10-25,28.149999618530277
2019-10-28,28.700000762939453
2019-10-29,28.63999938964844
2019-10-30,28.81999969482422
2019-10-31,28.82999992370605
2019-11-01,29.459999084472656
2019-11-04,29.0
2019-11-05,29.36000061035156
2019-11-06,29.299999237060547
2019-11-07,29.049999237060547
2019-11-08,29.149999618530277
2019-11-11,29.26000022888184
2019-11-12,29.420000076293945
2019-11-13,29.399999618530277
2019-11-14,29.799999237060547
2019-11-15,29.84000015258789
2019-11-18,29.459999084472656
2019-11-19,29.1299991607666
2019-11-20,29.309999465942383
2019-11-21,29.059999465942383
2019-11-22,29.13999938964844
2019-11-25,29.540000915527344
2019-11-26,29.649999618530277
2019-11-27,29.770000457763672
2019-11-29,29.489999771118164
2019-12-02,28.989999771118164
2019-12-03,28.26000022888184
2019-12-04,28.71999931335449
2019-12-05,29.11000061035156
2019-12-06,29.1299991607666
2019-12-09,28.989999771118164
2019-12-10,29.1299991607666
2019-12-11,29.13999938964844
2019-12-12,29.26000022888184
2019-12-13,29.149999618530277
2019-12-16,29.51000022888184
2019-12-17,29.40999984741211
2019-12-18,29.34000015258789
2019-12-19,29.780000686645508
2019-12-20,29.649999618530277
2019-12-23,29.040000915527344
2019-12-24,29.0
2019-12-26,29.280000686645508
2019-12-27,29.170000076293945
2019-12-30,29.049999237060547
2019-12-31,29.170000076293945
2020-01-02,29.3700008392334
2020-01-03,29.020000457763672
2020-01-06,29.049999237060547
2020-01-07,29.06999969482422
2020-01-08,29.65999984741211
2020-01-09,29.940000534057617
2020-01-10,29.979999542236328
2020-01-13,30.0
2020-01-14,29.290000915527344
2020-01-15,29.530000686645508
2020-01-16,30.51000022888184
2020-01-17,31.200000762939453
2020-01-21,30.729999542236328
2020-01-22,31.489999771118164
2020-01-23,31.200000762939453
2020-01-24,30.690000534057617
2020-01-27,30.309999465942383
2020-01-28,30.43000030517578
2020-01-29,31.020000457763672
2020-01-30,30.38999938964844
2020-01-31,31.899999618530277
2020-02-03,31.739999771118164
2020-02-04,32.599998474121094
2020-02-05,33.13999938964844
2020-02-06,33.689998626708984
2020-02-07,33.31999969482422
2020-02-10,33.599998474121094
2020-02-11,33.81999969482422
2020-02-12,33.36000061035156
2020-02-13,33.5099983215332
2020-02-14,33.540000915527344
2020-02-18,33.56999969482422
2020-02-19,33.93000030517578
2020-02-20,33.70000076293945
2020-02-21,33.11000061035156
2020-02-24,31.6299991607666
2020-02-25,30.190000534057617
2020-02-26,30.15999984741211
2020-02-27,28.850000381469727
2020-02-28,28.600000381469727
2020-03-02,29.989999771118164
2020-03-03,28.959999084472656
2020-03-04,29.43000030517578
2020-03-05,28.190000534057617
2020-03-06,26.950000762939453
2020-03-09,23.850000381469727
2020-03-10,25.420000076293945
2020-03-11,24.1200008392334
2020-03-12,22.020000457763672
2020-03-13,25.350000381469727
2020-03-16,21.8799991607666
2020-03-17,21.709999084472656
2020-03-18,19.540000915527344
2020-03-19,20.600000381469727
2020-03-20,19.06999969482422
2020-03-23,18.5
2020-03-24,21.84000015258789
2020-03-25,24.0
2020-03-26,25.600000381469727
2020-03-27,24.559999465942383
2020-03-30,24.520000457763672
2020-03-31,23.46999931335449
2020-04-01,21.920000076293945
2020-04-02,21.959999084472656
2020-04-03,22.21999931335449
2020-04-06,24.36000061035156
2020-04-07,24.1200008392334
2020-04-08,24.690000534057617
2020-04-09,25.299999237060547
2020-04-13,23.950000762939453
2020-04-14,24.209999084472656
2020-04-15,23.25
2020-04-16,23.1200008392334
2020-04-17,23.920000076293945
2020-04-20,22.950000762939453
2020-04-21,21.84000015258789
2020-04-22,22.170000076293945
2020-04-23,23.100000381469727
2020-04-24,23.61000061035156
2020-04-27,24.959999084472656
2020-04-28,25.420000076293945
2020-04-29,26.489999771118164
2020-04-30,25.209999084472656
2020-05-01,24.3799991607666
2020-05-04,24.270000457763672
2020-05-05,24.600000381469727
2020-05-06,26.030000686645508
2020-05-07,26.88999938964844
2020-05-08,26.65999984741211
2020-05-11,26.399999618530277
2020-05-12,25.709999084472656
2020-05-13,24.3700008392334
2020-05-14,24.850000381469727
2020-05-15,24.729999542236328
2020-05-18,25.850000381469727
2020-05-19,25.8700008392334
2020-05-20,26.690000534057617
2020-05-21,26.549999237060547
2020-05-22,26.84000015258789
2020-05-26,28.559999465942383
2020-05-27,28.670000076293945
2020-05-28,28.270000457763672
2020-05-29,27.75
2020-06-01,28.290000915527344
2020-06-02,29.34000015258789
2020-06-03,30.18000030517578
2020-06-04,30.309999465942383
2020-06-05,30.36000061035156
2020-06-08,31.700000762939453
2020-06-09,31.549999237060547
2020-06-10,30.63999938964844
2020-06-11,27.950000762939453
2020-06-12,29.149999618530277
2020-06-15,30.11000061035156
2020-06-16,30.649999618530277
2020-06-17,30.82999992370605
2020-06-18,31.709999084472656
2020-06-19,31.799999237060547
2020-06-22,31.32999992370605
2020-06-23,31.489999771118164
2020-06-24,30.309999465942383
2020-06-25,31.46999931335449
2020-06-26,29.59000015258789
2020-06-29,30.170000076293945
2020-06-30,30.8799991607666
2020-07-01,30.850000381469727
2020-07-02,31.200000762939453
2020-07-06,31.57999992370605
2020-07-07,30.799999237060547
2020-07-08,33.880001068115234
2020-07-09,34.72999954223633
2020-07-10,34.88999938964844
2020-07-13,34.189998626708984
2020-07-14,34.4900016784668
2020-07-15,35.0099983215332
2020-07-16,34.66999816894531
2020-07-17,34.97999954223633
2020-07-20,35.0099983215332
2020-07-21,35.619998931884766
2020-07-22,35.56999969482422
2020-07-23,35.04999923706055
2020-07-24,34.689998626708984
2020-07-27,35.20000076293945
2020-07-28,34.959999084472656
2020-07-29,35.90999984741211
2020-07-30,35.40999984741211
2020-07-31,35.369998931884766
2020-08-03,35.79999923706055
2020-08-04,36.22999954223633
2020-08-05,36.310001373291016
2020-08-06,36.63999938964844
2020-08-07,36.900001525878906
2020-08-10,37.0099983215332
2020-08-11,35.0
2020-08-12,36.36000061035156
2020-08-13,36.369998931884766
2020-08-14,36.630001068115234
2020-08-17,36.02999877929688
2020-08-18,35.72999954223633
2020-08-19,35.77000045776367
2020-08-20,34.33000183105469
2020-08-21,34.81999969482422
2020-08-24,34.790000915527344
2020-08-25,34.720001220703125
2020-08-26,34.9900016784668
2020-08-27,34.81999969482422
2020-08-28,34.93000030517578
2020-08-31,35.81999969482422
2020-09-01,36.2599983215332
2020-09-02,36.77999877929688
2020-09-03,35.66999816894531
2020-09-04,35.70000076293945
2020-09-08,34.2599983215332
2020-09-09,34.959999084472656
2020-09-10,34.68000030517578
2020-09-11,34.650001525878906
2020-09-14,35.189998626708984
2020-09-15,36.02999877929688
2020-09-16,36.13999938964844
2020-09-17,35.400001525878906
2020-09-18,35.040000915527344
2020-09-21,34.529998779296875
2020-09-22,34.650001525878906
2020-09-23,34.099998474121094
2020-09-24,33.060001373291016
2020-09-25,33.90999984741211
2020-09-28,34.95000076293945
2020-09-29,34.189998626708984
2020-09-30,34.34000015258789
2020-10-01,34.689998626708984
2020-10-02,35.11000061035156
2020-10-05,36.060001373291016
2020-10-06,34.95000076293945
2020-10-07,35.25
2020-10-08,36.04999923706055
2020-10-09,35.83000183105469
2020-10-12,36.27000045776367
2020-10-13,36.29999923706055
2020-10-14,36.40999984741211
2020-10-15,37.09000015258789
2020-10-16,36.93999862670898
2020-10-19,36.79999923706055
2020-10-20,37.470001220703125
2020-10-21,37.150001525878906
2020-10-22,37.25
2020-10-23,37.400001525878906
2020-10-26,36.5
2020-10-27,35.810001373291016
2020-10-28,34.77000045776367
2020-10-29,34.790000915527344
2020-10-30,34.150001525878906
2020-11-02,35.04999923706055
2020-11-03,34.88999938964844
2020-11-04,37.150001525878906
2020-11-05,38.18999862670898
2020-11-06,38.22999954223633
2020-11-09,38.0099983215332
2020-11-10,38.380001068115234
2020-11-11,36.720001220703125
2020-11-12,36.7400016784668
2020-11-13,37.5099983215332
2020-11-16,37.7400016784668
2020-11-17,37.970001220703125
2020-11-18,38.060001373291016
2020-11-19,38.470001220703125
2020-11-20,38.18999862670898
2020-11-23,38.61000061035156
2020-11-24,38.18999862670898
2020-11-25,38.869998931884766
2020-11-27,38.709999084472656
2020-11-30,37.93000030517578
2020-12-01,38.91999816894531
2020-12-02,39.220001220703125
2020-12-03,39.220001220703125
2020-12-04,39.56999969482422
2020-12-07,39.869998931884766
2020-12-08,39.7400016784668
2020-12-09,39.150001525878906
2020-12-10,39.0099983215332
2020-12-11,39.619998931884766
2020-12-14,39.220001220703125
2020-12-15,39.630001068115234
2020-12-16,40.209999084472656
2020-12-17,40.41999816894531
2020-12-18,40.040000915527344
2020-12-21,39.70000076293945
2020-12-22,39.4900016784668
2020-12-23,39.650001525878906
2020-12-24,39.84000015258789
2020-12-28,39.47999954223633
2020-12-29,39.43000030517578
2020-12-30,39.68999862670898
2020-12-31,40.4900016784668
2021-01-04,39.650001525878906
2021-01-05,39.27000045776367
2021-01-06,39.34999847412109
2021-01-07,40.16999816894531
2021-01-08,40.4900016784668
2021-01-11,40.58000183105469
2021-01-12,40.41999816894531
2021-01-13,41.20000076293945
2021-01-14,40.97999954223633
2021-01-15,40.720001220703125
2021-01-19,40.970001220703125
2021-01-20,41.459999084472656
2021-01-21,41.13999938964844
2021-01-22,40.20000076293945
2021-01-25,39.54999923706055
2021-01-26,39.150001525878906
2021-01-27,37.560001373291016
2021-01-28,38.93999862670898
2021-01-29,38.95000076293945
2021-02-01,40.43999862670898
2021-02-02,42.310001373291016
2021-02-03,42.09999847412109
2021-02-04,43.86000061035156
2021-02-05,44.650001525878906
2021-02-08,45.27000045776367
2021-02-09,46.54999923706055
2021-02-10,48.560001373291016
2021-02-11,48.209999084472656
2021-02-12,48.209999084472656
2021-02-16,47.95000076293945
2021-02-17,47.54999923706055
2021-02-18,47.09000015258789
2021-02-19,46.77000045776367
2021-02-22,45.34999847412109
2021-02-23,45.119998931884766
2021-02-24,45.43999862670898
2021-02-25,44.959999084472656
2021-02-26,45.560001373291016
2021-03-01,46.29999923706055
2021-03-02,46.45000076293945
2021-03-03,47.0099983215332
2021-03-04,46.68999862670898
2021-03-05,46.900001525878906
2021-03-08,47.08000183105469
2021-03-09,47.06999969482422
2021-03-10,47.77000045776367
2021-03-11,48.209999084472656
2021-03-12,48.43000030517578
2021-03-15,49.34999847412109
2021-03-16,48.93000030517578
2021-03-17,48.97999954223633
2021-03-18,47.810001373291016
2021-03-19,48.20000076293945
2021-03-22,48.7599983215332
2021-03-23,47.869998931884766
2021-03-24,47.97999954223633
2021-03-25,47.91999816894531
2021-03-26,48.470001220703125
2021-03-29,48.540000915527344
2021-03-30,49.18999862670898
2021-03-31,48.84999847412109
2021-04-01,50.34999847412109
2021-04-05,51.15999984741211
2021-04-06,51.18000030517578
2021-04-07,51.04999923706055
2021-04-08,51.61000061035156
2021-04-09,51.33000183105469
2021-04-12,52.0099983215332
2021-04-13,52.02999877929688
2021-04-14,53.11000061035156
2021-04-15,52.91999816894531
2021-04-16,53.310001373291016
2021-04-19,53.310001373291016
2021-04-20,52.59999847412109
2021-04-21,53.09999847412109
2021-04-22,53.720001220703125
2021-04-23,55.09999847412109
2021-04-26,55.56999969482422
2021-04-27,56.63999938964844
2021-04-28,56.709999084472656
2021-04-29,56.810001373291016
2021-04-30,56.58000183105469
2021-05-03,56.27000045776367
2021-05-04,55.630001068115234
2021-05-05,58.11000061035156
2021-05-06,57.68000030517578
2021-05-07,58.720001220703125
2021-05-10,57.09000015258789
2021-05-11,56.27000045776367
2021-05-12,54.09999847412109
2021-05-13,55.119998931884766
2021-05-14,56.13999938964844
2021-05-17,55.43999862670898
2021-05-18,54.9900016784668
2021-05-19,54.79999923706055
2021-05-20,55.38999938964844
2021-05-21,55.2400016784668
2021-05-24,55.31999969482422
2021-05-25,55.58000183105469
2021-05-26,55.52999877929688
2021-05-27,55.70000076293945
2021-05-28,55.68999862670898
2021-06-01,55.72999954223633
2021-06-02,55.0
2021-06-03,55.59000015258789
2021-06-04,55.400001525878906
2021-06-07,54.130001068115234
2021-06-08,55.29999923706055
2021-06-09,55.27999877929688
2021-06-10,56.02000045776367
2021-06-11,56.5
2021-06-14,55.290000915527344
2021-06-15,55.68999862670898
2021-06-16,57.02999877929688
2021-06-17,57.13999938964844
2021-06-18,56.38999938964844
2021-06-21,57.900001525878906
2021-06-22,58.560001373291016
2021-06-23,59.36000061035156
2021-06-24,60.130001068115234
2021-06-25,60.7599983215332
2021-06-28,60.52000045776367
2021-06-29,60.380001068115234
2021-06-30,59.2400016784668
2021-07-01,59.75
2021-07-02,59.790000915527344
2021-07-06,59.93000030517578
2021-07-07,59.369998931884766
2021-07-08,58.02999877929688
2021-07-09,59.09999847412109
2021-07-12,60.459999084472656
2021-07-13,59.40999984741211
2021-07-14,58.90999984741211
2021-07-15,58.81999969482422
2021-07-16,58.2400016784668
2021-07-19,57.369998931884766
2021-07-20,58.560001373291016
2021-07-21,59.380001068115234
2021-07-22,60.709999084472656
2021-07-23,61.41999816894531
2021-07-26,61.83000183105469
2021-07-27,62.33000183105469
2021-07-28,62.45000076293945
2021-07-29,63.810001373291016
2021-07-30,63.7599983215332
2021-08-02,63.540000915527344
2021-08-03,64.80000305175781
2021-08-04,66.02999877929688
2021-08-05,67.23999786376953
2021-08-06,67.58000183105469
2021-08-09,66.83999633789062
2021-08-10,65.80000305175781
2021-08-11,65.80999755859375
2021-08-12,66.0999984741211
2021-08-13,66.04000091552734
2021-08-16,65.4000015258789
2021-08-17,63.52000045776367
2021-08-18,63.18999862670898
2021-08-19,62.20000076293945
2021-08-20,63.310001373291016
2021-08-23,64.41999816894531
2021-08-24,64.44999694824219
2021-08-25,64.5199966430664
2021-08-26,64.2300033569336
2021-08-27,64.19999694824219
2021-08-30,64.30999755859375
2021-08-31,64.29000091552734
2021-09-01,64.5199966430664
2021-09-02,64.44999694824219
2021-09-03,64.44000244140625
2021-09-07,62.77000045776367
2021-09-08,63.06999969482422
2021-09-09,62.90999984741211
2021-09-10,62.7599983215332
2021-09-13,63.31999969482422
2021-09-14,63.38999938964844
2021-09-15,64.62000274658203
2021-09-16,66.63999938964844
2021-09-17,66.4800033569336
2021-09-20,62.45000076293945
2021-09-21,63.540000915527344
2021-09-22,63.59999847412109
2021-09-23,63.650001525878906
2021-09-24,62.02999877929688
2021-09-27,61.52999877929688
2021-09-28,60.02000045776367
2021-09-29,60.84000015258789
2021-09-30,60.880001068115234
2021-10-01,61.68000030517578
2021-10-04,60.27000045776367
2021-10-05,61.880001068115234
2021-10-06,61.86000061035156
2021-10-07,63.380001068115234
2021-10-08,65.51000213623047
2021-10-11,65.43000030517578
2021-10-12,65.29000091552734
2021-10-13,65.7699966430664
2021-10-14,66.80999755859375
2021-10-15,66.20999908447266
2021-10-18,67.12999725341797
2021-10-19,68.51000213623047
2021-10-20,70.58000183105469
2021-10-21,73.12000274658203
2021-10-22,73.54000091552734
2021-10-25,74.86000061035156
2021-10-26,76.55000305175781
2021-10-27,76.33999633789062
2021-10-28,79.25
2021-10-29,79.66999816894531
2021-11-01,77.6500015258789
2021-11-02,80.76000213623047
2021-11-03,83.4000015258789
2021-11-04,81.08000183105469
2021-11-05,80.27999877929688
2021-11-08,78.93000030517578
2021-11-09,79.6500015258789
2021-11-10,76.06999969482422
2021-11-11,78.0999984741211
2021-11-12,78.77999877929688
2021-11-15,77.7699966430664
2021-11-16,78.13999938964844
2021-11-17,78.5
2021-11-18,78.41000366210938
2021-11-19,78.30999755859375
2021-11-22,78.30000305175781
2021-11-23,76.68000030517578
2021-11-24,76.70999908447266
2021-11-26,74.3499984741211
2021-11-29,76.30999755859375
2021-11-30,74.44999694824219
2021-12-01,74.0
2021-12-02,75.4800033569336
2021-12-03,73.62000274658203
2021-12-06,74.4000015258789
2021-12-07,77.69999694824219
2021-12-08,76.9800033569336
2021-12-09,75.76000213623047
2021-12-10,75.33999633789062
2021-12-13,72.38999938964844
2021-12-14,73.04000091552734
2021-12-15,73.94000244140625
2021-12-16,71.08999633789062
2021-12-17,71.58000183105469
2021-12-20,70.58000183105469
2021-12-21,72.16000366210938
2021-12-22,74.0
2021-12-23,75.73999786376953
2021-12-27,77.25
2021-12-28,76.7300033569336
2021-12-29,74.5
2021-12-30,74.7699966430664
2021-12-31,74.5
2022-01-03,73.5199966430664
2022-01-04,74.30999755859375
2022-01-05,68.9800033569336
2022-01-06,70.58999633789062
2022-01-07,69.5
2022-01-10,69.30999755859375
2022-01-11,71.68000030517578
2022-01-12,72.13999938964844
2022-01-13,69.86000061035156
2022-01-14,69.4000015258789
2022-01-18,67.95999908447266
2022-01-19,66.87999725341797
2022-01-20,67.08000183105469
2022-01-21,65.81999969482422
2022-01-24,65.41000366210938
2022-01-25,64.76000213623047
2022-01-26,64.52999877929688
2022-01-27,66.0
2022-01-28,68.19000244140625
2022-01-31,71.16000366210938
2022-02-01,72.45999908447266
2022-02-02,73.18000030517578
2022-02-03,70.91000366210938
2022-02-04,70.93000030517578
2022-02-07,70.7300033569336
2022-02-08,66.37999725341797
2022-02-09,68.83000183105469
2022-02-10,66.0
2022-02-11,62.7599983215332
2022-02-14,60.56999969482422
2022-02-15,62.5
2022-02-16,62.20000076293945
2022-02-17,58.40999984741211
2022-02-18,59.13999938964844
2022-02-22,58.02999877929688
2022-02-23,57.9900016784668
2022-02-24,58.7599983215332
2022-02-25,61.0099983215332
2022-02-28,60.119998931884766
2022-03-01,57.75
2022-03-02,60.130001068115234
2022-03-03,57.77999877929688
2022-03-04,55.88999938964844
2022-03-07,51.15999984741211
2022-03-08,52.27000045776367
2022-03-09,54.970001220703125
2022-03-10,53.45000076293945
2022-03-11,52.290000915527344
2022-03-14,50.84999847412109
2022-03-15,52.08000183105469
2022-03-16,55.459999084472656
2022-03-17,57.65999984741211
2022-03-18,59.470001220703125
2022-03-21,58.400001525878906
2022-03-22,60.150001525878906
2022-03-23,58.97999954223633
2022-03-24,59.25
2022-03-25,58.65999984741211
2022-03-28,58.58000183105469
2022-03-29,61.77999877929688
2022-03-30,59.310001373291016
2022-03-31,58.470001220703125
2022-04-01,59.77999877929688
2022-04-04,59.93999862670898
2022-04-05,57.47999954223633
2022-04-06,56.29999923706055
2022-04-07,55.810001373291016
2022-04-08,57.70000076293945
2022-04-11,56.2599983215332
2022-04-12,55.5
2022-04-13,56.4900016784668
2022-04-14,55.25
2022-04-18,54.54999923706055
2022-04-19,56.43000030517578
2022-04-20,57.93000030517578
2022-04-21,53.869998931884766
2022-04-22,51.77000045776367
2022-04-25,53.0
2022-04-26,50.880001068115234
2022-04-27,51.68000030517578
2022-04-28,52.58000183105469
2022-04-29,50.970001220703125
2022-05-02,52.93999862670898
2022-05-03,54.290000915527344
2022-05-04,57.34999847412109
2022-05-05,55.36000061035156
2022-05-06,53.54999923706055
2022-05-09,49.86000061035156
2022-05-10,51.15999984741211
2022-05-11,50.150001525878906
2022-05-12,48.29999923706055
2022-05-13,51.56999969482422
2022-05-16,50.93999862670898
2022-05-17,53.08000183105469
2022-05-18,50.7599983215332
2022-05-19,50.459999084472656
2022-05-20,51.7599983215332
2022-05-23,51.95000076293945
2022-05-24,49.9900016784668
2022-05-25,50.59999847412109
2022-05-26,54.43999862670898
2022-05-27,56.040000915527344
2022-05-31,54.810001373291016
2022-06-01,54.459999084472656
2022-06-02,56.34999847412109
2022-06-03,55.31999969482422
2022-06-06,56.5099983215332
2022-06-07,56.95000076293945
2022-06-08,54.84999847412109
2022-06-09,53.16999816894531
2022-06-10,51.04999923706055
2022-06-13,46.7599983215332
2022-06-14,47.09999847412109
2022-06-15,48.68999862670898
2022-06-16,45.060001373291016
2022-06-17,45.18000030517578
2022-06-21,46.369998931884766
2022-06-22,45.81999969482422
2022-06-23,46.38999938964844
2022-06-24,48.56999969482422
2022-06-27,48.470001220703125
2022-06-28,48.560001373291016
2022-06-29,47.34999847412109
2022-06-30,46.290000915527344
2022-07-01,46.72999954223633
2022-07-05,47.650001525878906
2022-07-06,47.34000015258789
2022-07-07,48.68999862670898
2022-07-08,47.54999923706055
2022-07-11,47.27000045776367
2022-07-12,46.66999816894531
2022-07-13,46.16999816894531
2022-07-14,45.83000183105469
2022-07-15,48.2400016784668
2022-07-18,48.709999084472656
2022-07-19,50.790000915527344
2022-07-20,51.61000061035156
2022-07-21,52.45000076293945
2022-07-22,51.33000183105469
2022-07-25,52.13999938964844
2022-07-26,51.09999847412109
2022-07-27,52.630001068115234
2022-07-28,55.43999862670898
2022-07-29,55.459999084472656
2022-08-01,55.52999877929688
2022-08-02,52.2400016784668
2022-08-03,53.290000915527344
2022-08-04,53.2400016784668
2022-08-05,52.41999816894531
2022-08-08,52.810001373291016
2022-08-09,51.75
2022-08-10,55.5
2022-08-11,56.65999984741211
2022-08-12,57.119998931884766
2022-08-15,57.52000045776367
2022-08-16,57.20000076293945
2022-08-17,56.540000915527344
2022-08-18,55.83000183105469
2022-08-19,54.09000015258789
2022-08-22,52.91999816894531
2022-08-23,52.83000183105469
2022-08-24,53.15999984741211
2022-08-25,54.41999816894531
2022-08-26,51.630001068115234
2022-08-29,51.150001525878906
2022-08-30,50.70000076293945
2022-08-31,50.560001373291016
2022-09-01,50.130001068115234
2022-09-02,49.25
2022-09-06,48.52000045776367
2022-09-07,49.43000030517578
2022-09-08,50.06999969482422
2022-09-09,51.5
2022-09-12,52.68000030517578
2022-09-13,50.0
2022-09-14,50.13999938964844
2022-09-15,49.63999938964844
2022-09-16,48.52000045776367
2022-09-19,49.5099983215332
2022-09-20,47.68000030517578
2022-09-21,46.119998931884766
2022-09-22,45.11000061035156
2022-09-23,43.88999938964844
2022-09-26,43.65999984741211
2022-09-27,43.93000030517578
2022-09-28,45.02000045776367
2022-09-29,43.29999923706055
2022-09-30,43.0
2022-10-03,43.970001220703125
2022-10-04,47.38999938964844
2022-10-05,47.290000915527344
2022-10-06,47.040000915527344
2022-10-07,44.900001525878906
2022-10-10,44.9900016784668
2022-10-11,44.13999938964844
2022-10-12,44.380001068115234
2022-10-13,45.52000045776367
2022-10-14,44.31999969482422
2022-10-17,45.18000030517578
2022-10-18,46.43999862670898
2022-10-19,45.77000045776367
2022-10-20,44.90999984741211
2022-10-21,46.34000015258789
2022-10-24,46.2599983215332
2022-10-25,47.27000045776367
2022-10-26,48.2400016784668
2022-10-27,48.72999954223633
2022-10-28,49.380001068115234
2022-10-31,48.630001068115234
2022-11-01,49.470001220703125
2022-11-02,49.84000015258789
2022-11-03,48.47999954223633
2022-11-04,51.33000183105469
2022-11-07,52.540000915527344
2022-11-08,52.65999984741211
2022-11-09,50.5
2022-11-10,56.380001068115234
2022-11-11,57.08000183105469
2022-11-14,53.619998931884766
2022-11-15,54.16999816894531
2022-11-16,53.13999938964844
2022-11-17,51.93999862670898
2022-11-18,51.84000015258789
2022-11-21,51.33000183105469
2022-11-22,51.84999847412109
2022-11-23,52.08000183105469
2022-11-25,51.84999847412109
2022-11-28,50.54999923706055
2022-11-29,50.54999923706055
2022-11-30,51.91999816894531
2022-12-01,52.54999923706055
2022-12-02,52.25
2022-12-05,49.56999969482422
2022-12-06,49.04999923706055
2022-12-07,47.34999847412109
2022-12-08,48.27000045776367
2022-12-09,48.0
2022-12-12,48.33000183105469
2022-12-13,49.93999862670898
2022-12-14,49.34999847412109
2022-12-15,47.470001220703125
2022-12-16,46.58000183105469
2022-12-19,46.0
2022-12-20,46.22999954223633
2022-12-21,47.650001525878906
2022-12-22,46.61000061035156
2022-12-23,46.869998931884766
2022-12-27,45.88999938964844
2022-12-28,45.20000076293945
2022-12-29,46.7400016784668
2022-12-30,46.41999816894531
2023-01-03,46.68000030517578
2023-01-04,48.09999847412109
2023-01-05,47.400001525878906
2023-01-06,48.18000030517578
2023-01-09,49.63999938964844
2023-01-10,50.130001068115234
2023-01-11,52.22999954223633
2023-01-12,53.66999816894531
2023-01-13,54.0
2023-01-17,53.52999877929688
2023-01-18,53.0099983215332
2023-01-19,50.5
2023-01-20,53.18000030517578
2023-01-23,53.88999938964844
2023-01-24,53.369998931884766
2023-01-25,53.56999969482422
2023-01-26,55.31999969482422
2023-01-27,55.5
2023-01-30,54.43000030517578
2023-01-31,55.810001373291016
2023-02-01,56.9900016784668
2023-02-02,58.0099983215332
2023-02-03,57.150001525878906
2023-02-06,56.02000045776367
2023-02-07,58.93999862670898
2023-02-08,58.27000045776367
2023-02-09,57.70000076293945
2023-02-10,57.9900016784668
2023-02-13,59.09999847412109
2023-02-14,58.59999847412109
2023-02-15,58.900001525878906
2023-02-16,57.54999923706055
2023-02-17,57.18000030517578
2023-02-21,55.70000076293945
2023-02-22,55.5099983215332
2023-02-23,55.900001525878906
2023-02-24,55.02999877929688
2023-02-27,55.650001525878906
2023-02-28,56.34999847412109
2023-03-01,55.95000076293945
2023-03-02,55.810001373291016
2023-03-03,56.959999084472656
2023-03-06,57.08000183105469
2023-03-07,55.84999847412109
2023-03-08,57.0
2023-03-09,54.45000076293945
2023-03-10,50.310001373291016
2023-03-13,49.83000183105469
2023-03-14,50.869998931884766
2023-03-15,49.83000183105469
2023-03-16,49.7400016784668
2023-03-17,48.43999862670898
2023-03-20,48.59999847412109
2023-03-21,51.02999877929688
2023-03-22,50.36000061035156
2023-03-23,50.56999969482422
2023-03-24,50.04999923706055
2023-03-27,50.41999816894531
2023-03-28,50.34999847412109
2023-03-29,51.130001068115234
2023-03-30,51.34999847412109
2023-03-31,52.52000045776367
2023-04-03,51.93000030517578
2023-04-04,51.0099983215332
2023-04-05,49.810001373291016
2023-04-06,49.310001373291016
2023-04-10,50.400001525878906
2023-04-11,51.5
2023-04-12,51.290000915527344
2023-04-13,52.0
2023-04-14,51.90999984741211
2023-04-17,52.31999969482422
2023-04-18,53.02999877929688
2023-04-19,53.91999816894531
2023-04-20,52.959999084472656
2023-04-21,52.52000045776367
2023-04-24,52.4900016784668
2023-04-25,51.040000915527344
2023-04-26,50.29999923706055
2023-04-27,51.36000061035156
2023-04-28,53.06999969482422
2023-05-01,53.25
2023-05-02,51.220001220703125
2023-05-03,51.310001373291016
2023-05-04,49.59999847412109
2023-05-05,51.5099983215332
2023-05-08,49.310001373291016
2023-05-09,49.0099983215332
2023-05-10,49.18000030517578
2023-05-11,48.61000061035156
2023-05-12,48.4900016784668
2023-05-15,49.11000061035156
2023-05-16,47.790000915527344
2023-05-17,49.38999938964844
2023-05-18,49.970001220703125
2023-05-19,50.02999877929688
2023-05-22,51.18999862670898
2023-05-23,50.119998931884766
2023-05-24,49.43999862670898
2023-05-25,50.70000076293945
2023-05-26,51.68000030517578
2023-05-30,51.66999816894531
2023-05-31,51.4900016784668
2023-06-01,52.43000030517578
2023-06-02,53.630001068115234
2023-06-05,54.04999923706055
2023-06-06,54.52999877929688
2023-06-07,54.70000076293945
2023-06-08,54.709999084472656
2023-06-09,55.18000030517578
2023-06-12,55.66999816894531
2023-06-13,56.88999938964844
2023-06-14,57.02999877929688
2023-06-15,58.61000061035156
2023-06-16,57.20000076293945
2023-06-20,56.630001068115234
2023-06-21,55.77999877929688
2023-06-22,55.18999862670898
2023-06-23,53.59000015258789
2023-06-26,53.09000015258789
2023-06-27,54.91999816894531
2023-06-28,55.7400016784668
2023-06-29,55.95000076293945
2023-06-30,56.0
2023-07-03,56.5
2023-07-05,55.27000045776367
2023-07-06,53.90999984741211
2023-07-07,54.869998931884766
2023-07-10,55.16999816894531
2023-07-11,56.310001373291016
2023-07-12,58.59000015258789
2023-07-13,61.209999084472656
2023-07-14,60.560001373291016
2023-07-17,60.68000030517578
2023-07-18,61.75
2023-07-19,61.09000015258789
2023-07-20,60.9900016784668
2023-07-21,60.4900016784668
2023-07-24,60.77000045776367
2023-07-25,60.93000030517578
2023-07-26,60.68000030517578
2023-07-27,59.130001068115234
2023-07-28,59.95000076293945
2023-07-31,59.380001068115234
2023-08-01,59.72999954223633
2023-08-02,58.90999984741211
2023-08-03,59.2400016784668
2023-08-04,60.18999862670898
2023-08-07,61.810001373291016
2023-08-08,61.18999862670898
2023-08-09,61.56999969482422
2023-08-10,62.310001373291016
2023-08-11,61.90999984741211
2023-08-14,61.77999877929688
2023-08-15,60.45000076293945
2023-08-16,59.13999938964844
2023-08-17,59.150001525878906
2023-08-18,60.20000076293945
2023-08-21,59.86000061035156
2023-08-22,59.040000915527344
2023-08-23,60.220001220703125
2023-08-24,59.54999923706055
2023-08-25,59.5
2023-08-28,60.63999938964844
2023-08-29,61.720001220703125
2023-08-30,61.869998931884766
2023-08-31,62.810001373291016
2023-09-01,62.20000076293945
2023-09-05,61.97999954223633
2023-09-06,61.720001220703125
2023-09-07,61.380001068115234
2023-09-08,62.81999969482422
2023-09-11,63.20000076293945
2023-09-12,63.790000915527344
2023-09-13,63.220001220703125
2023-09-14,63.720001220703125
2023-09-15,64.4000015258789
2023-09-18,64.45999908447266
2023-09-19,63.43000030517578
2023-09-20,63.630001068115234
2023-09-21,61.380001068115234
2023-09-22,62.15999984741211
2023-09-25,63.54999923706055
2023-09-26,61.5099983215332
2023-09-27,62.09000015258789
2023-09-28,62.54999923706055
2023-09-29,61.59999847412109
2023-10-02,60.9900016784668
2023-10-03,59.0
2023-10-04,59.77000045776367
2023-10-05,60.41999816894531
2023-10-06,62.02999877929688
2023-10-09,61.59999847412109
2023-10-10,62.06999969482422
2023-10-11,63.09999847412109
2023-10-12,61.29999923706055
2023-10-13,60.25
2023-10-16,60.34000015258789
2023-10-17,60.43999862670898
2023-10-18,57.95000076293945
2023-10-19,55.61000061035156
2023-10-20,54.90999984741211
2023-10-23,55.22999954223633
2023-10-24,56.220001220703125
2023-10-25,54.880001068115234
2023-10-26,54.56999969482422
2023-10-27,54.09999847412109
2023-10-30,55.060001373291016
2023-10-31,55.400001525878906
2023-11-01,56.95000076293945
2023-11-02,58.720001220703125
2023-11-03,61.09000015258789
2023-11-06,59.380001068115234
2023-11-07,62.34000015258789
2023-11-08,62.40999984741211
2023-11-09,62.29999923706055
2023-11-10,63.54999923706055
2023-11-13,63.970001220703125
2023-11-14,66.62999725341797
2023-11-15,66.41000366210938
2023-11-16,66.02999877929688
2023-11-17,66.91999816894531
2023-11-20,68.08999633789062
2023-11-21,68.22000122070312
2023-11-22,68.44999694824219
2023-11-24,69.19999694824219
2023-11-27,69.05999755859375
2023-11-28,69.37999725341797
2023-11-29,74.73999786376953
2023-11-30,75.83999633789062
2023-12-01,74.87000274658203
2023-12-04,75.22000122070312
2023-12-05,75.44000244140625
2023-12-06,74.7300033569336
2023-12-07,75.48999786376953
2023-12-08,76.94999694824219
2023-12-11,77.2300033569336
2023-12-12,77.54000091552734
2023-12-13,79.58000183105469
2023-12-14,83.01000213623047
2023-12-15,83.80999755859375
2023-12-18,84.47000122070312
2023-12-19,84.69000244140625
2023-12-20,82.02999877929688
2023-12-21,81.8499984741211
2023-12-22,81.91999816894531
2023-12-26,82.18000030517578
2023-12-27,83.33999633789062
2023-12-28,83.58000183105469
2023-12-29,82.8499984741211
2024-01-02,81.30999755859375
2024-01-03,79.88999938964844
2024-01-04,79.95999908447266
2024-01-05,81.2699966430664
2024-01-08,82.12000274658203
2024-01-09,81.4000015258789
2024-01-10,82.41999816894531
2024-01-11,81.87000274658203
2024-01-12,81.79000091552734
2024-01-16,81.55000305175781
2024-01-17,81.19999694824219
2024-01-18,81.55999755859375
2024-01-19,84.19000244140625
2024-01-22,84.26000213623047
2024-01-23,83.98999786376953
2024-01-24,83.33999633789062
2024-01-25,85.3499984741211
2024-01-26,86.75
2024-01-29,87.16000366210938
2024-01-30,87.7699966430664
2024-01-31,86.58000183105469
2024-02-01,88.1500015258789
2024-02-02,89.5199966430664
2024-02-05,88.44999694824219
2024-02-06,93.58000183105467
2024-02-07,94.7300033569336
2024-02-08,96.5500030517578
2024-02-09,97.02999877929688
2024-02-12,97.62000274658205
2024-02-13,95.87999725341795
2024-02-14,95.9499969482422
2024-02-15,96.22000122070312
2024-02-16,95.66000366210938
2024-02-20,93.13999938964844
2024-02-21,93.66000366210938
2024-02-22,95.7699966430664
2024-02-23,95.8000030517578
2024-02-26,95.8000030517578
2024-02-27,96.0199966430664
2024-02-28,95.8499984741211
2024-02-29,98.26000213623048
2024-03-01,98.93000030517578
2024-03-04,98.62000274658205
2024-03-05,96.61000061035156
2024-03-06,97.0
2024-03-07,97.9800033569336
2024-03-08,98.6500015258789
2024-03-11,97.38999938964844
2024-03-12,99.18000030517578
2024-03-13,97.95999908447266
2024-03-14,96.83999633789062
2024-03-15,96.6999969482422
2024-03-18,95.1500015258789
2024-03-19,95.76000213623048
2024-03-20,98.5999984741211
2024-03-21,101.63999938964844
2024-03-22,100.76000213623048
2024-03-25,100.8499984741211
2024-03-26,101.0500030517578
2024-03-27,100.51000213623048
2024-03-28,100.58000183105467
2024-04-01,100.0
2024-04-02,97.9000015258789
2024-04-03,99.5500030517578
2024-04-04,98.16999816894533
2024-04-05,100.93000030517578
2024-04-08,101.6500015258789
2024-04-09,100.2699966430664
2024-04-10,99.01000213623048
2024-04-11,100.4499969482422
2024-04-12,97.29000091552734
2024-04-15,95.83999633789062
2024-04-16,96.29000091552734
2024-04-17,94.62999725341795
2024-04-18,93.3499984741211
2024-04-19,92.62000274658205
2024-04-22,94.47000122070312
2024-04-23,97.97000122070312
2024-04-24,96.7699966430664
2024-04-25,94.87000274658205
2024-04-26,95.54000091552734
2024-04-29,95.27999877929688
2024-04-30,93.06999969482422
2024-05-01,95.12000274658205
2024-05-02,97.12999725341795
2024-05-03,95.01000213623048
2024-05-06,98.25
2024-05-07,99.54000091552734
2024-05-08,99.66999816894533
2024-05-09,102.22000122070312
2024-05-10,103.12999725341795
2024-05-13,100.23999786376952
2024-05-14,102.44000244140624
2024-05-15,107.66999816894533
2024-05-16,104.1500015258789
2024-05-17,104.63999938964844
2024-05-20,104.87999725341795
2024-05-21,106.48999786376952
2024-05-22,105.7699966430664
2024-05-23,103.9800033569336
2024-05-24,106.43000030517578
2024-05-28,105.44000244140624
2024-05-29,103.1999969482422
2024-05-30,103.83000183105467
2024-05-31,102.83999633789062
2024-06-03,103.16999816894533
2024-06-04,101.30999755859376
2024-06-05,103.4000015258789
2024-06-06,99.48999786376952
2024-06-07,97.98999786376952
2024-06-10,108.9499969482422
2024-06-11,110.20999908447266
2024-06-12,111.48999786376952
2024-06-13,109.36000061035156
2024-06-14,109.18000030517578
2024-06-17,110.16999816894533
2024-06-18,110.4800033569336
2024-06-20,110.0500030517578
2024-06-21,108.81999969482422
2024-06-24,107.47000122070312
2024-06-25,107.41999816894533
2024-06-26,105.77999877929688
2024-06-27,105.86000061035156
2024-06-28,105.23999786376952
2024-07-01,104.51000213623048
2024-07-02,105.93000030517578
2024-07-03,106.05999755859376
2024-07-05,106.08000183105467
2024-07-08,105.06999969482422
2024-07-09,105.58000183105467
2024-07-10,109.4499969482422
2024-07-11,108.8499984741211
2024-07-12,110.73999786376952
2024-07-15,114.95999908447266
2024-07-16,116.66999816894533
2024-07-17,113.77999877929688
2024-07-18,114.91000366210938
2024-07-19,115.1500015258789
2024-07-22,117.87000274658205
2024-07-23,117.95999908447266
2024-07-24,115.7300033569336
2024-07-25,116.70999908447266
2024-07-26,118.51000213623048
2024-07-29,118.5999984741211
2024-07-30,119.98999786376952
2024-07-31,123.4499969482422
2024-08-01,119.75
2024-08-02,108.62000274658205
2024-08-05,106.2300033569336
2024-08-06,109.5999984741211
2024-08-07,108.79000091552734
2024-08-08,112.77999877929688
2024-08-09,113.87000274658205
2024-08-12,112.69000244140624
2024-08-13,115.80999755859376
2024-08-14,118.37999725341795
2024-08-15,120.22000122070312
2024-08-16,119.08000183105467
2024-08-19,120.18000030517578
2024-08-20,118.6500015258789
2024-08-21,118.76000213623048
2024-08-22,118.7300033569336
2024-08-23,122.2300033569336
2024-08-26,122.1500015258789
2024-08-27,122.38999938964844
2024-08-28,121.62999725341795
2024-08-29,122.16999816894533
2024-08-30,123.7699966430664
2024-09-03,118.2699966430664
2024-09-04,117.66999816894533
2024-09-05,118.44000244140624
2024-09-06,116.23999786376952
2024-09-09,118.45999908447266
2024-09-10,118.05999755859376
2024-09-11,118.29000091552734
2024-09-12,120.36000061035156
2024-09-13,122.8000030517578
2024-09-16,126.54000091552734
2024-09-17,127.97000122070312
2024-09-18,129.25
2024-09-19,132.8000030517578
2024-09-20,133.22999572753906
2024-09-23,132.60000610351562
2024-09-24,132.38999938964844
2024-09-25,131.6699981689453
2024-09-26,131.3800048828125
2024-09-27,132.13999938964844
2024-09-30,130.5800018310547
2024-10-01,129.8699951171875
2024-10-02,132.22000122070312
2024-10-03,130.89999389648438
2024-10-04,133.27999877929688
2024-10-07,131.3300018310547
2024-10-08,131.35000610351562
2024-10-09,134.9499969482422
2024-10-10,133.1199951171875
2024-10-11,135.58999633789062
2024-10-14,136.5399932861328
2024-10-15,135.77999877929688
2024-10-16,135.6699981689453
2024-10-17,137.83999633789062
2024-10-18,139.80999755859375
2024-10-21,140.57000732421875
2024-10-22,140.1699981689453
2024-10-23,138.5500030517578
2024-10-24,143.27999877929688
2024-10-25,139.8800048828125
2024-10-28,140.75
2024-10-29,139.3300018310547
2024-10-30,140.17999267578125
2024-10-31,138.24000549316406
2024-11-01,137.5800018310547
2024-11-04,136.80999755859375
2024-11-05,138.99000549316406
2024-11-06,152.27000427246094
2024-11-07,150.7100067138672
2024-11-08,152.1999969482422
2024-11-11,155.89999389648438
2024-11-12,153.16000366210938
2024-11-13,152.1300048828125
2024-11-14,150.52000427246094
2024-11-15,150.02000427246094
2024-11-18,152.4499969482422
2024-11-19,152.77999877929688
2024-11-20,152.17999267578125
2024-11-21,157.6699981689453
2024-11-22,158.6300048828125
2024-11-25,158.94000244140625
2024-11-26,161.27000427246094
2024-11-27,160.02999877929688
2024-11-29,162.8699951171875
2024-12-02,159.64999389648438
2024-12-03,157.89999389648438
2024-12-04,157.60000610351562
2024-12-05,157.0399932861328
2024-12-06,158.00999450683594
2024-12-09,152.35000610351562
2024-12-10,151.80999755859375
2024-12-11,157.38999938964844
2024-12-12,155.75
2024-12-13,154.33999633789062
2024-12-16,156.1199951171875
2024-12-17,151.22999572753906
2024-12-18,142.9600067138672
2024-12-19,143.52999877929688
2024-12-20,147.5800018310547
2024-12-23,148.94000244140625
2024-12-24,152.5800018310547
2024-12-26,152.52000427246094
2024-12-27,149.86000061035156
2024-12-30,148.38999938964844
2024-12-31,147.91000366210938
2025-01-02,149.19000244140625
2025-01-03,152.02999877929688
2025-01-06,150.74000549316406
2025-01-07,146.6199951171875
2025-01-08,148.24000549316406
2025-01-10,140.92999267578125
2025-01-13,141.25
2025-01-14,143.64999389648438
2025-01-15,150.5
2025-01-16,153.24000549316406
2025-01-17,157.57000732421875
2025-01-21,160.7100067138672
2025-01-22,161.50999450683594
2025-01-23,165.33999633789062
2025-01-24,165.52999877929688
2025-01-27,161.1999969482422
2025-01-28,167.0500030517578
2025-01-29,166.3000030517578
2025-01-30,166.8699951171875
2025-01-31,167.07000732421875
2025-02-03,163.22000122070312
2025-02-04,149.3000030517578
2025-02-05,153.80999755859375
2025-02-06,151.58999633789062
2025-02-07,148.61000061035156
2025-02-10,147.92999267578125
2025-02-11,142.4600067138672
2025-02-12,139.5399932861328
2025-02-13,139.3000030517578
2025-02-14,140.55999755859375
2025-02-18,140.60000610351562
2025-02-19,138.47000122070312
2025-02-20,134.5500030517578
2025-02-21,132.22000122070312
2025-02-24,131.19000244140625
2025-02-25,129.58999633789062
2025-02-26,132.67999267578125
2025-02-27,132.1999969482422
2025-02-28,135.58999633789062
2025-03-03,133.00999450683594
2025-03-04,120.77999877929688
2025-03-05,123.02999877929688
2025-03-06,116.12999725341795
2025-03-07,115.2699966430664
2025-03-10,108.16999816894533
2025-03-11,112.11000061035156
2025-03-12,114.37000274658205
2025-03-13,108.69000244140624
2025-03-14,113.30999755859376
2025-03-17,115.68000030517578
2025-03-18,114.0199966430664
2025-03-19,116.54000091552734
2025-03-20,116.70999908447266
2025-03-21,116.5
2025-03-24,121.97000122070312
2025-03-25,122.18000030517578
2025-03-26,119.44000244140624
2025-03-27,117.54000091552734
2025-03-28,114.86000061035156
2025-03-31,115.61000061035156
2025-04-01,117.83999633789062
2025-04-02,120.9000015258789
2025-04-03,102.5500030517578
2025-04-04,92.79000091552734
2025-04-07,97.54000091552734
2025-04-08,94.51000213623048
2025-04-09,110.45999908447266
2025-04-10,101.87000274658205
2025-04-11,101.44000244140624
2025-04-14,103.12999725341795
2025-04-15,104.2300033569336
2025-04-16,102.0500030517578
2025-04-17,103.37000274658205
2025-04-21,97.9499969482422
2025-04-22,102.27999877929688
2025-04-23,106.80999755859376
2025-04-24,113.25
2025-04-25,113.62999725341795
2025-04-28,113.93000030517578
2025-04-29,114.3499984741211
2025-04-30,114.2699966430664
2025-05-01,114.48999786376952
2025-05-02,116.93000030517578
2025-05-05,114.79000091552734
2025-05-06,113.6500015258789
2025-05-07,116.20999908447266
2025-05-08,118.7300033569336
2025-05-09,118.08000183105467
2025-05-12,125.22000122070312
2025-05-13,126.9000015258789
2025-05-14,129.02999877929688
2025-05-15,125.63999938964844
2025-05-16,125.9000015258789
2025-05-19,125.48999786376952
2025-05-20,124.13999938964844
2025-05-21,117.76000213623048
2025-05-22,118.1999969482422
2025-05-23,117.18000030517578
2025-05-27,120.91999816894533
2025-05-28,121.04000091552734
2025-05-29,122.33000183105467
2025-05-30,121.45999908447266
2025-06-02,121.87000274658205
2025-06-03,120.4800033569336
2025-06-04,120.51000213623048
2025-06-05,120.63999938964844
2025-06-06,123.4000015258789
2025-06-09,123.25
2025-06-10,124.0199966430664
2025-06-11,126.0
2025-06-12,125.23999786376952
2025-06-13,121.33000183105467
2025-06-16,123.4000015258789
2025-06-17,121.05999755859376
2025-06-18,122.41999816894533
2025-06-20,122.5999984741211
2025-06-23,122.13999938964844
2025-06-24,127.7699966430664
2025-06-25,128.83999633789062
2025-06-26,131.94000244140625
2025-06-27,134.2899932861328
2025-06-30,133.02999877929688
2025-07-01,132.4499969482422
2025-07-02,134.52999877929688
2025-07-03,138.60000610351562
2025-07-07,135.5399932861328
2025-07-08,137.94000244140625
2025-07-09,139.22000122070312
2025-07-10,143.0500030517578
2025-07-11,141.0500030517578
2025-07-14,139.42999267578125
2025-07-15,137.2100067138672
2025-07-16,143.0500030517578
2025-07-17,147.60000610351562
2025-07-18,145.97999572753906
2025-07-21,144.27999877929688
2025-07-22,144.97000122070312
2025-07-23,148.25999450683594
2025-07-24,150.19000244140625
2025-07-25,152.16000366210938
2025-07-28,152.14999389648438
2025-07-29,151.0
2025-07-30,150.42999267578125
2025-07-31,146.5800018310547
2025-08-01,142.5500030517578
2025-08-04,145.1300048828125
2025-08-05,142.66000366210938
2025-08-06,144.55999755859375
2025-08-07,142.19000244140625
2025-08-08,142.6699981689453
2025-08-11,141.57000732421875
2025-08-12,147.24000549316406
2025-08-13,147.4600067138672
2025-08-14,146.05999755859375
2025-08-15,142.27999877929688
2025-08-18,141.1999969482422
2025-08-19,138.9499969482422
2025-08-20,138.08999633789062
2025-08-21,137.83999633789062
2025-08-22,141.77000427246094
2025-08-25,138.7100067138672
2025-08-26,140.0800018310547
2025-08-27,140.47000122070312
2025-08-28,140.08999633789062
2025-08-29,139.49000549316406
2025-09-02,138.74000549316406
2025-09-03,134.8300018310547
2025-09-04,137.35000610351562
2025-09-05,135.52999877929688
2025-09-08,138.69000244140625
2025-09-09,137.38999938964844
2025-09-10,139.2899932861328
2025-09-11,145.00999450683594
2025-09-12,143.33999633789062
2025-09-15,144.64999389648438
2025-09-16,144.3800048828125
2025-09-17,144.39999389648438
2025-09-18,149.33999633789062
2025-09-19,148.9199981689453
2025-09-22,146.9499969482422
2025-09-23,147.25
2025-09-24,137.94000244140625
2025-09-25,135.66000366210938
2025-09-26,134.00999450683594
2025-09-29,134.47999572753906
2025-09-30,129.9499969482422
2025-10-01,127.47000122070312
2025-10-02,124.62999725341795
2025-10-03,127.6500015258789
2025-10-06,126.87000274658205
2025-10-07,124.72000122070312
2025-10-08,124.7300033569336
2025-10-09,124.05999755859376
2025-10-10,117.81999969482422
2025-10-13,120.44000244140624
2025-10-14,125.9800033569336
2025-10-15,124.45999908447266
2025-10-16,117.5199966430664
2025-10-17,117.5999984741211
2025-10-20,120.11000061035156
2025-10-21,123.68000030517578
2025-10-22,123.3000030517578
2025-10-23,120.95999908447266
2025-10-24,121.23999786376952
2025-10-27,122.26000213623048
2025-10-28,120.61000061035156
2025-10-29,118.5500030517578
2025-10-30,118.11000061035156
2025-10-31,118.33000183105467
2025-11-03,117.62999725341795
2025-11-04,118.29000091552734
2025-11-05,118.88999938964844
2025-11-06,119.30999755859376
2025-11-07,121.31999969482422
2025-11-10,120.11000061035156
2025-11-11,121.36000061035156
2025-11-12,123.06999969482422
2025-11-13,120.75
2025-11-14,119.91999816894533
2025-11-17,114.0199966430664
2025-11-18,114.18000030517578
2025-11-19,117.5
2025-11-20,114.41000366210938
2025-11-21,118.66999816894533
2025-11-24,117.8499984741211
2025-11-25,120.80999755859376
2025-11-26,120.83000183105467
2025-11-28,122.30999755859376
2025-12-01,122.19000244140624
2025-12-02,122.68000030517578
2025-12-03,126.4800033569336
2025-12-04,128.42999267578125
2025-12-05,129.4199981689453
2025-12-08,130.24000549316406
2025-12-09,135.77999877929688
2025-12-10,141.5399932861328
2025-12-11,142.77000427246094
2025-12-12,136.60000610351562
2025-12-15,134.80999755859375
2025-12-16,133.3800048828125
2025-12-17,132.14999389648438
2025-12-18,131.97000122070312
2025-12-19,130.61000061035156
2025-12-22,131.4199981689453
2025-12-23,131.0
2025-12-24,130.77999877929688
2025-12-26,130.41000366210938
2025-12-29,129.4199981689453
2025-12-30,128.63999938964844
2025-12-31,127.4800033569336
2026-01-02,128.89999389648438
2026-01-05,134.57000732421875
2026-01-06,135.82000732421875
2026-01-07,130.8300018310547
2026-01-08,133.63999938964844
2026-01-09,134.64999389648438
2026-01-12,133.97000122070312
2026-01-13,130.0800018310547
2026-01-14,132.0800018310547
2026-01-15,131.32000732421875
2026-01-16,131.4199981689453
2026-01-20,122.9000015258789
2026-01-21,124.33000183105467
2026-01-22,123.4800033569336
2026-01-23,121.25
2026-01-26,118.6500015258789
2026-01-27,116.0
2026-01-28,116.7699966430664
2026-01-29,114.9800033569336
2026-01-30,114.26000213623048
2026-02-02,114.36000061035156
2026-02-03,103.27999877929688
2026-02-04,104.7699966430664
2026-02-05,99.16999816894533
2026-02-06,103.1999969482422
2026-02-09,107.29000091552734
2026-02-10,107.20999908447266
2026-02-11,105.05999755859376
2026-02-12,101.12000274658205
2026-02-13,101.7300033569336
2026-02-17,102.5500030517578
2026-02-18,103.5999984741211
2026-02-19,101.63999938964844
2026-02-20,101.18000030517578
2026-02-23,92.19000244140624
2026-02-24,95.72000122070312
2026-02-25,96.62999725341795
2026-02-26,93.62000274658205
2026-02-27,87.68000030517578
2026-03-02,90.61000061035156
2026-03-03,90.5500030517578
2026-03-04,93.83000183105467
2026-03-05,95.58999633789062
2026-03-06,91.33000183105467
2026-03-09,90.94000244140624
2026-03-10,89.95999908447266
2026-03-11,87.12999725341797
2026-03-12,83.87999725341797
2026-03-13,85.93000030517578
2026-03-16,86.0999984741211
2026-03-17,88.97000122070312
2026-03-18,90.62999725341795
2026-03-19,90.5999984741211
2026-03-20,90.0
2026-03-23,90.83999633789062
2026-03-24,90.91000366210938
2026-03-25,88.91000366210938
2026-03-26,89.98999786376953
2026-03-27,88.5
2026-03-30,90.36000061035156
2026-03-31,92.5
2026-04-01,91.36000061035156
2026-04-02,91.2300033569336
2026-04-06,91.0500030517578
2026-04-07,90.75
2026-04-08,93.95999908447266
2026-04-09,92.83000183105467
2026-04-10,91.22000122070312
2026-04-13,98.13999938964844
2026-04-14,100.43000030517578
2026-04-15,103.8499984741211
2026-04-16,102.0199966430664
2026-04-17,103.5999984741211
