,LHX
2015-01-02,71.62000274658203
2015-01-05,69.69000244140625
2015-01-06,68.29000091552734
2015-01-07,68.47000122070312
2015-01-08,70.04000091552734
2015-01-09,69.94000244140625
2015-01-12,68.87999725341797
2015-01-13,68.43000030517578
2015-01-14,68.41999816894531
2015-01-15,67.30999755859375
2015-01-16,67.63999938964844
2015-01-20,67.62999725341797
2015-01-21,68.22000122070312
2015-01-22,69.08999633789062
2015-01-23,69.69999694824219
2015-01-26,69.79000091552734
2015-01-27,69.37999725341797
2015-01-28,68.25
2015-01-29,67.94999694824219
2015-01-30,67.12999725341797
2015-02-02,68.05999755859375
2015-02-03,69.16999816894531
2015-02-04,68.68000030517578
2015-02-05,69.48999786376953
2015-02-06,76.18000030517578
2015-02-09,75.63999938964844
2015-02-10,76.05999755859375
2015-02-11,76.58000183105469
2015-02-12,77.30999755859375
2015-02-13,77.7300033569336
2015-02-17,78.12000274658203
2015-02-18,78.45999908447266
2015-02-19,78.72000122070312
2015-02-20,78.33999633789062
2015-02-23,78.05000305175781
2015-02-24,78.55000305175781
2015-02-25,78.19000244140625
2015-02-26,77.73999786376953
2015-02-27,77.68000030517578
2015-03-02,78.7699966430664
2015-03-03,77.44000244140625
2015-03-04,76.73999786376953
2015-03-05,76.44000244140625
2015-03-06,75.19999694824219
2015-03-09,75.08000183105469
2015-03-10,72.87000274658203
2015-03-11,72.5
2015-03-12,72.5
2015-03-13,71.88999938964844
2015-03-16,72.7300033569336
2015-03-17,72.0999984741211
2015-03-18,72.33000183105469
2015-03-19,72.18000030517578
2015-03-20,72.75
2015-03-23,72.88999938964844
2015-03-24,71.87000274658203
2015-03-25,70.63999938964844
2015-03-26,73.27999877929688
2015-03-27,76.75
2015-03-30,77.62999725341797
2015-03-31,78.76000213623047
2015-04-01,78.58999633789062
2015-04-02,78.69999694824219
2015-04-06,80.70999908447266
2015-04-07,79.77999877929688
2015-04-08,80.12999725341797
2015-04-09,80.68000030517578
2015-04-10,81.0
2015-04-13,80.3499984741211
2015-04-14,80.5
2015-04-15,81.11000061035156
2015-04-16,80.3499984741211
2015-04-17,78.55000305175781
2015-04-20,79.30000305175781
2015-04-21,81.93000030517578
2015-04-22,82.45999908447266
2015-04-23,82.0
2015-04-24,81.0999984741211
2015-04-27,80.73999786376953
2015-04-28,81.08999633789062
2015-04-29,79.26000213623047
2015-04-30,80.23999786376953
2015-05-01,80.44999694824219
2015-05-04,80.47000122070312
2015-05-05,79.2699966430664
2015-05-06,78.5
2015-05-07,78.19999694824219
2015-05-08,78.87000274658203
2015-05-11,78.26000213623047
2015-05-12,77.7699966430664
2015-05-13,77.3499984741211
2015-05-14,78.75
2015-05-15,78.66999816894531
2015-05-18,79.20999908447266
2015-05-19,79.4000015258789
2015-05-20,79.41000366210938
2015-05-21,79.31999969482422
2015-05-22,80.26000213623047
2015-05-26,79.08999633789062
2015-05-27,80.19000244140625
2015-05-28,79.25
2015-05-29,79.22000122070312
2015-06-01,79.69999694824219
2015-06-02,78.80999755859375
2015-06-03,78.55000305175781
2015-06-04,77.80000305175781
2015-06-05,78.48999786376953
2015-06-08,78.0
2015-06-09,78.01000213623047
2015-06-10,78.91000366210938
2015-06-11,78.63999938964844
2015-06-12,78.25
2015-06-15,78.0199966430664
2015-06-16,78.5999984741211
2015-06-17,78.5999984741211
2015-06-18,79.02999877929688
2015-06-19,79.16999816894531
2015-06-22,80.18000030517578
2015-06-23,79.6500015258789
2015-06-24,78.97000122070312
2015-06-25,78.4000015258789
2015-06-26,78.2699966430664
2015-06-29,77.11000061035156
2015-06-30,76.91000366210938
2015-07-01,77.37999725341797
2015-07-02,77.73999786376953
2015-07-06,76.66999816894531
2015-07-07,77.41000366210938
2015-07-08,76.83999633789062
2015-07-09,78.48999786376953
2015-07-10,79.3499984741211
2015-07-13,80.26000213623047
2015-07-14,80.79000091552734
2015-07-15,82.0999984741211
2015-07-16,82.31999969482422
2015-07-17,82.16999816894531
2015-07-20,81.55000305175781
2015-07-21,81.29000091552734
2015-07-22,81.61000061035156
2015-07-23,82.08999633789062
2015-07-24,81.04000091552734
2015-07-27,79.91000366210938
2015-07-28,80.5
2015-07-29,81.77999877929688
2015-07-30,82.33999633789062
2015-07-31,82.94000244140625
2015-08-03,82.29000091552734
2015-08-04,82.27999877929688
2015-08-05,83.05999755859375
2015-08-06,82.94000244140625
2015-08-07,81.56999969482422
2015-08-10,84.58999633789062
2015-08-11,82.93000030517578
2015-08-12,83.41000366210938
2015-08-13,82.58000183105469
2015-08-14,82.87000274658203
2015-08-17,83.0199966430664
2015-08-18,82.62999725341797
2015-08-19,81.98999786376953
2015-08-20,80.20999908447266
2015-08-21,78.41999816894531
2015-08-24,75.18000030517578
2015-08-25,73.76000213623047
2015-08-26,75.83999633789062
2015-08-27,77.05999755859375
2015-08-28,77.54000091552734
2015-08-31,76.81999969482422
2015-09-01,74.63999938964844
2015-09-02,75.33999633789062
2015-09-03,75.75
2015-09-04,73.95999908447266
2015-09-08,76.9800033569336
2015-09-09,75.52999877929688
2015-09-10,75.06999969482422
2015-09-11,74.08999633789062
2015-09-14,73.9000015258789
2015-09-15,73.93000030517578
2015-09-16,74.54000091552734
2015-09-17,74.6500015258789
2015-09-18,73.16999816894531
2015-09-21,73.48999786376953
2015-09-22,72.27999877929688
2015-09-23,72.44999694824219
2015-09-24,71.55000305175781
2015-09-25,72.22000122070312
2015-09-28,70.27999877929688
2015-09-29,71.06999969482422
2015-09-30,73.1500015258789
2015-10-01,73.23999786376953
2015-10-02,73.95999908447266
2015-10-05,74.73999786376953
2015-10-06,74.44000244140625
2015-10-07,74.7300033569336
2015-10-08,75.5
2015-10-09,75.7300033569336
2015-10-12,77.0
2015-10-13,75.56999969482422
2015-10-14,76.02999877929688
2015-10-15,76.44000244140625
2015-10-16,76.58000183105469
2015-10-19,75.33000183105469
2015-10-20,76.30000305175781
2015-10-21,74.97000122070312
2015-10-22,76.0
2015-10-23,76.48999786376953
2015-10-26,75.5
2015-10-27,74.91000366210938
2015-10-28,78.66999816894531
2015-10-29,79.37000274658203
2015-10-30,79.12999725341797
2015-11-02,79.70999908447266
2015-11-03,81.0
2015-11-04,79.80999755859375
2015-11-05,79.48999786376953
2015-11-06,79.58000183105469
2015-11-09,79.48999786376953
2015-11-10,79.05000305175781
2015-11-11,79.44999694824219
2015-11-12,78.70999908447266
2015-11-13,78.2300033569336
2015-11-16,80.61000061035156
2015-11-17,81.19000244140625
2015-11-18,82.08000183105469
2015-11-19,83.20999908447266
2015-11-20,82.77999877929688
2015-11-23,82.7300033569336
2015-11-24,82.44999694824219
2015-11-25,82.91999816894531
2015-11-27,83.0999984741211
2015-11-30,83.12999725341797
2015-12-01,83.98999786376953
2015-12-02,83.73999786376953
2015-12-03,82.91999816894531
2015-12-04,84.2699966430664
2015-12-07,83.83999633789062
2015-12-08,84.2699966430664
2015-12-09,83.33999633789062
2015-12-10,83.19000244140625
2015-12-11,82.38999938964844
2015-12-14,81.91000366210938
2015-12-15,82.9000015258789
2015-12-16,83.55999755859375
2015-12-17,83.12000274658203
2015-12-18,82.70999908447266
2015-12-21,84.3499984741211
2015-12-22,86.6500015258789
2015-12-23,87.81999969482422
2015-12-24,89.4800033569336
2015-12-28,87.08999633789062
2015-12-29,88.30000305175781
2015-12-30,87.43000030517578
2015-12-31,86.9000015258789
2016-01-04,87.6500015258789
2016-01-05,88.16999816894531
2016-01-06,87.37000274658203
2016-01-07,86.23999786376953
2016-01-08,85.83999633789062
2016-01-11,86.94000244140625
2016-01-12,88.91000366210938
2016-01-13,85.4000015258789
2016-01-14,84.48999786376953
2016-01-15,84.25
2016-01-19,84.33999633789062
2016-01-20,83.58000183105469
2016-01-21,82.8499984741211
2016-01-22,84.05999755859375
2016-01-25,84.12999725341797
2016-01-26,85.62000274658203
2016-01-27,84.83999633789062
2016-01-28,84.79000091552734
2016-01-29,86.97000122070312
2016-02-01,86.72000122070312
2016-02-02,78.23999786376953
2016-02-03,77.88999938964844
2016-02-04,78.83999633789062
2016-02-05,75.68000030517578
2016-02-08,73.0199966430664
2016-02-09,72.7300033569336
2016-02-10,72.72000122070312
2016-02-11,71.70999908447266
2016-02-12,72.05999755859375
2016-02-16,73.45999908447266
2016-02-17,74.26000213623047
2016-02-18,74.3499984741211
2016-02-19,75.18000030517578
2016-02-22,76.44000244140625
2016-02-23,75.4000015258789
2016-02-24,75.45999908447266
2016-02-25,76.13999938964844
2016-02-26,76.54000091552734
2016-02-29,78.0199966430664
2016-03-01,79.4000015258789
2016-03-02,80.1500015258789
2016-03-03,80.47000122070312
2016-03-04,81.1500015258789
2016-03-07,79.33000183105469
2016-03-08,78.16999816894531
2016-03-09,79.76000213623047
2016-03-10,79.63999938964844
2016-03-11,80.41999816894531
2016-03-14,79.58999633789062
2016-03-15,77.66000366210938
2016-03-16,78.36000061035156
2016-03-17,78.5199966430664
2016-03-18,78.9000015258789
2016-03-21,78.55999755859375
2016-03-22,79.62000274658203
2016-03-23,79.04000091552734
2016-03-24,78.16000366210938
2016-03-28,77.83999633789062
2016-03-29,78.4800033569336
2016-03-30,78.70999908447266
2016-03-31,77.86000061035156
2016-04-01,77.80000305175781
2016-04-04,76.98999786376953
2016-04-05,75.05999755859375
2016-04-06,76.48999786376953
2016-04-07,76.33000183105469
2016-04-08,76.70999908447266
2016-04-11,76.44999694824219
2016-04-12,76.72000122070312
2016-04-13,78.33999633789062
2016-04-14,77.6500015258789
2016-04-15,77.38999938964844
2016-04-18,77.69000244140625
2016-04-19,78.79000091552734
2016-04-20,79.30000305175781
2016-04-21,78.94999694824219
2016-04-22,79.83000183105469
2016-04-25,78.7699966430664
2016-04-26,79.47000122070312
2016-04-27,80.76000213623047
2016-04-28,80.05000305175781
2016-04-29,80.01000213623047
2016-05-02,80.86000061035156
2016-05-03,76.43000030517578
2016-05-04,74.4000015258789
2016-05-05,74.77999877929688
2016-05-06,74.58999633789062
2016-05-09,75.66999816894531
2016-05-10,76.5999984741211
2016-05-11,76.05000305175781
2016-05-12,76.11000061035156
2016-05-13,75.91999816894531
2016-05-16,77.06999969482422
2016-05-17,77.48999786376953
2016-05-18,77.4800033569336
2016-05-19,77.51000213623047
2016-05-20,78.73999786376953
2016-05-23,78.33000183105469
2016-05-24,78.9800033569336
2016-05-25,79.36000061035156
2016-05-26,79.76000213623047
2016-05-27,79.43000030517578
2016-05-31,78.7699966430664
2016-06-01,79.55999755859375
2016-06-02,79.7699966430664
2016-06-03,79.98999786376953
2016-06-06,80.93000030517578
2016-06-07,81.3499984741211
2016-06-08,81.87000274658203
2016-06-09,81.22000122070312
2016-06-10,81.0
2016-06-13,80.61000061035156
2016-06-14,80.9800033569336
2016-06-15,81.20999908447266
2016-06-16,81.98999786376953
2016-06-17,81.91000366210938
2016-06-20,83.16999816894531
2016-06-21,83.5
2016-06-22,83.38999938964844
2016-06-23,84.13999938964844
2016-06-24,80.9800033569336
2016-06-27,78.48999786376953
2016-06-28,80.30000305175781
2016-06-29,82.08999633789062
2016-06-30,83.44000244140625
2016-07-01,82.58999633789062
2016-07-05,81.54000091552734
2016-07-06,82.44000244140625
2016-07-07,82.2699966430664
2016-07-08,84.19999694824219
2016-07-11,84.41000366210938
2016-07-12,84.95999908447266
2016-07-13,85.33000183105469
2016-07-14,85.55999755859375
2016-07-15,85.2699966430664
2016-07-18,85.05000305175781
2016-07-19,85.31999969482422
2016-07-20,86.02999877929688
2016-07-21,85.93000030517578
2016-07-22,86.55999755859375
2016-07-25,85.5
2016-07-26,86.31999969482422
2016-07-27,86.02999877929688
2016-07-28,86.52999877929688
2016-07-29,86.62000274658203
2016-08-01,85.6500015258789
2016-08-02,87.97000122070312
2016-08-03,88.06999969482422
2016-08-04,88.25
2016-08-05,88.73999786376953
2016-08-08,88.97000122070312
2016-08-09,89.79000091552734
2016-08-10,89.9800033569336
2016-08-11,89.87999725341797
2016-08-12,89.83000183105469
2016-08-15,90.75
2016-08-16,90.0
2016-08-17,89.91999816894531
2016-08-18,90.63999938964844
2016-08-19,90.94000244140624
2016-08-22,91.23999786376952
2016-08-23,91.33999633789062
2016-08-24,91.0199966430664
2016-08-25,91.2699966430664
2016-08-26,90.83999633789062
2016-08-29,92.62000274658205
2016-08-30,92.7300033569336
2016-08-31,92.9800033569336
2016-09-01,92.8499984741211
2016-09-02,93.69000244140624
2016-09-06,93.8000030517578
2016-09-07,93.3000030517578
2016-09-08,92.8000030517578
2016-09-09,90.86000061035156
2016-09-12,91.91999816894533
2016-09-13,89.8499984741211
2016-09-14,89.55000305175781
2016-09-15,90.33000183105467
2016-09-16,89.36000061035156
2016-09-19,89.5199966430664
2016-09-20,89.30999755859375
2016-09-21,89.9000015258789
2016-09-22,90.80999755859376
2016-09-23,90.87999725341795
2016-09-26,90.12999725341795
2016-09-27,91.58000183105467
2016-09-28,91.9499969482422
2016-09-29,90.61000061035156
2016-09-30,91.61000061035156
2016-10-03,91.5
2016-10-04,91.26000213623048
2016-10-05,91.79000091552734
2016-10-06,92.27999877929688
2016-10-07,92.62000274658205
2016-10-10,92.4499969482422
2016-10-11,91.16999816894533
2016-10-12,91.05999755859376
2016-10-13,89.77999877929688
2016-10-14,89.66999816894531
2016-10-17,89.58000183105469
2016-10-18,90.38999938964844
2016-10-19,91.63999938964844
2016-10-20,91.0500030517578
2016-10-21,90.54000091552734
2016-10-24,91.27999877929688
2016-10-25,90.70999908447266
2016-10-26,91.37999725341795
2016-10-27,88.9800033569336
2016-10-28,89.38999938964844
2016-10-31,89.20999908447266
2016-11-01,92.7300033569336
2016-11-02,93.16000366210938
2016-11-03,92.8000030517578
2016-11-04,94.25
2016-11-07,96.9800033569336
2016-11-08,97.45999908447266
2016-11-09,101.1999969482422
2016-11-10,102.80999755859376
2016-11-11,103.41999816894533
2016-11-14,105.06999969482422
2016-11-15,104.87000274658205
2016-11-16,104.0
2016-11-17,103.79000091552734
2016-11-18,103.56999969482422
2016-11-21,103.9000015258789
2016-11-22,104.0500030517578
2016-11-23,104.16999816894533
2016-11-25,104.79000091552734
2016-11-28,104.01000213623048
2016-11-29,104.68000030517578
2016-11-30,103.55999755859376
2016-12-01,104.33999633789062
2016-12-02,104.95999908447266
2016-12-05,105.94000244140624
2016-12-06,106.4800033569336
2016-12-07,107.12999725341795
2016-12-08,105.91000366210938
2016-12-09,105.51000213623048
2016-12-12,105.0199966430664
2016-12-13,105.4499969482422
2016-12-14,105.1500015258789
2016-12-15,105.0
2016-12-16,104.0
2016-12-19,104.3499984741211
2016-12-20,104.20999908447266
2016-12-21,103.79000091552734
2016-12-22,103.6999969482422
2016-12-23,103.72000122070312
2016-12-27,103.43000030517578
2016-12-28,103.33999633789062
2016-12-29,103.11000061035156
2016-12-30,102.47000122070312
2017-01-03,102.72000122070312
2017-01-04,103.27999877929688
2017-01-05,103.41000366210938
2017-01-06,104.5500030517578
2017-01-09,102.13999938964844
2017-01-10,101.70999908447266
2017-01-11,101.79000091552734
2017-01-12,101.79000091552734
2017-01-13,101.76000213623048
2017-01-17,100.18000030517578
2017-01-18,100.8499984741211
2017-01-19,99.98999786376952
2017-01-20,100.19000244140624
2017-01-23,100.70999908447266
2017-01-24,102.06999969482422
2017-01-25,101.12000274658205
2017-01-26,101.2300033569336
2017-01-27,102.52999877929688
2017-01-30,102.37999725341795
2017-01-31,102.70999908447266
2017-02-01,101.83000183105467
2017-02-02,104.9800033569336
2017-02-03,104.3000030517578
2017-02-06,105.12999725341795
2017-02-07,105.33999633789062
2017-02-08,104.91000366210938
2017-02-09,104.48999786376952
2017-02-10,105.73999786376952
2017-02-13,107.01000213623048
2017-02-14,107.94000244140624
2017-02-15,107.31999969482422
2017-02-16,108.6500015258789
2017-02-17,109.45999908447266
2017-02-21,111.0199966430664
2017-02-22,110.44000244140624
2017-02-23,109.83999633789062
2017-02-24,111.0999984741211
2017-02-27,111.37000274658205
2017-02-28,109.9000015258789
2017-03-01,110.91000366210938
2017-03-02,110.3000030517578
2017-03-03,110.45999908447266
2017-03-06,109.9000015258789
2017-03-07,109.7300033569336
2017-03-08,110.02999877929688
2017-03-09,109.98999786376952
2017-03-10,110.62000274658205
2017-03-13,110.79000091552734
2017-03-14,110.55999755859376
2017-03-15,111.75
2017-03-16,111.6500015258789
2017-03-17,112.30999755859376
2017-03-20,112.5500030517578
2017-03-21,110.9000015258789
2017-03-22,110.98999786376952
2017-03-23,111.41999816894533
2017-03-24,110.88999938964844
2017-03-27,110.79000091552734
2017-03-28,111.69000244140624
2017-03-29,111.12999725341795
2017-03-30,111.79000091552734
2017-03-31,111.2699966430664
2017-04-03,110.2699966430664
2017-04-04,110.11000061035156
2017-04-05,109.0500030517578
2017-04-06,109.48999786376952
2017-04-07,110.16999816894533
2017-04-10,110.05999755859376
2017-04-11,109.94000244140624
2017-04-12,110.29000091552734
2017-04-13,110.0199966430664
2017-04-17,110.20999908447266
2017-04-18,109.55999755859376
2017-04-19,109.41999816894533
2017-04-20,109.9499969482422
2017-04-21,110.2699966430664
2017-04-24,111.69000244140624
2017-04-25,111.20999908447266
2017-04-26,111.12999725341795
2017-04-27,113.29000091552734
2017-04-28,111.88999938964844
2017-05-01,109.70999908447266
2017-05-02,109.54000091552734
2017-05-03,109.25
2017-05-04,110.0
2017-05-05,110.72000122070312
2017-05-08,108.0
2017-05-09,108.5
2017-05-10,108.95999908447266
2017-05-11,108.97000122070312
2017-05-12,107.76000213623048
2017-05-15,108.62999725341795
2017-05-16,108.63999938964844
2017-05-17,107.18000030517578
2017-05-18,107.44000244140624
2017-05-19,107.80999755859376
2017-05-22,108.5500030517578
2017-05-23,108.94000244140624
2017-05-24,109.87999725341795
2017-05-25,111.0500030517578
2017-05-26,110.55999755859376
2017-05-30,110.52999877929688
2017-05-31,112.16000366210938
2017-06-01,113.36000061035156
2017-06-02,113.81999969482422
2017-06-05,112.73999786376952
2017-06-06,110.88999938964844
2017-06-07,110.4499969482422
2017-06-08,111.20999908447266
2017-06-09,109.05999755859376
2017-06-12,108.52999877929688
2017-06-13,109.30999755859376
2017-06-14,109.37000274658205
2017-06-15,109.5
2017-06-16,110.54000091552734
2017-06-19,112.27999877929688
2017-06-20,111.87000274658205
2017-06-21,111.70999908447266
2017-06-22,110.98999786376952
2017-06-23,111.38999938964844
2017-06-26,110.91000366210938
2017-06-27,109.3499984741211
2017-06-28,110.41999816894533
2017-06-29,108.98999786376952
2017-06-30,109.08000183105467
2017-07-03,109.66999816894533
2017-07-05,110.83000183105467
2017-07-06,110.27999877929688
2017-07-07,112.80999755859376
2017-07-10,113.9000015258789
2017-07-11,114.72000122070312
2017-07-12,115.58999633789062
2017-07-13,115.13999938964844
2017-07-14,115.18000030517578
2017-07-17,113.48999786376952
2017-07-18,113.77999877929688
2017-07-19,114.43000030517578
2017-07-20,114.2300033569336
2017-07-21,113.94000244140624
2017-07-24,113.94000244140624
2017-07-25,114.97000122070312
2017-07-26,115.2300033569336
2017-07-27,113.87999725341795
2017-07-28,114.41000366210938
2017-07-31,114.47000122070312
2017-08-01,115.8499984741211
2017-08-02,116.25
2017-08-03,116.91000366210938
2017-08-04,116.69000244140624
2017-08-07,117.37999725341795
2017-08-08,116.88999938964844
2017-08-09,118.5500030517578
2017-08-10,118.2300033569336
2017-08-11,118.37000274658205
2017-08-14,119.83999633789062
2017-08-15,119.79000091552734
2017-08-16,120.25
2017-08-17,119.11000061035156
2017-08-18,118.70999908447266
2017-08-21,118.55999755859376
2017-08-22,119.98999786376952
2017-08-23,119.08000183105467
2017-08-24,118.83999633789062
2017-08-25,119.66000366210938
2017-08-28,121.33000183105467
2017-08-29,121.51000213623048
2017-08-30,122.33999633789062
2017-08-31,122.9000015258789
2017-09-01,123.1500015258789
2017-09-05,122.88999938964844
2017-09-06,122.72000122070312
2017-09-07,122.4499969482422
2017-09-08,122.51000213623048
2017-09-11,123.2699966430664
2017-09-12,123.66999816894533
2017-09-13,123.29000091552734
2017-09-14,124.25
2017-09-15,126.87000274658205
2017-09-18,128.97999572753906
2017-09-19,130.91000366210938
2017-09-20,131.60000610351562
2017-09-21,131.05999755859375
2017-09-22,131.8000030517578
2017-09-25,130.75
2017-09-26,131.52000427246094
2017-09-27,131.36000061035156
2017-09-28,130.9499969482422
2017-09-29,131.67999267578125
2017-10-02,132.80999755859375
2017-10-03,133.30999755859375
2017-10-04,134.0
2017-10-05,134.7899932861328
2017-10-06,135.66000366210938
2017-10-09,135.8800048828125
2017-10-10,136.07000732421875
2017-10-11,136.0
2017-10-12,136.6199951171875
2017-10-13,136.55999755859375
2017-10-16,135.89999389648438
2017-10-17,136.08999633789062
2017-10-18,134.83999633789062
2017-10-19,135.61000061035156
2017-10-20,136.72999572753906
2017-10-23,136.82000732421875
2017-10-24,136.9600067138672
2017-10-25,136.55999755859375
2017-10-26,135.86000061035156
2017-10-27,136.52999877929688
2017-10-30,135.63999938964844
2017-10-31,139.32000732421875
2017-11-01,137.14999389648438
2017-11-02,137.10000610351562
2017-11-03,139.41000366210938
2017-11-06,138.99000549316406
2017-11-07,139.3699951171875
2017-11-08,141.2899932861328
2017-11-09,137.55999755859375
2017-11-10,138.75999450683594
2017-11-13,138.97000122070312
2017-11-14,139.33999633789062
2017-11-15,138.97000122070312
2017-11-16,140.35000610351562
2017-11-17,139.83999633789062
2017-11-20,141.9199981689453
2017-11-21,144.0
2017-11-22,142.52000427246094
2017-11-24,143.94000244140625
2017-11-27,143.5
2017-11-28,144.1999969482422
2017-11-29,143.22000122070312
2017-11-30,144.5
2017-12-01,142.86000061035156
2017-12-04,141.69000244140625
2017-12-05,142.5800018310547
2017-12-06,142.52000427246094
2017-12-07,143.1999969482422
2017-12-08,143.25
2017-12-11,142.63999938964844
2017-12-12,141.4199981689453
2017-12-13,141.94000244140625
2017-12-14,141.27000427246094
2017-12-15,144.08999633789062
2017-12-18,142.6699981689453
2017-12-19,142.57000732421875
2017-12-20,142.33999633789062
2017-12-21,142.7899932861328
2017-12-22,142.77999877929688
2017-12-26,142.1999969482422
2017-12-27,143.22000122070312
2017-12-28,143.22000122070312
2017-12-29,141.64999389648438
2018-01-02,142.07000732421875
2018-01-03,142.82000732421875
2018-01-04,142.42999267578125
2018-01-05,143.74000549316406
2018-01-08,146.39999389648438
2018-01-09,145.6199951171875
2018-01-10,145.14999389648438
2018-01-11,145.3000030517578
2018-01-12,147.2100067138672
2018-01-16,145.77000427246094
2018-01-17,147.61000061035156
2018-01-18,145.74000549316406
2018-01-19,145.88999938964844
2018-01-22,143.19000244140625
2018-01-23,142.41000366210938
2018-01-24,143.10000610351562
2018-01-25,144.47000122070312
2018-01-26,146.14999389648438
2018-01-29,147.19000244140625
2018-01-30,156.30999755859375
2018-01-31,159.3800048828125
2018-02-01,157.67999267578125
2018-02-02,155.89999389648438
2018-02-05,148.1999969482422
2018-02-06,148.63999938964844
2018-02-07,152.7899932861328
2018-02-08,149.83999633789062
2018-02-09,153.02000427246094
2018-02-12,152.7899932861328
2018-02-13,153.02000427246094
2018-02-14,154.97000122070312
2018-02-15,156.22999572753906
2018-02-16,156.66000366210938
2018-02-20,157.00999450683594
2018-02-21,158.1699981689453
2018-02-22,157.99000549316406
2018-02-23,158.8000030517578
2018-02-26,159.5399932861328
2018-02-27,159.02000427246094
2018-02-28,156.14999389648438
2018-03-01,152.8699951171875
2018-03-02,153.86000061035156
2018-03-05,154.25999450683594
2018-03-06,154.6699981689453
2018-03-07,155.75999450683594
2018-03-08,155.74000549316406
2018-03-09,157.72000122070312
2018-03-12,158.02000427246094
2018-03-13,158.10000610351562
2018-03-14,157.5800018310547
2018-03-15,158.17999267578125
2018-03-16,156.50999450683594
2018-03-19,156.42999267578125
2018-03-20,158.82000732421875
2018-03-21,159.80999755859375
2018-03-22,154.57000732421875
2018-03-23,157.19000244140625
2018-03-26,162.07000732421875
2018-03-27,160.35000610351562
2018-03-28,159.77999877929688
2018-03-29,161.27999877929688
2018-04-02,159.6300048828125
2018-04-03,159.6999969482422
2018-04-04,162.2899932861328
2018-04-05,164.3300018310547
2018-04-06,161.0399932861328
2018-04-09,162.8300018310547
2018-04-10,162.38999938964844
2018-04-11,161.86000061035156
2018-04-12,162.75999450683594
2018-04-13,161.69000244140625
2018-04-16,165.17999267578125
2018-04-17,166.9600067138672
2018-04-18,168.27999877929688
2018-04-19,168.86000061035156
2018-04-20,168.0
2018-04-23,169.0
2018-04-24,164.82000732421875
2018-04-25,161.16000366210938
2018-04-26,159.75
2018-04-27,158.14999389648438
2018-04-30,156.4199981689453
2018-05-01,151.77999877929688
2018-05-02,146.75999450683594
2018-05-03,147.3000030517578
2018-05-04,149.83999633789062
2018-05-07,149.8800048828125
2018-05-08,153.94000244140625
2018-05-09,155.38999938964844
2018-05-10,156.7100067138672
2018-05-11,156.64999389648438
2018-05-14,155.1699981689453
2018-05-15,154.8800048828125
2018-05-16,153.6999969482422
2018-05-17,152.83999633789062
2018-05-18,153.89999389648438
2018-05-21,154.47000122070312
2018-05-22,150.72999572753906
2018-05-23,153.92999267578125
2018-05-24,153.91000366210938
2018-05-25,152.89999389648438
2018-05-29,150.86000061035156
2018-05-30,152.75
2018-05-31,150.47000122070312
2018-06-01,152.69000244140625
2018-06-04,152.89999389648438
2018-06-05,152.9499969482422
2018-06-06,153.47999572753906
2018-06-07,152.97999572753906
2018-06-08,154.64999389648438
2018-06-11,154.22999572753906
2018-06-12,152.36000061035156
2018-06-13,152.24000549316406
2018-06-14,149.9499969482422
2018-06-15,149.22999572753906
2018-06-18,149.27000427246094
2018-06-19,145.4499969482422
2018-06-20,145.22999572753906
2018-06-21,143.14999389648438
2018-06-22,143.6999969482422
2018-06-25,144.1199951171875
2018-06-26,144.2899932861328
2018-06-27,143.82000732421875
2018-06-28,144.75999450683594
2018-06-29,144.5399932861328
2018-07-02,145.97000122070312
2018-07-03,145.75999450683594
2018-07-05,143.97000122070312
2018-07-06,144.3000030517578
2018-07-09,145.9499969482422
2018-07-10,146.44000244140625
2018-07-11,144.77000427246094
2018-07-12,147.5399932861328
2018-07-13,148.88999938964844
2018-07-16,149.57000732421875
2018-07-17,151.63999938964844
2018-07-18,152.14999389648438
2018-07-19,150.52999877929688
2018-07-20,150.89999389648438
2018-07-23,150.17999267578125
2018-07-24,150.97999572753906
2018-07-25,151.36000061035156
2018-07-26,153.25
2018-07-27,153.8800048828125
2018-07-30,150.38999938964844
2018-07-31,164.9499969482422
2018-08-01,163.92999267578125
2018-08-02,163.44000244140625
2018-08-03,162.3800048828125
2018-08-06,162.63999938964844
2018-08-07,164.1300048828125
2018-08-08,164.47999572753906
2018-08-09,164.57000732421875
2018-08-10,163.25999450683594
2018-08-13,162.5500030517578
2018-08-14,164.89999389648438
2018-08-15,162.8000030517578
2018-08-16,163.86000061035156
2018-08-17,164.66000366210938
2018-08-20,165.2100067138672
2018-08-21,166.14999389648438
2018-08-22,163.6999969482422
2018-08-23,162.0800018310547
2018-08-24,163.22999572753906
2018-08-27,164.47999572753906
2018-08-28,164.66000366210938
2018-08-29,164.66000366210938
2018-08-30,162.47000122070312
2018-08-31,162.50999450683594
2018-09-04,162.3699951171875
2018-09-05,162.67999267578125
2018-09-06,161.52000427246094
2018-09-07,160.17999267578125
2018-09-10,161.17999267578125
2018-09-11,161.32000732421875
2018-09-12,161.67999267578125
2018-09-13,163.47000122070312
2018-09-14,164.72000122070312
2018-09-17,166.4499969482422
2018-09-18,168.02999877929688
2018-09-19,165.52000427246094
2018-09-20,162.66000366210938
2018-09-21,164.27999877929688
2018-09-24,162.25999450683594
2018-09-25,164.80999755859375
2018-09-26,165.25
2018-09-27,167.1999969482422
2018-09-28,169.2100067138672
2018-10-01,168.57000732421875
2018-10-02,168.5
2018-10-03,169.08999633789062
2018-10-04,168.6199951171875
2018-10-05,167.55999755859375
2018-10-08,167.33999633789062
2018-10-09,166.2899932861328
2018-10-10,160.64999389648438
2018-10-11,154.22000122070312
2018-10-12,154.8699951171875
2018-10-15,173.25
2018-10-16,173.52999877929688
2018-10-17,171.57000732421875
2018-10-18,170.6999969482422
2018-10-19,168.92999267578125
2018-10-22,171.69000244140625
2018-10-23,169.11000061035156
2018-10-24,162.1999969482422
2018-10-25,161.02999877929688
2018-10-26,160.83999633789062
2018-10-29,146.69000244140625
2018-10-30,150.85000610351562
2018-10-31,148.7100067138672
2018-11-01,150.00999450683594
2018-11-02,147.02999877929688
2018-11-05,149.5500030517578
2018-11-06,150.55999755859375
2018-11-07,153.08999633789062
2018-11-08,151.50999450683594
2018-11-09,153.13999938964844
2018-11-12,148.6999969482422
2018-11-13,150.42999267578125
2018-11-14,149.41000366210938
2018-11-15,151.02999877929688
2018-11-16,150.91000366210938
2018-11-19,148.10000610351562
2018-11-20,146.49000549316406
2018-11-21,144.7899932861328
2018-11-23,145.1699981689453
2018-11-26,145.75999450683594
2018-11-27,140.77999877929688
2018-11-28,143.60000610351562
2018-11-29,143.1300048828125
2018-11-30,142.9499969482422
2018-12-03,142.8000030517578
2018-12-04,139.0399932861328
2018-12-06,139.75
2018-12-07,139.39999389648438
2018-12-10,143.4499969482422
2018-12-11,144.97999572753906
2018-12-12,147.02000427246094
2018-12-13,148.44000244140625
2018-12-14,148.47000122070312
2018-12-17,145.91000366210938
2018-12-18,142.9499969482422
2018-12-19,138.4600067138672
2018-12-20,134.5399932861328
2018-12-21,128.61000061035156
2018-12-24,127.26000213623048
2018-12-26,128.22999572753906
2018-12-27,131.63999938964844
2018-12-28,131.17999267578125
2018-12-31,134.64999389648438
2019-01-02,133.13999938964844
2019-01-03,130.0500030517578
2019-01-04,132.9199981689453
2019-01-07,133.7899932861328
2019-01-08,133.74000549316406
2019-01-09,133.36000061035156
2019-01-10,134.88999938964844
2019-01-11,136.91000366210938
2019-01-14,138.0399932861328
2019-01-15,138.7899932861328
2019-01-16,136.57000732421875
2019-01-17,138.64999389648438
2019-01-18,142.77999877929688
2019-01-22,139.25
2019-01-23,142.1199951171875
2019-01-24,141.92999267578125
2019-01-25,143.47999572753906
2019-01-28,142.69000244140625
2019-01-29,155.22000122070312
2019-01-30,154.89999389648438
2019-01-31,153.17999267578125
2019-02-01,153.77000427246094
2019-02-04,157.22999572753906
2019-02-05,157.8000030517578
2019-02-06,157.63999938964844
2019-02-07,157.42999267578125
2019-02-08,160.16000366210938
2019-02-11,160.66000366210938
2019-02-12,162.0800018310547
2019-02-13,161.9600067138672
2019-02-14,162.24000549316406
2019-02-15,164.8000030517578
2019-02-19,164.58999633789062
2019-02-20,165.1999969482422
2019-02-21,164.57000732421875
2019-02-22,165.8800048828125
2019-02-25,163.8800048828125
2019-02-26,162.33999633789062
2019-02-27,162.0500030517578
2019-02-28,164.92999267578125
2019-03-01,164.7899932861328
2019-03-04,163.3300018310547
2019-03-05,162.4199981689453
2019-03-06,160.6199951171875
2019-03-07,161.22999572753906
2019-03-08,161.77999877929688
2019-03-11,163.22999572753906
2019-03-12,161.33999633789062
2019-03-13,161.77000427246094
2019-03-14,160.44000244140625
2019-03-15,160.67999267578125
2019-03-18,163.3000030517578
2019-03-19,162.9600067138672
2019-03-20,160.99000549316406
2019-03-21,162.1699981689453
2019-03-22,159.27999877929688
2019-03-25,159.74000549316406
2019-03-26,159.72999572753906
2019-03-27,158.91000366210938
2019-03-28,159.92999267578125
2019-03-29,159.7100067138672
2019-04-01,163.3000030517578
2019-04-02,161.89999389648438
2019-04-03,160.0
2019-04-04,162.30999755859375
2019-04-05,164.5
2019-04-08,164.00999450683594
2019-04-09,163.17999267578125
2019-04-10,162.69000244140625
2019-04-11,165.22000122070312
2019-04-12,167.83999633789062
2019-04-15,165.7100067138672
2019-04-16,166.1199951171875
2019-04-17,166.16000366210938
2019-04-18,165.64999389648438
2019-04-22,164.86000061035156
2019-04-23,167.52000427246094
2019-04-24,166.41000366210938
2019-04-25,164.75
2019-04-26,166.4499969482422
2019-04-29,165.1699981689453
2019-04-30,168.5
2019-05-01,179.6699981689453
2019-05-02,177.77999877929688
2019-05-03,177.88999938964844
2019-05-06,178.5
2019-05-07,176.69000244140625
2019-05-08,179.3800048828125
2019-05-09,181.17999267578125
2019-05-10,181.6999969482422
2019-05-13,181.47000122070312
2019-05-14,182.1199951171875
2019-05-15,183.52999877929688
2019-05-16,184.3800048828125
2019-05-17,183.6499938964844
2019-05-20,183.0200042724609
2019-05-21,187.7700042724609
2019-05-22,188.33999633789065
2019-05-23,188.5399932861328
2019-05-24,187.0800018310547
2019-05-28,186.47999572753903
2019-05-29,186.0800018310547
2019-05-30,186.72999572753903
2019-05-31,187.19000244140625
2019-06-03,189.8600006103516
2019-06-04,192.1000061035156
2019-06-05,197.6999969482422
2019-06-06,197.69000244140625
2019-06-07,198.2100067138672
2019-06-10,196.5800018310547
2019-06-11,188.1699981689453
2019-06-12,188.72999572753903
2019-06-13,189.8300018310547
2019-06-14,190.6000061035156
2019-06-17,192.07000732421875
2019-06-18,196.3699951171875
2019-06-19,198.3800048828125
2019-06-20,199.3999938964844
2019-06-21,197.22000122070312
2019-06-24,197.2899932861328
2019-06-25,195.6699981689453
2019-06-26,191.22000122070312
2019-06-27,189.4600067138672
2019-06-28,189.1300048828125
2019-07-01,178.14999389648438
2019-07-02,185.7700042724609
2019-07-03,184.3000030517578
2019-07-05,184.9600067138672
2019-07-08,184.67999267578125
2019-07-09,191.259994506836
2019-07-10,192.6100006103516
2019-07-11,194.4499969482422
2019-07-12,195.72000122070312
2019-07-15,191.5500030517578
2019-07-16,192.57000732421875
2019-07-17,193.97000122070312
2019-07-18,194.13999938964844
2019-07-19,193.47999572753903
2019-07-22,194.91000366210932
2019-07-23,194.5399932861328
2019-07-24,197.9499969482422
2019-07-25,200.6699981689453
2019-07-26,199.8300018310547
2019-07-29,201.38999938964844
2019-07-30,200.0
2019-07-31,207.6000061035156
2019-08-01,204.8500061035156
2019-08-02,204.4199981689453
2019-08-05,201.38999938964844
2019-08-06,205.1199951171875
2019-08-07,207.4600067138672
2019-08-08,214.4499969482422
2019-08-09,211.6100006103516
2019-08-12,209.32000732421875
2019-08-13,209.8300018310547
2019-08-14,207.72000122070312
2019-08-15,209.6000061035156
2019-08-16,210.8699951171875
2019-08-19,213.0500030517578
2019-08-20,212.58999633789065
2019-08-21,214.17999267578125
2019-08-22,213.3099975585937
2019-08-23,208.88999938964844
2019-08-26,211.6199951171875
2019-08-27,210.47999572753903
2019-08-28,212.1199951171875
2019-08-29,213.3000030517578
2019-08-30,211.41000366210932
2019-09-03,210.52999877929688
2019-09-04,213.6499938964844
2019-09-05,212.1300048828125
2019-09-06,214.6999969482422
2019-09-09,208.82000732421875
2019-09-10,208.6199951171875
2019-09-11,207.82000732421875
2019-09-12,209.42999267578125
2019-09-13,207.4499969482422
2019-09-16,214.0
2019-09-17,214.259994506836
2019-09-18,214.6999969482422
2019-09-19,214.0599975585937
2019-09-20,211.97999572753903
2019-09-23,213.3000030517578
2019-09-24,211.91000366210932
2019-09-25,212.6000061035156
2019-09-26,213.22000122070312
2019-09-27,208.9199981689453
2019-09-30,208.63999938964844
2019-10-01,203.69000244140625
2019-10-02,203.2700042724609
2019-10-03,206.2100067138672
2019-10-04,207.7700042724609
2019-10-07,205.7700042724609
2019-10-08,209.25
2019-10-09,208.94000244140625
2019-10-10,209.92999267578125
2019-10-11,208.94000244140625
2019-10-14,206.63999938964844
2019-10-15,205.5200042724609
2019-10-16,206.77999877929688
2019-10-17,200.94000244140625
2019-10-18,198.0800018310547
2019-10-21,199.66000366210932
2019-10-22,200.6699981689453
2019-10-23,200.3800048828125
2019-10-24,204.1000061035156
2019-10-25,200.9600067138672
2019-10-28,200.58999633789065
2019-10-29,202.9900054931641
2019-10-30,207.82000732421875
2019-10-31,206.3099975585937
2019-11-01,201.41000366210932
2019-11-04,194.92999267578125
2019-11-05,193.0399932861328
2019-11-06,195.9499969482422
2019-11-07,194.8800048828125
2019-11-08,196.0200042724609
2019-11-11,195.16000366210932
2019-11-12,198.19000244140625
2019-11-13,199.22999572753903
2019-11-14,199.759994506836
2019-11-15,202.5200042724609
2019-11-18,202.7400054931641
2019-11-19,203.1499938964844
2019-11-20,204.8099975585937
2019-11-21,199.0599975585937
2019-11-22,198.63999938964844
2019-11-25,196.4900054931641
2019-11-26,199.7100067138672
2019-11-27,200.5
2019-11-29,201.08999633789065
2019-12-02,194.2700042724609
2019-12-03,194.94000244140625
2019-12-04,193.67999267578125
2019-12-05,193.38999938964844
2019-12-06,192.4900054931641
2019-12-09,193.6199951171875
2019-12-10,196.9600067138672
2019-12-11,198.47999572753903
2019-12-12,196.27999877929688
2019-12-13,200.17999267578125
2019-12-16,201.33999633789065
2019-12-17,199.0800018310547
2019-12-18,197.72000122070312
2019-12-19,197.41000366210932
2019-12-20,199.9900054931641
2019-12-23,201.72999572753903
2019-12-24,201.22000122070312
2019-12-26,201.6100006103516
2019-12-27,201.7100067138672
2019-12-30,200.0800018310547
2019-12-31,197.8699951171875
2020-01-02,203.3099975585937
2020-01-03,210.47000122070312
2020-01-06,211.72000122070312
2020-01-07,212.72999572753903
2020-01-08,211.2899932861328
2020-01-09,212.2899932861328
2020-01-10,210.3699951171875
2020-01-13,212.6000061035156
2020-01-14,212.77999877929688
2020-01-15,213.16000366210932
2020-01-16,214.3500061035156
2020-01-17,219.3800048828125
2020-01-21,220.4600067138672
2020-01-22,219.91000366210932
2020-01-23,222.8099975585937
2020-01-24,222.97999572753903
2020-01-27,222.32000732421875
2020-01-28,223.13999938964844
2020-01-29,223.57000732421875
2020-01-30,224.7400054931641
2020-01-31,221.3300018310547
2020-02-03,220.88999938964844
2020-02-04,223.7400054931641
2020-02-05,223.47000122070312
2020-02-06,225.97999572753903
2020-02-07,229.8600006103516
2020-02-10,229.6000061035156
2020-02-11,228.0
2020-02-12,230.0399932861328
2020-02-13,227.009994506836
2020-02-14,228.5500030517578
2020-02-18,228.72999572753903
2020-02-19,225.97999572753903
2020-02-20,223.8000030517578
2020-02-21,222.8000030517578
2020-02-24,219.0599975585937
2020-02-25,209.759994506836
2020-02-26,210.32000732421875
2020-02-27,201.94000244140625
2020-02-28,197.72999572753903
2020-03-02,202.0500030517578
2020-03-03,198.67999267578125
2020-03-04,211.63999938964844
2020-03-05,200.57000732421875
2020-03-06,199.92999267578125
2020-03-09,186.5800018310547
2020-03-10,196.1199951171875
2020-03-11,188.3600006103516
2020-03-12,166.02000427246094
2020-03-13,177.6300048828125
2020-03-16,152.22999572753906
2020-03-17,168.9499969482422
2020-03-18,167.99000549316406
2020-03-19,160.13999938964844
2020-03-20,154.0399932861328
2020-03-23,150.22000122070312
2020-03-24,162.07000732421875
2020-03-25,173.4600067138672
2020-03-26,190.5
2020-03-27,185.0
2020-03-30,181.9600067138672
2020-03-31,180.1199951171875
2020-04-01,177.1699981689453
2020-04-02,183.5200042724609
2020-04-03,178.5
2020-04-06,184.0
2020-04-07,179.89999389648438
2020-04-08,185.1999969482422
2020-04-09,190.7899932861328
2020-04-13,188.32000732421875
2020-04-14,197.0
2020-04-15,195.0
2020-04-16,198.22000122070312
2020-04-17,203.5
2020-04-20,194.83999633789065
2020-04-21,187.77999877929688
2020-04-22,191.759994506836
2020-04-23,189.42999267578125
2020-04-24,189.8500061035156
2020-04-27,192.6999969482422
2020-04-28,195.7899932861328
2020-04-29,195.3000030517578
2020-04-30,193.6999969482422
2020-05-01,189.4600067138672
2020-05-04,186.82000732421875
2020-05-05,189.0
2020-05-06,182.509994506836
2020-05-07,182.4900054931641
2020-05-08,180.9499969482422
2020-05-11,179.39999389648438
2020-05-12,180.6100006103516
2020-05-13,177.5399932861328
2020-05-14,177.83999633789062
2020-05-15,176.77999877929688
2020-05-18,180.9199981689453
2020-05-19,179.88999938964844
2020-05-20,179.17999267578125
2020-05-21,184.1199951171875
2020-05-22,180.4499969482422
2020-05-26,184.7700042724609
2020-05-27,192.9499969482422
2020-05-28,196.72999572753903
2020-05-29,199.4499969482422
2020-06-01,196.1199951171875
2020-06-02,194.57000732421875
2020-06-03,200.6100006103516
2020-06-04,199.47999572753903
2020-06-05,204.8699951171875
2020-06-08,209.66000366210932
2020-06-09,208.27999877929688
2020-06-10,206.6999969482422
2020-06-11,196.509994506836
2020-06-12,193.1499938964844
2020-06-15,188.1000061035156
2020-06-16,191.009994506836
2020-06-17,191.42999267578125
2020-06-18,188.25
2020-06-19,182.2400054931641
2020-06-22,184.1999969482422
2020-06-23,177.25
2020-06-24,168.24000549316406
2020-06-25,170.7899932861328
2020-06-26,169.61000061035156
2020-06-29,174.8000030517578
2020-06-30,169.6699981689453
2020-07-01,170.49000549316406
2020-07-02,172.0
2020-07-06,174.0
2020-07-07,167.67999267578125
2020-07-08,164.64999389648438
2020-07-09,159.8000030517578
2020-07-10,162.50999450683594
2020-07-13,162.42999267578125
2020-07-14,162.36000061035156
2020-07-15,166.8300018310547
2020-07-16,167.02999877929688
2020-07-17,169.9600067138672
2020-07-20,167.10000610351562
2020-07-21,168.88999938964844
2020-07-22,173.33999633789062
2020-07-23,172.6699981689453
2020-07-24,171.24000549316406
2020-07-27,167.5500030517578
2020-07-28,171.39999389648438
2020-07-29,173.0
2020-07-30,173.22999572753906
2020-07-31,168.3300018310547
2020-08-03,167.8800048828125
2020-08-04,167.2899932861328
2020-08-05,172.13999938964844
2020-08-06,173.6699981689453
2020-08-07,175.63999938964844
2020-08-10,179.17999267578125
2020-08-11,180.63999938964844
2020-08-12,183.07000732421875
2020-08-13,180.97000122070312
2020-08-14,182.5800018310547
2020-08-17,181.5500030517578
2020-08-18,180.97999572753903
2020-08-19,181.17999267578125
2020-08-20,178.9600067138672
2020-08-21,178.58999633789062
2020-08-24,182.52999877929688
2020-08-25,181.0200042724609
2020-08-26,179.3000030517578
2020-08-27,181.1699981689453
2020-08-28,179.88999938964844
2020-08-31,180.7400054931641
2020-09-01,177.72000122070312
2020-09-02,182.94000244140625
2020-09-03,182.1100006103516
2020-09-04,181.72999572753903
2020-09-08,179.61000061035156
2020-09-09,180.83999633789065
2020-09-10,176.39999389648438
2020-09-11,181.02999877929688
2020-09-14,181.6300048828125
2020-09-15,178.77999877929688
2020-09-16,182.17999267578125
2020-09-17,185.44000244140625
2020-09-18,185.2100067138672
2020-09-21,177.5800018310547
2020-09-22,180.75
2020-09-23,178.1300048828125
2020-09-24,175.74000549316406
2020-09-25,178.02000427246094
2020-09-28,178.6300048828125
2020-09-29,175.75
2020-09-30,169.83999633789062
2020-10-01,172.69000244140625
2020-10-02,173.07000732421875
2020-10-05,174.39999389648438
2020-10-06,173.9600067138672
2020-10-07,175.39999389648438
2020-10-08,178.13999938964844
2020-10-09,175.4499969482422
2020-10-12,175.0399932861328
2020-10-13,174.41000366210938
2020-10-14,176.35000610351562
2020-10-15,173.47000122070312
2020-10-16,174.3699951171875
2020-10-19,171.42999267578125
2020-10-20,171.2100067138672
2020-10-21,169.80999755859375
2020-10-22,169.60000610351562
2020-10-23,171.8000030517578
2020-10-26,169.8300018310547
2020-10-27,166.25999450683594
2020-10-28,161.32000732421875
2020-10-29,162.9499969482422
2020-10-30,161.11000061035156
2020-11-02,170.39999389648438
2020-11-03,178.80999755859375
2020-11-04,183.3000030517578
2020-11-05,181.0399932861328
2020-11-06,178.94000244140625
2020-11-09,185.8500061035156
2020-11-10,189.52999877929688
2020-11-11,187.7100067138672
2020-11-12,189.3000030517578
2020-11-13,194.3000030517578
2020-11-16,200.0
2020-11-17,198.42999267578125
2020-11-18,196.3500061035156
2020-11-19,195.759994506836
2020-11-20,191.5
2020-11-23,194.1000061035156
2020-11-24,195.8300018310547
2020-11-25,194.97999572753903
2020-11-27,194.47000122070312
2020-11-30,191.9900054931641
2020-12-01,191.83999633789065
2020-12-02,191.5399932861328
2020-12-03,192.6999969482422
2020-12-04,195.0399932861328
2020-12-07,191.6300048828125
2020-12-08,189.25
2020-12-09,188.3000030517578
2020-12-10,187.5
2020-12-11,189.17999267578125
2020-12-14,189.9499969482422
2020-12-15,188.32000732421875
2020-12-16,186.1300048828125
2020-12-17,185.7100067138672
2020-12-18,187.2100067138672
2020-12-21,185.0399932861328
2020-12-22,184.1100006103516
2020-12-23,185.8500061035156
2020-12-24,185.16000366210932
2020-12-28,187.32000732421875
2020-12-29,186.2899932861328
2020-12-30,187.6499938964844
2020-12-31,189.0200042724609
2021-01-04,180.44000244140625
2021-01-05,182.3500061035156
2021-01-06,182.7700042724609
2021-01-07,181.25
2021-01-08,180.6999969482422
2021-01-11,183.4900054931641
2021-01-12,184.97999572753903
2021-01-13,186.72999572753903
2021-01-14,190.7700042724609
2021-01-15,188.5800018310547
2021-01-19,190.1000061035156
2021-01-20,188.3800048828125
2021-01-21,183.1300048828125
2021-01-22,183.8000030517578
2021-01-25,185.22999572753903
2021-01-26,179.9199981689453
2021-01-27,179.13999938964844
2021-01-28,176.66000366210938
2021-01-29,171.50999450683594
2021-02-01,173.55999755859375
2021-02-02,180.5399932861328
2021-02-03,179.50999450683594
2021-02-04,184.8999938964844
2021-02-05,182.8300018310547
2021-02-08,186.2700042724609
2021-02-09,186.1699981689453
2021-02-10,187.5200042724609
2021-02-11,187.5
2021-02-12,185.9199981689453
2021-02-16,184.4900054931641
2021-02-17,188.4600067138672
2021-02-18,189.2100067138672
2021-02-19,189.08999633789065
2021-02-22,188.32000732421875
2021-02-23,187.8300018310547
2021-02-24,191.3800048828125
2021-02-25,187.0
2021-02-26,181.91000366210932
2021-03-01,184.6199951171875
2021-03-02,186.0
2021-03-03,186.07000732421875
2021-03-04,183.72999572753903
2021-03-05,187.08999633789065
2021-03-08,191.0399932861328
2021-03-09,187.97000122070312
2021-03-10,190.9900054931641
2021-03-11,188.25
2021-03-12,192.0200042724609
2021-03-15,192.0
2021-03-16,190.5200042724609
2021-03-17,192.0399932861328
2021-03-18,196.47000122070312
2021-03-19,197.5
2021-03-22,198.0399932861328
2021-03-23,196.1499938964844
2021-03-24,195.9600067138672
2021-03-25,198.6100006103516
2021-03-26,198.94000244140625
2021-03-29,202.83999633789065
2021-03-30,203.0800018310547
2021-03-31,202.67999267578125
2021-04-01,203.6199951171875
2021-04-05,207.8500061035156
2021-04-06,209.32000732421875
2021-04-07,208.6499938964844
2021-04-08,207.4900054931641
2021-04-09,208.1199951171875
2021-04-12,209.58999633789065
2021-04-13,208.97000122070312
2021-04-14,208.9900054931641
2021-04-15,210.759994506836
2021-04-16,210.72000122070312
2021-04-19,209.72999572753903
2021-04-20,210.1999969482422
2021-04-21,212.0500030517578
2021-04-22,210.7100067138672
2021-04-23,211.0200042724609
2021-04-26,207.6499938964844
2021-04-27,207.72999572753903
2021-04-28,205.009994506836
2021-04-29,209.22000122070312
2021-04-30,209.22999572753903
2021-05-03,211.7400054931641
2021-05-04,216.3999938964844
2021-05-05,217.67999267578125
2021-05-06,216.9900054931641
2021-05-07,219.25
2021-05-10,217.0200042724609
2021-05-11,213.3300018310547
2021-05-12,211.0599975585937
2021-05-13,214.6300048828125
2021-05-14,217.0399932861328
2021-05-17,218.1000061035156
2021-05-18,214.9199981689453
2021-05-19,214.33999633789065
2021-05-20,216.08999633789065
2021-05-21,216.0399932861328
2021-05-24,216.2899932861328
2021-05-25,216.5500030517578
2021-05-26,214.8300018310547
2021-05-27,218.91000366210932
2021-05-28,218.0599975585937
2021-06-01,217.19000244140625
2021-06-02,218.72000122070312
2021-06-03,219.94000244140625
2021-06-04,222.75
2021-06-07,218.5500030517578
2021-06-08,219.0599975585937
2021-06-09,217.509994506836
2021-06-10,219.5800018310547
2021-06-11,223.3000030517578
2021-06-14,222.17999267578125
2021-06-15,223.72000122070312
2021-06-16,221.97999572753903
2021-06-17,220.3800048828125
2021-06-18,218.8600006103516
2021-06-21,222.67999267578125
2021-06-22,221.69000244140625
2021-06-23,221.4499969482422
2021-06-24,219.6499938964844
2021-06-25,221.02999877929688
2021-06-28,219.509994506836
2021-06-29,215.3999938964844
2021-06-30,216.1499938964844
2021-07-01,218.66000366210932
2021-07-02,219.44000244140625
2021-07-06,219.5
2021-07-07,224.0
2021-07-08,222.3000030517578
2021-07-09,223.9900054931641
2021-07-12,224.25
2021-07-13,224.5800018310547
2021-07-14,223.97000122070312
2021-07-15,223.8600006103516
2021-07-16,223.759994506836
2021-07-19,218.22999572753903
2021-07-20,225.509994506836
2021-07-21,227.1000061035156
2021-07-22,226.1199951171875
2021-07-23,227.25
2021-07-26,226.0
2021-07-27,228.0800018310547
2021-07-28,227.67999267578125
2021-07-29,228.5500030517578
2021-07-30,226.7400054931641
2021-08-02,225.9499969482422
2021-08-03,231.3699951171875
2021-08-04,229.41000366210932
2021-08-05,231.2400054931641
2021-08-06,231.2899932861328
2021-08-09,229.0
2021-08-10,232.6199951171875
2021-08-11,232.88999938964844
2021-08-12,230.7700042724609
2021-08-13,229.8300018310547
2021-08-16,234.1499938964844
2021-08-17,233.8800048828125
2021-08-18,231.22999572753903
2021-08-19,230.1199951171875
2021-08-20,231.13999938964844
2021-08-23,232.4900054931641
2021-08-24,232.44000244140625
2021-08-25,233.259994506836
2021-08-26,234.5
2021-08-27,232.1999969482422
2021-08-30,232.6199951171875
2021-08-31,233.009994506836
2021-09-01,232.6999969482422
2021-09-02,234.17999267578125
2021-09-03,231.7400054931641
2021-09-07,229.72999572753903
2021-09-08,230.8500061035156
2021-09-09,232.0500030517578
2021-09-10,231.6300048828125
2021-09-13,228.5200042724609
2021-09-14,226.97999572753903
2021-09-15,228.6999969482422
2021-09-16,221.02999877929688
2021-09-17,222.4600067138672
2021-09-20,222.0399932861328
2021-09-21,219.9900054931641
2021-09-22,222.72999572753903
2021-09-23,221.2400054931641
2021-09-24,223.4900054931641
2021-09-27,223.17999267578125
2021-09-28,221.8800048828125
2021-09-29,223.02999877929688
2021-09-30,220.2400054931641
2021-10-01,219.47999572753903
2021-10-04,218.44000244140625
2021-10-05,222.3300018310547
2021-10-06,226.8699951171875
2021-10-07,230.63999938964844
2021-10-08,233.1699981689453
2021-10-11,235.3699951171875
2021-10-12,237.1199951171875
2021-10-13,234.5800018310547
2021-10-14,236.6699981689453
2021-10-15,239.07000732421875
2021-10-18,238.77999877929688
2021-10-19,241.92999267578125
2021-10-20,243.1699981689453
2021-10-21,241.75
2021-10-22,244.72999572753903
2021-10-25,244.2700042724609
2021-10-26,233.38999938964844
2021-10-27,228.4900054931641
2021-10-28,224.02999877929688
2021-10-29,230.5399932861328
2021-11-01,221.3500061035156
2021-11-02,218.4199981689453
2021-11-03,221.1000061035156
2021-11-04,222.13999938964844
2021-11-05,223.97000122070312
2021-11-08,223.83999633789065
2021-11-09,224.72000122070312
2021-11-10,223.4600067138672
2021-11-11,218.97999572753903
2021-11-12,220.3000030517578
2021-11-15,221.22999572753903
2021-11-16,220.0
2021-11-17,221.19000244140625
2021-11-18,220.0
2021-11-19,220.0
2021-11-22,222.1300048828125
2021-11-23,221.509994506836
2021-11-24,218.7400054931641
2021-11-26,215.1199951171875
2021-11-29,214.67999267578125
2021-11-30,209.0800018310547
2021-12-01,207.32000732421875
2021-12-02,211.1499938964844
2021-12-03,212.0
2021-12-06,215.3000030517578
2021-12-07,214.67999267578125
2021-12-08,216.6300048828125
2021-12-09,216.5200042724609
2021-12-10,216.8000030517578
2021-12-13,217.94000244140625
2021-12-14,213.0
2021-12-15,213.0
2021-12-16,210.759994506836
2021-12-17,207.92999267578125
2021-12-20,202.0200042724609
2021-12-21,207.1300048828125
2021-12-22,206.75
2021-12-23,208.259994506836
2021-12-27,210.3300018310547
2021-12-28,212.16000366210932
2021-12-29,212.3699951171875
2021-12-30,212.94000244140625
2021-12-31,213.2400054931641
2022-01-03,211.57000732421875
2022-01-04,214.009994506836
2022-01-05,209.3800048828125
2022-01-06,217.5500030517578
2022-01-07,219.7700042724609
2022-01-10,223.44000244140625
2022-01-11,222.0200042724609
2022-01-12,220.08999633789065
2022-01-13,222.6000061035156
2022-01-14,227.8600006103516
2022-01-18,228.9499969482422
2022-01-19,227.6699981689453
2022-01-20,224.4600067138672
2022-01-21,220.75
2022-01-24,225.0500030517578
2022-01-25,224.4499969482422
2022-01-26,222.6300048828125
2022-01-27,216.2700042724609
2022-01-28,218.6699981689453
2022-01-31,209.2899932861328
2022-02-01,209.9199981689453
2022-02-02,211.7400054931641
2022-02-03,213.57000732421875
2022-02-04,213.2400054931641
2022-02-07,217.4600067138672
2022-02-08,218.94000244140625
2022-02-09,220.5599975585937
2022-02-10,215.22000122070312
2022-02-11,222.97000122070312
2022-02-14,219.82000732421875
2022-02-15,217.0399932861328
2022-02-16,221.6199951171875
2022-02-17,221.0
2022-02-18,217.6199951171875
2022-02-22,218.9600067138672
2022-02-23,216.2899932861328
2022-02-24,228.47000122070312
2022-02-25,233.509994506836
2022-02-28,252.3099975585937
2022-03-01,255.0800018310547
2022-03-02,253.57000732421875
2022-03-03,255.47999572753903
2022-03-04,266.8800048828125
2022-03-07,270.739990234375
2022-03-08,261.8599853515625
2022-03-09,255.52999877929688
2022-03-10,254.0
2022-03-11,250.0
2022-03-14,250.1100006103516
2022-03-15,258.1099853515625
2022-03-16,243.42999267578125
2022-03-17,248.7899932861328
2022-03-18,246.4499969482422
2022-03-21,253.8600006103516
2022-03-22,251.9900054931641
2022-03-23,255.259994506836
2022-03-24,256.8800048828125
2022-03-25,257.8500061035156
2022-03-28,249.4499969482422
2022-03-29,246.6000061035156
2022-03-30,251.8099975585937
2022-03-31,248.47000122070312
2022-04-01,253.1699981689453
2022-04-04,252.63999938964844
2022-04-05,256.44000244140625
2022-04-06,257.8999938964844
2022-04-07,260.79998779296875
2022-04-08,258.0299987792969
2022-04-11,256.57000732421875
2022-04-12,257.20001220703125
2022-04-13,254.25
2022-04-14,257.4100036621094
2022-04-18,259.7300109863281
2022-04-19,257.7300109863281
2022-04-20,257.82000732421875
2022-04-21,246.08999633789065
2022-04-22,247.8800048828125
2022-04-25,242.9199981689453
2022-04-26,240.3500061035156
2022-04-27,241.0599975585937
2022-04-28,239.08999633789065
2022-04-29,232.259994506836
2022-05-02,235.2100067138672
2022-05-03,237.52999877929688
2022-05-04,241.8000030517578
2022-05-05,241.47999572753903
2022-05-06,243.8300018310547
2022-05-09,239.25
2022-05-10,237.67999267578125
2022-05-11,238.47999572753903
2022-05-12,235.5599975585937
2022-05-13,236.17999267578125
2022-05-16,238.9600067138672
2022-05-17,241.6100006103516
2022-05-18,237.8500061035156
2022-05-19,232.7400054931641
2022-05-20,229.3999938964844
2022-05-23,233.8300018310547
2022-05-24,237.66000366210932
2022-05-25,236.6499938964844
2022-05-26,236.7899932861328
2022-05-27,240.9199981689453
2022-05-31,240.8999938964844
2022-06-01,241.4900054931641
2022-06-02,240.69000244140625
2022-06-03,243.13999938964844
2022-06-06,241.1000061035156
2022-06-07,246.38999938964844
2022-06-08,244.4600067138672
2022-06-09,240.58999633789065
2022-06-10,240.42999267578125
2022-06-13,233.25
2022-06-14,226.9199981689453
2022-06-15,226.6999969482422
2022-06-16,222.0800018310547
2022-06-17,221.57000732421875
2022-06-21,229.6000061035156
2022-06-22,229.63999938964844
2022-06-23,228.38999938964844
2022-06-24,233.5500030517578
2022-06-27,236.8099975585937
2022-06-28,235.82000732421875
2022-06-29,237.8099975585937
2022-06-30,241.6999969482422
2022-07-01,243.2400054931641
2022-07-05,230.9600067138672
2022-07-06,239.6000061035156
2022-07-07,238.57000732421875
2022-07-08,238.1699981689453
2022-07-11,238.5599975585937
2022-07-12,232.19000244140625
2022-07-13,227.0200042724609
2022-07-14,221.91000366210932
2022-07-15,223.83999633789065
2022-07-18,220.1199951171875
2022-07-19,225.63999938964844
2022-07-20,224.3699951171875
2022-07-21,224.08999633789065
2022-07-22,225.1300048828125
2022-07-25,226.3000030517578
2022-07-26,223.75
2022-07-27,223.8999938964844
2022-07-28,231.7899932861328
2022-07-29,239.97000122070312
2022-08-01,241.0
2022-08-02,243.97000122070312
2022-08-03,241.3600006103516
2022-08-04,237.8500061035156
2022-08-05,234.5800018310547
2022-08-08,231.75
2022-08-09,233.5
2022-08-10,234.67999267578125
2022-08-11,231.2899932861328
2022-08-12,236.7400054931641
2022-08-15,240.02999877929688
2022-08-16,239.3300018310547
2022-08-17,239.8800048828125
2022-08-18,238.3800048828125
2022-08-19,238.42999267578125
2022-08-22,231.1999969482422
2022-08-23,232.13999938964844
2022-08-24,233.0800018310547
2022-08-25,238.44000244140625
2022-08-26,234.0599975585937
2022-08-29,233.27999877929688
2022-08-30,231.2400054931641
2022-08-31,228.19000244140625
2022-09-01,227.4900054931641
2022-09-02,227.1999969482422
2022-09-06,229.7700042724609
2022-09-07,233.1499938964844
2022-09-08,233.72000122070312
2022-09-09,236.13999938964844
2022-09-12,234.75
2022-09-13,226.3300018310547
2022-09-14,233.9600067138672
2022-09-15,228.42999267578125
2022-09-16,230.009994506836
2022-09-19,230.07000732421875
2022-09-20,228.47000122070312
2022-09-21,228.72000122070312
2022-09-22,226.009994506836
2022-09-23,220.38999938964844
2022-09-26,215.6699981689453
2022-09-27,212.5599975585937
2022-09-28,214.57000732421875
2022-09-29,209.3500061035156
2022-09-30,207.8300018310547
2022-10-03,217.3999938964844
2022-10-04,224.1199951171875
2022-10-05,220.83999633789065
2022-10-06,220.5
2022-10-07,224.32000732421875
2022-10-10,230.44000244140625
2022-10-11,231.5
2022-10-12,224.1699981689453
2022-10-13,227.52999877929688
2022-10-14,218.509994506836
2022-10-17,223.5599975585937
2022-10-18,236.5800018310547
2022-10-19,237.6100006103516
2022-10-20,239.0
2022-10-21,247.1999969482422
2022-10-24,248.1100006103516
2022-10-25,248.22999572753903
2022-10-26,249.9900054931641
2022-10-27,252.8000030517578
2022-10-28,248.7400054931641
2022-10-31,246.47000122070312
2022-11-01,241.1499938964844
2022-11-02,238.8099975585937
2022-11-03,234.97999572753903
2022-11-04,229.3300018310547
2022-11-07,230.5800018310547
2022-11-08,236.08999633789065
2022-11-09,237.6699981689453
2022-11-10,239.33999633789065
2022-11-11,224.75
2022-11-14,217.8000030517578
2022-11-15,221.2400054931641
2022-11-16,221.5
2022-11-17,221.5
2022-11-18,224.0
2022-11-21,225.3500061035156
2022-11-22,225.32000732421875
2022-11-23,226.42999267578125
2022-11-25,228.67999267578125
2022-11-28,225.8600006103516
2022-11-29,225.6100006103516
2022-11-30,227.0800018310547
2022-12-01,225.38999938964844
2022-12-02,230.0
2022-12-05,224.7100067138672
2022-12-06,218.759994506836
2022-12-07,217.91000366210932
2022-12-08,217.8099975585937
2022-12-09,215.52999877929688
2022-12-12,217.58999633789065
2022-12-13,216.1499938964844
2022-12-14,218.0399932861328
2022-12-15,216.47999572753903
2022-12-16,213.2700042724609
2022-12-19,205.5500030517578
2022-12-20,205.6000061035156
2022-12-21,206.97999572753903
2022-12-22,204.8099975585937
2022-12-23,206.2400054931641
2022-12-27,206.4499969482422
2022-12-28,204.5599975585937
2022-12-29,206.66000366210932
2022-12-30,208.2100067138672
2023-01-03,206.92999267578125
2023-01-04,206.92999267578125
2023-01-05,206.1300048828125
2023-01-06,206.17999267578125
2023-01-09,201.07000732421875
2023-01-10,201.9499969482422
2023-01-11,199.91000366210932
2023-01-12,199.75
2023-01-13,197.16000366210932
2023-01-17,194.6499938964844
2023-01-18,192.97000122070312
2023-01-19,191.4499969482422
2023-01-20,192.509994506836
2023-01-23,194.25
2023-01-24,194.72000122070312
2023-01-25,197.67999267578125
2023-01-26,196.5399932861328
2023-01-27,212.1000061035156
2023-01-30,211.91000366210932
2023-01-31,214.82000732421875
2023-02-01,215.8500061035156
2023-02-02,212.0399932861328
2023-02-03,210.9499969482422
2023-02-06,212.3300018310547
2023-02-07,212.42999267578125
2023-02-08,211.94000244140625
2023-02-09,210.3600006103516
2023-02-10,215.66000366210932
2023-02-13,214.47999572753903
2023-02-14,212.8699951171875
2023-02-15,213.2700042724609
2023-02-16,211.4499969482422
2023-02-17,214.0200042724609
2023-02-21,212.42999267578125
2023-02-22,212.0599975585937
2023-02-23,209.5500030517578
2023-02-24,210.1499938964844
2023-02-27,210.6999969482422
2023-02-28,211.19000244140625
2023-03-01,210.0800018310547
2023-03-02,212.17999267578125
2023-03-03,214.16000366210932
2023-03-06,213.91000366210932
2023-03-07,211.83999633789065
2023-03-08,207.92999267578125
2023-03-09,204.38999938964844
2023-03-10,203.3699951171875
2023-03-13,201.3500061035156
2023-03-14,202.58999633789065
2023-03-15,200.77999877929688
2023-03-16,202.2700042724609
2023-03-17,195.25
2023-03-20,197.0399932861328
2023-03-21,197.8000030517578
2023-03-22,192.19000244140625
2023-03-23,190.77999877929688
2023-03-24,193.1300048828125
2023-03-27,194.5399932861328
2023-03-28,191.9499969482422
2023-03-29,194.63999938964844
2023-03-30,194.72000122070312
2023-03-31,196.2400054931641
2023-04-03,198.9499969482422
2023-04-04,197.1000061035156
2023-04-05,197.3999938964844
2023-04-06,197.009994506836
2023-04-10,199.22000122070312
2023-04-11,198.91000366210932
2023-04-12,199.6199951171875
2023-04-13,201.4900054931641
2023-04-14,200.509994506836
2023-04-17,202.5
2023-04-18,204.42999267578125
2023-04-19,203.5399932861328
2023-04-20,202.8699951171875
2023-04-21,202.02999877929688
2023-04-24,202.13999938964844
2023-04-25,199.32000732421875
2023-04-26,194.5399932861328
2023-04-27,198.0
2023-04-28,195.1499938964844
2023-05-01,194.7100067138672
2023-05-02,189.57000732421875
2023-05-03,186.6999969482422
2023-05-04,185.72999572753903
2023-05-05,187.72999572753903
2023-05-08,187.259994506836
2023-05-09,188.8699951171875
2023-05-10,189.0200042724609
2023-05-11,186.8699951171875
2023-05-12,186.75
2023-05-15,186.8699951171875
2023-05-16,183.97000122070312
2023-05-17,185.8300018310547
2023-05-18,185.83999633789065
2023-05-19,184.3999938964844
2023-05-22,186.1999969482422
2023-05-23,184.69000244140625
2023-05-24,182.6999969482422
2023-05-25,176.38999938964844
2023-05-26,178.75999450683594
2023-05-30,176.33999633789062
2023-05-31,175.9199981689453
2023-06-01,176.91000366210938
2023-06-02,182.22000122070312
2023-06-05,182.5200042724609
2023-06-06,184.5200042724609
2023-06-07,187.13999938964844
2023-06-08,189.25
2023-06-09,188.58999633789065
2023-06-12,189.1199951171875
2023-06-13,189.1100006103516
2023-06-14,190.92999267578125
2023-06-15,193.3800048828125
2023-06-16,195.57000732421875
2023-06-20,195.3000030517578
2023-06-21,196.3800048828125
2023-06-22,194.1000061035156
2023-06-23,191.8999938964844
2023-06-26,191.72000122070312
2023-06-27,193.6499938964844
2023-06-28,191.7400054931641
2023-06-29,195.4900054931641
2023-06-30,195.7700042724609
2023-07-03,197.7400054931641
2023-07-05,197.17999267578125
2023-07-06,194.75
2023-07-07,194.66000366210932
2023-07-10,194.6499938964844
2023-07-11,197.3800048828125
2023-07-12,195.94000244140625
2023-07-13,198.4600067138672
2023-07-14,195.69000244140625
2023-07-17,197.97000122070312
2023-07-18,196.3099975585937
2023-07-19,198.8300018310547
2023-07-20,199.9199981689453
2023-07-21,199.97000122070312
2023-07-24,200.6699981689453
2023-07-25,201.5500030517578
2023-07-26,202.5599975585937
2023-07-27,189.759994506836
2023-07-28,192.259994506836
2023-07-31,189.4900054931641
2023-08-01,187.72000122070312
2023-08-02,185.9199981689453
2023-08-03,185.17999267578125
2023-08-04,186.4499969482422
2023-08-07,187.9199981689453
2023-08-08,185.5800018310547
2023-08-09,187.16000366210932
2023-08-10,186.41000366210932
2023-08-11,187.9499969482422
2023-08-14,186.4600067138672
2023-08-15,182.3699951171875
2023-08-16,182.5599975585937
2023-08-17,181.75
2023-08-18,181.47999572753903
2023-08-21,180.9199981689453
2023-08-22,180.2100067138672
2023-08-23,178.27000427246094
2023-08-24,177.85000610351562
2023-08-25,178.4600067138672
2023-08-28,178.08999633789062
2023-08-29,177.25
2023-08-30,177.8000030517578
2023-08-31,178.08999633789062
2023-09-01,177.25999450683594
2023-09-05,172.4499969482422
2023-09-06,170.19000244140625
2023-09-07,168.58999633789062
2023-09-08,167.94000244140625
2023-09-11,168.8800048828125
2023-09-12,169.10000610351562
2023-09-13,169.14999389648438
2023-09-14,171.55999755859375
2023-09-15,172.72000122070312
2023-09-18,175.1300048828125
2023-09-19,176.13999938964844
2023-09-20,174.64999389648438
2023-09-21,173.94000244140625
2023-09-22,173.57000732421875
2023-09-25,174.16000366210938
2023-09-26,173.47999572753906
2023-09-27,175.1999969482422
2023-09-28,172.33999633789062
2023-09-29,174.1199951171875
2023-10-02,171.55999755859375
2023-10-03,169.27999877929688
2023-10-04,163.77999877929688
2023-10-05,161.27999877929688
2023-10-06,163.88999938964844
2023-10-09,180.2100067138672
2023-10-10,177.57000732421875
2023-10-11,176.82000732421875
2023-10-12,173.8000030517578
2023-10-13,177.24000549316406
2023-10-16,179.0
2023-10-17,178.3000030517578
2023-10-18,179.5500030517578
2023-10-19,177.89999389648438
2023-10-20,176.10000610351562
2023-10-23,176.8699951171875
2023-10-24,173.02000427246094
2023-10-25,175.74000549316406
2023-10-26,175.2100067138672
2023-10-27,170.92999267578125
2023-10-30,174.36000061035156
2023-10-31,179.41000366210938
2023-11-01,178.72000122070312
2023-11-02,183.0599975585937
2023-11-03,185.6699981689453
2023-11-06,181.759994506836
2023-11-07,182.88999938964844
2023-11-08,181.4900054931641
2023-11-09,180.759994506836
2023-11-10,182.1699981689453
2023-11-13,183.8500061035156
2023-11-14,187.6100006103516
2023-11-15,187.44000244140625
2023-11-16,186.259994506836
2023-11-17,185.69000244140625
2023-11-20,186.47999572753903
2023-11-21,188.5599975585937
2023-11-22,187.8300018310547
2023-11-24,191.009994506836
2023-11-27,187.9199981689453
2023-11-28,189.1000061035156
2023-11-29,188.66000366210932
2023-11-30,190.8099975585937
2023-12-01,194.69000244140625
2023-12-04,199.27999877929688
2023-12-05,198.009994506836
2023-12-06,198.9499969482422
2023-12-07,196.67999267578125
2023-12-08,195.8099975585937
2023-12-11,201.07000732421875
2023-12-12,200.3099975585937
2023-12-13,208.0800018310547
2023-12-14,206.6000061035156
2023-12-15,208.3699951171875
2023-12-18,209.8000030517578
2023-12-19,210.1199951171875
2023-12-20,206.5800018310547
2023-12-21,207.5399932861328
2023-12-22,208.4900054931641
2023-12-26,209.72000122070312
2023-12-27,209.88999938964844
2023-12-28,210.9199981689453
2023-12-29,210.6199951171875
2024-01-02,209.77999877929688
2024-01-03,209.82000732421875
2024-01-04,207.52999877929688
2024-01-05,205.2100067138672
2024-01-08,206.3999938964844
2024-01-09,203.5
2024-01-10,203.47000122070312
2024-01-11,202.9199981689453
2024-01-12,207.8000030517578
2024-01-16,205.08999633789065
2024-01-17,204.5399932861328
2024-01-18,205.72999572753903
2024-01-19,204.82000732421875
2024-01-22,206.82000732421875
2024-01-23,206.08999633789065
2024-01-24,204.25
2024-01-25,204.63999938964844
2024-01-26,209.2100067138672
2024-01-29,210.25
2024-01-30,210.72000122070312
2024-01-31,208.4199981689453
2024-02-01,209.47999572753903
2024-02-02,207.0
2024-02-05,207.13999938964844
2024-02-06,207.7100067138672
2024-02-07,209.5599975585937
2024-02-08,209.3000030517578
2024-02-09,209.83999633789065
2024-02-12,211.259994506836
2024-02-13,207.97999572753903
2024-02-14,210.17999267578125
2024-02-15,211.27999877929688
2024-02-16,211.97999572753903
2024-02-20,211.8300018310547
2024-02-21,213.8000030517578
2024-02-22,213.4199981689453
2024-02-23,214.4499969482422
2024-02-26,211.7400054931641
2024-02-27,211.7400054931641
2024-02-28,213.19000244140625
2024-02-29,211.66000366210932
2024-03-01,209.8099975585937
2024-03-04,215.9600067138672
2024-03-05,213.8300018310547
2024-03-06,215.6000061035156
2024-03-07,213.0200042724609
2024-03-08,214.6000061035156
2024-03-11,214.6100006103516
2024-03-12,213.6000061035156
2024-03-13,215.72000122070312
2024-03-14,213.3600006103516
2024-03-15,212.8600006103516
2024-03-18,210.92999267578125
2024-03-19,211.4199981689453
2024-03-20,212.25
2024-03-21,213.1499938964844
2024-03-22,211.94000244140625
2024-03-25,211.69000244140625
2024-03-26,211.1300048828125
2024-03-27,212.5
2024-03-28,213.1000061035156
2024-04-01,208.5599975585937
2024-04-02,205.1999969482422
2024-04-03,204.2700042724609
2024-04-04,209.58999633789065
2024-04-05,208.9600067138672
2024-04-08,208.5
2024-04-09,206.1499938964844
2024-04-10,205.4900054931641
2024-04-11,202.38999938964844
2024-04-12,202.6199951171875
2024-04-15,203.22000122070312
2024-04-16,200.33999633789065
2024-04-17,201.3999938964844
2024-04-18,202.0800018310547
2024-04-19,205.4499969482422
2024-04-22,208.13999938964844
2024-04-23,207.67999267578125
2024-04-24,207.7100067138672
2024-04-25,207.3600006103516
2024-04-26,214.5399932861328
2024-04-29,217.0599975585937
2024-04-30,214.0500030517578
2024-05-01,211.75
2024-05-02,211.33999633789065
2024-05-03,212.2400054931641
2024-05-06,214.75
2024-05-07,215.91000366210932
2024-05-08,215.8099975585937
2024-05-09,219.4900054931641
2024-05-10,219.6000061035156
2024-05-13,220.5800018310547
2024-05-14,221.1300048828125
2024-05-15,222.08999633789065
2024-05-16,222.08999633789065
2024-05-17,223.57000732421875
2024-05-20,223.6199951171875
2024-05-21,225.25
2024-05-22,225.32000732421875
2024-05-23,223.1100006103516
2024-05-24,223.25
2024-05-28,218.8699951171875
2024-05-29,215.2400054931641
2024-05-30,219.1699981689453
2024-05-31,224.8300018310547
2024-06-03,226.6499938964844
2024-06-04,226.69000244140625
2024-06-05,224.1499938964844
2024-06-06,222.0399932861328
2024-06-07,221.8999938964844
2024-06-10,221.4199981689453
2024-06-11,220.22000122070312
2024-06-12,218.97000122070312
2024-06-13,219.1999969482422
2024-06-14,217.47000122070312
2024-06-17,220.69000244140625
2024-06-18,222.4499969482422
2024-06-20,224.1000061035156
2024-06-21,225.509994506836
2024-06-24,225.4900054931641
2024-06-25,224.509994506836
2024-06-26,223.47999572753903
2024-06-27,223.17999267578125
2024-06-28,224.5800018310547
2024-07-01,221.9600067138672
2024-07-02,223.6000061035156
2024-07-03,224.5800018310547
2024-07-05,224.07000732421875
2024-07-08,226.0
2024-07-09,225.9600067138672
2024-07-10,227.2700042724609
2024-07-11,230.33999633789065
2024-07-12,231.0399932861328
2024-07-15,234.5399932861328
2024-07-16,240.4199981689453
2024-07-17,238.25
2024-07-18,237.759994506836
2024-07-19,234.7700042724609
2024-07-22,238.13999938964844
2024-07-23,240.0200042724609
2024-07-24,237.1499938964844
2024-07-25,243.2700042724609
2024-07-26,229.41000366210932
2024-07-29,224.77999877929688
2024-07-30,227.7400054931641
2024-07-31,226.88999938964844
2024-08-01,229.22000122070312
2024-08-02,230.19000244140625
2024-08-05,227.1000061035156
2024-08-06,225.9600067138672
2024-08-07,226.8300018310547
2024-08-08,230.6199951171875
2024-08-09,228.3300018310547
2024-08-12,228.8300018310547
2024-08-13,227.8800048828125
2024-08-14,226.0599975585937
2024-08-15,226.4900054931641
2024-08-16,228.5
2024-08-19,230.47999572753903
2024-08-20,229.63999938964844
2024-08-21,230.0500030517578
2024-08-22,231.2100067138672
2024-08-23,230.67999267578125
2024-08-26,228.9499969482422
2024-08-27,230.0599975585937
2024-08-28,231.9499969482422
2024-08-29,233.67999267578125
2024-08-30,236.6699981689453
2024-09-03,235.27999877929688
2024-09-04,236.5
2024-09-05,232.5200042724609
2024-09-06,227.22999572753903
2024-09-09,229.2700042724609
2024-09-10,227.88999938964844
2024-09-11,227.009994506836
2024-09-12,228.1699981689453
2024-09-13,229.7700042724609
2024-09-16,231.7100067138672
2024-09-17,229.7100067138672
2024-09-18,229.7100067138672
2024-09-19,230.4600067138672
2024-09-20,233.2100067138672
2024-09-23,237.72999572753903
2024-09-24,234.7400054931641
2024-09-25,233.32000732421875
2024-09-26,231.5599975585937
2024-09-27,234.9900054931641
2024-09-30,237.8699951171875
2024-10-01,245.2899932861328
2024-10-02,244.66000366210932
2024-10-03,243.1100006103516
2024-10-04,243.66000366210932
2024-10-07,241.759994506836
2024-10-08,241.27999877929688
2024-10-09,242.22000122070312
2024-10-10,242.3500061035156
2024-10-11,246.0399932861328
2024-10-14,248.22999572753903
2024-10-15,245.3000030517578
2024-10-16,248.13999938964844
2024-10-17,248.27999877929688
2024-10-18,248.77999877929688
2024-10-21,248.1499938964844
2024-10-22,244.92999267578125
2024-10-23,245.82000732421875
2024-10-24,244.1699981689453
2024-10-25,252.8099975585937
2024-10-28,248.02999877929688
2024-10-29,245.07000732421875
2024-10-30,245.41000366210932
2024-10-31,247.47000122070312
2024-11-01,247.47999572753903
2024-11-04,247.07000732421875
2024-11-05,250.9499969482422
2024-11-06,256.45001220703125
2024-11-07,254.8099975585937
2024-11-08,260.6000061035156
2024-11-11,264.2200012207031
2024-11-12,261.7200012207031
2024-11-13,261.6499938964844
2024-11-14,248.16000366210932
2024-11-15,247.0
2024-11-18,244.2700042724609
2024-11-19,243.5800018310547
2024-11-20,244.3600006103516
2024-11-21,246.6000061035156
2024-11-22,248.16000366210932
2024-11-25,240.6000061035156
2024-11-26,245.5800018310547
2024-11-27,245.3300018310547
2024-11-29,246.25
2024-12-02,242.82000732421875
2024-12-03,239.8600006103516
2024-12-04,240.47999572753903
2024-12-05,238.13999938964844
2024-12-06,234.63999938964844
2024-12-09,229.759994506836
2024-12-10,230.67999267578125
2024-12-11,228.8699951171875
2024-12-12,224.3500061035156
2024-12-13,223.16000366210932
2024-12-16,222.0399932861328
2024-12-17,218.4499969482422
2024-12-18,213.4199981689453
2024-12-19,210.63999938964844
2024-12-20,213.5500030517578
2024-12-23,213.02999877929688
2024-12-24,213.32000732421875
2024-12-26,213.58999633789065
2024-12-27,212.3699951171875
2024-12-30,208.94000244140625
2024-12-31,210.27999877929688
2025-01-02,207.3600006103516
2025-01-03,209.75
2025-01-06,204.2899932861328
2025-01-07,203.0
2025-01-08,207.1499938964844
2025-01-10,208.27999877929688
2025-01-13,213.9199981689453
2025-01-14,214.88999938964844
2025-01-15,214.13999938964844
2025-01-16,218.47999572753903
2025-01-17,218.16000366210932
2025-01-21,222.8600006103516
2025-01-22,220.0599975585937
2025-01-23,219.7899932861328
2025-01-24,218.6499938964844
2025-01-27,222.2899932861328
2025-01-28,213.3000030517578
2025-01-29,211.9499969482422
2025-01-30,212.0599975585937
2025-01-31,212.009994506836
2025-02-03,212.77999877929688
2025-02-04,210.7100067138672
2025-02-05,208.97000122070312
2025-02-06,206.66000366210932
2025-02-07,206.1300048828125
2025-02-10,208.42999267578125
2025-02-11,206.75
2025-02-12,200.6100006103516
2025-02-13,200.0
2025-02-14,197.6100006103516
2025-02-18,195.6999969482422
2025-02-19,194.6499938964844
2025-02-20,197.22999572753903
2025-02-21,199.0200042724609
2025-02-24,199.8500061035156
2025-02-25,203.97000122070312
2025-02-26,202.3300018310547
2025-02-27,204.8999938964844
2025-02-28,206.1100006103516
2025-03-03,207.6999969482422
2025-03-04,207.0800018310547
2025-03-05,210.52999877929688
2025-03-06,213.7899932861328
2025-03-07,220.1000061035156
2025-03-10,217.8500061035156
2025-03-11,212.3300018310547
2025-03-12,208.9499969482422
2025-03-13,211.17999267578125
2025-03-14,211.0599975585937
2025-03-17,212.97999572753903
2025-03-18,212.42999267578125
2025-03-19,213.0399932861328
2025-03-20,209.88999938964844
2025-03-21,207.97999572753903
2025-03-24,210.7100067138672
2025-03-25,212.5599975585937
2025-03-26,211.92999267578125
2025-03-27,212.6999969482422
2025-03-28,207.75
2025-03-31,209.3099975585937
2025-04-01,209.75
2025-04-02,211.8999938964844
2025-04-03,209.94000244140625
2025-04-04,202.0599975585937
2025-04-07,200.2100067138672
2025-04-08,200.75
2025-04-09,214.3500061035156
2025-04-10,213.509994506836
2025-04-11,222.02999877929688
2025-04-14,222.69000244140625
2025-04-15,220.9499969482422
2025-04-16,218.8800048828125
2025-04-17,218.22000122070312
2025-04-21,214.1199951171875
2025-04-22,215.0800018310547
2025-04-23,216.3099975585937
2025-04-24,216.2700042724609
2025-04-25,216.0800018310547
2025-04-28,218.759994506836
2025-04-29,221.22999572753903
2025-04-30,220.0200042724609
2025-05-01,219.91000366210932
2025-05-02,219.75
2025-05-05,218.6199951171875
2025-05-06,216.19000244140625
2025-05-07,218.0
2025-05-08,218.38999938964844
2025-05-09,219.38999938964844
2025-05-12,218.9600067138672
2025-05-13,218.3699951171875
2025-05-14,219.6499938964844
2025-05-15,226.8600006103516
2025-05-16,230.1999969482422
2025-05-19,230.97000122070312
2025-05-20,230.82000732421875
2025-05-21,232.58999633789065
2025-05-22,239.19000244140625
2025-05-23,237.4900054931641
2025-05-27,247.8999938964844
2025-05-28,244.3699951171875
2025-05-29,243.4199981689453
2025-05-30,244.33999633789065
2025-06-02,243.16000366210932
2025-06-03,243.19000244140625
2025-06-04,242.3099975585937
2025-06-05,242.0599975585937
2025-06-06,244.2700042724609
2025-06-09,245.41000366210932
2025-06-10,244.7899932861328
2025-06-11,246.6699981689453
2025-06-12,250.38999938964844
2025-06-13,256.989990234375
2025-06-16,247.7700042724609
2025-06-17,250.8600006103516
2025-06-18,248.8300018310547
2025-06-20,249.6699981689453
2025-06-23,251.1100006103516
2025-06-24,246.6499938964844
2025-06-25,247.8699951171875
2025-06-26,246.8000030517578
2025-06-27,246.97999572753903
2025-06-30,250.83999633789065
2025-07-01,252.17999267578125
2025-07-02,253.5599975585937
2025-07-03,255.72999572753903
2025-07-07,256.42999267578125
2025-07-08,257.0899963378906
2025-07-09,259.04998779296875
2025-07-10,260.1000061035156
2025-07-11,259.54998779296875
2025-07-14,262.3099975585937
2025-07-15,261.1700134277344
2025-07-16,263.6600036621094
2025-07-17,265.510009765625
2025-07-18,264.7699890136719
2025-07-21,263.0899963378906
2025-07-22,264.4200134277344
2025-07-23,269.6000061035156
2025-07-24,273.2200012207031
2025-07-25,269.2799987792969
2025-07-28,269.4700012207031
2025-07-29,272.3099975585937
2025-07-30,274.1199951171875
2025-07-31,274.82000732421875
2025-08-01,278.260009765625
2025-08-04,278.0599975585937
2025-08-05,278.2200012207031
2025-08-06,276.8800048828125
2025-08-07,273.8099975585937
2025-08-08,269.7200012207031
2025-08-11,270.32000732421875
2025-08-12,270.2099914550781
2025-08-13,270.2200012207031
2025-08-14,271.04998779296875
2025-08-15,270.54998779296875
2025-08-18,271.9200134277344
2025-08-19,272.2300109863281
2025-08-20,276.1499938964844
2025-08-21,276.1099853515625
2025-08-22,275.7699890136719
2025-08-25,276.1700134277344
2025-08-26,277.6600036621094
2025-08-27,276.760009765625
2025-08-28,277.0400085449219
2025-08-29,277.6199951171875
2025-09-02,275.1199951171875
2025-09-03,273.1099853515625
2025-09-04,272.989990234375
2025-09-05,272.3900146484375
2025-09-08,273.8900146484375
2025-09-09,270.7099914550781
2025-09-10,275.6400146484375
2025-09-11,280.6300048828125
2025-09-12,279.20001220703125
2025-09-15,281.8900146484375
2025-09-16,284.2699890136719
2025-09-17,281.8599853515625
2025-09-18,282.7300109863281
2025-09-19,283.94000244140625
2025-09-22,284.32000732421875
2025-09-23,286.19000244140625
2025-09-24,284.0
2025-09-25,289.239990234375
2025-09-26,293.5599975585937
2025-09-29,296.95001220703125
2025-09-30,305.4100036621094
2025-10-01,300.4700012207031
2025-10-02,296.1000061035156
2025-10-03,297.3900146484375
2025-10-06,303.010009765625
2025-10-07,301.42999267578125
2025-10-08,306.760009765625
2025-10-09,298.20001220703125
2025-10-10,292.3399963378906
2025-10-13,293.4200134277344
2025-10-14,299.989990234375
2025-10-15,289.7200012207031
2025-10-16,284.2900085449219
2025-10-17,283.8699951171875
2025-10-20,290.5599975585937
2025-10-21,292.29998779296875
2025-10-22,288.9700012207031
2025-10-23,293.2799987792969
2025-10-24,293.20001220703125
2025-10-27,291.1400146484375
2025-10-28,287.3800048828125
2025-10-29,286.8699951171875
2025-10-30,295.8999938964844
2025-10-31,289.1000061035156
2025-11-03,288.5899963378906
2025-11-04,291.1199951171875
2025-11-05,287.1000061035156
2025-11-06,285.0199890136719
2025-11-07,290.6600036621094
2025-11-10,297.0
2025-11-11,301.67999267578125
2025-11-12,300.239990234375
2025-11-13,288.3699951171875
2025-11-14,289.3900146484375
2025-11-17,287.69000244140625
2025-11-18,285.44000244140625
2025-11-19,285.25
2025-11-20,284.2200012207031
2025-11-21,277.7799987792969
2025-11-24,275.3999938964844
2025-11-25,276.3299865722656
2025-11-26,276.1400146484375
2025-11-28,278.69000244140625
2025-12-01,272.32000732421875
2025-12-02,273.9700012207031
2025-12-03,277.739990234375
2025-12-04,280.510009765625
2025-12-05,278.5
2025-12-08,281.6499938964844
2025-12-09,277.3699951171875
2025-12-10,285.94000244140625
2025-12-11,289.8599853515625
2025-12-12,286.95001220703125
2025-12-15,288.5299987792969
2025-12-16,282.8500061035156
2025-12-17,278.7200012207031
2025-12-18,282.7200012207031
2025-12-19,287.45001220703125
2025-12-22,295.1000061035156
2025-12-23,297.8299865722656
2025-12-24,298.1400146484375
2025-12-26,296.7699890136719
2025-12-29,295.92999267578125
2025-12-30,295.4700012207031
2025-12-31,293.57000732421875
2026-01-02,304.4800109863281
2026-01-05,311.3800048828125
2026-01-06,314.4700012207031
2026-01-07,309.760009765625
2026-01-08,325.739990234375
2026-01-09,335.7699890136719
2026-01-12,340.67999267578125
2026-01-13,341.239990234375
2026-01-14,342.8500061035156
2026-01-15,340.4200134277344
2026-01-16,346.4599914550781
2026-01-20,342.3299865722656
2026-01-21,347.8099975585937
2026-01-22,355.75
2026-01-23,354.7300109863281
2026-01-26,354.20001220703125
2026-01-27,360.5400085449219
2026-01-28,360.2999877929688
2026-01-29,356.0199890136719
2026-01-30,342.8500061035156
2026-02-02,340.239990234375
2026-02-03,351.57000732421875
2026-02-04,339.07000732421875
2026-02-05,342.2200012207031
2026-02-06,349.6600036621094
2026-02-09,350.6000061035156
2026-02-10,345.0799865722656
2026-02-11,340.2900085449219
2026-02-12,339.8999938964844
2026-02-13,345.5
2026-02-17,346.5899963378906
2026-02-18,352.1199951171875
2026-02-19,358.70001220703125
2026-02-20,356.1400146484375
2026-02-23,355.1400146484375
2026-02-24,354.2699890136719
2026-02-25,341.04998779296875
2026-02-26,355.1600036621094
2026-02-27,364.5400085449219
2026-03-02,378.4800109863281
2026-03-03,368.0
2026-03-04,368.75
2026-03-05,360.1000061035156
2026-03-06,366.6099853515625
2026-03-09,371.260009765625
2026-03-10,361.7200012207031
2026-03-11,364.260009765625
2026-03-12,357.8800048828125
2026-03-13,358.9599914550781
2026-03-16,366.2099914550781
2026-03-17,368.8599853515625
2026-03-18,368.3800048828125
2026-03-19,363.7000122070313
2026-03-20,352.8500061035156
2026-03-23,345.4800109863281
2026-03-24,351.4200134277344
2026-03-25,352.0199890136719
2026-03-26,349.3399963378906
2026-03-27,343.0
2026-03-30,339.92999267578125
2026-03-31,345.1499938964844
2026-04-01,353.9100036621094
2026-04-02,356.0
2026-04-06,358.7300109863281
2026-04-07,354.0
2026-04-08,361.9700012207031
2026-04-09,357.9700012207031
2026-04-10,353.5899963378906
2026-04-13,357.95001220703125
2026-04-14,355.5599975585937
2026-04-15,355.9200134277344
2026-04-16,353.4100036621094
2026-04-17,350.3500061035156
2026-04-20,348.57000732421875
2026-04-21,340.29998779296875
2026-04-22,331.6600036621094
2026-04-23,330.2200012207031
2026-04-24,317.510009765625
2026-04-27,320.4599914550781
2026-04-28,324.8800048828125
2026-04-29,321.3999938964844
2026-04-30,320.54998779296875
2026-05-01,313.3699951171875
2026-05-04,308.6199951171875
2026-05-05,302.6499938964844
2026-05-06,302.20001220703125
2026-05-07,301.17999267578125
2026-05-08,299.6400146484375
2026-05-11,302.3500061035156
2026-05-12,309.4700012207031
2026-05-13,304.92999267578125
2026-05-14,307.6199951171875
2026-05-15,303.3900146484375
2026-05-18,311.1600036621094
2026-05-19,308.1499938964844
2026-05-20,309.1499938964844
2026-05-21,306.3299865722656
2026-05-22,311.9800109863281
2026-05-26,313.4700012207031
2026-05-27,309.04998779296875
2026-05-28,314.7799987792969
2026-05-29,315.17999267578125
2026-06-01,309.5899963378906
2026-06-02,308.1199951171875
2026-06-03,303.45001220703125
2026-06-04,309.7799987792969
2026-06-05,307.8299865722656
2026-06-08,302.1000061035156
2026-06-09,308.1700134277344
2026-06-10,303.0
2026-06-11,312.1700134277344
2026-06-12,307.7900085449219
2026-06-15,304.1700134277344
2026-06-16,310.45001220703125
2026-06-17,313.1700134277344
2026-06-18,294.82000732421875
2026-06-22,285.8299865722656
2026-06-23,293.7699890136719
2026-06-24,287.2699890136719
2026-06-25,288.5199890136719
2026-06-26,291.25
