,LII
2015-01-02,94.5500030517578
2015-01-05,94.33000183105467
2015-01-06,93.8499984741211
2015-01-07,94.66000366210938
2015-01-08,96.37999725341795
2015-01-09,95.91999816894533
2015-01-12,96.62000274658205
2015-01-13,96.3000030517578
2015-01-14,96.87000274658205
2015-01-15,94.77999877929688
2015-01-16,94.62999725341795
2015-01-20,95.7300033569336
2015-01-21,96.94000244140624
2015-01-22,98.36000061035156
2015-01-23,98.62000274658205
2015-01-26,99.9000015258789
2015-01-27,99.2300033569336
2015-01-28,99.47000122070312
2015-01-29,99.6999969482422
2015-01-30,98.30999755859376
2015-02-02,100.36000061035156
2015-02-03,101.06999969482422
2015-02-04,101.04000091552734
2015-02-05,101.0
2015-02-06,101.19000244140624
2015-02-09,100.66000366210938
2015-02-10,101.62999725341795
2015-02-11,101.81999969482422
2015-02-12,103.38999938964844
2015-02-13,104.2699966430664
2015-02-17,104.7699966430664
2015-02-18,105.37999725341795
2015-02-19,105.3499984741211
2015-02-20,106.5999984741211
2015-02-23,106.4000015258789
2015-02-24,105.80999755859376
2015-02-25,104.6999969482422
2015-02-26,104.27999877929688
2015-02-27,104.26000213623048
2015-03-02,107.1999969482422
2015-03-03,107.08000183105467
2015-03-04,107.2699966430664
2015-03-05,107.37999725341795
2015-03-06,106.61000061035156
2015-03-09,106.9800033569336
2015-03-10,107.12999725341795
2015-03-11,108.01000213623048
2015-03-12,108.6999969482422
2015-03-13,107.86000061035156
2015-03-16,108.4000015258789
2015-03-17,108.08999633789062
2015-03-18,109.2300033569336
2015-03-19,109.45999908447266
2015-03-20,109.7699966430664
2015-03-23,109.9499969482422
2015-03-24,109.95999908447266
2015-03-25,109.1999969482422
2015-03-26,109.7699966430664
2015-03-27,110.5199966430664
2015-03-30,111.37000274658205
2015-03-31,111.69000244140624
2015-04-01,111.94000244140624
2015-04-02,112.05999755859376
2015-04-06,112.08999633789062
2015-04-07,111.38999938964844
2015-04-08,112.16000366210938
2015-04-09,111.4000015258789
2015-04-10,111.1999969482422
2015-04-13,110.20999908447266
2015-04-14,111.51000213623048
2015-04-15,113.58000183105467
2015-04-16,112.5
2015-04-17,111.38999938964844
2015-04-20,106.72000122070312
2015-04-21,105.61000061035156
2015-04-22,107.6999969482422
2015-04-23,107.25
2015-04-24,108.0
2015-04-27,107.26000213623048
2015-04-28,107.5999984741211
2015-04-29,106.68000030517578
2015-04-30,105.95999908447266
2015-05-01,106.5
2015-05-04,107.43000030517578
2015-05-05,106.8000030517578
2015-05-06,106.52999877929688
2015-05-07,107.75
2015-05-08,108.62000274658205
2015-05-11,109.5199966430664
2015-05-12,110.0500030517578
2015-05-13,111.87000274658205
2015-05-14,113.55999755859376
2015-05-15,114.05999755859376
2015-05-18,114.02999877929688
2015-05-19,114.0999984741211
2015-05-20,114.04000091552734
2015-05-21,113.61000061035156
2015-05-22,114.0
2015-05-26,113.5500030517578
2015-05-27,115.0199966430664
2015-05-28,113.91999816894533
2015-05-29,112.5999984741211
2015-06-01,113.44000244140624
2015-06-02,113.44000244140624
2015-06-03,113.7699966430664
2015-06-04,112.58999633789062
2015-06-05,113.2699966430664
2015-06-08,112.66999816894533
2015-06-09,113.43000030517578
2015-06-10,115.37999725341795
2015-06-11,115.20999908447266
2015-06-12,115.0199966430664
2015-06-15,113.5999984741211
2015-06-16,112.51000213623048
2015-06-17,112.0199966430664
2015-06-18,111.7300033569336
2015-06-19,110.3499984741211
2015-06-22,110.62000274658205
2015-06-23,110.29000091552734
2015-06-24,109.88999938964844
2015-06-25,108.91999816894533
2015-06-26,108.52999877929688
2015-06-29,107.1999969482422
2015-06-30,107.69000244140624
2015-07-01,108.11000061035156
2015-07-02,107.9800033569336
2015-07-06,108.5
2015-07-07,109.11000061035156
2015-07-08,107.83999633789062
2015-07-09,108.1500015258789
2015-07-10,107.98999786376952
2015-07-13,108.97000122070312
2015-07-14,109.08000183105467
2015-07-15,107.56999969482422
2015-07-16,107.41999816894533
2015-07-17,107.58999633789062
2015-07-20,116.38999938964844
2015-07-21,115.70999908447266
2015-07-22,117.5
2015-07-23,117.38999938964844
2015-07-24,117.22000122070312
2015-07-27,115.6999969482422
2015-07-28,116.30999755859376
2015-07-29,116.9800033569336
2015-07-30,117.5999984741211
2015-07-31,118.06999969482422
2015-08-03,118.3000030517578
2015-08-04,118.61000061035156
2015-08-05,118.30999755859376
2015-08-06,118.47000122070312
2015-08-07,118.9499969482422
2015-08-10,120.98999786376952
2015-08-11,121.43000030517578
2015-08-12,122.45999908447266
2015-08-13,122.98999786376952
2015-08-14,125.0500030517578
2015-08-17,125.63999938964844
2015-08-18,126.7300033569336
2015-08-19,125.95999908447266
2015-08-20,122.6999969482422
2015-08-21,120.0
2015-08-24,116.18000030517578
2015-08-25,114.6500015258789
2015-08-26,116.93000030517578
2015-08-27,118.6500015258789
2015-08-28,119.68000030517578
2015-08-31,118.04000091552734
2015-09-01,116.16000366210938
2015-09-02,118.9800033569336
2015-09-03,119.41000366210938
2015-09-04,117.38999938964844
2015-09-08,120.69000244140624
2015-09-09,119.72000122070312
2015-09-10,119.04000091552734
2015-09-11,122.37999725341795
2015-09-14,122.83000183105467
2015-09-15,123.19000244140624
2015-09-16,124.08000183105467
2015-09-17,123.72000122070312
2015-09-18,121.97000122070312
2015-09-21,123.08999633789062
2015-09-22,121.45999908447266
2015-09-23,119.08999633789062
2015-09-24,117.4000015258789
2015-09-25,118.25
2015-09-28,115.16999816894533
2015-09-29,112.13999938964844
2015-09-30,113.33000183105467
2015-10-01,113.6999969482422
2015-10-02,113.3499984741211
2015-10-05,115.5
2015-10-06,113.80999755859376
2015-10-07,115.62000274658205
2015-10-08,117.87999725341795
2015-10-09,117.66999816894533
2015-10-12,119.05999755859376
2015-10-13,118.56999969482422
2015-10-14,116.9499969482422
2015-10-15,117.81999969482422
2015-10-16,117.76000213623048
2015-10-19,124.70999908447266
2015-10-20,124.1500015258789
2015-10-21,125.0500030517578
2015-10-22,127.77999877929688
2015-10-23,127.91000366210938
2015-10-26,129.42999267578125
2015-10-27,127.08000183105467
2015-10-28,131.16000366210938
2015-10-29,130.3699951171875
2015-10-30,132.80999755859375
2015-11-02,134.41000366210938
2015-11-03,134.67999267578125
2015-11-04,135.3699951171875
2015-11-05,136.2899932861328
2015-11-06,135.42999267578125
2015-11-09,133.47000122070312
2015-11-10,134.92999267578125
2015-11-11,135.24000549316406
2015-11-12,133.6199951171875
2015-11-13,133.3300018310547
2015-11-16,135.11000061035156
2015-11-17,134.1699981689453
2015-11-18,136.74000549316406
2015-11-19,136.5
2015-11-20,136.30999755859375
2015-11-23,136.69000244140625
2015-11-24,136.61000061035156
2015-11-25,136.8699951171875
2015-11-27,137.6300048828125
2015-11-30,135.9199981689453
2015-12-01,137.7899932861328
2015-12-02,135.4499969482422
2015-12-03,133.5
2015-12-04,136.3300018310547
2015-12-07,137.4600067138672
2015-12-08,135.58999633789062
2015-12-09,133.83999633789062
2015-12-10,133.0
2015-12-11,130.16000366210938
2015-12-14,129.6999969482422
2015-12-15,129.22000122070312
2015-12-16,130.42999267578125
2015-12-17,126.33999633789062
2015-12-18,124.20999908447266
2015-12-21,123.75
2015-12-22,125.33000183105467
2015-12-23,125.12999725341795
2015-12-24,126.41000366210938
2015-12-28,127.08000183105467
2015-12-29,127.87999725341795
2015-12-30,126.55999755859376
2015-12-31,124.9000015258789
2016-01-04,124.23999786376952
2016-01-05,123.08999633789062
2016-01-06,120.77999877929688
2016-01-07,118.93000030517578
2016-01-08,117.4499969482422
2016-01-11,116.73999786376952
2016-01-12,118.38999938964844
2016-01-13,115.66999816894533
2016-01-14,117.4000015258789
2016-01-15,115.7699966430664
2016-01-19,116.51000213623048
2016-01-20,115.12999725341795
2016-01-21,114.38999938964844
2016-01-22,118.72000122070312
2016-01-25,116.02999877929688
2016-01-26,120.44000244140624
2016-01-27,117.2699966430664
2016-01-28,115.72000122070312
2016-01-29,119.81999969482422
2016-02-01,118.7300033569336
2016-02-02,116.75
2016-02-03,117.44000244140624
2016-02-04,118.1999969482422
2016-02-05,114.33000183105467
2016-02-08,114.47000122070312
2016-02-09,113.97000122070312
2016-02-10,115.79000091552734
2016-02-11,117.44000244140624
2016-02-12,119.5
2016-02-16,119.75
2016-02-17,123.0
2016-02-18,121.26000213623048
2016-02-19,121.29000091552734
2016-02-22,121.44000244140624
2016-02-23,123.41999816894533
2016-02-24,126.58999633789062
2016-02-25,128.6699981689453
2016-02-26,131.63999938964844
2016-02-29,129.2100067138672
2016-03-01,129.30999755859375
2016-03-02,129.05999755859375
2016-03-03,128.50999450683594
2016-03-04,129.13999938964844
2016-03-07,128.88999938964844
2016-03-08,128.55999755859375
2016-03-09,129.36000061035156
2016-03-10,129.64999389648438
2016-03-11,130.97999572753906
2016-03-14,132.67999267578125
2016-03-15,132.8800048828125
2016-03-16,132.3699951171875
2016-03-17,132.30999755859375
2016-03-18,132.77999877929688
2016-03-21,132.67999267578125
2016-03-22,132.7100067138672
2016-03-23,131.9600067138672
2016-03-24,132.89999389648438
2016-03-28,133.75999450683594
2016-03-29,134.9600067138672
2016-03-30,135.35000610351562
2016-03-31,135.19000244140625
2016-04-01,137.4600067138672
2016-04-04,136.92999267578125
2016-04-05,137.0399932861328
2016-04-06,138.22000122070312
2016-04-07,138.1999969482422
2016-04-08,139.58999633789062
2016-04-11,139.32000732421875
2016-04-12,140.27000427246094
2016-04-13,142.0
2016-04-14,140.5399932861328
2016-04-15,140.83999633789062
2016-04-18,137.1699981689453
2016-04-19,139.10000610351562
2016-04-20,137.66000366210938
2016-04-21,137.02999877929688
2016-04-22,137.6300048828125
2016-04-25,136.89999389648438
2016-04-26,137.3699951171875
2016-04-27,137.55999755859375
2016-04-28,135.1300048828125
2016-04-29,134.9499969482422
2016-05-02,135.75999450683594
2016-05-03,134.02999877929688
2016-05-04,135.07000732421875
2016-05-05,135.4199981689453
2016-05-06,136.77999877929688
2016-05-09,137.14999389648438
2016-05-10,138.7899932861328
2016-05-11,136.52999877929688
2016-05-12,138.25999450683594
2016-05-13,137.50999450683594
2016-05-16,137.44000244140625
2016-05-17,135.8800048828125
2016-05-18,134.39999389648438
2016-05-19,133.0800018310547
2016-05-20,133.55999755859375
2016-05-23,133.1999969482422
2016-05-24,135.52000427246094
2016-05-25,136.22999572753906
2016-05-26,136.4600067138672
2016-05-27,136.8800048828125
2016-05-31,137.35000610351562
2016-06-01,137.8800048828125
2016-06-02,137.91000366210938
2016-06-03,137.7899932861328
2016-06-06,138.22999572753906
2016-06-07,139.24000549316406
2016-06-08,141.10000610351562
2016-06-09,140.8000030517578
2016-06-10,138.02999877929688
2016-06-13,134.7899932861328
2016-06-14,135.4199981689453
2016-06-15,135.47999572753906
2016-06-16,134.89999389648438
2016-06-17,135.1699981689453
2016-06-20,138.7899932861328
2016-06-21,138.75
2016-06-22,138.5500030517578
2016-06-23,141.83999633789062
2016-06-24,140.25999450683594
2016-06-27,137.02999877929688
2016-06-28,138.30999755859375
2016-06-29,138.27999877929688
2016-06-30,142.60000610351562
2016-07-01,142.6999969482422
2016-07-05,142.64999389648438
2016-07-06,145.58999633789062
2016-07-07,144.3800048828125
2016-07-08,147.41000366210938
2016-07-11,147.2899932861328
2016-07-12,148.05999755859375
2016-07-13,148.14999389648438
2016-07-14,146.86000061035156
2016-07-15,148.0
2016-07-18,149.1999969482422
2016-07-19,150.9600067138672
2016-07-20,151.0
2016-07-21,150.19000244140625
2016-07-22,151.58999633789062
2016-07-25,152.0500030517578
2016-07-26,154.7100067138672
2016-07-27,156.83999633789062
2016-07-28,158.97000122070312
2016-07-29,156.8000030517578
2016-08-01,156.42999267578125
2016-08-02,155.07000732421875
2016-08-03,155.35000610351562
2016-08-04,156.36000061035156
2016-08-05,158.00999450683594
2016-08-08,158.72000122070312
2016-08-09,157.64999389648438
2016-08-10,158.3699951171875
2016-08-11,159.24000549316406
2016-08-12,158.72999572753906
2016-08-15,157.75999450683594
2016-08-16,156.07000732421875
2016-08-17,156.30999755859375
2016-08-18,157.42999267578125
2016-08-19,157.1999969482422
2016-08-22,158.47000122070312
2016-08-23,158.49000549316406
2016-08-24,158.75999450683594
2016-08-25,159.52999877929688
2016-08-26,159.2899932861328
2016-08-29,160.7100067138672
2016-08-30,162.17999267578125
2016-08-31,161.07000732421875
2016-09-01,162.77999877929688
2016-09-02,163.16000366210938
2016-09-06,162.24000549316406
2016-09-07,161.89999389648438
2016-09-08,162.1199951171875
2016-09-09,155.7100067138672
2016-09-12,156.5500030517578
2016-09-13,155.25
2016-09-14,155.4600067138672
2016-09-15,156.44000244140625
2016-09-16,155.35000610351562
2016-09-19,156.47000122070312
2016-09-20,156.05999755859375
2016-09-21,157.64999389648438
2016-09-22,158.80999755859375
2016-09-23,157.19000244140625
2016-09-26,156.97000122070312
2016-09-27,157.6999969482422
2016-09-28,157.5399932861328
2016-09-29,156.0800018310547
2016-09-30,157.02999877929688
2016-10-03,158.14999389648438
2016-10-04,159.1699981689453
2016-10-05,159.25
2016-10-06,162.38999938964844
2016-10-07,161.4499969482422
2016-10-10,162.97999572753906
2016-10-11,159.6999969482422
2016-10-12,159.1300048828125
2016-10-13,159.07000732421875
2016-10-14,157.6199951171875
2016-10-17,155.22000122070312
2016-10-18,151.7100067138672
2016-10-19,149.5
2016-10-20,148.91000366210938
2016-10-21,150.0500030517578
2016-10-24,149.72999572753906
2016-10-25,145.33999633789062
2016-10-26,145.6199951171875
2016-10-27,145.00999450683594
2016-10-28,146.4199981689453
2016-10-31,145.88999938964844
2016-11-01,144.32000732421875
2016-11-02,141.52999877929688
2016-11-03,142.57000732421875
2016-11-04,144.6199951171875
2016-11-07,145.08999633789062
2016-11-08,147.25999450683594
2016-11-09,146.47000122070312
2016-11-10,144.75999450683594
2016-11-11,146.86000061035156
2016-11-14,149.0500030517578
2016-11-15,151.13999938964844
2016-11-16,150.74000549316406
2016-11-17,153.9600067138672
2016-11-18,152.1999969482422
2016-11-21,153.1300048828125
2016-11-22,153.8699951171875
2016-11-23,152.97999572753906
2016-11-25,153.49000549316406
2016-11-28,150.69000244140625
2016-11-29,151.3000030517578
2016-11-30,148.6699981689453
2016-12-01,147.80999755859375
2016-12-02,148.27999877929688
2016-12-05,149.41000366210938
2016-12-06,153.1199951171875
2016-12-07,156.8800048828125
2016-12-08,157.0500030517578
2016-12-09,157.36000061035156
2016-12-12,156.27999877929688
2016-12-13,157.75
2016-12-14,160.1699981689453
2016-12-15,157.3000030517578
2016-12-16,157.19000244140625
2016-12-19,156.9199981689453
2016-12-20,157.47000122070312
2016-12-21,158.67999267578125
2016-12-22,156.1199951171875
2016-12-23,156.27999877929688
2016-12-27,157.5
2016-12-28,154.94000244140625
2016-12-29,155.38999938964844
2016-12-30,153.1699981689453
2017-01-03,153.6699981689453
2017-01-04,154.97999572753906
2017-01-05,153.22999572753906
2017-01-06,151.91000366210938
2017-01-09,150.5
2017-01-10,150.25
2017-01-11,151.32000732421875
2017-01-12,148.50999450683594
2017-01-13,149.3800048828125
2017-01-17,151.02999877929688
2017-01-18,151.41000366210938
2017-01-19,151.33999633789062
2017-01-20,151.77999877929688
2017-01-23,151.0800018310547
2017-01-24,156.1199951171875
2017-01-25,158.0
2017-01-26,155.97999572753906
2017-01-27,156.77000427246094
2017-01-30,156.5800018310547
2017-01-31,156.80999755859375
2017-02-01,157.19000244140625
2017-02-02,155.41000366210938
2017-02-03,157.25
2017-02-06,157.33999633789062
2017-02-07,160.3000030517578
2017-02-08,163.3300018310547
2017-02-09,163.9499969482422
2017-02-10,163.24000549316406
2017-02-13,161.11000061035156
2017-02-14,160.16000366210938
2017-02-15,159.32000732421875
2017-02-16,167.7100067138672
2017-02-17,162.52999877929688
2017-02-21,165.08999633789062
2017-02-22,164.02999877929688
2017-02-23,164.52999877929688
2017-02-24,165.94000244140625
2017-02-27,167.22999572753906
2017-02-28,164.6199951171875
2017-03-01,167.49000549316406
2017-03-02,167.3300018310547
2017-03-03,167.61000061035156
2017-03-06,166.52000427246094
2017-03-07,165.75
2017-03-08,165.5
2017-03-09,166.5399932861328
2017-03-10,167.3000030517578
2017-03-13,168.39999389648438
2017-03-14,168.4199981689453
2017-03-15,171.66000366210938
2017-03-16,172.11000061035156
2017-03-17,172.02999877929688
2017-03-20,171.64999389648438
2017-03-21,168.64999389648438
2017-03-22,169.94000244140625
2017-03-23,170.60000610351562
2017-03-24,169.63999938964844
2017-03-27,169.99000549316406
2017-03-28,169.60000610351562
2017-03-29,168.69000244140625
2017-03-30,168.22999572753906
2017-03-31,167.3000030517578
2017-04-03,166.36000061035156
2017-04-04,165.8699951171875
2017-04-05,164.49000549316406
2017-04-06,165.25
2017-04-07,164.61000061035156
2017-04-10,166.33999633789062
2017-04-11,167.89999389648438
2017-04-12,165.47000122070312
2017-04-13,165.22999572753906
2017-04-17,167.32000732421875
2017-04-18,167.11000061035156
2017-04-19,167.7899932861328
2017-04-20,169.30999755859375
2017-04-21,172.42999267578125
2017-04-24,168.32000732421875
2017-04-25,168.8699951171875
2017-04-26,167.47000122070312
2017-04-27,168.27000427246094
2017-04-28,165.38999938964844
2017-05-01,166.47999572753906
2017-05-02,165.4600067138672
2017-05-03,166.6999969482422
2017-05-04,167.86000061035156
2017-05-05,167.85000610351562
2017-05-08,167.00999450683594
2017-05-09,166.9499969482422
2017-05-10,168.22999572753906
2017-05-11,167.58999633789062
2017-05-12,166.17999267578125
2017-05-15,167.8800048828125
2017-05-16,172.02000427246094
2017-05-17,171.30999755859375
2017-05-18,171.6999969482422
2017-05-19,175.49000549316406
2017-05-22,175.69000244140625
2017-05-23,175.3800048828125
2017-05-24,175.57000732421875
2017-05-25,176.14999389648438
2017-05-26,175.08999633789062
2017-05-30,175.57000732421875
2017-05-31,177.10000610351562
2017-06-01,177.80999755859375
2017-06-02,178.8699951171875
2017-06-05,179.08999633789062
2017-06-06,177.7100067138672
2017-06-07,178.75
2017-06-08,178.4199981689453
2017-06-09,178.66000366210938
2017-06-12,181.4900054931641
2017-06-13,184.5500030517578
2017-06-14,186.3999938964844
2017-06-15,187.72000122070312
2017-06-16,188.6100006103516
2017-06-19,191.0500030517578
2017-06-20,191.25
2017-06-21,191.8699951171875
2017-06-22,188.69000244140625
2017-06-23,187.6100006103516
2017-06-26,186.5599975585937
2017-06-27,184.259994506836
2017-06-28,184.5
2017-06-29,183.44000244140625
2017-06-30,183.63999938964844
2017-07-03,183.8699951171875
2017-07-05,185.82000732421875
2017-07-06,183.91000366210932
2017-07-07,186.22000122070312
2017-07-10,184.6999969482422
2017-07-11,182.94000244140625
2017-07-12,183.8099975585937
2017-07-13,183.91000366210932
2017-07-14,183.77999877929688
2017-07-17,184.32000732421875
2017-07-18,183.9199981689453
2017-07-19,184.42999267578125
2017-07-20,182.57000732421875
2017-07-21,182.41000366210932
2017-07-24,176.33999633789062
2017-07-25,171.9600067138672
2017-07-26,169.9199981689453
2017-07-27,172.08999633789062
2017-07-28,171.02000427246094
2017-07-31,171.0
2017-08-01,171.08999633789062
2017-08-02,171.9499969482422
2017-08-03,172.39999389648438
2017-08-04,172.27999877929688
2017-08-07,173.3699951171875
2017-08-08,172.39999389648438
2017-08-09,171.5
2017-08-10,167.52999877929688
2017-08-11,167.3699951171875
2017-08-14,168.5399932861328
2017-08-15,167.9199981689453
2017-08-16,167.47999572753906
2017-08-17,165.11000061035156
2017-08-18,164.02000427246094
2017-08-21,164.3699951171875
2017-08-22,165.85000610351562
2017-08-23,163.52000427246094
2017-08-24,160.60000610351562
2017-08-25,161.85000610351562
2017-08-28,162.19000244140625
2017-08-29,161.24000549316406
2017-08-30,162.94000244140625
2017-08-31,165.72999572753906
2017-09-01,165.9600067138672
2017-09-05,166.13999938964844
2017-09-06,163.25
2017-09-07,163.19000244140625
2017-09-08,168.8699951171875
2017-09-11,168.60000610351562
2017-09-12,171.83999633789062
2017-09-13,167.47999572753906
2017-09-14,167.02000427246094
2017-09-15,167.52999877929688
2017-09-18,167.24000549316406
2017-09-19,165.8300018310547
2017-09-20,170.3699951171875
2017-09-21,171.67999267578125
2017-09-22,172.97000122070312
2017-09-25,170.5500030517578
2017-09-26,173.67999267578125
2017-09-27,173.3300018310547
2017-09-28,175.9199981689453
2017-09-29,178.97000122070312
2017-10-02,179.02000427246094
2017-10-03,180.1199951171875
2017-10-04,181.38999938964844
2017-10-05,181.52999877929688
2017-10-06,184.32000732421875
2017-10-09,184.1100006103516
2017-10-10,181.5
2017-10-11,180.2899932861328
2017-10-12,181.0800018310547
2017-10-13,181.2100067138672
2017-10-16,181.08999633789065
2017-10-17,180.19000244140625
2017-10-18,181.82000732421875
2017-10-19,179.38999938964844
2017-10-20,180.3000030517578
2017-10-23,193.42999267578125
2017-10-24,196.57000732421875
2017-10-25,193.22000122070312
2017-10-26,195.5500030517578
2017-10-27,193.33999633789065
2017-10-30,191.13999938964844
2017-10-31,191.1300048828125
2017-11-01,189.8699951171875
2017-11-02,189.8300018310547
2017-11-03,190.1699981689453
2017-11-06,191.27999877929688
2017-11-07,191.6499938964844
2017-11-08,193.1999969482422
2017-11-09,188.8999938964844
2017-11-10,188.7899932861328
2017-11-13,189.22999572753903
2017-11-14,190.33999633789065
2017-11-15,191.32000732421875
2017-11-16,195.0
2017-11-17,194.25
2017-11-20,194.8000030517578
2017-11-21,196.97999572753903
2017-11-22,196.1499938964844
2017-11-24,196.3999938964844
2017-11-27,196.3000030517578
2017-11-28,201.13999938964844
2017-11-29,203.8300018310547
2017-11-30,209.7400054931641
2017-12-01,208.3999938964844
2017-12-04,209.02999877929688
2017-12-05,206.6000061035156
2017-12-06,205.509994506836
2017-12-07,204.5500030517578
2017-12-08,206.66000366210932
2017-12-11,206.5
2017-12-12,206.67999267578125
2017-12-13,206.38999938964844
2017-12-14,204.1499938964844
2017-12-15,204.6699981689453
2017-12-18,206.97000122070312
2017-12-19,205.97000122070312
2017-12-20,207.47000122070312
2017-12-21,207.4499969482422
2017-12-22,205.6499938964844
2017-12-26,207.6000061035156
2017-12-27,208.5500030517578
2017-12-28,210.66000366210932
2017-12-29,208.259994506836
2018-01-02,207.1300048828125
2018-01-03,210.97999572753903
2018-01-04,210.97999572753903
2018-01-05,213.47999572753903
2018-01-08,214.13999938964844
2018-01-09,211.6699981689453
2018-01-10,204.9499969482422
2018-01-11,208.9499969482422
2018-01-12,210.67999267578125
2018-01-16,209.97999572753903
2018-01-17,211.1100006103516
2018-01-18,213.9900054931641
2018-01-19,216.47999572753903
2018-01-22,215.6199951171875
2018-01-23,215.42999267578125
2018-01-24,217.25
2018-01-25,219.5399932861328
2018-01-26,221.08999633789065
2018-01-29,220.9600067138672
2018-01-30,220.17999267578125
2018-01-31,217.91000366210932
2018-02-01,214.1699981689453
2018-02-02,209.9600067138672
2018-02-05,196.0
2018-02-06,197.8300018310547
2018-02-07,200.97999572753903
2018-02-08,193.0399932861328
2018-02-09,198.0599975585937
2018-02-12,201.8099975585937
2018-02-13,200.02999877929688
2018-02-14,203.72999572753903
2018-02-15,207.22999572753903
2018-02-16,205.7400054931641
2018-02-20,203.16000366210932
2018-02-21,202.6000061035156
2018-02-22,206.0800018310547
2018-02-23,209.7100067138672
2018-02-26,210.07000732421875
2018-02-27,207.57000732421875
2018-02-28,204.6300048828125
2018-03-01,196.32000732421875
2018-03-02,197.8600006103516
2018-03-05,199.1699981689453
2018-03-06,202.6300048828125
2018-03-07,204.27999877929688
2018-03-08,206.009994506836
2018-03-09,209.509994506836
2018-03-12,211.6199951171875
2018-03-13,212.2400054931641
2018-03-14,212.1999969482422
2018-03-15,211.44000244140625
2018-03-16,212.1100006103516
2018-03-19,208.77999877929688
2018-03-20,209.6100006103516
2018-03-21,211.2700042724609
2018-03-22,206.0500030517578
2018-03-23,202.6999969482422
2018-03-26,204.58999633789065
2018-03-27,201.82000732421875
2018-03-28,200.72999572753903
2018-03-29,204.3699951171875
2018-04-02,200.0200042724609
2018-04-03,204.0599975585937
2018-04-04,205.75
2018-04-05,205.1300048828125
2018-04-06,199.8999938964844
2018-04-09,199.0599975585937
2018-04-10,200.97999572753903
2018-04-11,199.57000732421875
2018-04-12,202.1100006103516
2018-04-13,198.7100067138672
2018-04-16,203.38999938964844
2018-04-17,205.8500061035156
2018-04-18,205.759994506836
2018-04-19,202.83999633789065
2018-04-20,197.0800018310547
2018-04-23,198.4900054931641
2018-04-24,189.27999877929688
2018-04-25,194.3300018310547
2018-04-26,196.3300018310547
2018-04-27,198.2400054931641
2018-04-30,193.3699951171875
2018-05-01,196.52999877929688
2018-05-02,193.1699981689453
2018-05-03,194.52999877929688
2018-05-04,199.5500030517578
2018-05-07,201.9199981689453
2018-05-08,203.8600006103516
2018-05-09,202.5200042724609
2018-05-10,204.259994506836
2018-05-11,204.57000732421875
2018-05-14,202.6000061035156
2018-05-15,199.1300048828125
2018-05-16,199.7100067138672
2018-05-17,203.1000061035156
2018-05-18,203.8600006103516
2018-05-21,206.66000366210932
2018-05-22,204.1000061035156
2018-05-23,205.83999633789065
2018-05-24,205.22000122070312
2018-05-25,207.32000732421875
2018-05-29,206.6300048828125
2018-05-30,207.6499938964844
2018-05-31,203.3099975585937
2018-06-01,204.77999877929688
2018-06-04,205.69000244140625
2018-06-05,206.97000122070312
2018-06-06,206.8699951171875
2018-06-07,209.6699981689453
2018-06-08,213.759994506836
2018-06-11,210.6199951171875
2018-06-12,212.3800048828125
2018-06-13,208.5500030517578
2018-06-14,211.5200042724609
2018-06-15,211.3300018310547
2018-06-18,209.259994506836
2018-06-19,205.9900054931641
2018-06-20,204.91000366210932
2018-06-21,201.9600067138672
2018-06-22,199.94000244140625
2018-06-25,198.1000061035156
2018-06-26,196.5
2018-06-27,193.8300018310547
2018-06-28,193.88999938964844
2018-06-29,200.1499938964844
2018-07-02,201.7899932861328
2018-07-03,202.0
2018-07-05,206.1699981689453
2018-07-06,206.5
2018-07-09,212.3800048828125
2018-07-10,212.8000030517578
2018-07-11,211.44000244140625
2018-07-12,214.57000732421875
2018-07-13,215.08999633789065
2018-07-16,212.5599975585937
2018-07-17,214.5200042724609
2018-07-18,214.66000366210932
2018-07-19,216.44000244140625
2018-07-20,216.22999572753903
2018-07-23,207.97999572753903
2018-07-24,209.38999938964844
2018-07-25,205.3300018310547
2018-07-26,209.66000366210932
2018-07-27,211.1199951171875
2018-07-30,213.4900054931641
2018-07-31,217.0800018310547
2018-08-01,213.9600067138672
2018-08-02,217.2400054931641
2018-08-03,217.8500061035156
2018-08-06,220.19000244140625
2018-08-07,219.8999938964844
2018-08-08,216.0800018310547
2018-08-09,216.97000122070312
2018-08-10,215.6199951171875
2018-08-13,213.58999633789065
2018-08-14,217.52999877929688
2018-08-15,222.0800018310547
2018-08-16,221.2700042724609
2018-08-17,222.66000366210932
2018-08-20,225.32000732421875
2018-08-21,222.13999938964844
2018-08-22,222.8099975585937
2018-08-23,221.1100006103516
2018-08-24,220.259994506836
2018-08-27,222.2100067138672
2018-08-28,223.9499969482422
2018-08-29,223.17999267578125
2018-08-30,223.3300018310547
2018-08-31,222.8099975585937
2018-09-04,224.3999938964844
2018-09-05,225.97000122070312
2018-09-06,225.82000732421875
2018-09-07,226.97999572753903
2018-09-10,225.0500030517578
2018-09-11,227.58999633789065
2018-09-12,227.6300048828125
2018-09-13,228.6199951171875
2018-09-14,226.08999633789065
2018-09-17,223.9600067138672
2018-09-18,223.4900054931641
2018-09-19,220.6499938964844
2018-09-20,219.9499969482422
2018-09-21,216.72000122070312
2018-09-24,216.1000061035156
2018-09-25,216.0599975585937
2018-09-26,216.97999572753903
2018-09-27,217.1699981689453
2018-09-28,218.3999938964844
2018-10-01,216.8099975585937
2018-10-02,217.8800048828125
2018-10-03,218.2100067138672
2018-10-04,214.5
2018-10-05,214.5200042724609
2018-10-08,215.25
2018-10-09,211.13999938964844
2018-10-10,204.8000030517578
2018-10-11,198.5
2018-10-12,197.1999969482422
2018-10-15,199.7100067138672
2018-10-16,203.83999633789065
2018-10-17,200.7400054931641
2018-10-18,197.009994506836
2018-10-19,193.1199951171875
2018-10-22,194.8999938964844
2018-10-23,197.4499969482422
2018-10-24,197.6699981689453
2018-10-25,205.13999938964844
2018-10-26,199.07000732421875
2018-10-29,199.8500061035156
2018-10-30,209.32000732421875
2018-10-31,210.88999938964844
2018-11-01,212.6999969482422
2018-11-02,212.47000122070312
2018-11-05,214.3500061035156
2018-11-06,212.69000244140625
2018-11-07,216.7400054931641
2018-11-08,215.33999633789065
2018-11-09,211.75
2018-11-12,212.7400054931641
2018-11-13,219.13999938964844
2018-11-14,215.2100067138672
2018-11-15,215.1999969482422
2018-11-16,215.8600006103516
2018-11-19,216.4499969482422
2018-11-20,212.6000061035156
2018-11-21,213.82000732421875
2018-11-23,211.8800048828125
2018-11-26,216.66000366210932
2018-11-27,214.9900054931641
2018-11-28,220.7899932861328
2018-11-29,222.5200042724609
2018-11-30,225.91000366210932
2018-12-03,225.75
2018-12-04,215.3699951171875
2018-12-06,216.6699981689453
2018-12-07,211.0500030517578
2018-12-10,207.8800048828125
2018-12-11,207.25
2018-12-12,213.6999969482422
2018-12-13,217.25
2018-12-14,213.8800048828125
2018-12-17,210.19000244140625
2018-12-18,214.22000122070312
2018-12-19,211.6000061035156
2018-12-20,210.0500030517578
2018-12-21,206.4900054931641
2018-12-24,204.9499969482422
2018-12-26,215.07000732421875
2018-12-27,219.1000061035156
2018-12-28,218.0
2018-12-31,218.8600006103516
2019-01-02,216.1300048828125
2019-01-03,212.25
2019-01-04,219.6100006103516
2019-01-07,218.9900054931641
2019-01-08,221.92999267578125
2019-01-09,224.6999969482422
2019-01-10,225.0599975585937
2019-01-11,225.0399932861328
2019-01-14,224.1499938964844
2019-01-15,224.3999938964844
2019-01-16,220.0800018310547
2019-01-17,220.63999938964844
2019-01-18,225.3699951171875
2019-01-22,223.97999572753903
2019-01-23,224.75
2019-01-24,225.57000732421875
2019-01-25,224.3000030517578
2019-01-28,223.9499969482422
2019-01-29,226.7400054931641
2019-01-30,224.2899932861328
2019-01-31,229.27999877929688
2019-02-01,229.77999877929688
2019-02-04,232.47999572753903
2019-02-05,235.07000732421875
2019-02-06,234.9900054931641
2019-02-07,232.92999267578125
2019-02-08,233.22000122070312
2019-02-11,237.6000061035156
2019-02-12,243.88999938964844
2019-02-13,244.5599975585937
2019-02-14,244.22000122070312
2019-02-15,246.7100067138672
2019-02-19,246.67999267578125
2019-02-20,248.5399932861328
2019-02-21,248.92999267578125
2019-02-22,248.6999969482422
2019-02-25,247.9600067138672
2019-02-26,245.44000244140625
2019-02-27,246.67999267578125
2019-02-28,245.25
2019-03-01,245.6000061035156
2019-03-04,245.41000366210932
2019-03-05,247.6999969482422
2019-03-06,245.9900054931641
2019-03-07,244.009994506836
2019-03-08,244.1300048828125
2019-03-11,245.8500061035156
2019-03-12,247.44000244140625
2019-03-13,248.2400054931641
2019-03-14,248.22000122070312
2019-03-15,250.1499938964844
2019-03-18,252.25
2019-03-19,252.82000732421875
2019-03-20,256.5899963378906
2019-03-21,260.3599853515625
2019-03-22,257.1300048828125
2019-03-25,260.1700134277344
2019-03-26,262.1099853515625
2019-03-27,262.8500061035156
2019-03-28,264.25
2019-03-29,264.3999938964844
2019-04-01,267.8500061035156
2019-04-02,267.4599914550781
2019-04-03,269.8599853515625
2019-04-04,270.489990234375
2019-04-05,273.9200134277344
2019-04-08,276.3599853515625
2019-04-09,272.8699951171875
2019-04-10,269.7900085449219
2019-04-11,271.0299987792969
2019-04-12,273.5
2019-04-15,276.3399963378906
2019-04-16,271.9700012207031
2019-04-17,268.6700134277344
2019-04-18,270.6400146484375
2019-04-22,267.6300048828125
2019-04-23,264.57000732421875
2019-04-24,265.8900146484375
2019-04-25,268.95001220703125
2019-04-26,271.3800048828125
2019-04-29,274.6600036621094
2019-04-30,271.45001220703125
2019-05-01,265.32000732421875
2019-05-02,266.0799865722656
2019-05-03,272.010009765625
2019-05-06,270.9700012207031
2019-05-07,265.75
2019-05-08,269.1499938964844
2019-05-09,270.0
2019-05-10,276.7099914550781
2019-05-13,271.9100036621094
2019-05-14,274.82000732421875
2019-05-15,275.4200134277344
2019-05-16,274.1499938964844
2019-05-17,276.5400085449219
2019-05-20,273.8900146484375
2019-05-21,280.6000061035156
2019-05-22,277.7200012207031
2019-05-23,276.3699951171875
2019-05-24,274.3299865722656
2019-05-28,271.3500061035156
2019-05-29,269.5199890136719
2019-05-30,276.0400085449219
2019-05-31,264.1099853515625
2019-06-03,269.3699951171875
2019-06-04,278.6499938964844
2019-06-05,277.9800109863281
2019-06-06,278.239990234375
2019-06-07,278.3099975585937
2019-06-10,285.5
2019-06-11,280.6000061035156
2019-06-12,280.6400146484375
2019-06-13,277.19000244140625
2019-06-14,275.8399963378906
2019-06-17,272.2699890136719
2019-06-18,270.7900085449219
2019-06-19,271.3299865722656
2019-06-20,272.1499938964844
2019-06-21,268.2699890136719
2019-06-24,270.4700012207031
2019-06-25,270.8500061035156
2019-06-26,270.8900146484375
2019-06-27,273.3299865722656
2019-06-28,275.0
2019-07-01,283.1099853515625
2019-07-02,284.6000061035156
2019-07-03,288.57000732421875
2019-07-05,288.04998779296875
2019-07-08,287.3999938964844
2019-07-09,287.4599914550781
2019-07-10,284.4200134277344
2019-07-11,284.6199951171875
2019-07-12,289.4700012207031
2019-07-15,292.70001220703125
2019-07-16,292.3599853515625
2019-07-17,286.0799865722656
2019-07-18,283.9599914550781
2019-07-19,278.8999938964844
2019-07-22,264.0
2019-07-23,264.5199890136719
2019-07-24,260.3599853515625
2019-07-25,260.69000244140625
2019-07-26,263.0599975585937
2019-07-29,255.8000030517578
2019-07-30,259.7200012207031
2019-07-31,256.4800109863281
2019-08-01,254.1199951171875
2019-08-02,253.22000122070312
2019-08-05,250.25
2019-08-06,253.5399932861328
2019-08-07,254.77999877929688
2019-08-08,258.8399963378906
2019-08-09,257.8099975585937
2019-08-12,253.009994506836
2019-08-13,254.4900054931641
2019-08-14,248.92999267578125
2019-08-15,251.0200042724609
2019-08-16,256.1199951171875
2019-08-19,257.2699890136719
2019-08-20,258.45001220703125
2019-08-21,261.3999938964844
2019-08-22,256.5799865722656
2019-08-23,251.6999969482422
2019-08-26,249.94000244140625
2019-08-27,247.3999938964844
2019-08-28,248.63999938964844
2019-08-29,252.009994506836
2019-08-30,253.77999877929688
2019-09-03,246.4199981689453
2019-09-04,252.8099975585937
2019-09-05,251.6499938964844
2019-09-06,247.0399932861328
2019-09-09,241.22999572753903
2019-09-10,241.6000061035156
2019-09-11,242.0500030517578
2019-09-12,233.0500030517578
2019-09-13,235.0
2019-09-16,234.8099975585937
2019-09-17,237.5500030517578
2019-09-18,238.33999633789065
2019-09-19,241.8699951171875
2019-09-20,239.02999877929688
2019-09-23,239.1000061035156
2019-09-24,239.82000732421875
2019-09-25,240.3999938964844
2019-09-26,241.0800018310547
2019-09-27,241.5800018310547
2019-09-30,242.97000122070312
2019-10-01,238.3500061035156
2019-10-02,230.6000061035156
2019-10-03,232.47000122070312
2019-10-04,237.0200042724609
2019-10-07,233.7700042724609
2019-10-08,232.42999267578125
2019-10-09,230.9499969482422
2019-10-10,232.6300048828125
2019-10-11,238.1699981689453
2019-10-14,240.6100006103516
2019-10-15,242.3000030517578
2019-10-16,241.72999572753903
2019-10-17,250.83999633789065
2019-10-18,253.33999633789065
2019-10-21,248.1699981689453
2019-10-22,247.5599975585937
2019-10-23,239.27999877929688
2019-10-24,244.8800048828125
2019-10-25,243.0800018310547
2019-10-28,246.88999938964844
2019-10-29,248.25
2019-10-30,248.16000366210932
2019-10-31,247.3600006103516
2019-11-01,248.67999267578125
2019-11-04,248.8699951171875
2019-11-05,248.509994506836
2019-11-06,251.1499938964844
2019-11-07,246.3000030517578
2019-11-08,245.009994506836
2019-11-11,248.13999938964844
2019-11-12,251.1300048828125
2019-11-13,252.41000366210932
2019-11-14,254.9900054931641
2019-11-15,254.5399932861328
2019-11-18,253.02999877929688
2019-11-19,254.1699981689453
2019-11-20,255.3000030517578
2019-11-21,250.42999267578125
2019-11-22,252.1100006103516
2019-11-25,256.8299865722656
2019-11-26,259.1400146484375
2019-11-27,259.1400146484375
2019-11-29,255.8500061035156
2019-12-02,250.9199981689453
2019-12-03,248.57000732421875
2019-12-04,254.22999572753903
2019-12-05,261.5400085449219
2019-12-06,262.8299865722656
2019-12-09,260.5899963378906
2019-12-10,258.19000244140625
2019-12-11,258.3800048828125
2019-12-12,259.70001220703125
2019-12-13,255.38999938964844
2019-12-16,258.0
2019-12-17,258.5799865722656
2019-12-18,245.3699951171875
2019-12-19,238.3600006103516
2019-12-20,243.8000030517578
2019-12-23,244.52999877929688
2019-12-24,243.9600067138672
2019-12-26,243.8600006103516
2019-12-27,243.3300018310547
2019-12-30,242.6699981689453
2019-12-31,243.97000122070312
2020-01-02,244.44000244140625
2020-01-03,243.4900054931641
2020-01-06,243.1499938964844
2020-01-07,239.94000244140625
2020-01-08,243.7700042724609
2020-01-09,247.3099975585937
2020-01-10,247.509994506836
2020-01-13,245.6699981689453
2020-01-14,242.5500030517578
2020-01-15,244.1000061035156
2020-01-16,247.42999267578125
2020-01-17,243.6300048828125
2020-01-21,244.9499969482422
2020-01-22,247.2100067138672
2020-01-23,245.92999267578125
2020-01-24,240.97000122070312
2020-01-27,238.16000366210932
2020-01-28,240.13999938964844
2020-01-29,236.91000366210932
2020-01-30,236.0200042724609
2020-01-31,232.97999572753903
2020-02-03,233.7100067138672
2020-02-04,239.009994506836
2020-02-05,242.5800018310547
2020-02-06,238.5800018310547
2020-02-07,235.38999938964844
2020-02-10,236.9499969482422
2020-02-11,237.5
2020-02-12,241.3600006103516
2020-02-13,241.63999938964844
2020-02-14,244.77999877929688
2020-02-18,246.0
2020-02-19,246.0
2020-02-20,248.7100067138672
2020-02-21,247.0399932861328
2020-02-24,247.22000122070312
2020-02-25,246.02999877929688
2020-02-26,243.63999938964844
2020-02-27,239.8300018310547
2020-02-28,228.1300048828125
2020-03-02,240.0800018310547
2020-03-03,245.009994506836
2020-03-04,257.8099975585937
2020-03-05,255.7700042724609
2020-03-06,260.2099914550781
2020-03-09,251.0599975585937
2020-03-10,246.5
2020-03-11,229.1100006103516
2020-03-12,208.2400054931641
2020-03-13,211.82000732421875
2020-03-16,199.0
2020-03-17,194.5599975585937
2020-03-18,184.8500061035156
2020-03-19,195.7899932861328
2020-03-20,181.7899932861328
2020-03-23,166.8699951171875
2020-03-24,170.24000549316406
2020-03-25,180.42999267578125
2020-03-26,197.5399932861328
2020-03-27,185.3000030517578
2020-03-30,187.17999267578125
2020-03-31,181.7899932861328
2020-04-01,175.77999877929688
2020-04-02,176.92999267578125
2020-04-03,170.9600067138672
2020-04-06,178.4199981689453
2020-04-07,188.19000244140625
2020-04-08,195.67999267578125
2020-04-09,204.2899932861328
2020-04-13,196.7400054931641
2020-04-14,202.27999877929688
2020-04-15,191.77999877929688
2020-04-16,186.9900054931641
2020-04-17,183.8800048828125
2020-04-20,181.0
2020-04-21,172.9499969482422
2020-04-22,170.72000122070312
2020-04-23,177.5399932861328
2020-04-24,176.50999450683594
2020-04-27,184.6499938964844
2020-04-28,186.9900054931641
2020-04-29,190.07000732421875
2020-04-30,186.67999267578125
2020-05-01,183.3300018310547
2020-05-04,186.0800018310547
2020-05-05,190.72999572753903
2020-05-06,188.6000061035156
2020-05-07,192.6300048828125
2020-05-08,191.47999572753903
2020-05-11,186.6999969482422
2020-05-12,181.6699981689453
2020-05-13,178.5399932861328
2020-05-14,184.4900054931641
2020-05-15,180.9199981689453
2020-05-18,193.82000732421875
2020-05-19,189.2700042724609
2020-05-20,191.8800048828125
2020-05-21,195.22000122070312
2020-05-22,198.42999267578125
2020-05-26,212.3099975585937
2020-05-27,214.8300018310547
2020-05-28,214.3500061035156
2020-05-29,213.83999633789065
2020-06-01,217.17999267578125
2020-06-02,216.66000366210932
2020-06-03,223.5399932861328
2020-06-04,225.7100067138672
2020-06-05,235.8800048828125
2020-06-08,237.9900054931641
2020-06-09,233.13999938964844
2020-06-10,224.42999267578125
2020-06-11,218.38999938964844
2020-06-12,218.9900054931641
2020-06-15,224.91000366210932
2020-06-16,228.66000366210932
2020-06-17,230.19000244140625
2020-06-18,225.07000732421875
2020-06-19,221.77999877929688
2020-06-22,223.7100067138672
2020-06-23,229.0
2020-06-24,225.42999267578125
2020-06-25,225.259994506836
2020-06-26,225.3300018310547
2020-06-29,229.8099975585937
2020-06-30,232.9900054931641
2020-07-01,231.3500061035156
2020-07-02,233.1699981689453
2020-07-06,238.2400054931641
2020-07-07,237.5200042724609
2020-07-08,244.6000061035156
2020-07-09,242.42999267578125
2020-07-10,238.72999572753903
2020-07-13,231.7899932861328
2020-07-14,238.94000244140625
2020-07-15,247.0399932861328
2020-07-16,252.5599975585937
2020-07-17,247.83999633789065
2020-07-20,254.759994506836
2020-07-21,254.02999877929688
2020-07-22,257.7699890136719
2020-07-23,264.2699890136719
2020-07-24,265.7799987792969
2020-07-27,272.0
2020-07-28,270.95001220703125
2020-07-29,274.5799865722656
2020-07-30,270.8699951171875
2020-07-31,268.1400146484375
2020-08-03,270.17999267578125
2020-08-04,273.0199890136719
2020-08-05,273.2699890136719
2020-08-06,270.8800048828125
2020-08-07,266.760009765625
2020-08-10,269.6700134277344
2020-08-11,273.4700012207031
2020-08-12,277.510009765625
2020-08-13,277.3099975585937
2020-08-14,277.9700012207031
2020-08-17,276.8599853515625
2020-08-18,278.25
2020-08-19,279.79998779296875
2020-08-20,275.7099914550781
2020-08-21,277.3900146484375
2020-08-24,282.5799865722656
2020-08-25,284.0
2020-08-26,286.6099853515625
2020-08-27,283.07000732421875
2020-08-28,284.69000244140625
2020-08-31,280.3299865722656
2020-09-01,286.69000244140625
2020-09-02,287.79998779296875
2020-09-03,278.70001220703125
2020-09-04,277.5299987792969
2020-09-08,269.0899963378906
2020-09-09,273.4200134277344
2020-09-10,270.42999267578125
2020-09-11,274.6400146484375
2020-09-14,276.4800109863281
2020-09-15,273.2300109863281
2020-09-16,274.1199951171875
2020-09-17,274.6300048828125
2020-09-18,267.6499938964844
2020-09-21,266.9599914550781
2020-09-22,270.4599914550781
2020-09-23,260.3500061035156
2020-09-24,264.0599975585937
2020-09-25,263.9800109863281
2020-09-28,271.79998779296875
2020-09-29,272.6499938964844
2020-09-30,272.6099853515625
2020-10-01,274.0199890136719
2020-10-02,275.5799865722656
2020-10-05,281.92999267578125
2020-10-06,278.3999938964844
2020-10-07,277.7300109863281
2020-10-08,276.82000732421875
2020-10-09,283.4800109863281
2020-10-12,289.4100036621094
2020-10-13,285.4100036621094
2020-10-14,288.0
2020-10-15,288.1600036621094
2020-10-16,288.2200012207031
2020-10-19,278.45001220703125
2020-10-20,284.0299987792969
2020-10-21,283.9800109863281
2020-10-22,288.6199951171875
2020-10-23,288.0899963378906
2020-10-26,281.8099975585937
2020-10-27,283.6400146484375
2020-10-28,273.0299987792969
2020-10-29,276.57000732421875
2020-10-30,271.6600036621094
2020-11-02,283.5799865722656
2020-11-03,291.25
2020-11-04,293.5
2020-11-05,304.07000732421875
2020-11-06,306.6300048828125
2020-11-09,291.8299865722656
2020-11-10,294.32000732421875
2020-11-11,292.5899963378906
2020-11-12,291.1199951171875
2020-11-13,298.82000732421875
2020-11-16,301.760009765625
2020-11-17,299.0899963378906
2020-11-18,296.1499938964844
2020-11-19,298.510009765625
2020-11-20,294.6099853515625
2020-11-23,295.8599853515625
2020-11-24,300.7099914550781
2020-11-25,288.9700012207031
2020-11-27,289.9599914550781
2020-11-30,287.8299865722656
2020-12-01,288.3500061035156
2020-12-02,280.989990234375
2020-12-03,280.5299987792969
2020-12-04,276.0
2020-12-07,277.04998779296875
2020-12-08,282.9599914550781
2020-12-09,286.0599975585937
2020-12-10,277.8099975585937
2020-12-11,280.4200134277344
2020-12-14,273.0
2020-12-15,277.0
2020-12-16,276.4700012207031
2020-12-17,280.5899963378906
2020-12-18,277.5599975585937
2020-12-21,277.3599853515625
2020-12-22,272.82000732421875
2020-12-23,273.4200134277344
2020-12-24,273.42999267578125
2020-12-28,272.17999267578125
2020-12-29,270.1099853515625
2020-12-30,271.989990234375
2020-12-31,273.9700012207031
2021-01-04,268.2300109863281
2021-01-05,268.260009765625
2021-01-06,273.5
2021-01-07,278.1499938964844
2021-01-08,273.9200134277344
2021-01-11,273.8999938964844
2021-01-12,282.8500061035156
2021-01-13,280.989990234375
2021-01-14,284.510009765625
2021-01-15,281.44000244140625
2021-01-19,281.79998779296875
2021-01-20,289.6000061035156
2021-01-21,293.5
2021-01-22,293.1499938964844
2021-01-25,290.3999938964844
2021-01-26,290.6400146484375
2021-01-27,293.3900146484375
2021-01-28,285.239990234375
2021-01-29,275.489990234375
2021-02-01,283.1199951171875
2021-02-02,276.75
2021-02-03,270.8500061035156
2021-02-04,272.7699890136719
2021-02-05,274.260009765625
2021-02-08,283.7799987792969
2021-02-09,284.82000732421875
2021-02-10,286.69000244140625
2021-02-11,291.9599914550781
2021-02-12,292.8599853515625
2021-02-16,291.0299987792969
2021-02-17,293.6000061035156
2021-02-18,290.3699951171875
2021-02-19,293.67999267578125
2021-02-22,289.6499938964844
2021-02-23,288.3500061035156
2021-02-24,290.5199890136719
2021-02-25,282.2200012207031
2021-02-26,279.7699890136719
2021-03-01,281.9800109863281
2021-03-02,284.9599914550781
2021-03-03,288.6000061035156
2021-03-04,278.3900146484375
2021-03-05,283.0799865722656
2021-03-08,292.2200012207031
2021-03-09,290.2200012207031
2021-03-10,292.1499938964844
2021-03-11,292.6199951171875
2021-03-12,297.25
2021-03-15,304.2300109863281
2021-03-16,302.8699951171875
2021-03-17,304.5899963378906
2021-03-18,304.739990234375
2021-03-19,301.1199951171875
2021-03-22,303.3599853515625
2021-03-23,301.6000061035156
2021-03-24,306.29998779296875
2021-03-25,311.989990234375
2021-03-26,320.8399963378906
2021-03-29,317.04998779296875
2021-03-30,316.260009765625
2021-03-31,311.5899963378906
2021-04-01,316.739990234375
2021-04-05,323.25
2021-04-06,326.6300048828125
2021-04-07,326.7200012207031
2021-04-08,325.6300048828125
2021-04-09,332.4200134277344
2021-04-12,331.07000732421875
2021-04-13,331.5
2021-04-14,328.2300109863281
2021-04-15,328.6600036621094
2021-04-16,333.989990234375
2021-04-19,335.79998779296875
2021-04-20,334.54998779296875
2021-04-21,333.69000244140625
2021-04-22,335.0599975585937
2021-04-23,334.4599914550781
2021-04-26,332.489990234375
2021-04-27,339.0899963378906
2021-04-28,331.6499938964844
2021-04-29,341.1700134277344
2021-04-30,335.3399963378906
2021-05-03,339.9800109863281
2021-05-04,341.3299865722656
2021-05-05,344.0
2021-05-06,342.2799987792969
2021-05-07,348.0
2021-05-10,353.510009765625
2021-05-11,346.3999938964844
2021-05-12,336.0599975585937
2021-05-13,347.92999267578125
2021-05-14,350.8399963378906
2021-05-17,348.3299865722656
2021-05-18,340.1600036621094
2021-05-19,338.7699890136719
2021-05-20,343.1600036621094
2021-05-21,342.7300109863281
2021-05-24,342.75
2021-05-25,344.5599975585937
2021-05-26,346.3599853515625
2021-05-27,346.7699890136719
2021-05-28,349.92999267578125
2021-06-01,349.07000732421875
2021-06-02,345.5400085449219
2021-06-03,341.70001220703125
2021-06-04,341.4599914550781
2021-06-07,341.1700134277344
2021-06-08,342.0
2021-06-09,338.2300109863281
2021-06-10,338.3900146484375
2021-06-11,338.8900146484375
2021-06-14,333.6099853515625
2021-06-15,333.7699890136719
2021-06-16,328.5799865722656
2021-06-17,325.6300048828125
2021-06-18,321.0599975585937
2021-06-21,328.54998779296875
2021-06-22,327.69000244140625
2021-06-23,326.489990234375
2021-06-24,330.6400146484375
2021-06-25,331.010009765625
2021-06-28,337.7900085449219
2021-06-29,347.8999938964844
2021-06-30,350.79998779296875
2021-07-01,346.07000732421875
2021-07-02,347.0899963378906
2021-07-06,345.1199951171875
2021-07-07,353.9100036621094
2021-07-08,341.5299987792969
2021-07-09,342.1499938964844
2021-07-12,342.6199951171875
2021-07-13,336.1700134277344
2021-07-14,310.4100036621094
2021-07-15,317.4200134277344
2021-07-16,317.9100036621094
2021-07-19,317.1400146484375
2021-07-20,325.6199951171875
2021-07-21,320.70001220703125
2021-07-22,316.04998779296875
2021-07-23,320.6099853515625
2021-07-26,327.32000732421875
2021-07-27,332.0799865722656
2021-07-28,327.2699890136719
2021-07-29,333.95001220703125
2021-07-30,329.42999267578125
2021-08-02,328.44000244140625
2021-08-03,332.42999267578125
2021-08-04,328.6499938964844
2021-08-05,329.6000061035156
2021-08-06,333.79998779296875
2021-08-09,334.760009765625
2021-08-10,339.260009765625
2021-08-11,344.4100036621094
2021-08-12,340.9800109863281
2021-08-13,340.4800109863281
2021-08-16,339.2099914550781
2021-08-17,334.1199951171875
2021-08-18,325.8299865722656
2021-08-19,330.20001220703125
2021-08-20,333.6499938964844
2021-08-23,331.3299865722656
2021-08-24,330.5899963378906
2021-08-25,331.44000244140625
2021-08-26,328.9800109863281
2021-08-27,333.82000732421875
2021-08-30,335.7099914550781
2021-08-31,335.17999267578125
2021-09-01,334.7799987792969
2021-09-02,334.989990234375
2021-09-03,332.7900085449219
2021-09-07,324.739990234375
2021-09-08,328.5199890136719
2021-09-09,325.75
2021-09-10,321.3900146484375
2021-09-13,320.7200012207031
2021-09-14,313.2900085449219
2021-09-15,312.4200134277344
2021-09-16,310.6199951171875
2021-09-17,305.8299865722656
2021-09-20,306.9100036621094
2021-09-21,305.94000244140625
2021-09-22,305.70001220703125
2021-09-23,308.6099853515625
2021-09-24,308.6300048828125
2021-09-27,308.2300109863281
2021-09-28,302.32000732421875
2021-09-29,300.4800109863281
2021-09-30,294.1700134277344
2021-10-01,297.3900146484375
2021-10-04,296.0199890136719
2021-10-05,299.3099975585937
2021-10-06,297.0199890136719
2021-10-07,303.9700012207031
2021-10-08,295.04998779296875
2021-10-11,295.3599853515625
2021-10-12,297.760009765625
2021-10-13,301.2799987792969
2021-10-14,309.19000244140625
2021-10-15,309.1700134277344
2021-10-18,313.1099853515625
2021-10-19,309.2099914550781
2021-10-20,311.0199890136719
2021-10-21,310.6000061035156
2021-10-22,312.17999267578125
2021-10-25,304.2900085449219
2021-10-26,302.75
2021-10-27,296.989990234375
2021-10-28,297.8999938964844
2021-10-29,299.2799987792969
2021-11-01,302.989990234375
2021-11-02,305.70001220703125
2021-11-03,300.0
2021-11-04,301.0
2021-11-05,302.17999267578125
2021-11-08,301.5799865722656
2021-11-09,309.5799865722656
2021-11-10,309.2799987792969
2021-11-11,311.3299865722656
2021-11-12,319.6700134277344
2021-11-15,314.6400146484375
2021-11-16,321.3599853515625
2021-11-17,322.1400146484375
2021-11-18,319.0899963378906
2021-11-19,323.82000732421875
2021-11-22,322.6000061035156
2021-11-23,321.6499938964844
2021-11-24,318.6499938964844
2021-11-26,317.4599914550781
2021-11-29,322.1199951171875
2021-11-30,309.0199890136719
2021-12-01,301.9599914550781
2021-12-02,311.6199951171875
2021-12-03,316.0400085449219
2021-12-06,327.82000732421875
2021-12-07,327.79998779296875
2021-12-08,332.70001220703125
2021-12-09,327.9100036621094
2021-12-10,331.739990234375
2021-12-13,331.29998779296875
2021-12-14,324.1000061035156
2021-12-15,322.260009765625
2021-12-16,324.92999267578125
2021-12-17,312.4800109863281
2021-12-20,307.9599914550781
2021-12-21,313.95001220703125
2021-12-22,313.5199890136719
2021-12-23,316.1099853515625
2021-12-27,321.0299987792969
2021-12-28,322.8500061035156
2021-12-29,326.4599914550781
2021-12-30,323.1099853515625
2021-12-31,324.3599853515625
2022-01-03,314.1199951171875
2022-01-04,315.1700134277344
2022-01-05,308.760009765625
2022-01-06,309.0400085449219
2022-01-07,304.9800109863281
2022-01-10,305.79998779296875
2022-01-11,308.5799865722656
2022-01-12,305.8800048828125
2022-01-13,300.95001220703125
2022-01-14,291.4200134277344
2022-01-18,292.8399963378906
2022-01-19,290.7699890136719
2022-01-20,283.8299865722656
2022-01-21,280.4599914550781
2022-01-24,288.6000061035156
2022-01-25,283.79998779296875
2022-01-26,275.1300048828125
2022-01-27,272.45001220703125
2022-01-28,279.2300109863281
2022-01-31,283.6199951171875
2022-02-01,277.2699890136719
2022-02-02,272.1499938964844
2022-02-03,268.739990234375
2022-02-04,266.9800109863281
2022-02-07,268.95001220703125
2022-02-08,273.260009765625
2022-02-09,275.5199890136719
2022-02-10,266.5799865722656
2022-02-11,263.2300109863281
2022-02-14,262.75
2022-02-15,265.1499938964844
2022-02-16,261.92999267578125
2022-02-17,252.7400054931641
2022-02-18,251.97999572753903
2022-02-22,251.8699951171875
2022-02-23,249.1499938964844
2022-02-24,255.82000732421875
2022-02-25,264.3800048828125
2022-02-28,266.92999267578125
2022-03-01,267.5199890136719
2022-03-02,274.6499938964844
2022-03-03,273.6700134277344
2022-03-04,269.6400146484375
2022-03-07,259.1099853515625
2022-03-08,252.6300048828125
2022-03-09,261.29998779296875
2022-03-10,255.9900054931641
2022-03-11,256.2799987792969
2022-03-14,263.19000244140625
2022-03-15,268.489990234375
2022-03-16,269.4700012207031
2022-03-17,271.42999267578125
2022-03-18,276.6600036621094
2022-03-21,274.5899963378906
2022-03-22,275.4200134277344
2022-03-23,262.8500061035156
2022-03-24,261.3900146484375
2022-03-25,260.2300109863281
2022-03-28,262.5
2022-03-29,268.2799987792969
2022-03-30,266.9599914550781
2022-03-31,257.8599853515625
2022-04-01,262.2300109863281
2022-04-04,261.67999267578125
2022-04-05,262.1600036621094
2022-04-06,259.2799987792969
2022-04-07,257.7900085449219
2022-04-08,254.8999938964844
2022-04-11,247.22999572753903
2022-04-12,242.6199951171875
2022-04-13,247.07000732421875
2022-04-14,239.9600067138672
2022-04-18,237.82000732421875
2022-04-19,246.47000122070312
2022-04-20,250.7700042724609
2022-04-21,252.27999877929688
2022-04-22,246.83999633789065
2022-04-25,238.94000244140625
2022-04-26,224.07000732421875
2022-04-27,223.6999969482422
2022-04-28,222.9900054931641
2022-04-29,213.19000244140625
2022-05-02,216.58999633789065
2022-05-03,215.7400054931641
2022-05-04,221.8500061035156
2022-05-05,213.5200042724609
2022-05-06,212.7400054931641
2022-05-09,215.8300018310547
2022-05-10,216.25
2022-05-11,209.509994506836
2022-05-12,217.82000732421875
2022-05-13,221.6300048828125
2022-05-16,215.22000122070312
2022-05-17,215.5800018310547
2022-05-18,202.5599975585937
2022-05-19,206.5599975585937
2022-05-20,207.75
2022-05-23,204.97000122070312
2022-05-24,201.72000122070312
2022-05-25,205.3000030517578
2022-05-26,208.47999572753903
2022-05-27,211.509994506836
2022-05-31,208.8999938964844
2022-06-01,206.7899932861328
2022-06-02,213.8500061035156
2022-06-03,210.75
2022-06-06,211.6000061035156
2022-06-07,213.7100067138672
2022-06-08,209.9600067138672
2022-06-09,206.259994506836
2022-06-10,201.3999938964844
2022-06-13,197.4600067138672
2022-06-14,195.4900054931641
2022-06-15,197.3699951171875
2022-06-16,186.2700042724609
2022-06-17,186.4499969482422
2022-06-21,186.88999938964844
2022-06-22,188.2899932861328
2022-06-23,198.16000366210932
2022-06-24,203.63999938964844
2022-06-27,203.32000732421875
2022-06-28,202.4600067138672
2022-06-29,202.58999633789065
2022-06-30,206.58999633789065
2022-07-01,211.97000122070312
2022-07-05,216.8600006103516
2022-07-06,216.88999938964844
2022-07-07,218.1499938964844
2022-07-08,214.4900054931641
2022-07-11,215.97999572753903
2022-07-12,216.22999572753903
2022-07-13,215.8500061035156
2022-07-14,213.22999572753903
2022-07-15,216.22000122070312
2022-07-18,212.22999572753903
2022-07-19,219.8300018310547
2022-07-20,220.9600067138672
2022-07-21,225.38999938964844
2022-07-22,227.66000366210932
2022-07-25,224.3500061035156
2022-07-26,224.42999267578125
2022-07-27,227.0599975585937
2022-07-28,234.57000732421875
2022-07-29,239.52999877929688
2022-08-01,244.3699951171875
2022-08-02,239.3099975585937
2022-08-03,244.0599975585937
2022-08-04,244.5
2022-08-05,244.07000732421875
2022-08-08,246.5800018310547
2022-08-09,243.1199951171875
2022-08-10,249.509994506836
2022-08-11,251.3300018310547
2022-08-12,261.8099975585937
2022-08-15,267.32000732421875
2022-08-16,266.9599914550781
2022-08-17,267.489990234375
2022-08-18,267.1000061035156
2022-08-19,258.67999267578125
2022-08-22,250.2899932861328
2022-08-23,246.22000122070312
2022-08-24,250.0399932861328
2022-08-25,252.47000122070312
2022-08-26,242.6499938964844
2022-08-29,243.32000732421875
2022-08-30,241.27999877929688
2022-08-31,240.1199951171875
2022-09-01,248.8500061035156
2022-09-02,245.8999938964844
2022-09-06,249.97999572753903
2022-09-07,257.8999938964844
2022-09-08,257.8900146484375
2022-09-09,258.2099914550781
2022-09-12,262.8099975585937
2022-09-13,254.0399932861328
2022-09-14,250.3000030517578
2022-09-15,250.0399932861328
2022-09-16,244.42999267578125
2022-09-19,245.58999633789065
2022-09-20,235.3099975585937
2022-09-21,232.4600067138672
2022-09-22,223.759994506836
2022-09-23,224.22000122070312
2022-09-26,220.3099975585937
2022-09-27,221.27999877929688
2022-09-28,231.3800048828125
2022-09-29,222.509994506836
2022-09-30,222.6699981689453
2022-10-03,228.759994506836
2022-10-04,237.27999877929688
2022-10-05,236.02999877929688
2022-10-06,230.97000122070312
2022-10-07,221.02999877929688
2022-10-10,224.19000244140625
2022-10-11,224.3600006103516
2022-10-12,221.3800048828125
2022-10-13,217.63999938964844
2022-10-14,214.58999633789065
2022-10-17,221.67999267578125
2022-10-18,227.52999877929688
2022-10-19,216.5399932861328
2022-10-20,214.0
2022-10-21,224.5599975585937
2022-10-24,227.3800048828125
2022-10-25,235.5500030517578
2022-10-26,234.1699981689453
2022-10-27,227.6100006103516
2022-10-28,237.4199981689453
2022-10-31,233.57000732421875
2022-11-01,234.7400054931641
2022-11-02,231.44000244140625
2022-11-03,235.9499969482422
2022-11-04,234.3800048828125
2022-11-07,237.66000366210932
2022-11-08,245.4900054931641
2022-11-09,236.2899932861328
2022-11-10,263.239990234375
2022-11-11,270.0299987792969
2022-11-14,264.8599853515625
2022-11-15,271.3399963378906
2022-11-16,266.67999267578125
2022-11-17,264.989990234375
2022-11-18,268.57000732421875
2022-11-21,267.1499938964844
2022-11-22,266.4100036621094
2022-11-23,266.489990234375
2022-11-25,267.44000244140625
2022-11-28,260.0199890136719
2022-11-29,260.8299865722656
2022-11-30,260.42999267578125
2022-12-01,268.3599853515625
2022-12-02,266.0899963378906
2022-12-05,260.010009765625
2022-12-06,256.0199890136719
2022-12-07,258.2900085449219
2022-12-08,260.2200012207031
2022-12-09,257.5899963378906
2022-12-12,260.0599975585937
2022-12-13,266.1499938964844
2022-12-14,258.75
2022-12-15,248.63999938964844
2022-12-16,246.5
2022-12-19,244.8800048828125
2022-12-20,244.38999938964844
2022-12-21,247.22000122070312
2022-12-22,241.57000732421875
2022-12-23,243.07000732421875
2022-12-27,242.92999267578125
2022-12-28,239.4900054931641
2022-12-29,242.07000732421875
2022-12-30,239.22999572753903
2023-01-03,241.32000732421875
2023-01-04,242.3099975585937
2023-01-05,234.75
2023-01-06,243.2100067138672
2023-01-09,245.17999267578125
2023-01-10,248.3600006103516
2023-01-11,254.2400054931641
2023-01-12,252.6100006103516
2023-01-13,253.0800018310547
2023-01-17,252.72000122070312
2023-01-18,242.0
2023-01-19,233.13999938964844
2023-01-20,239.66000366210932
2023-01-23,244.67999267578125
2023-01-24,249.5
2023-01-25,247.72999572753903
2023-01-26,248.2400054931641
2023-01-27,249.13999938964844
2023-01-30,245.1699981689453
2023-01-31,260.6199951171875
2023-02-01,268.1600036621094
2023-02-02,278.7799987792969
2023-02-03,274.7900085449219
2023-02-06,268.4100036621094
2023-02-07,263.3500061035156
2023-02-08,263.0799865722656
2023-02-09,262.6700134277344
2023-02-10,259.67999267578125
2023-02-13,265.7699890136719
2023-02-14,264.3699951171875
2023-02-15,266.0599975585937
2023-02-16,266.8500061035156
2023-02-17,269.3699951171875
2023-02-21,254.3000030517578
2023-02-22,253.6699981689453
2023-02-23,254.8000030517578
2023-02-24,251.1199951171875
2023-02-27,253.02999877929688
2023-02-28,254.8300018310547
2023-03-01,252.22999572753903
2023-03-02,255.4900054931641
2023-03-03,262.3399963378906
2023-03-06,259.8800048828125
2023-03-07,257.07000732421875
2023-03-08,257.92999267578125
2023-03-09,251.1999969482422
2023-03-10,245.2899932861328
2023-03-13,244.1000061035156
2023-03-14,247.75
2023-03-15,241.9499969482422
2023-03-16,245.3500061035156
2023-03-17,243.9900054931641
2023-03-20,249.4900054931641
2023-03-21,249.3800048828125
2023-03-22,244.94000244140625
2023-03-23,245.97000122070312
2023-03-24,244.1499938964844
2023-03-27,242.8300018310547
2023-03-28,244.2899932861328
2023-03-29,245.2100067138672
2023-03-30,245.32000732421875
2023-03-31,251.27999877929688
2023-04-03,247.32000732421875
2023-04-04,237.66000366210932
2023-04-05,235.47000122070312
2023-04-06,235.17999267578125
2023-04-10,236.94000244140625
2023-04-11,242.82000732421875
2023-04-12,247.1000061035156
2023-04-13,251.22999572753903
2023-04-14,249.27999877929688
2023-04-17,250.4900054931641
2023-04-18,254.42999267578125
2023-04-19,258.8599853515625
2023-04-20,263.5299987792969
2023-04-21,262.6099853515625
2023-04-24,260.9800109863281
2023-04-25,258.9800109863281
2023-04-26,257.07000732421875
2023-04-27,280.20001220703125
2023-04-28,281.9100036621094
2023-05-01,282.42999267578125
2023-05-02,281.6099853515625
2023-05-03,283.2699890136719
2023-05-04,278.739990234375
2023-05-05,282.5599975585937
2023-05-08,281.95001220703125
2023-05-09,281.510009765625
2023-05-10,288.0899963378906
2023-05-11,289.4200134277344
2023-05-12,288.9100036621094
2023-05-15,286.4800109863281
2023-05-16,280.9100036621094
2023-05-17,286.6700134277344
2023-05-18,292.4800109863281
2023-05-19,288.04998779296875
2023-05-22,280.9100036621094
2023-05-23,275.4200134277344
2023-05-24,273.92999267578125
2023-05-25,276.4100036621094
2023-05-26,280.5400085449219
2023-05-30,280.9700012207031
2023-05-31,275.510009765625
2023-06-01,282.9800109863281
2023-06-02,298.2300109863281
2023-06-05,294.69000244140625
2023-06-06,299.739990234375
2023-06-07,307.82000732421875
2023-06-08,304.9800109863281
2023-06-09,303.3800048828125
2023-06-12,305.0599975585937
2023-06-13,309.8099975585937
2023-06-14,306.6400146484375
2023-06-15,308.739990234375
2023-06-16,311.0400085449219
2023-06-20,312.1700134277344
2023-06-21,313.5599975585937
2023-06-22,312.989990234375
2023-06-23,311.7099914550781
2023-06-26,314.9800109863281
2023-06-27,322.70001220703125
2023-06-28,321.44000244140625
2023-06-29,322.989990234375
2023-06-30,326.07000732421875
2023-07-03,327.04998779296875
2023-07-05,321.6400146484375
2023-07-06,318.3999938964844
2023-07-07,320.0799865722656
2023-07-10,324.6400146484375
2023-07-11,327.1700134277344
2023-07-12,334.29998779296875
2023-07-13,337.3299865722656
2023-07-14,336.1300048828125
2023-07-17,340.4599914550781
2023-07-18,339.3399963378906
2023-07-19,334.25
2023-07-20,332.010009765625
2023-07-21,330.9599914550781
2023-07-24,331.9100036621094
2023-07-25,333.5299987792969
2023-07-26,335.989990234375
2023-07-27,356.4599914550781
2023-07-28,363.3599853515625
2023-07-31,367.4400024414063
2023-08-01,374.9800109863281
2023-08-02,372.75
2023-08-03,373.6099853515625
2023-08-04,371.9100036621094
2023-08-07,377.1499938964844
2023-08-08,377.3800048828125
2023-08-09,371.8699951171875
2023-08-10,371.7200012207031
2023-08-11,371.010009765625
2023-08-14,372.6600036621094
2023-08-15,369.3699951171875
2023-08-16,366.9599914550781
2023-08-17,352.19000244140625
2023-08-18,348.6000061035156
2023-08-21,347.95001220703125
2023-08-22,350.510009765625
2023-08-23,364.80999755859375
2023-08-24,357.6700134277344
2023-08-25,360.7200012207031
2023-08-28,363.2000122070313
2023-08-29,371.6199951171875
2023-08-30,373.3999938964844
2023-08-31,376.80999755859375
2023-09-01,382.3599853515625
2023-09-05,373.5400085449219
2023-09-06,378.6300048828125
2023-09-07,385.1000061035156
2023-09-08,387.239990234375
2023-09-11,392.0700073242188
2023-09-12,385.7799987792969
2023-09-13,378.5499877929688
2023-09-14,381.1300048828125
2023-09-15,376.4299926757813
2023-09-18,377.6199951171875
2023-09-19,376.4500122070313
2023-09-20,373.5299987792969
2023-09-21,368.1900024414063
2023-09-22,374.5
2023-09-25,380.0899963378906
2023-09-26,365.3800048828125
2023-09-27,374.3999938964844
2023-09-28,379.0799865722656
2023-09-29,374.4400024414063
2023-10-02,368.8399963378906
2023-10-03,363.3800048828125
2023-10-04,372.3800048828125
2023-10-05,372.0199890136719
2023-10-06,373.6199951171875
2023-10-09,379.7300109863281
2023-10-10,382.010009765625
2023-10-11,390.2000122070313
2023-10-12,384.6700134277344
2023-10-13,369.739990234375
2023-10-16,377.2999877929688
2023-10-17,378.4500122070313
2023-10-18,361.7300109863281
2023-10-19,357.3399963378906
2023-10-20,348.5
2023-10-23,349.7900085449219
2023-10-24,345.510009765625
2023-10-25,339.29998779296875
2023-10-26,358.1099853515625
2023-10-27,358.739990234375
2023-10-30,365.3999938964844
2023-10-31,370.5400085449219
2023-11-01,383.3200073242188
2023-11-02,382.4100036621094
2023-11-03,387.1199951171875
2023-11-06,385.1600036621094
2023-11-07,391.4200134277344
2023-11-08,394.1300048828125
2023-11-09,387.9299926757813
2023-11-10,396.6099853515625
2023-11-13,392.9599914550781
2023-11-14,404.989990234375
2023-11-15,403.6300048828125
2023-11-16,405.1099853515625
2023-11-17,405.6099853515625
2023-11-20,407.510009765625
2023-11-21,410.5299987792969
2023-11-22,411.1600036621094
2023-11-24,416.4299926757813
2023-11-27,412.2099914550781
2023-11-28,401.3599853515625
2023-11-29,401.1499938964844
2023-11-30,406.6600036621094
2023-12-01,418.2900085449219
2023-12-04,420.0199890136719
2023-12-05,413.4400024414063
2023-12-06,418.6199951171875
2023-12-07,418.6600036621094
2023-12-08,420.6199951171875
2023-12-11,429.0499877929688
2023-12-12,432.510009765625
2023-12-13,424.6600036621094
2023-12-14,444.0700073242188
2023-12-15,441.510009765625
2023-12-18,437.8999938964844
2023-12-19,440.80999755859375
2023-12-20,436.0400085449219
2023-12-21,443.6900024414063
2023-12-22,443.9700012207031
2023-12-26,446.239990234375
2023-12-27,448.9700012207031
2023-12-28,447.3800048828125
2023-12-29,447.5199890136719
2024-01-02,441.1099853515625
2024-01-03,429.9400024414063
2024-01-04,430.6099853515625
2024-01-05,430.5899963378906
2024-01-08,435.2699890136719
2024-01-09,443.239990234375
2024-01-10,444.0700073242188
2024-01-11,441.7300109863281
2024-01-12,430.7300109863281
2024-01-16,433.8900146484375
2024-01-17,433.1300048828125
2024-01-18,441.1000061035156
2024-01-19,444.0499877929688
2024-01-22,454.6400146484375
2024-01-23,442.3399963378906
2024-01-24,432.6900024414063
2024-01-25,439.4800109863281
2024-01-26,444.25
2024-01-29,437.0700073242188
2024-01-30,447.75
2024-01-31,428.1600036621094
2024-02-01,424.6099853515625
2024-02-02,419.9800109863281
2024-02-05,422.7000122070313
2024-02-06,425.2799987792969
2024-02-07,437.760009765625
2024-02-08,448.3500061035156
2024-02-09,457.1300048828125
2024-02-12,450.1099853515625
2024-02-13,432.5899963378906
2024-02-14,446.9400024414063
2024-02-15,451.2999877929688
2024-02-16,448.4100036621094
2024-02-20,448.8599853515625
2024-02-21,448.6799926757813
2024-02-22,456.7300109863281
2024-02-23,459.2900085449219
2024-02-26,463.2999877929688
2024-02-27,469.0400085449219
2024-02-28,471.7000122070313
2024-02-29,471.2099914550781
2024-03-01,472.9500122070313
2024-03-04,478.0299987792969
2024-03-05,472.3800048828125
2024-03-06,475.1099853515625
2024-03-07,481.3800048828125
2024-03-08,470.739990234375
2024-03-11,462.6900024414063
2024-03-12,469.2699890136719
2024-03-13,470.6199951171875
2024-03-14,469.3900146484375
2024-03-15,472.0799865722656
2024-03-18,472.6099853515625
2024-03-19,482.989990234375
2024-03-20,488.75
2024-03-21,499.260009765625
2024-03-22,493.8500061035156
2024-03-25,489.010009765625
2024-03-26,484.0799865722656
2024-03-27,486.6799926757813
2024-03-28,488.760009765625
2024-04-01,484.1600036621094
2024-04-02,478.1199951171875
2024-04-03,481.30999755859375
2024-04-04,465.989990234375
2024-04-05,480.239990234375
2024-04-08,484.760009765625
2024-04-09,481.6300048828125
2024-04-10,467.1400146484375
2024-04-11,464.9599914550781
2024-04-12,471.1600036621094
2024-04-15,461.9800109863281
2024-04-16,460.989990234375
2024-04-17,457.8500061035156
2024-04-18,458.6400146484375
2024-04-19,457.1499938964844
2024-04-22,459.2900085449219
2024-04-23,476.6600036621094
2024-04-24,467.8500061035156
2024-04-25,475.5
2024-04-26,477.1099853515625
2024-04-29,477.30999755859375
2024-04-30,463.4200134277344
2024-05-01,455.1499938964844
2024-05-02,455.7900085449219
2024-05-03,458.7300109863281
2024-05-06,470.1199951171875
2024-05-07,471.2000122070313
2024-05-08,480.6600036621094
2024-05-09,488.7000122070313
2024-05-10,494.510009765625
2024-05-13,485.4800109863281
2024-05-14,496.8500061035156
2024-05-15,503.3200073242188
2024-05-16,491.1600036621094
2024-05-17,489.8599853515625
2024-05-20,490.9200134277344
2024-05-21,493.3500061035156
2024-05-22,498.4400024414063
2024-05-23,491.8200073242188
2024-05-24,503.4200134277344
2024-05-28,502.9299926757813
2024-05-29,486.80999755859375
2024-05-30,494.05999755859375
2024-05-31,502.6000061035156
2024-06-03,496.30999755859375
2024-06-04,487.1900024414063
2024-06-05,499.5899963378906
2024-06-06,491.5499877929688
2024-06-07,497.0299987792969
2024-06-10,506.9599914550781
2024-06-11,505.3500061035156
2024-06-12,533.1599731445312
2024-06-13,540.0
2024-06-14,534.0
2024-06-17,541.4199829101562
2024-06-18,550.4199829101562
2024-06-20,543.5499877929688
2024-06-21,543.0
2024-06-24,547.3200073242188
2024-06-25,536.9199829101562
2024-06-26,534.27001953125
2024-06-27,542.6900024414062
2024-06-28,534.97998046875
2024-07-01,523.719970703125
2024-07-02,536.0
2024-07-03,547.0599975585938
2024-07-05,544.5499877929688
2024-07-08,543.1799926757812
2024-07-09,535.6099853515625
2024-07-10,544.6599731445312
2024-07-11,557.510009765625
2024-07-12,557.1900024414062
2024-07-15,564.4400024414062
2024-07-16,578.2999877929688
2024-07-17,551.47998046875
2024-07-18,550.4000244140625
2024-07-19,555.760009765625
2024-07-22,560.5599975585938
2024-07-23,569.2100219726562
2024-07-24,541.1500244140625
2024-07-25,545.72998046875
2024-07-26,572.7999877929688
2024-07-29,569.5999755859375
2024-07-30,574.030029296875
2024-07-31,583.5
2024-08-01,564.8599853515625
2024-08-02,537.9600219726562
2024-08-05,535.0999755859375
2024-08-06,544.47998046875
2024-08-07,543.25
2024-08-08,557.4400024414062
2024-08-09,562.72998046875
2024-08-12,559.2000122070312
2024-08-13,573.489990234375
2024-08-14,577.0999755859375
2024-08-15,585.0
2024-08-16,569.2899780273438
2024-08-19,578.1400146484375
2024-08-20,572.8599853515625
2024-08-21,581.0800170898438
2024-08-22,573.9400024414062
2024-08-23,584.0999755859375
2024-08-26,578.75
2024-08-27,578.1599731445312
2024-08-28,575.5599975585938
2024-08-29,574.8800048828125
2024-08-30,590.1900024414062
2024-09-03,561.9500122070312
2024-09-04,555.8099975585938
2024-09-05,556.2100219726562
2024-09-06,554.5900268554688
2024-09-09,555.0700073242188
2024-09-10,558.1699829101562
2024-09-11,567.1699829101562
2024-09-12,576.8699951171875
2024-09-13,591.22998046875
2024-09-16,603.5
2024-09-17,608.5800170898438
2024-09-18,602.4099731445312
2024-09-19,616.469970703125
2024-09-20,612.5399780273438
2024-09-23,617.780029296875
2024-09-24,620.8300170898438
2024-09-25,618.780029296875
2024-09-26,615.7899780273438
2024-09-27,604.8699951171875
2024-09-30,604.2899780273438
2024-10-01,596.6300048828125
2024-10-02,592.0900268554688
2024-10-03,589.3599853515625
2024-10-04,594.0499877929688
2024-10-07,593.9400024414062
2024-10-08,607.9199829101562
2024-10-09,614.7999877929688
2024-10-10,595.9099731445312
2024-10-11,604.0399780273438
2024-10-14,606.6400146484375
2024-10-15,595.0999755859375
2024-10-16,600.5399780273438
2024-10-17,603.5499877929688
2024-10-18,603.0499877929688
2024-10-21,603.010009765625
2024-10-22,594.3699951171875
2024-10-23,609.739990234375
2024-10-24,620.6599731445312
2024-10-25,609.1799926757812
2024-10-28,612.6400146484375
2024-10-29,610.7999877929688
2024-10-30,600.489990234375
2024-10-31,602.5700073242188
2024-11-01,603.469970703125
2024-11-04,604.6599731445312
2024-11-05,625.6199951171875
2024-11-06,604.780029296875
2024-11-07,622.239990234375
2024-11-08,630.9500122070312
2024-11-11,630.4600219726562
2024-11-12,616.0800170898438
2024-11-13,619.3400268554688
2024-11-14,617.8599853515625
2024-11-15,610.1500244140625
2024-11-18,620.2000122070312
2024-11-19,623.5900268554688
2024-11-20,625.3499755859375
2024-11-21,650.5999755859375
2024-11-22,657.6900024414062
2024-11-25,678.4299926757812
2024-11-26,666.260009765625
2024-11-27,660.0399780273438
2024-11-29,667.1300048828125
2024-12-02,667.4600219726562
2024-12-03,663.9600219726562
2024-12-04,665.530029296875
2024-12-05,651.3300170898438
2024-12-06,661.1199951171875
2024-12-09,638.7899780273438
2024-12-10,646.5
2024-12-11,657.47998046875
2024-12-12,662.0
2024-12-13,664.5
2024-12-16,668.030029296875
2024-12-17,657.5900268554688
2024-12-18,638.3200073242188
2024-12-19,619.8800048828125
2024-12-20,628.280029296875
2024-12-23,625.0599975585938
2024-12-24,631.1300048828125
2024-12-26,629.6400146484375
2024-12-27,620.030029296875
2024-12-30,613.989990234375
2024-12-31,609.2999877929688
2025-01-02,604.52001953125
2025-01-03,612.7100219726562
2025-01-06,609.97998046875
2025-01-07,611.2899780273438
2025-01-08,625.5700073242188
2025-01-10,610.0599975585938
2025-01-13,618.510009765625
2025-01-14,627.7100219726562
2025-01-15,630.760009765625
2025-01-16,642.8599853515625
2025-01-17,647.4600219726562
2025-01-21,663.5900268554688
2025-01-22,663.3099975585938
2025-01-23,666.9299926757812
2025-01-24,662.6300048828125
2025-01-27,655.989990234375
2025-01-28,662.5900268554688
2025-01-29,604.3300170898438
2025-01-30,606.5399780273438
2025-01-31,592.4199829101562
2025-02-03,582.9299926757812
2025-02-04,578.3699951171875
2025-02-05,585.030029296875
2025-02-06,585.3800048828125
2025-02-07,575.1400146484375
2025-02-10,583.1300048828125
2025-02-11,602.3499755859375
2025-02-12,608.719970703125
2025-02-13,619.9500122070312
2025-02-14,622.2000122070312
2025-02-18,636.030029296875
2025-02-19,651.1599731445312
2025-02-20,641.3800048828125
2025-02-21,613.9600219726562
2025-02-24,609.7000122070312
2025-02-25,618.760009765625
2025-02-26,622.969970703125
2025-02-27,602.25
2025-02-28,601.0499877929688
2025-03-03,586.97998046875
2025-03-04,572.969970703125
2025-03-05,588.0700073242188
2025-03-06,583.9000244140625
2025-03-07,606.6099853515625
2025-03-10,604.6199951171875
2025-03-11,566.1699829101562
2025-03-12,569.6400146484375
2025-03-13,558.510009765625
2025-03-14,574.9199829101562
2025-03-17,589.1599731445312
2025-03-18,581.3699951171875
2025-03-19,591.4299926757812
2025-03-20,578.77001953125
2025-03-21,569.5499877929688
2025-03-24,586.25
2025-03-25,587.9099731445312
2025-03-26,578.8800048828125
2025-03-27,577.3200073242188
2025-03-28,553.0499877929688
2025-03-31,560.8300170898438
2025-04-01,564.8300170898438
2025-04-02,574.530029296875
2025-04-03,546.8200073242188
2025-04-04,531.2999877929688
2025-04-07,524.25
2025-04-08,510.5199890136719
2025-04-09,561.1699829101562
2025-04-10,550.2899780273438
2025-04-11,554.4199829101562
2025-04-14,558.6400146484375
2025-04-15,557.2000122070312
2025-04-16,547.8599853515625
2025-04-17,556.1500244140625
2025-04-21,541.02001953125
2025-04-22,558.9299926757812
2025-04-23,508.760009765625
2025-04-24,524.0499877929688
2025-04-25,527.3099975585938
2025-04-28,531.1699829101562
2025-04-29,534.9099731445312
2025-04-30,546.75
2025-05-01,557.02001953125
2025-05-02,561.510009765625
2025-05-05,562.9199829101562
2025-05-06,566.6799926757812
2025-05-07,567.969970703125
2025-05-08,576.3800048828125
2025-05-09,573.7000122070312
2025-05-12,595.72998046875
2025-05-13,602.3400268554688
2025-05-14,591.3699951171875
2025-05-15,594.219970703125
2025-05-16,605.77001953125
2025-05-19,604.469970703125
2025-05-20,597.0499877929688
2025-05-21,569.9500122070312
2025-05-22,574.5999755859375
2025-05-23,567.1599731445312
2025-05-27,579.219970703125
2025-05-28,568.239990234375
2025-05-29,569.5
2025-05-30,564.4500122070312
2025-06-02,551.780029296875
2025-06-03,560.739990234375
2025-06-04,561.510009765625
2025-06-05,550.6099853515625
2025-06-06,552.3499755859375
2025-06-09,556.0900268554688
2025-06-10,555.2899780273438
2025-06-11,550.9500122070312
2025-06-12,550.2100219726562
2025-06-13,538.0900268554688
2025-06-16,543.9600219726562
2025-06-17,537.469970703125
2025-06-18,547.9199829101562
2025-06-20,550.1500244140625
2025-06-23,564.1799926757812
2025-06-24,569.1500244140625
2025-06-25,564.97998046875
2025-06-26,564.510009765625
2025-06-27,567.489990234375
2025-06-30,573.239990234375
2025-07-01,598.6599731445312
2025-07-02,602.0999755859375
2025-07-03,604.219970703125
2025-07-07,592.0900268554688
2025-07-08,594.5399780273438
2025-07-09,602.3800048828125
2025-07-10,617.3800048828125
2025-07-11,616.8499755859375
2025-07-14,615.25
2025-07-15,604.219970703125
2025-07-16,597.1599731445312
2025-07-17,611.8499755859375
2025-07-18,609.4299926757812
2025-07-21,601.030029296875
2025-07-22,619.969970703125
2025-07-23,660.7999877929688
2025-07-24,664.5399780273438
2025-07-25,660.8200073242188
2025-07-28,654.4199829101562
2025-07-29,639.52001953125
2025-07-30,615.5700073242188
2025-07-31,609.0
2025-08-01,605.8699951171875
2025-08-04,600.47998046875
2025-08-05,603.0
2025-08-06,594.9299926757812
2025-08-07,593.8599853515625
2025-08-08,582.1900024414062
2025-08-11,582.3599853515625
2025-08-12,590.52001953125
2025-08-13,611.6900024414062
2025-08-14,599.1599731445312
2025-08-15,591.6599731445312
2025-08-18,600.0599975585938
2025-08-19,613.469970703125
2025-08-20,589.0800170898438
2025-08-21,570.6400146484375
2025-08-22,591.9199829101562
2025-08-25,570.5399780273438
2025-08-26,567.6300048828125
2025-08-27,567.0
2025-08-28,559.47998046875
2025-08-29,557.8599853515625
2025-09-02,543.5700073242188
2025-09-03,545.0399780273438
2025-09-04,561.3699951171875
2025-09-05,578.0499877929688
2025-09-08,580.4600219726562
2025-09-09,558.0800170898438
2025-09-10,558.780029296875
2025-09-11,567.280029296875
2025-09-12,544.47998046875
2025-09-15,551.8499755859375
2025-09-16,550.4000244140625
2025-09-17,545.9299926757812
2025-09-18,541.739990234375
2025-09-19,539.6400146484375
2025-09-22,533.8300170898438
2025-09-23,530.6599731445312
2025-09-24,522.4400024414062
2025-09-25,516.1799926757812
2025-09-26,521.9400024414062
2025-09-29,520.6500244140625
2025-09-30,529.3599853515625
2025-10-01,537.0599975585938
2025-10-02,546.6099853515625
2025-10-03,550.6300048828125
2025-10-06,553.5999755859375
2025-10-07,542.030029296875
2025-10-08,554.5800170898438
2025-10-09,534.3400268554688
2025-10-10,524.5
2025-10-13,524.25
2025-10-14,530.8400268554688
2025-10-15,526.989990234375
2025-10-16,523.9400024414062
2025-10-17,522.9500122070312
2025-10-20,534.75
2025-10-21,548.989990234375
2025-10-22,493.0700073242188
2025-10-23,494.989990234375
2025-10-24,496.239990234375
2025-10-27,502.2200012207031
2025-10-28,501.1600036621094
2025-10-29,487.7799987792969
2025-10-30,495.6900024414063
2025-10-31,505.0
2025-11-03,493.8800048828125
2025-11-04,492.1600036621094
2025-11-05,489.989990234375
2025-11-06,491.0
2025-11-07,492.2200012207031
2025-11-10,489.4200134277344
2025-11-11,487.3900146484375
2025-11-12,476.9500122070313
2025-11-13,476.6600036621094
2025-11-14,471.5
2025-11-17,459.8900146484375
2025-11-18,455.5400085449219
2025-11-19,446.4400024414063
2025-11-20,444.260009765625
2025-11-21,465.1199951171875
2025-11-24,465.1700134277344
2025-11-25,484.1600036621094
2025-11-26,493.3999938964844
2025-11-28,498.8699951171875
2025-12-01,489.4599914550781
2025-12-02,487.2900085449219
2025-12-03,500.010009765625
2025-12-04,504.7300109863281
2025-12-05,511.6300048828125
2025-12-08,503.4299926757813
2025-12-09,500.489990234375
2025-12-10,505.7799987792969
2025-12-11,514.8599853515625
2025-12-12,505.760009765625
2025-12-15,496.1300048828125
2025-12-16,492.4299926757813
2025-12-17,487.4700012207031
2025-12-18,494.010009765625
2025-12-19,496.9200134277344
2025-12-22,495.4800109863281
2025-12-23,494.5499877929688
2025-12-24,497.2300109863281
2025-12-26,498.1600036621094
2025-12-29,496.5799865722656
2025-12-30,494.0
2025-12-31,485.5799865722656
2026-01-02,498.9100036621094
2026-01-05,503.8999938964844
2026-01-06,519.8499755859375
2026-01-07,504.9700012207031
2026-01-08,516.6199951171875
2026-01-09,530.22998046875
2026-01-12,533.25
2026-01-13,531.0
2026-01-14,525.25
2026-01-15,522.3300170898438
2026-01-16,525.8699951171875
2026-01-20,505.4400024414063
2026-01-21,516.4199829101562
2026-01-22,509.6799926757813
2026-01-23,509.760009765625
2026-01-26,512.4099731445312
2026-01-27,498.7999877929688
2026-01-28,487.489990234375
2026-01-29,496.1099853515625
2026-01-30,495.0799865722656
2026-02-02,495.2900085449219
2026-02-03,508.489990234375
2026-02-04,534.530029296875
2026-02-05,517.1500244140625
2026-02-06,529.97998046875
2026-02-09,529.2899780273438
2026-02-10,548.5599975585938
2026-02-11,557.510009765625
2026-02-12,558.5499877929688
2026-02-13,566.6500244140625
2026-02-17,565.5
2026-02-18,553.8900146484375
2026-02-19,550.3200073242188
2026-02-20,561.010009765625
2026-02-23,554.8400268554688
2026-02-24,558.3200073242188
2026-02-25,539.9500122070312
2026-02-26,544.4099731445312
2026-02-27,569.9400024414062
2026-03-02,563.4000244140625
2026-03-03,552.2999877929688
2026-03-04,550.6699829101562
2026-03-05,528.719970703125
2026-03-06,517.469970703125
2026-03-09,516.9600219726562
2026-03-10,511.8599853515625
2026-03-11,508.6600036621094
2026-03-12,482.2999877929688
2026-03-13,480.9599914550781
2026-03-16,478.8599853515625
2026-03-17,486.9800109863281
2026-03-18,477.989990234375
2026-03-19,477.2099914550781
2026-03-20,467.8800048828125
2026-03-23,476.9599914550781
2026-03-24,476.9700012207031
2026-03-25,481.6799926757813
2026-03-26,438.2999877929688
2026-03-27,437.8699951171875
2026-03-30,443.989990234375
2026-03-31,464.1300048828125
2026-04-01,464.8399963378906
2026-04-02,454.6400146484375
2026-04-06,453.5899963378906
2026-04-07,450.6499938964844
2026-04-08,478.0799865722656
2026-04-09,488.6799926757813
2026-04-10,505.30999755859375
2026-04-13,517.8800048828125
2026-04-14,520.4199829101562
2026-04-15,484.2900085449219
2026-04-16,479.2200012207031
2026-04-17,487.1099853515625
2026-04-20,493.4599914550781
2026-04-21,492.69000244140625
2026-04-22,489.760009765625
2026-04-23,493.6700134277344
2026-04-24,490.9700012207031
2026-04-27,502.239990234375
2026-04-28,495.5199890136719
2026-04-29,517.6199951171875
2026-04-30,534.8900146484375
2026-05-01,526.3300170898438
2026-05-04,514.8599853515625
2026-05-05,522.2000122070312
2026-05-06,541.3699951171875
2026-05-07,526.6099853515625
2026-05-08,521.25
2026-05-11,521.47998046875
2026-05-12,508.5499877929687
2026-05-13,507.5
2026-05-14,514.3800048828125
2026-05-15,499.989990234375
2026-05-18,501.4100036621094
2026-05-19,482.69000244140625
2026-05-20,493.3299865722656
2026-05-21,480.510009765625
2026-05-22,484.6400146484375
2026-05-26,502.55999755859375
2026-05-27,503.1600036621094
2026-05-28,497.0199890136719
2026-05-29,502.1600036621094
2026-06-01,496.7699890136719
2026-06-02,516.3699951171875
2026-06-03,515.2999877929688
2026-06-04,518.0800170898438
2026-06-05,508.4299926757813
2026-06-08,513.4500122070312
2026-06-09,529.0399780273438
2026-06-10,504.79998779296875
2026-06-11,517.030029296875
2026-06-12,512.1500244140625
