,LNT
2015-01-02,33.25
2015-01-05,32.845001220703125
2015-01-06,32.7400016784668
2015-01-07,33.279998779296875
2015-01-08,33.80500030517578
2015-01-09,33.32500076293945
2015-01-12,33.23500061035156
2015-01-13,33.46500015258789
2015-01-14,34.08000183105469
2015-01-15,34.15999984741211
2015-01-16,34.79999923706055
2015-01-20,34.78499984741211
2015-01-21,35.03499984741211
2015-01-22,35.025001525878906
2015-01-23,35.099998474121094
2015-01-26,35.084999084472656
2015-01-27,35.0099983215332
2015-01-28,34.599998474121094
2015-01-29,35.15999984741211
2015-01-30,34.30500030517578
2015-02-02,34.46500015258789
2015-02-03,34.55500030517578
2015-02-04,34.05500030517578
2015-02-05,34.404998779296875
2015-02-06,32.88999938964844
2015-02-09,32.31999969482422
2015-02-10,33.040000915527344
2015-02-11,32.33000183105469
2015-02-12,32.22999954223633
2015-02-13,31.78499984741211
2015-02-17,31.709999084472656
2015-02-18,32.52000045776367
2015-02-19,32.275001525878906
2015-02-20,32.30500030517578
2015-02-23,32.54499816894531
2015-02-24,32.755001068115234
2015-02-25,32.185001373291016
2015-02-26,31.854999542236328
2015-02-27,31.799999237060547
2015-03-02,31.20499992370605
2015-03-03,31.31999969482422
2015-03-04,31.045000076293945
2015-03-05,31.100000381469727
2015-03-06,30.125
2015-03-09,30.350000381469727
2015-03-10,30.334999084472656
2015-03-11,30.155000686645508
2015-03-12,30.575000762939453
2015-03-13,30.26000022888184
2015-03-16,30.895000457763672
2015-03-17,30.84499931335449
2015-03-18,31.51000022888184
2015-03-19,31.36000061035156
2015-03-20,31.790000915527344
2015-03-23,31.71500015258789
2015-03-24,31.270000457763672
2015-03-25,31.01000022888184
2015-03-26,30.64999961853028
2015-03-27,30.81999969482422
2015-03-30,31.290000915527344
2015-03-31,31.5
2015-04-01,31.424999237060547
2015-04-02,31.45499992370605
2015-04-06,31.825000762939453
2015-04-07,31.299999237060547
2015-04-08,31.26000022888184
2015-04-09,31.2549991607666
2015-04-10,31.56999969482422
2015-04-13,31.3700008392334
2015-04-14,31.5049991607666
2015-04-15,31.405000686645508
2015-04-16,31.184999465942383
2015-04-17,31.075000762939453
2015-04-20,31.540000915527344
2015-04-21,31.299999237060547
2015-04-22,31.375
2015-04-23,31.440000534057617
2015-04-24,31.665000915527344
2015-04-27,31.155000686645508
2015-04-28,31.11000061035156
2015-04-29,30.8799991607666
2015-04-30,30.23500061035156
2015-05-01,30.5049991607666
2015-05-04,30.934999465942383
2015-05-05,30.21999931335449
2015-05-06,30.09499931335449
2015-05-07,30.145000457763672
2015-05-08,30.1299991607666
2015-05-11,30.045000076293945
2015-05-12,29.950000762939453
2015-05-13,29.73500061035156
2015-05-14,30.13500022888184
2015-05-15,30.5
2015-05-18,30.614999771118164
2015-05-19,30.6299991607666
2015-05-20,30.700000762939453
2015-05-21,30.665000915527344
2015-05-22,30.604999542236328
2015-05-26,30.34000015258789
2015-05-27,30.6299991607666
2015-05-28,30.729999542236328
2015-05-29,30.64999961853028
2015-06-01,30.69499969482422
2015-06-02,30.26000022888184
2015-06-03,29.80500030517578
2015-06-04,29.530000686645508
2015-06-05,29.145000457763672
2015-06-08,29.020000457763672
2015-06-09,28.905000686645508
2015-06-10,29.020000457763672
2015-06-11,29.395000457763672
2015-06-12,29.059999465942383
2015-06-15,28.934999465942383
2015-06-16,29.13999938964844
2015-06-17,29.295000076293945
2015-06-18,29.71500015258789
2015-06-19,29.56999969482422
2015-06-22,29.52499961853028
2015-06-23,29.059999465942383
2015-06-24,28.84000015258789
2015-06-25,28.684999465942383
2015-06-26,28.920000076293945
2015-06-29,28.770000457763672
2015-06-30,28.86000061035156
2015-07-01,29.065000534057617
2015-07-02,29.5049991607666
2015-07-06,29.549999237060547
2015-07-07,30.38999938964844
2015-07-08,30.20499992370605
2015-07-09,29.795000076293945
2015-07-10,30.045000076293945
2015-07-13,30.13500022888184
2015-07-14,30.14999961853028
2015-07-15,30.200000762939453
2015-07-16,30.670000076293945
2015-07-17,30.23500061035156
2015-07-20,30.125
2015-07-21,29.815000534057617
2015-07-22,30.03499984741211
2015-07-23,29.584999084472656
2015-07-24,29.6299991607666
2015-07-27,30.125
2015-07-28,30.270000457763672
2015-07-29,30.209999084472656
2015-07-30,30.48500061035156
2015-07-31,30.7549991607666
2015-08-03,30.795000076293945
2015-08-04,30.39999961853028
2015-08-05,30.540000915527344
2015-08-06,30.315000534057617
2015-08-07,30.36000061035156
2015-08-10,30.315000534057617
2015-08-11,30.325000762939453
2015-08-12,30.65999984741211
2015-08-13,30.76000022888184
2015-08-14,30.8700008392334
2015-08-17,31.459999084472656
2015-08-18,31.165000915527344
2015-08-19,31.2450008392334
2015-08-20,30.920000076293945
2015-08-21,30.364999771118164
2015-08-24,29.020000457763672
2015-08-25,28.049999237060547
2015-08-26,28.32999992370605
2015-08-27,28.864999771118164
2015-08-28,28.89999961853028
2015-08-31,28.334999084472656
2015-09-01,27.559999465942383
2015-09-02,27.565000534057617
2015-09-03,27.690000534057617
2015-09-04,27.27499961853028
2015-09-08,27.799999237060547
2015-09-09,27.5049991607666
2015-09-10,27.420000076293945
2015-09-11,27.625
2015-09-14,27.700000762939453
2015-09-15,27.799999237060547
2015-09-16,28.104999542236328
2015-09-17,28.540000915527344
2015-09-18,28.375
2015-09-21,28.575000762939453
2015-09-22,28.350000381469727
2015-09-23,28.38999938964844
2015-09-24,28.68000030517578
2015-09-25,28.989999771118164
2015-09-28,29.020000457763672
2015-09-29,28.8700008392334
2015-09-30,29.2450008392334
2015-10-01,28.795000076293945
2015-10-02,29.184999465942383
2015-10-05,29.479999542236328
2015-10-06,29.23500061035156
2015-10-07,29.11000061035156
2015-10-08,29.46999931335449
2015-10-09,29.36000061035156
2015-10-12,29.684999465942383
2015-10-13,29.700000762939453
2015-10-14,29.76499938964844
2015-10-15,30.26499938964844
2015-10-16,30.36000061035156
2015-10-19,30.4950008392334
2015-10-20,30.600000381469727
2015-10-21,30.40999984741211
2015-10-22,30.770000457763672
2015-10-23,30.18000030517578
2015-10-26,30.295000076293945
2015-10-27,30.190000534057617
2015-10-28,29.64999961853028
2015-10-29,29.334999084472656
2015-10-30,29.51000022888184
2015-11-02,29.770000457763672
2015-11-03,29.86000061035156
2015-11-04,30.05500030517578
2015-11-05,30.01499938964844
2015-11-06,28.4950008392334
2015-11-09,28.405000686645508
2015-11-10,29.075000762939453
2015-11-11,29.415000915527344
2015-11-12,29.21500015258789
2015-11-13,29.2450008392334
2015-11-16,29.989999771118164
2015-11-17,29.489999771118164
2015-11-18,29.64999961853028
2015-11-19,30.225000381469727
2015-11-20,30.540000915527344
2015-11-23,30.125
2015-11-24,30.045000076293945
2015-11-25,29.854999542236328
2015-11-27,29.940000534057617
2015-11-30,30.09499931335449
2015-12-01,30.700000762939453
2015-12-02,30.309999465942383
2015-12-03,29.69499969482422
2015-12-04,30.174999237060547
2015-12-07,30.165000915527344
2015-12-08,30.34499931335449
2015-12-09,30.13999938964844
2015-12-10,29.405000686645508
2015-12-11,29.295000076293945
2015-12-14,29.395000457763672
2015-12-15,29.655000686645508
2015-12-16,30.3799991607666
2015-12-17,31.854999542236328
2015-12-18,31.229999542236328
2015-12-21,30.96500015258789
2015-12-22,31.145000457763672
2015-12-23,31.440000534057617
2015-12-24,31.34499931335449
2015-12-28,31.614999771118164
2015-12-29,31.690000534057617
2015-12-30,31.725000381469727
2015-12-31,31.225000381469727
2016-01-04,31.13999938964844
2016-01-05,31.280000686645508
2016-01-06,31.31999969482422
2016-01-07,30.989999771118164
2016-01-08,30.979999542236328
2016-01-11,31.07999992370605
2016-01-12,30.82999992370605
2016-01-13,30.850000381469727
2016-01-14,31.315000534057617
2016-01-15,31.209999084472656
2016-01-19,31.540000915527344
2016-01-20,30.8799991607666
2016-01-21,30.78499984741211
2016-01-22,31.559999465942383
2016-01-25,31.18000030517578
2016-01-26,31.450000762939453
2016-01-27,31.13999938964844
2016-01-28,31.815000534057617
2016-01-29,32.66999816894531
2016-02-01,32.97999954223633
2016-02-02,33.22999954223633
2016-02-03,33.900001525878906
2016-02-04,33.73500061035156
2016-02-05,33.8849983215332
2016-02-08,33.974998474121094
2016-02-09,34.17499923706055
2016-02-10,34.14500045776367
2016-02-11,33.59000015258789
2016-02-12,33.47999954223633
2016-02-16,33.48500061035156
2016-02-17,33.209999084472656
2016-02-18,33.70000076293945
2016-02-19,33.560001373291016
2016-02-22,33.900001525878906
2016-02-23,34.380001068115234
2016-02-24,34.584999084472656
2016-02-25,35.01499938964844
2016-02-26,34.05500030517578
2016-02-29,33.974998474121094
2016-03-01,33.974998474121094
2016-03-02,34.25
2016-03-03,34.34000015258789
2016-03-04,34.68000030517578
2016-03-07,34.779998779296875
2016-03-08,35.209999084472656
2016-03-09,35.415000915527344
2016-03-10,35.36000061035156
2016-03-11,35.42499923706055
2016-03-14,35.38999938964844
2016-03-15,35.709999084472656
2016-03-16,36.025001525878906
2016-03-17,36.31999969482422
2016-03-18,36.209999084472656
2016-03-21,35.994998931884766
2016-03-22,35.96500015258789
2016-03-23,36.29999923706055
2016-03-24,36.494998931884766
2016-03-28,36.40999984741211
2016-03-29,37.07500076293945
2016-03-30,36.94499969482422
2016-03-31,37.13999938964844
2016-04-01,37.51499938964844
2016-04-04,37.45500183105469
2016-04-05,36.755001068115234
2016-04-06,36.73500061035156
2016-04-07,36.709999084472656
2016-04-08,36.8849983215332
2016-04-11,36.56999969482422
2016-04-12,36.82500076293945
2016-04-13,36.459999084472656
2016-04-14,36.310001373291016
2016-04-15,36.65499877929688
2016-04-18,36.709999084472656
2016-04-19,36.60499954223633
2016-04-20,35.45000076293945
2016-04-21,34.38999938964844
2016-04-22,34.54999923706055
2016-04-25,34.47999954223633
2016-04-26,34.525001525878906
2016-04-27,34.654998779296875
2016-04-28,34.76499938964844
2016-04-29,35.2599983215332
2016-05-02,35.63999938964844
2016-05-03,35.654998779296875
2016-05-04,36.07500076293945
2016-05-05,36.25
2016-05-06,36.21500015258789
2016-05-09,36.470001220703125
2016-05-10,36.59999847412109
2016-05-11,36.70000076293945
2016-05-12,37.04999923706055
2016-05-13,36.8849983215332
2016-05-16,36.98500061035156
2016-05-17,35.9900016784668
2016-05-18,35.349998474121094
2016-05-19,35.7400016784668
2016-05-20,35.90999984741211
2016-05-23,35.75
2016-05-24,36.38999938964844
2016-05-25,36.43000030517578
2016-05-26,36.72999954223633
2016-05-27,36.84000015258789
2016-05-31,37.04999923706055
2016-06-01,37.29999923706055
2016-06-02,37.400001525878906
2016-06-03,38.310001373291016
2016-06-06,38.27999877929688
2016-06-07,38.52000045776367
2016-06-08,38.880001068115234
2016-06-09,39.41999816894531
2016-06-10,38.9900016784668
2016-06-13,38.81999969482422
2016-06-14,39.11000061035156
2016-06-15,38.68000030517578
2016-06-16,38.81999969482422
2016-06-17,38.90999984741211
2016-06-20,38.88999938964844
2016-06-21,39.04999923706055
2016-06-22,38.63999938964844
2016-06-23,38.79999923706055
2016-06-24,39.27999877929688
2016-06-27,39.84999847412109
2016-06-28,39.810001373291016
2016-06-29,39.81999969482422
2016-06-30,39.70000076293945
2016-07-01,40.38999938964844
2016-07-05,40.869998931884766
2016-07-06,40.77999877929688
2016-07-07,39.84999847412109
2016-07-08,40.54999923706055
2016-07-11,40.459999084472656
2016-07-12,39.34000015258789
2016-07-13,39.709999084472656
2016-07-14,39.34000015258789
2016-07-15,39.40999984741211
2016-07-18,39.56999969482422
2016-07-19,39.61000061035156
2016-07-20,39.54999923706055
2016-07-21,39.72999954223633
2016-07-22,40.34999847412109
2016-07-25,40.400001525878906
2016-07-26,40.09000015258789
2016-07-27,39.45000076293945
2016-07-28,39.959999084472656
2016-07-29,40.25
2016-08-01,40.27000045776367
2016-08-02,40.41999816894531
2016-08-03,40.119998931884766
2016-08-04,40.130001068115234
2016-08-05,39.38999938964844
2016-08-08,39.27999877929688
2016-08-09,39.2400016784668
2016-08-10,39.2599983215332
2016-08-11,39.400001525878906
2016-08-12,39.540000915527344
2016-08-15,38.93999862670898
2016-08-16,38.20000076293945
2016-08-17,38.91999816894531
2016-08-18,39.5099983215332
2016-08-19,38.84000015258789
2016-08-22,39.08000183105469
2016-08-23,38.58000183105469
2016-08-24,38.81999969482422
2016-08-25,38.869998931884766
2016-08-26,37.91999816894531
2016-08-29,38.25
2016-08-30,37.84000015258789
2016-08-31,37.95000076293945
2016-09-01,37.66999816894531
2016-09-02,38.209999084472656
2016-09-06,38.810001373291016
2016-09-07,38.97999954223633
2016-09-08,38.86000061035156
2016-09-09,37.150001525878906
2016-09-12,37.720001220703125
2016-09-13,37.369998931884766
2016-09-14,37.560001373291016
2016-09-15,37.959999084472656
2016-09-16,38.43000030517578
2016-09-19,38.77000045776367
2016-09-20,38.84999847412109
2016-09-21,39.70000076293945
2016-09-22,39.97999954223633
2016-09-23,40.11000061035156
2016-09-26,40.2599983215332
2016-09-27,39.68000030517578
2016-09-28,39.38999938964844
2016-09-29,38.86000061035156
2016-09-30,38.310001373291016
2016-10-03,37.79999923706055
2016-10-04,36.93000030517578
2016-10-05,36.77999877929688
2016-10-06,36.68999862670898
2016-10-07,36.540000915527344
2016-10-10,36.880001068115234
2016-10-11,36.369998931884766
2016-10-12,36.91999816894531
2016-10-13,37.22999954223633
2016-10-14,36.970001220703125
2016-10-17,37.209999084472656
2016-10-18,37.380001068115234
2016-10-19,37.290000915527344
2016-10-20,37.31999969482422
2016-10-21,37.06999969482422
2016-10-24,37.31999969482422
2016-10-25,37.38999938964844
2016-10-26,37.47999954223633
2016-10-27,37.02000045776367
2016-10-28,37.22999954223633
2016-10-31,38.04999923706055
2016-11-01,37.41999816894531
2016-11-02,36.97999954223633
2016-11-03,37.09000015258789
2016-11-04,36.83000183105469
2016-11-07,37.93000030517578
2016-11-08,38.5
2016-11-09,36.810001373291016
2016-11-10,35.4900016784668
2016-11-11,35.36000061035156
2016-11-14,35.5099983215332
2016-11-15,36.02000045776367
2016-11-16,35.779998779296875
2016-11-17,35.810001373291016
2016-11-18,35.63999938964844
2016-11-21,35.83000183105469
2016-11-22,36.130001068115234
2016-11-23,35.75
2016-11-25,36.34999847412109
2016-11-28,37.09000015258789
2016-11-29,37.25
2016-11-30,35.91999816894531
2016-12-01,35.5099983215332
2016-12-02,35.9900016784668
2016-12-05,36.06999969482422
2016-12-06,36.08000183105469
2016-12-07,36.470001220703125
2016-12-08,36.43999862670898
2016-12-09,36.83000183105469
2016-12-12,37.209999084472656
2016-12-13,37.5099983215332
2016-12-14,36.619998931884766
2016-12-15,37.0099983215332
2016-12-16,37.61000061035156
2016-12-19,37.77000045776367
2016-12-20,37.79999923706055
2016-12-21,37.68999862670898
2016-12-22,37.810001373291016
2016-12-23,37.86000061035156
2016-12-27,38.0
2016-12-28,37.540000915527344
2016-12-29,38.18999862670898
2016-12-30,37.88999938964844
2017-01-03,37.93000030517578
2017-01-04,38.15999984741211
2017-01-05,38.11000061035156
2017-01-06,37.79999923706055
2017-01-09,37.27999877929688
2017-01-10,37.2400016784668
2017-01-11,37.75
2017-01-12,37.650001525878906
2017-01-13,37.4900016784668
2017-01-17,37.75
2017-01-18,37.70000076293945
2017-01-19,37.27999877929688
2017-01-20,37.36000061035156
2017-01-23,37.02999877929688
2017-01-24,36.95000076293945
2017-01-25,36.88999938964844
2017-01-26,36.95000076293945
2017-01-27,36.88999938964844
2017-01-30,36.86000061035156
2017-01-31,37.650001525878906
2017-02-01,36.97999954223633
2017-02-02,37.5099983215332
2017-02-03,37.81999969482422
2017-02-06,37.65999984741211
2017-02-07,37.79999923706055
2017-02-08,38.150001525878906
2017-02-09,37.650001525878906
2017-02-10,37.86000061035156
2017-02-13,37.9900016784668
2017-02-14,37.66999816894531
2017-02-15,37.540000915527344
2017-02-16,37.93000030517578
2017-02-17,38.08000183105469
2017-02-21,38.43000030517578
2017-02-22,38.650001525878906
2017-02-23,39.11000061035156
2017-02-24,39.52000045776367
2017-02-27,39.04999923706055
2017-02-28,39.47999954223633
2017-03-01,39.08000183105469
2017-03-02,39.25
2017-03-03,39.18999862670898
2017-03-06,39.18000030517578
2017-03-07,39.27999877929688
2017-03-08,38.38999938964844
2017-03-09,38.29999923706055
2017-03-10,38.61000061035156
2017-03-13,38.75
2017-03-14,38.869998931884766
2017-03-15,39.58000183105469
2017-03-16,39.130001068115234
2017-03-17,39.560001373291016
2017-03-20,39.09999847412109
2017-03-21,39.70000076293945
2017-03-22,39.77999877929688
2017-03-23,39.84000015258789
2017-03-24,40.09999847412109
2017-03-27,40.060001373291016
2017-03-28,40.119998931884766
2017-03-29,39.97999954223633
2017-03-30,39.56999969482422
2017-03-31,39.61000061035156
2017-04-03,39.59000015258789
2017-04-04,39.869998931884766
2017-04-05,39.97999954223633
2017-04-06,39.869998931884766
2017-04-07,39.70000076293945
2017-04-10,39.709999084472656
2017-04-11,39.70000076293945
2017-04-12,39.88999938964844
2017-04-13,39.619998931884766
2017-04-17,39.880001068115234
2017-04-18,40.150001525878906
2017-04-19,39.810001373291016
2017-04-20,39.720001220703125
2017-04-21,39.959999084472656
2017-04-24,40.06999969482422
2017-04-25,40.0099983215332
2017-04-26,39.47999954223633
2017-04-27,39.720001220703125
2017-04-28,39.31999969482422
2017-05-01,39.09999847412109
2017-05-02,39.41999816894531
2017-05-03,39.290000915527344
2017-05-04,39.869998931884766
2017-05-05,40.060001373291016
2017-05-08,39.790000915527344
2017-05-09,39.56999969482422
2017-05-10,39.52000045776367
2017-05-11,39.400001525878906
2017-05-12,39.61000061035156
2017-05-15,39.77999877929688
2017-05-16,39.380001068115234
2017-05-17,39.619998931884766
2017-05-18,39.81999969482422
2017-05-19,39.75
2017-05-22,40.380001068115234
2017-05-23,40.90999984741211
2017-05-24,41.119998931884766
2017-05-25,41.560001373291016
2017-05-26,41.36000061035156
2017-05-30,41.470001220703125
2017-05-31,41.470001220703125
2017-06-01,41.630001068115234
2017-06-02,41.83000183105469
2017-06-05,41.63999938964844
2017-06-06,41.459999084472656
2017-06-07,41.61000061035156
2017-06-08,41.25
2017-06-09,41.2599983215332
2017-06-12,41.16999816894531
2017-06-13,41.25
2017-06-14,41.56999969482422
2017-06-15,41.66999816894531
2017-06-16,42.18000030517578
2017-06-19,41.86000061035156
2017-06-20,41.84000015258789
2017-06-21,41.79999923706055
2017-06-22,41.59000015258789
2017-06-23,41.45000076293945
2017-06-26,41.68999862670898
2017-06-27,41.119998931884766
2017-06-28,40.869998931884766
2017-06-29,40.45000076293945
2017-06-30,40.16999816894531
2017-07-03,39.88999938964844
2017-07-05,39.7599983215332
2017-07-06,39.66999816894531
2017-07-07,39.709999084472656
2017-07-10,39.560001373291016
2017-07-11,39.59000015258789
2017-07-12,39.880001068115234
2017-07-13,39.72999954223633
2017-07-14,39.970001220703125
2017-07-17,40.130001068115234
2017-07-18,40.27999877929688
2017-07-19,40.5
2017-07-20,41.0099983215332
2017-07-21,41.380001068115234
2017-07-24,40.84000015258789
2017-07-25,40.54999923706055
2017-07-26,40.869998931884766
2017-07-27,40.72999954223633
2017-07-28,40.470001220703125
2017-07-31,40.52999877929688
2017-08-01,40.83000183105469
2017-08-02,40.95000076293945
2017-08-03,41.09000015258789
2017-08-04,41.09000015258789
2017-08-07,41.27999877929688
2017-08-08,41.56999969482422
2017-08-09,41.5099983215332
2017-08-10,41.630001068115234
2017-08-11,41.369998931884766
2017-08-14,41.66999816894531
2017-08-15,41.90999984741211
2017-08-16,42.08000183105469
2017-08-17,41.77000045776367
2017-08-18,42.2400016784668
2017-08-21,42.400001525878906
2017-08-22,42.720001220703125
2017-08-23,43.0099983215332
2017-08-24,42.86000061035156
2017-08-25,42.869998931884766
2017-08-28,43.08000183105469
2017-08-29,43.060001373291016
2017-08-30,42.77000045776367
2017-08-31,42.7400016784668
2017-09-01,42.56999969482422
2017-09-05,42.90999984741211
2017-09-06,42.59999847412109
2017-09-07,42.95000076293945
2017-09-08,43.18999862670898
2017-09-11,43.59999847412109
2017-09-12,42.75
2017-09-13,42.45000076293945
2017-09-14,42.91999816894531
2017-09-15,42.900001525878906
2017-09-18,42.4900016784668
2017-09-19,42.52999877929688
2017-09-20,42.150001525878906
2017-09-21,42.060001373291016
2017-09-22,41.72999954223633
2017-09-25,42.25
2017-09-26,42.25
2017-09-27,41.58000183105469
2017-09-28,41.70000076293945
2017-09-29,41.56999969482422
2017-10-02,41.59999847412109
2017-10-03,41.380001068115234
2017-10-04,41.95000076293945
2017-10-05,41.900001525878906
2017-10-06,41.91999816894531
2017-10-09,41.9900016784668
2017-10-10,42.34000015258789
2017-10-11,42.65999984741211
2017-10-12,43.0099983215332
2017-10-13,43.04999923706055
2017-10-16,43.119998931884766
2017-10-17,43.43999862670898
2017-10-18,43.380001068115234
2017-10-19,43.84999847412109
2017-10-20,43.869998931884766
2017-10-23,43.77000045776367
2017-10-24,43.47999954223633
2017-10-25,43.25
2017-10-26,43.380001068115234
2017-10-27,43.75
2017-10-30,43.18000030517578
2017-10-31,43.2599983215332
2017-11-01,43.06999969482422
2017-11-02,43.060001373291016
2017-11-03,43.83000183105469
2017-11-06,43.59000015258789
2017-11-07,44.16999816894531
2017-11-08,44.06999969482422
2017-11-09,44.09999847412109
2017-11-10,43.68000030517578
2017-11-13,44.29999923706055
2017-11-14,45.18000030517578
2017-11-15,44.709999084472656
2017-11-16,44.630001068115234
2017-11-17,44.400001525878906
2017-11-20,44.2599983215332
2017-11-21,44.150001525878906
2017-11-22,44.18999862670898
2017-11-24,44.220001220703125
2017-11-27,44.61000061035156
2017-11-28,44.77999877929688
2017-11-29,44.900001525878906
2017-11-30,45.11000061035156
2017-12-01,44.83000183105469
2017-12-04,44.68999862670898
2017-12-05,44.34000015258789
2017-12-06,44.540000915527344
2017-12-07,44.63999938964844
2017-12-08,44.93999862670898
2017-12-11,45.08000183105469
2017-12-12,44.0099983215332
2017-12-13,44.290000915527344
2017-12-14,43.95000076293945
2017-12-15,44.43000030517578
2017-12-18,43.59999847412109
2017-12-19,42.77000045776367
2017-12-20,42.5099983215332
2017-12-21,42.31999969482422
2017-12-22,42.5
2017-12-26,42.18999862670898
2017-12-27,42.41999816894531
2017-12-28,42.65999984741211
2017-12-29,42.61000061035156
2018-01-02,42.11000061035156
2018-01-03,41.7400016784668
2018-01-04,41.25
2018-01-05,41.08000183105469
2018-01-08,41.540000915527344
2018-01-09,40.90999984741211
2018-01-10,40.18999862670898
2018-01-11,39.84000015258789
2018-01-12,39.52999877929688
2018-01-16,39.560001373291016
2018-01-17,40.060001373291016
2018-01-18,39.68000030517578
2018-01-19,39.40999984741211
2018-01-22,39.54999923706055
2018-01-23,40.15999984741211
2018-01-24,39.84999847412109
2018-01-25,40.38999938964844
2018-01-26,40.29999923706055
2018-01-29,39.61000061035156
2018-01-30,39.2599983215332
2018-01-31,39.75
2018-02-01,39.08000183105469
2018-02-02,38.90999984741211
2018-02-05,38.220001220703125
2018-02-06,37.5099983215332
2018-02-07,37.5
2018-02-08,37.13999938964844
2018-02-09,38.41999816894531
2018-02-12,38.47999954223633
2018-02-13,38.630001068115234
2018-02-14,38.11000061035156
2018-02-15,39.04999923706055
2018-02-16,39.75
2018-02-20,39.13999938964844
2018-02-21,38.619998931884766
2018-02-22,38.59999847412109
2018-02-23,39.41999816894531
2018-02-26,39.52999877929688
2018-02-27,38.79999923706055
2018-02-28,38.650001525878906
2018-03-01,38.4900016784668
2018-03-02,38.220001220703125
2018-03-05,38.93000030517578
2018-03-06,38.16999816894531
2018-03-07,38.060001373291016
2018-03-08,38.31999969482422
2018-03-09,38.709999084472656
2018-03-12,39.209999084472656
2018-03-13,39.29999923706055
2018-03-14,39.540000915527344
2018-03-15,39.65999984741211
2018-03-16,40.130001068115234
2018-03-19,39.83000183105469
2018-03-20,39.68000030517578
2018-03-21,39.65999984741211
2018-03-22,39.83000183105469
2018-03-23,39.45000076293945
2018-03-26,39.84000015258789
2018-03-27,40.52999877929688
2018-03-28,40.619998931884766
2018-03-29,40.86000061035156
2018-04-02,40.790000915527344
2018-04-03,40.81999969482422
2018-04-04,40.91999816894531
2018-04-05,41.33000183105469
2018-04-06,41.02000045776367
2018-04-09,41.04999923706055
2018-04-10,40.75
2018-04-11,41.02000045776367
2018-04-12,40.52000045776367
2018-04-13,41.11000061035156
2018-04-16,41.59000015258789
2018-04-17,41.84999847412109
2018-04-18,41.59999847412109
2018-04-19,41.52999877929688
2018-04-20,41.540000915527344
2018-04-23,41.68999862670898
2018-04-24,42.09999847412109
2018-04-25,42.22999954223633
2018-04-26,42.86000061035156
2018-04-27,43.060001373291016
2018-04-30,42.95000076293945
2018-05-01,42.81999969482422
2018-05-02,42.869998931884766
2018-05-03,43.22999954223633
2018-05-04,43.27000045776367
2018-05-07,42.93999862670898
2018-05-08,41.720001220703125
2018-05-09,41.2599983215332
2018-05-10,41.7400016784668
2018-05-11,41.65999984741211
2018-05-14,41.40999984741211
2018-05-15,41.04999923706055
2018-05-16,40.88999938964844
2018-05-17,40.63999938964844
2018-05-18,40.56999969482422
2018-05-21,40.27999877929688
2018-05-22,40.27999877929688
2018-05-23,40.4900016784668
2018-05-24,40.75
2018-05-25,40.790000915527344
2018-05-29,41.0
2018-05-30,41.43999862670898
2018-05-31,41.41999816894531
2018-06-01,40.630001068115234
2018-06-04,40.22999954223633
2018-06-05,39.75
2018-06-06,39.130001068115234
2018-06-07,39.18999862670898
2018-06-08,39.22999954223633
2018-06-11,38.380001068115234
2018-06-12,39.04999923706055
2018-06-13,39.16999816894531
2018-06-14,39.619998931884766
2018-06-15,39.959999084472656
2018-06-18,40.33000183105469
2018-06-19,41.08000183105469
2018-06-20,41.04999923706055
2018-06-21,40.970001220703125
2018-06-22,41.09000015258789
2018-06-25,42.2599983215332
2018-06-26,42.27999877929688
2018-06-27,42.40999984741211
2018-06-28,42.36000061035156
2018-06-29,42.31999969482422
2018-07-02,42.709999084472656
2018-07-03,42.9900016784668
2018-07-05,43.40999984741211
2018-07-06,43.84000015258789
2018-07-09,42.18000030517578
2018-07-10,42.54999923706055
2018-07-11,43.11000061035156
2018-07-12,43.13999938964844
2018-07-13,42.93000030517578
2018-07-16,42.77999877929688
2018-07-17,42.880001068115234
2018-07-18,42.68999862670898
2018-07-19,42.959999084472656
2018-07-20,42.540000915527344
2018-07-23,42.18000030517578
2018-07-24,42.18999862670898
2018-07-25,42.119998931884766
2018-07-26,43.060001373291016
2018-07-27,42.93999862670898
2018-07-30,42.310001373291016
2018-07-31,42.970001220703125
2018-08-01,42.369998931884766
2018-08-02,42.470001220703125
2018-08-03,42.7599983215332
2018-08-06,42.90999984741211
2018-08-07,42.59000015258789
2018-08-08,42.470001220703125
2018-08-09,42.77999877929688
2018-08-10,42.720001220703125
2018-08-13,42.720001220703125
2018-08-14,42.72999954223633
2018-08-15,43.02000045776367
2018-08-16,43.43999862670898
2018-08-17,43.59000015258789
2018-08-20,43.470001220703125
2018-08-21,43.20000076293945
2018-08-22,42.84999847412109
2018-08-23,43.040000915527344
2018-08-24,43.18000030517578
2018-08-27,42.790000915527344
2018-08-28,42.59999847412109
2018-08-29,42.91999816894531
2018-08-30,42.9900016784668
2018-08-31,42.84000015258789
2018-09-04,43.09000015258789
2018-09-05,43.72999954223633
2018-09-06,43.86000061035156
2018-09-07,43.27000045776367
2018-09-10,43.77999877929688
2018-09-11,43.59999847412109
2018-09-12,43.59000015258789
2018-09-13,43.900001525878906
2018-09-14,43.83000183105469
2018-09-17,43.9900016784668
2018-09-18,43.84000015258789
2018-09-19,42.84000015258789
2018-09-20,43.119998931884766
2018-09-21,43.22999954223633
2018-09-24,42.91999816894531
2018-09-25,42.2400016784668
2018-09-26,41.77999877929688
2018-09-27,42.060001373291016
2018-09-28,42.56999969482422
2018-10-01,42.40999984741211
2018-10-02,43.119998931884766
2018-10-03,42.560001373291016
2018-10-04,42.77000045776367
2018-10-05,43.61000061035156
2018-10-08,44.11000061035156
2018-10-09,44.09999847412109
2018-10-10,43.90999984741211
2018-10-11,42.619998931884766
2018-10-12,42.459999084472656
2018-10-15,42.560001373291016
2018-10-16,43.08000183105469
2018-10-17,43.22999954223633
2018-10-18,43.31999969482422
2018-10-19,44.04999923706055
2018-10-22,43.66999816894531
2018-10-23,43.59999847412109
2018-10-24,44.34000015258789
2018-10-25,43.52000045776367
2018-10-26,42.86000061035156
2018-10-29,43.630001068115234
2018-10-30,43.5099983215332
2018-10-31,42.97999954223633
2018-11-01,42.86000061035156
2018-11-02,42.470001220703125
2018-11-05,42.95000076293945
2018-11-06,43.36000061035156
2018-11-07,43.83000183105469
2018-11-08,43.83000183105469
2018-11-09,44.61000061035156
2018-11-12,45.18999862670898
2018-11-13,45.119998931884766
2018-11-14,44.65999984741211
2018-11-15,45.119998931884766
2018-11-16,45.25
2018-11-19,45.380001068115234
2018-11-20,45.2599983215332
2018-11-21,44.06999969482422
2018-11-23,43.97999954223633
2018-11-26,44.290000915527344
2018-11-27,44.790000915527344
2018-11-28,44.77000045776367
2018-11-29,44.66999816894531
2018-11-30,45.38999938964844
2018-12-03,45.900001525878906
2018-12-04,46.16999816894531
2018-12-06,45.720001220703125
2018-12-07,45.84000015258789
2018-12-10,45.93999862670898
2018-12-11,46.27999877929688
2018-12-12,45.88999938964844
2018-12-13,46.119998931884766
2018-12-14,45.31999969482422
2018-12-17,44.130001068115234
2018-12-18,43.91999816894531
2018-12-19,43.720001220703125
2018-12-20,43.81999969482422
2018-12-21,43.45000076293945
2018-12-24,41.209999084472656
2018-12-26,41.68000030517578
2018-12-27,41.9900016784668
2018-12-28,42.04999923706055
2018-12-31,42.25
2019-01-02,41.150001525878906
2019-01-03,41.220001220703125
2019-01-04,41.720001220703125
2019-01-07,41.43000030517578
2019-01-08,42.06999969482422
2019-01-09,41.68999862670898
2019-01-10,42.5099983215332
2019-01-11,41.959999084472656
2019-01-14,41.25
2019-01-15,42.02999877929688
2019-01-16,42.38999938964844
2019-01-17,42.52999877929688
2019-01-18,42.95000076293945
2019-01-22,43.13999938964844
2019-01-23,43.63999938964844
2019-01-24,43.91999816894531
2019-01-25,43.09999847412109
2019-01-28,42.959999084472656
2019-01-29,43.040000915527344
2019-01-30,43.33000183105469
2019-01-31,44.470001220703125
2019-02-01,44.15999984741211
2019-02-04,44.25
2019-02-05,44.36000061035156
2019-02-06,44.22999954223633
2019-02-07,44.7400016784668
2019-02-08,45.0
2019-02-11,44.91999816894531
2019-02-12,44.95000076293945
2019-02-13,44.900001525878906
2019-02-14,44.880001068115234
2019-02-15,44.97999954223633
2019-02-19,45.150001525878906
2019-02-20,45.16999816894531
2019-02-21,45.630001068115234
2019-02-22,45.68000030517578
2019-02-25,45.34000015258789
2019-02-26,45.459999084472656
2019-02-27,45.45000076293945
2019-02-28,45.869998931884766
2019-03-01,45.869998931884766
2019-03-04,46.27999877929688
2019-03-05,45.900001525878906
2019-03-06,46.02000045776367
2019-03-07,46.18999862670898
2019-03-08,46.25
2019-03-11,46.68999862670898
2019-03-12,47.150001525878906
2019-03-13,47.13999938964844
2019-03-14,46.93000030517578
2019-03-15,47.400001525878906
2019-03-18,47.09999847412109
2019-03-19,46.459999084472656
2019-03-20,46.58000183105469
2019-03-21,47.119998931884766
2019-03-22,47.54999923706055
2019-03-25,47.59000015258789
2019-03-26,47.86000061035156
2019-03-27,47.58000183105469
2019-03-28,46.900001525878906
2019-03-29,47.130001068115234
2019-04-01,46.84999847412109
2019-04-02,46.54999923706055
2019-04-03,46.52999877929688
2019-04-04,46.31999969482422
2019-04-05,46.7400016784668
2019-04-08,46.36000061035156
2019-04-09,46.43999862670898
2019-04-10,46.290000915527344
2019-04-11,46.630001068115234
2019-04-12,46.810001373291016
2019-04-15,46.72999954223633
2019-04-16,46.09999847412109
2019-04-17,45.900001525878906
2019-04-18,45.97999954223633
2019-04-22,45.93999862670898
2019-04-23,46.2400016784668
2019-04-24,46.68000030517578
2019-04-25,46.869998931884766
2019-04-26,46.97999954223633
2019-04-29,46.27999877929688
2019-04-30,47.22999954223633
2019-05-01,46.77999877929688
2019-05-02,46.68000030517578
2019-05-03,47.220001220703125
2019-05-06,47.130001068115234
2019-05-07,46.880001068115234
2019-05-08,46.15999984741211
2019-05-09,46.27999877929688
2019-05-10,47.18000030517578
2019-05-13,47.84999847412109
2019-05-14,47.34999847412109
2019-05-15,47.310001373291016
2019-05-16,47.77000045776367
2019-05-17,48.09999847412109
2019-05-20,48.20000076293945
2019-05-21,48.08000183105469
2019-05-22,48.470001220703125
2019-05-23,48.77000045776367
2019-05-24,48.720001220703125
2019-05-28,47.650001525878906
2019-05-29,46.88999938964844
2019-05-30,46.88999938964844
2019-05-31,47.459999084472656
2019-06-03,48.0
2019-06-04,47.95000076293945
2019-06-05,49.06999969482422
2019-06-06,49.27999877929688
2019-06-07,49.0
2019-06-10,48.77999877929688
2019-06-11,48.209999084472656
2019-06-12,49.040000915527344
2019-06-13,49.22999954223633
2019-06-14,50.0
2019-06-17,49.59999847412109
2019-06-18,49.18999862670898
2019-06-19,49.650001525878906
2019-06-20,49.97999954223633
2019-06-21,49.959999084472656
2019-06-24,49.810001373291016
2019-06-25,49.77999877929688
2019-06-26,48.97999954223633
2019-06-27,48.93000030517578
2019-06-28,49.08000183105469
2019-07-01,48.9900016784668
2019-07-02,49.68999862670898
2019-07-03,50.18000030517578
2019-07-05,49.95000076293945
2019-07-08,49.93000030517578
2019-07-09,50.11000061035156
2019-07-10,50.369998931884766
2019-07-11,50.290000915527344
2019-07-12,49.84999847412109
2019-07-15,50.0
2019-07-16,49.95000076293945
2019-07-17,50.27000045776367
2019-07-18,50.84999847412109
2019-07-19,49.93000030517578
2019-07-22,49.88999938964844
2019-07-23,49.59000015258789
2019-07-24,49.5099983215332
2019-07-25,49.38999938964844
2019-07-26,49.790000915527344
2019-07-29,50.150001525878906
2019-07-30,49.66999816894531
2019-07-31,49.540000915527344
2019-08-01,49.97999954223633
2019-08-02,50.130001068115234
2019-08-05,49.75
2019-08-06,50.43999862670898
2019-08-07,50.68999862670898
2019-08-08,51.34000015258789
2019-08-09,51.4900016784668
2019-08-12,51.380001068115234
2019-08-13,51.43999862670898
2019-08-14,50.84999847412109
2019-08-15,51.56999969482422
2019-08-16,51.630001068115234
2019-08-19,51.97999954223633
2019-08-20,51.869998931884766
2019-08-21,52.15999984741211
2019-08-22,52.18000030517578
2019-08-23,51.63999938964844
2019-08-26,52.2599983215332
2019-08-27,52.34000015258789
2019-08-28,52.380001068115234
2019-08-29,52.52999877929688
2019-08-30,52.45000076293945
2019-09-03,53.560001373291016
2019-09-04,53.5099983215332
2019-09-05,52.560001373291016
2019-09-06,52.2599983215332
2019-09-09,51.290000915527344
2019-09-10,50.959999084472656
2019-09-11,51.43000030517578
2019-09-12,51.70000076293945
2019-09-13,51.650001525878906
2019-09-16,51.93000030517578
2019-09-17,52.810001373291016
2019-09-18,52.95000076293945
2019-09-19,53.11000061035156
2019-09-20,53.18000030517578
2019-09-23,53.27000045776367
2019-09-24,54.15999984741211
2019-09-25,54.02999877929688
2019-09-26,54.2599983215332
2019-09-27,54.02999877929688
2019-09-30,53.93000030517578
2019-10-01,53.88999938964844
2019-10-02,53.310001373291016
2019-10-03,53.380001068115234
2019-10-04,54.34999847412109
2019-10-07,53.77999877929688
2019-10-08,53.38999938964844
2019-10-09,53.540000915527344
2019-10-10,53.4900016784668
2019-10-11,53.02999877929688
2019-10-14,52.380001068115234
2019-10-15,51.9900016784668
2019-10-16,52.290000915527344
2019-10-17,52.7400016784668
2019-10-18,52.97999954223633
2019-10-21,53.150001525878906
2019-10-22,53.369998931884766
2019-10-23,53.63999938964844
2019-10-24,53.65999984741211
2019-10-25,53.18000030517578
2019-10-28,52.72999954223633
2019-10-29,52.52000045776367
2019-10-30,52.95000076293945
2019-10-31,53.34000015258789
2019-11-01,53.02999877929688
2019-11-04,52.18000030517578
2019-11-05,51.709999084472656
2019-11-06,51.900001525878906
2019-11-07,51.5
2019-11-08,51.68000030517578
2019-11-11,51.59999847412109
2019-11-12,51.68000030517578
2019-11-13,52.630001068115234
2019-11-14,53.060001373291016
2019-11-15,52.880001068115234
2019-11-18,52.84999847412109
2019-11-19,52.58000183105469
2019-11-20,53.13999938964844
2019-11-21,53.380001068115234
2019-11-22,53.38999938964844
2019-11-25,52.75
2019-11-26,52.970001220703125
2019-11-27,53.04999923706055
2019-11-29,53.0
2019-12-02,52.43000030517578
2019-12-03,52.70000076293945
2019-12-04,53.16999816894531
2019-12-05,53.16999816894531
2019-12-06,53.11000061035156
2019-12-09,52.880001068115234
2019-12-10,52.95000076293945
2019-12-11,53.040000915527344
2019-12-12,52.59000015258789
2019-12-13,52.93000030517578
2019-12-16,53.47999954223633
2019-12-17,53.880001068115234
2019-12-18,54.27999877929688
2019-12-19,54.220001220703125
2019-12-20,54.95000076293945
2019-12-23,54.29999923706055
2019-12-24,54.27000045776367
2019-12-26,54.220001220703125
2019-12-27,54.34000015258789
2019-12-30,54.380001068115234
2019-12-31,54.720001220703125
2020-01-02,53.630001068115234
2020-01-03,53.79999923706055
2020-01-06,53.75
2020-01-07,53.79999923706055
2020-01-08,53.91999816894531
2020-01-09,54.52999877929688
2020-01-10,55.06999969482422
2020-01-13,55.58000183105469
2020-01-14,55.619998931884766
2020-01-15,56.2599983215332
2020-01-16,56.77999877929688
2020-01-17,57.15999984741211
2020-01-21,57.36000061035156
2020-01-22,57.75
2020-01-23,58.459999084472656
2020-01-24,58.93000030517578
2020-01-27,58.83000183105469
2020-01-28,59.150001525878906
2020-01-29,59.08000183105469
2020-01-30,59.41999816894531
2020-01-31,59.36000061035156
2020-02-03,59.52000045776367
2020-02-04,58.65999984741211
2020-02-05,58.560001373291016
2020-02-06,58.52999877929688
2020-02-07,58.33000183105469
2020-02-10,58.41999816894531
2020-02-11,58.38999938964844
2020-02-12,58.65999984741211
2020-02-13,59.380001068115234
2020-02-14,59.7400016784668
2020-02-18,60.16999816894531
2020-02-19,59.470001220703125
2020-02-20,59.56999969482422
2020-02-21,59.13999938964844
2020-02-24,58.84000015258789
2020-02-25,58.0099983215332
2020-02-26,57.83000183105469
2020-02-27,54.95000076293945
2020-02-28,52.119998931884766
2020-03-02,55.36000061035156
2020-03-03,54.77000045776367
2020-03-04,57.86000061035156
2020-03-05,57.38999938964844
2020-03-06,57.4900016784668
2020-03-09,54.15999984741211
2020-03-10,54.0
2020-03-11,51.59000015258789
2020-03-12,48.18000030517578
2020-03-13,50.900001525878906
2020-03-16,47.560001373291016
2020-03-17,52.369998931884766
2020-03-18,48.970001220703125
2020-03-19,45.02999877929688
2020-03-20,40.70000076293945
2020-03-23,39.9900016784668
2020-03-24,43.86000061035156
2020-03-25,44.18000030517578
2020-03-26,47.900001525878906
2020-03-27,47.75
2020-03-30,50.56999969482422
2020-03-31,48.290000915527344
2020-04-01,44.970001220703125
2020-04-02,46.91999816894531
2020-04-03,45.150001525878906
2020-04-06,47.83000183105469
2020-04-07,48.02999877929688
2020-04-08,51.22999954223633
2020-04-09,53.13999938964844
2020-04-13,51.27999877929688
2020-04-14,53.619998931884766
2020-04-15,51.5
2020-04-16,51.61000061035156
2020-04-17,52.869998931884766
2020-04-20,49.9900016784668
2020-04-21,49.70000076293945
2020-04-22,51.02999877929688
2020-04-23,50.09000015258789
2020-04-24,49.97999954223633
2020-04-27,50.34000015258789
2020-04-28,50.650001525878906
2020-04-29,49.40999984741211
2020-04-30,48.54999923706055
2020-05-01,47.25
2020-05-04,47.5
2020-05-05,48.02000045776367
2020-05-06,46.16999816894531
2020-05-07,46.2400016784668
2020-05-08,47.9900016784668
2020-05-11,47.08000183105469
2020-05-12,46.400001525878906
2020-05-13,45.86000061035156
2020-05-14,45.93999862670898
2020-05-15,45.95000076293945
2020-05-18,47.7400016784668
2020-05-19,46.31999969482422
2020-05-20,46.65999984741211
2020-05-21,46.02999877929688
2020-05-22,46.380001068115234
2020-05-26,46.90999984741211
2020-05-27,47.33000183105469
2020-05-28,48.86000061035156
2020-05-29,49.36000061035156
2020-06-01,49.459999084472656
2020-06-02,50.15999984741211
2020-06-03,51.040000915527344
2020-06-04,50.09999847412109
2020-06-05,50.63999938964844
2020-06-08,52.31999969482422
2020-06-09,50.77000045776367
2020-06-10,50.720001220703125
2020-06-11,48.68999862670898
2020-06-12,48.54999923706055
2020-06-15,48.91999816894531
2020-06-16,49.0
2020-06-17,48.90999984741211
2020-06-18,49.02999877929688
2020-06-19,47.9900016784668
2020-06-22,48.4900016784668
2020-06-23,47.88999938964844
2020-06-24,47.119998931884766
2020-06-25,46.77000045776367
2020-06-26,47.04999923706055
2020-06-29,47.400001525878906
2020-06-30,47.84000015258789
2020-07-01,48.7599983215332
2020-07-02,49.41999816894531
2020-07-06,49.0
2020-07-07,48.470001220703125
2020-07-08,48.5099983215332
2020-07-09,48.25
2020-07-10,49.040000915527344
2020-07-13,48.95000076293945
2020-07-14,49.4900016784668
2020-07-15,49.369998931884766
2020-07-16,49.72999954223633
2020-07-17,50.77000045776367
2020-07-20,50.45000076293945
2020-07-21,50.72999954223633
2020-07-22,52.54999923706055
2020-07-23,53.25
2020-07-24,53.119998931884766
2020-07-27,52.869998931884766
2020-07-28,53.619998931884766
2020-07-29,54.0099983215332
2020-07-30,53.77000045776367
2020-07-31,53.84999847412109
2020-08-03,53.5099983215332
2020-08-04,53.79999923706055
2020-08-05,52.869998931884766
2020-08-06,53.34000015258789
2020-08-07,54.720001220703125
2020-08-10,55.34999847412109
2020-08-11,53.65999984741211
2020-08-12,53.93000030517578
2020-08-13,53.97999954223633
2020-08-14,53.77000045776367
2020-08-17,53.900001525878906
2020-08-18,53.650001525878906
2020-08-19,53.81999969482422
2020-08-20,53.619998931884766
2020-08-21,54.08000183105469
2020-08-24,54.650001525878906
2020-08-25,54.25
2020-08-26,54.040000915527344
2020-08-27,54.0
2020-08-28,54.31999969482422
2020-08-31,54.150001525878906
2020-09-01,53.47999954223633
2020-09-02,54.65999984741211
2020-09-03,53.970001220703125
2020-09-04,53.290000915527344
2020-09-08,52.650001525878906
2020-09-09,53.77999877929688
2020-09-10,52.08000183105469
2020-09-11,51.86000061035156
2020-09-14,52.33000183105469
2020-09-15,52.7599983215332
2020-09-16,53.060001373291016
2020-09-17,52.18000030517578
2020-09-18,50.97999954223633
2020-09-21,49.83000183105469
2020-09-22,50.0099983215332
2020-09-23,49.83000183105469
2020-09-24,49.93000030517578
2020-09-25,51.34999847412109
2020-09-28,51.4900016784668
2020-09-29,51.08000183105469
2020-09-30,51.650001525878906
2020-10-01,52.33000183105469
2020-10-02,53.09000015258789
2020-10-05,53.310001373291016
2020-10-06,54.38999938964844
2020-10-07,54.08000183105469
2020-10-08,55.18000030517578
2020-10-09,54.7400016784668
2020-10-12,54.720001220703125
2020-10-13,54.08000183105469
2020-10-14,54.04999923706055
2020-10-15,54.54999923706055
2020-10-16,54.88999938964844
2020-10-19,54.720001220703125
2020-10-20,55.13999938964844
2020-10-21,55.63999938964844
2020-10-22,56.459999084472656
2020-10-23,56.66999816894531
2020-10-26,56.83000183105469
2020-10-27,57.15999984741211
2020-10-28,55.52000045776367
2020-10-29,55.56999969482422
2020-10-30,55.27999877929688
2020-11-02,56.68999862670898
2020-11-03,56.43999862670898
2020-11-04,55.34000015258789
2020-11-05,54.880001068115234
2020-11-06,54.56999969482422
2020-11-09,56.630001068115234
2020-11-10,56.959999084472656
2020-11-11,57.41999816894531
2020-11-12,56.130001068115234
2020-11-13,56.20000076293945
2020-11-16,56.43999862670898
2020-11-17,54.72999954223633
2020-11-18,53.060001373291016
2020-11-19,52.470001220703125
2020-11-20,52.869998931884766
2020-11-23,52.75
2020-11-24,53.369998931884766
2020-11-25,53.5099983215332
2020-11-27,52.7599983215332
2020-11-30,52.59999847412109
2020-12-01,53.369998931884766
2020-12-02,53.81999969482422
2020-12-03,53.36000061035156
2020-12-04,52.880001068115234
2020-12-07,53.34000015258789
2020-12-08,52.7599983215332
2020-12-09,52.29999923706055
2020-12-10,51.86000061035156
2020-12-11,51.709999084472656
2020-12-14,51.34000015258789
2020-12-15,52.380001068115234
2020-12-16,51.63999938964844
2020-12-17,51.72999954223633
2020-12-18,51.04999923706055
2020-12-21,50.34000015258789
2020-12-22,50.18000030517578
2020-12-23,49.540000915527344
2020-12-24,50.02000045776367
2020-12-28,50.310001373291016
2020-12-29,50.47999954223633
2020-12-30,50.7599983215332
2020-12-31,51.52999877929688
2021-01-04,50.4900016784668
2021-01-05,50.25
2021-01-06,51.0
2021-01-07,49.11000061035156
2021-01-08,49.34999847412109
2021-01-11,48.54999923706055
2021-01-12,48.02999877929688
2021-01-13,48.75
2021-01-14,48.09000015258789
2021-01-15,49.470001220703125
2021-01-19,49.630001068115234
2021-01-20,49.91999816894531
2021-01-21,49.75
2021-01-22,49.40999984741211
2021-01-25,50.5
2021-01-26,49.84000015258789
2021-01-27,48.97999954223633
2021-01-28,48.959999084472656
2021-01-29,48.650001525878906
2021-02-01,48.95000076293945
2021-02-02,49.02000045776367
2021-02-03,49.11000061035156
2021-02-04,49.459999084472656
2021-02-05,49.68000030517578
2021-02-08,49.060001373291016
2021-02-09,48.84000015258789
2021-02-10,49.119998931884766
2021-02-11,48.709999084472656
2021-02-12,48.290000915527344
2021-02-16,47.81999969482422
2021-02-17,48.22999954223633
2021-02-18,48.61000061035156
2021-02-19,47.630001068115234
2021-02-22,47.130001068115234
2021-02-23,48.22999954223633
2021-02-24,47.52999877929688
2021-02-25,47.369998931884766
2021-02-26,46.15999984741211
2021-03-01,47.09000015258789
2021-03-02,47.11000061035156
2021-03-03,46.90999984741211
2021-03-04,47.20000076293945
2021-03-05,48.38999938964844
2021-03-08,49.709999084472656
2021-03-09,49.880001068115234
2021-03-10,50.38999938964844
2021-03-11,49.9900016784668
2021-03-12,51.119998931884766
2021-03-15,52.70000076293945
2021-03-16,52.70000076293945
2021-03-17,51.709999084472656
2021-03-18,51.77999877929688
2021-03-19,51.77000045776367
2021-03-22,51.5099983215332
2021-03-23,53.06999969482422
2021-03-24,53.31999969482422
2021-03-25,53.75
2021-03-26,53.970001220703125
2021-03-29,54.63999938964844
2021-03-30,54.15999984741211
2021-03-31,54.15999984741211
2021-04-01,54.36000061035156
2021-04-05,54.84000015258789
2021-04-06,54.81999969482422
2021-04-07,54.38999938964844
2021-04-08,54.150001525878906
2021-04-09,54.0099983215332
2021-04-12,54.209999084472656
2021-04-13,54.5099983215332
2021-04-14,54.880001068115234
2021-04-15,55.68000030517578
2021-04-16,56.15999984741211
2021-04-19,56.18999862670898
2021-04-20,57.41999816894531
2021-04-21,57.08000183105469
2021-04-22,56.84999847412109
2021-04-23,56.43999862670898
2021-04-26,56.2400016784668
2021-04-27,55.52000045776367
2021-04-28,55.29999923706055
2021-04-29,55.380001068115234
2021-04-30,56.16999816894531
2021-05-03,56.16999816894531
2021-05-04,56.540000915527344
2021-05-05,55.61000061035156
2021-05-06,56.56999969482422
2021-05-07,56.7400016784668
2021-05-10,57.95000076293945
2021-05-11,56.970001220703125
2021-05-12,55.810001373291016
2021-05-13,56.880001068115234
2021-05-14,56.7599983215332
2021-05-17,56.47999954223633
2021-05-18,57.59999847412109
2021-05-19,57.70000076293945
2021-05-20,57.7599983215332
2021-05-21,58.11000061035156
2021-05-24,58.060001373291016
2021-05-25,57.59999847412109
2021-05-26,57.5099983215332
2021-05-27,56.75
2021-05-28,57.150001525878906
2021-06-01,56.9900016784668
2021-06-02,57.59999847412109
2021-06-03,58.130001068115234
2021-06-04,58.11000061035156
2021-06-07,58.09999847412109
2021-06-08,57.59000015258789
2021-06-09,58.29999923706055
2021-06-10,58.540000915527344
2021-06-11,58.58000183105469
2021-06-14,58.56999969482422
2021-06-15,58.75
2021-06-16,57.56999969482422
2021-06-17,58.119998931884766
2021-06-18,56.33000183105469
2021-06-21,57.33000183105469
2021-06-22,57.22999954223633
2021-06-23,56.75
2021-06-24,56.41999816894531
2021-06-25,57.130001068115234
2021-06-28,57.11000061035156
2021-06-29,55.7400016784668
2021-06-30,55.7599983215332
2021-07-01,56.27000045776367
2021-07-02,56.41999816894531
2021-07-06,56.38999938964844
2021-07-07,56.83000183105469
2021-07-08,56.84000015258789
2021-07-09,56.7599983215332
2021-07-12,56.93999862670898
2021-07-13,56.52999877929688
2021-07-14,57.22999954223633
2021-07-15,57.810001373291016
2021-07-16,58.54999923706055
2021-07-19,58.04999923706055
2021-07-20,58.310001373291016
2021-07-21,57.41999816894531
2021-07-22,57.560001373291016
2021-07-23,58.61000061035156
2021-07-26,58.59999847412109
2021-07-27,59.72999954223633
2021-07-28,59.369998931884766
2021-07-29,58.900001525878906
2021-07-30,58.52999877929688
2021-08-02,59.150001525878906
2021-08-03,59.97999954223633
2021-08-04,59.93000030517578
2021-08-05,60.470001220703125
2021-08-06,60.79999923706055
2021-08-09,60.68999862670898
2021-08-10,60.5099983215332
2021-08-11,60.83000183105469
2021-08-12,60.65999984741211
2021-08-13,61.06999969482422
2021-08-16,61.63999938964844
2021-08-17,61.7400016784668
2021-08-18,61.41999816894531
2021-08-19,61.47999954223633
2021-08-20,62.18000030517578
2021-08-23,60.970001220703125
2021-08-24,60.65999984741211
2021-08-25,60.560001373291016
2021-08-26,60.59000015258789
2021-08-27,60.84000015258789
2021-08-30,60.88999938964844
2021-08-31,60.790000915527344
2021-09-01,61.63999938964844
2021-09-02,62.04999923706055
2021-09-03,61.470001220703125
2021-09-07,59.75
2021-09-08,61.08000183105469
2021-09-09,60.70000076293945
2021-09-10,59.77000045776367
2021-09-13,59.43000030517578
2021-09-14,59.27999877929688
2021-09-15,59.27000045776367
2021-09-16,58.650001525878906
2021-09-17,57.83000183105469
2021-09-20,57.900001525878906
2021-09-21,57.52000045776367
2021-09-22,57.43999862670898
2021-09-23,57.25
2021-09-24,57.11000061035156
2021-09-27,56.20000076293945
2021-09-28,55.810001373291016
2021-09-29,56.75
2021-09-30,55.97999954223633
2021-10-01,55.77999877929688
2021-10-04,56.81999969482422
2021-10-05,56.40999984741211
2021-10-06,57.08000183105469
2021-10-07,56.65999984741211
2021-10-08,55.959999084472656
2021-10-11,54.65999984741211
2021-10-12,54.9900016784668
2021-10-13,55.459999084472656
2021-10-14,56.13999938964844
2021-10-15,55.77000045776367
2021-10-18,55.33000183105469
2021-10-19,55.66999816894531
2021-10-20,56.45000076293945
2021-10-21,56.75
2021-10-22,57.380001068115234
2021-10-25,56.5
2021-10-26,56.810001373291016
2021-10-27,56.5099983215332
2021-10-28,56.84000015258789
2021-10-29,56.56999969482422
2021-11-01,56.84999847412109
2021-11-02,57.08000183105469
2021-11-03,56.43000030517578
2021-11-04,55.650001525878906
2021-11-05,56.41999816894531
2021-11-08,55.27999877929688
2021-11-09,55.43000030517578
2021-11-10,56.08000183105469
2021-11-11,55.310001373291016
2021-11-12,55.290000915527344
2021-11-15,56.2400016784668
2021-11-16,55.9900016784668
2021-11-17,56.11000061035156
2021-11-18,55.25
2021-11-19,56.790000915527344
2021-11-22,57.869998931884766
2021-11-23,57.86000061035156
2021-11-24,57.619998931884766
2021-11-26,56.7400016784668
2021-11-29,57.27999877929688
2021-11-30,54.790000915527344
2021-12-01,55.36000061035156
2021-12-02,55.93000030517578
2021-12-03,56.93999862670898
2021-12-06,57.93000030517578
2021-12-07,58.33000183105469
2021-12-08,58.33000183105469
2021-12-09,58.13999938964844
2021-12-10,58.88999938964844
2021-12-13,59.650001525878906
2021-12-14,59.540000915527344
2021-12-15,60.4900016784668
2021-12-16,60.97999954223633
2021-12-17,59.77000045776367
2021-12-20,59.93000030517578
2021-12-21,59.400001525878906
2021-12-22,59.58000183105469
2021-12-23,59.54999923706055
2021-12-27,59.9900016784668
2021-12-28,60.68000030517578
2021-12-29,61.11000061035156
2021-12-30,61.45000076293945
2021-12-31,61.470001220703125
2022-01-03,60.84999847412109
2022-01-04,60.720001220703125
2022-01-05,61.2599983215332
2022-01-06,61.0099983215332
2022-01-07,60.9900016784668
2022-01-10,60.630001068115234
2022-01-11,59.79999923706055
2022-01-12,60.130001068115234
2022-01-13,60.63999938964844
2022-01-14,60.06999969482422
2022-01-18,59.66999816894531
2022-01-19,59.41999816894531
2022-01-20,59.72999954223633
2022-01-21,59.7599983215332
2022-01-24,58.75
2022-01-25,58.310001373291016
2022-01-26,58.09999847412109
2022-01-27,58.90999984741211
2022-01-28,59.310001373291016
2022-01-31,59.86000061035156
2022-02-01,58.65999984741211
2022-02-02,59.86000061035156
2022-02-03,59.86000061035156
2022-02-04,59.130001068115234
2022-02-07,59.09999847412109
2022-02-08,59.470001220703125
2022-02-09,59.119998931884766
2022-02-10,57.22999954223633
2022-02-11,57.45000076293945
2022-02-14,56.869998931884766
2022-02-15,56.34999847412109
2022-02-16,56.33000183105469
2022-02-17,56.619998931884766
2022-02-18,57.09999847412109
2022-02-22,56.70000076293945
2022-02-23,55.959999084472656
2022-02-24,55.93000030517578
2022-02-25,57.869998931884766
2022-02-28,58.400001525878906
2022-03-01,57.27000045776367
2022-03-02,57.63999938964844
2022-03-03,59.06999969482422
2022-03-04,60.59000015258789
2022-03-07,60.7599983215332
2022-03-08,60.4900016784668
2022-03-09,59.75
2022-03-10,60.13999938964844
2022-03-11,60.22999954223633
2022-03-14,60.33000183105469
2022-03-15,61.27999877929688
2022-03-16,60.86000061035156
2022-03-17,60.97999954223633
2022-03-18,60.310001373291016
2022-03-21,60.93999862670898
2022-03-22,59.90999984741211
2022-03-23,60.40999984741211
2022-03-24,60.560001373291016
2022-03-25,61.83000183105469
2022-03-28,62.0
2022-03-29,62.20000076293945
2022-03-30,62.880001068115234
2022-03-31,62.47999954223633
2022-04-01,63.290000915527344
2022-04-04,62.68999862670898
2022-04-05,63.27999877929688
2022-04-06,65.16000366210938
2022-04-07,64.33000183105469
2022-04-08,64.81999969482422
2022-04-11,64.3499984741211
2022-04-12,64.62999725341797
2022-04-13,63.59000015258789
2022-04-14,63.38999938964844
2022-04-18,62.709999084472656
2022-04-19,63.880001068115234
2022-04-20,65.11000061035156
2022-04-21,64.44999694824219
2022-04-22,63.119998931884766
2022-04-25,62.06999969482422
2022-04-26,61.630001068115234
2022-04-27,60.81999969482422
2022-04-28,61.22999954223633
2022-04-29,58.810001373291016
2022-05-02,57.84999847412109
2022-05-03,57.79999923706055
2022-05-04,59.209999084472656
2022-05-05,58.86000061035156
2022-05-06,58.7400016784668
2022-05-09,58.720001220703125
2022-05-10,58.02999877929688
2022-05-11,58.209999084472656
2022-05-12,58.02000045776367
2022-05-13,58.43999862670898
2022-05-16,58.86000061035156
2022-05-17,59.75
2022-05-18,58.93999862670898
2022-05-19,58.5
2022-05-20,58.66999816894531
2022-05-23,59.0
2022-05-24,61.31999969482422
2022-05-25,61.25
2022-05-26,62.459999084472656
2022-05-27,63.77999877929688
2022-05-31,63.81999969482422
2022-06-01,63.18999862670898
2022-06-02,62.400001525878906
2022-06-03,62.11000061035156
2022-06-06,62.52999877929688
2022-06-07,63.16999816894531
2022-06-08,61.119998931884766
2022-06-09,59.630001068115234
2022-06-10,59.31999969482422
2022-06-13,57.380001068115234
2022-06-14,55.61000061035156
2022-06-15,55.7400016784668
2022-06-16,54.970001220703125
2022-06-17,54.75
2022-06-21,55.220001220703125
2022-06-22,55.52000045776367
2022-06-23,56.52999877929688
2022-06-24,57.31999969482422
2022-06-27,57.93000030517578
2022-06-28,58.02999877929688
2022-06-29,57.970001220703125
2022-06-30,58.61000061035156
2022-07-01,60.06999969482422
2022-07-05,57.91999816894531
2022-07-06,58.380001068115234
2022-07-07,57.810001373291016
2022-07-08,57.34000015258789
2022-07-11,57.91999816894531
2022-07-12,57.81999969482422
2022-07-13,57.77000045776367
2022-07-14,57.880001068115234
2022-07-15,58.15999984741211
2022-07-18,56.810001373291016
2022-07-19,57.16999816894531
2022-07-20,56.41999816894531
2022-07-21,56.54999923706055
2022-07-22,57.43000030517578
2022-07-25,57.900001525878906
2022-07-26,58.650001525878906
2022-07-27,58.709999084472656
2022-07-28,60.02999877929688
2022-07-29,60.93000030517578
2022-08-01,60.900001525878906
2022-08-02,60.790000915527344
2022-08-03,61.27000045776367
2022-08-04,61.150001525878906
2022-08-05,61.27999877929688
2022-08-08,61.04999923706055
2022-08-09,61.84999847412109
2022-08-10,61.93999862670898
2022-08-11,61.63999938964844
2022-08-12,63.34999847412109
2022-08-15,63.84999847412109
2022-08-16,64.05999755859375
2022-08-17,64.26000213623047
2022-08-18,64.16999816894531
2022-08-19,64.04000091552734
2022-08-22,63.31999969482422
2022-08-23,62.79999923706055
2022-08-24,62.720001220703125
2022-08-25,63.11000061035156
2022-08-26,62.27000045776367
2022-08-29,62.5
2022-08-30,61.54999923706055
2022-08-31,61.040000915527344
2022-09-01,62.060001373291016
2022-09-02,61.4900016784668
2022-09-06,61.15999984741211
2022-09-07,63.11000061035156
2022-09-08,62.84000015258789
2022-09-09,63.06999969482422
2022-09-12,63.47999954223633
2022-09-13,61.41999816894531
2022-09-14,61.91999816894531
2022-09-15,60.22999954223633
2022-09-16,60.86000061035156
2022-09-19,61.88999938964844
2022-09-20,61.130001068115234
2022-09-21,60.290000915527344
2022-09-22,60.0099983215332
2022-09-23,59.52000045776367
2022-09-26,58.02999877929688
2022-09-27,56.84000015258789
2022-09-28,57.209999084472656
2022-09-29,54.540000915527344
2022-09-30,52.9900016784668
2022-10-03,54.33000183105469
2022-10-04,55.0099983215332
2022-10-05,53.04999923706055
2022-10-06,51.25
2022-10-07,49.650001525878906
2022-10-10,49.869998931884766
2022-10-11,50.27999877929688
2022-10-12,48.060001373291016
2022-10-13,49.4900016784668
2022-10-14,48.93000030517578
2022-10-17,49.7400016784668
2022-10-18,50.91999816894531
2022-10-19,50.34999847412109
2022-10-20,48.70000076293945
2022-10-21,49.7599983215332
2022-10-24,49.810001373291016
2022-10-25,50.720001220703125
2022-10-26,50.630001068115234
2022-10-27,50.900001525878906
2022-10-28,52.369998931884766
2022-10-31,52.16999816894531
2022-11-01,52.630001068115234
2022-11-02,52.119998931884766
2022-11-03,52.150001525878906
2022-11-04,52.72999954223633
2022-11-07,51.56999969482422
2022-11-08,52.97999954223633
2022-11-09,53.34000015258789
2022-11-10,55.52000045776367
2022-11-11,53.93000030517578
2022-11-14,53.31999969482422
2022-11-15,53.630001068115234
2022-11-16,54.5099983215332
2022-11-17,53.77000045776367
2022-11-18,55.2599983215332
2022-11-21,55.34000015258789
2022-11-22,55.41999816894531
2022-11-23,55.970001220703125
2022-11-25,56.45000076293945
2022-11-28,55.77999877929688
2022-11-29,55.06999969482422
2022-11-30,56.29999923706055
2022-12-01,55.52999877929688
2022-12-02,54.79999923706055
2022-12-05,54.540000915527344
2022-12-06,55.310001373291016
2022-12-07,54.5
2022-12-08,55.470001220703125
2022-12-09,55.310001373291016
2022-12-12,56.56999969482422
2022-12-13,56.41999816894531
2022-12-14,56.04999923706055
2022-12-15,55.38999938964844
2022-12-16,54.61000061035156
2022-12-19,54.290000915527344
2022-12-20,54.150001525878906
2022-12-21,55.08000183105469
2022-12-22,54.77000045776367
2022-12-23,55.29999923706055
2022-12-27,56.02999877929688
2022-12-28,55.209999084472656
2022-12-29,56.02999877929688
2022-12-30,55.209999084472656
2023-01-03,55.369998931884766
2023-01-04,55.790000915527344
2023-01-05,54.130001068115234
2023-01-06,55.34999847412109
2023-01-09,55.43999862670898
2023-01-10,54.970001220703125
2023-01-11,55.93999862670898
2023-01-12,55.79999923706055
2023-01-13,55.5099983215332
2023-01-17,55.08000183105469
2023-01-18,53.709999084472656
2023-01-19,53.209999084472656
2023-01-20,53.88999938964844
2023-01-23,53.880001068115234
2023-01-24,54.33000183105469
2023-01-25,54.40999984741211
2023-01-26,54.45000076293945
2023-01-27,54.41999816894531
2023-01-30,53.650001525878906
2023-01-31,54.02999877929688
2023-02-01,54.7400016784668
2023-02-02,54.7599983215332
2023-02-03,53.34000015258789
2023-02-06,53.93000030517578
2023-02-07,53.540000915527344
2023-02-08,52.619998931884766
2023-02-09,52.060001373291016
2023-02-10,53.22999954223633
2023-02-13,53.790000915527344
2023-02-14,53.290000915527344
2023-02-15,53.43999862670898
2023-02-16,53.13999938964844
2023-02-17,53.970001220703125
2023-02-21,53.34000015258789
2023-02-22,53.2599983215332
2023-02-23,52.9900016784668
2023-02-24,52.720001220703125
2023-02-27,51.459999084472656
2023-02-28,51.27000045776367
2023-03-01,50.25
2023-03-02,51.59000015258789
2023-03-03,52.06999969482422
2023-03-06,51.959999084472656
2023-03-07,50.9900016784668
2023-03-08,51.56999969482422
2023-03-09,51.2599983215332
2023-03-10,50.18999862670898
2023-03-13,51.47999954223633
2023-03-14,52.060001373291016
2023-03-15,53.09999847412109
2023-03-16,53.4900016784668
2023-03-17,53.16999816894531
2023-03-20,53.7599983215332
2023-03-21,52.0099983215332
2023-03-22,50.650001525878906
2023-03-23,50.040000915527344
2023-03-24,51.83000183105469
2023-03-27,51.31999969482422
2023-03-28,51.970001220703125
2023-03-29,52.81999969482422
2023-03-30,52.90999984741211
2023-03-31,53.400001525878906
2023-04-03,52.720001220703125
2023-04-04,52.93999862670898
2023-04-05,54.81999969482422
2023-04-06,55.04999923706055
2023-04-10,54.91999816894531
2023-04-11,55.060001373291016
2023-04-12,54.7400016784668
2023-04-13,54.790000915527344
2023-04-14,54.36000061035156
2023-04-17,54.720001220703125
2023-04-18,54.34000015258789
2023-04-19,55.290000915527344
2023-04-20,55.02999877929688
2023-04-21,55.290000915527344
2023-04-24,55.540000915527344
2023-04-25,55.75
2023-04-26,54.70000076293945
2023-04-27,55.09999847412109
2023-04-28,55.13999938964844
2023-05-01,55.290000915527344
2023-05-02,54.540000915527344
2023-05-03,54.43000030517578
2023-05-04,54.79999923706055
2023-05-05,55.11000061035156
2023-05-08,54.7599983215332
2023-05-09,54.400001525878906
2023-05-10,55.15999984741211
2023-05-11,54.59999847412109
2023-05-12,55.02999877929688
2023-05-15,54.0
2023-05-16,53.27000045776367
2023-05-17,52.7599983215332
2023-05-18,52.63999938964844
2023-05-19,52.61000061035156
2023-05-22,52.59000015258789
2023-05-23,52.43999862670898
2023-05-24,51.95000076293945
2023-05-25,51.060001373291016
2023-05-26,50.970001220703125
2023-05-30,51.0099983215332
2023-05-31,51.459999084472656
2023-06-01,50.90999984741211
2023-06-02,51.97999954223633
2023-06-05,52.27999877929688
2023-06-06,52.310001373291016
2023-06-07,53.400001525878906
2023-06-08,53.470001220703125
2023-06-09,53.22999954223633
2023-06-12,53.2599983215332
2023-06-13,53.08000183105469
2023-06-14,53.130001068115234
2023-06-15,53.75
2023-06-16,53.7400016784668
2023-06-20,52.959999084472656
2023-06-21,53.27000045776367
2023-06-22,52.72999954223633
2023-06-23,51.83000183105469
2023-06-26,52.970001220703125
2023-06-27,52.81999969482422
2023-06-28,51.79999923706055
2023-06-29,51.790000915527344
2023-06-30,52.47999954223633
2023-07-03,53.08000183105469
2023-07-05,53.58000183105469
2023-07-06,53.310001373291016
2023-07-07,52.630001068115234
2023-07-10,52.040000915527344
2023-07-11,52.95000076293945
2023-07-12,53.84999847412109
2023-07-13,54.27999877929688
2023-07-14,54.15999984741211
2023-07-17,53.29999923706055
2023-07-18,53.0099983215332
2023-07-19,53.709999084472656
2023-07-20,54.77999877929688
2023-07-21,55.7400016784668
2023-07-24,55.54999923706055
2023-07-25,55.560001373291016
2023-07-26,55.65999984741211
2023-07-27,54.52999877929688
2023-07-28,53.88999938964844
2023-07-31,53.7400016784668
2023-08-01,53.29999923706055
2023-08-02,53.27999877929688
2023-08-03,51.7599983215332
2023-08-04,51.29999923706055
2023-08-07,51.33000183105469
2023-08-08,51.52000045776367
2023-08-09,51.470001220703125
2023-08-10,51.59999847412109
2023-08-11,51.86000061035156
2023-08-14,51.11000061035156
2023-08-15,50.310001373291016
2023-08-16,50.5099983215332
2023-08-17,50.2599983215332
2023-08-18,50.619998931884766
2023-08-21,50.27999877929688
2023-08-22,50.400001525878906
2023-08-23,50.54999923706055
2023-08-24,50.27999877929688
2023-08-25,50.77999877929688
2023-08-28,50.68999862670898
2023-08-29,50.84999847412109
2023-08-30,50.83000183105469
2023-08-31,50.16999816894531
2023-09-01,49.790000915527344
2023-09-05,49.22999954223633
2023-09-06,49.59999847412109
2023-09-07,50.43000030517578
2023-09-08,50.7400016784668
2023-09-11,50.790000915527344
2023-09-12,50.720001220703125
2023-09-13,51.540000915527344
2023-09-14,52.09000015258789
2023-09-15,51.77999877929688
2023-09-18,52.18999862670898
2023-09-19,52.02000045776367
2023-09-20,51.9900016784668
2023-09-21,51.33000183105469
2023-09-22,51.25
2023-09-25,51.04999923706055
2023-09-26,49.2599983215332
2023-09-27,48.54999923706055
2023-09-28,48.060001373291016
2023-09-29,48.45000076293945
2023-10-02,46.2400016784668
2023-10-03,46.790000915527344
2023-10-04,47.4900016784668
2023-10-05,47.61000061035156
2023-10-06,48.380001068115234
2023-10-09,48.56999969482422
2023-10-10,49.150001525878906
2023-10-11,49.68999862670898
2023-10-12,49.25
2023-10-13,49.75
2023-10-16,50.25
2023-10-17,50.02000045776367
2023-10-18,49.81999969482422
2023-10-19,49.45000076293945
2023-10-20,48.81999969482422
2023-10-23,48.5
2023-10-24,49.43999862670898
2023-10-25,49.540000915527344
2023-10-26,49.790000915527344
2023-10-27,48.93000030517578
2023-10-30,48.47999954223633
2023-10-31,48.790000915527344
2023-11-01,49.5
2023-11-02,50.2599983215332
2023-11-03,51.09999847412109
2023-11-06,50.43999862670898
2023-11-07,50.0
2023-11-08,49.61000061035156
2023-11-09,48.61000061035156
2023-11-10,48.56999969482422
2023-11-13,47.61000061035156
2023-11-14,49.119998931884766
2023-11-15,49.31999969482422
2023-11-16,49.47999954223633
2023-11-17,49.22999954223633
2023-11-20,49.11000061035156
2023-11-21,49.09000015258789
2023-11-22,49.540000915527344
2023-11-24,49.75
2023-11-27,49.959999084472656
2023-11-28,50.119998931884766
2023-11-29,49.93999862670898
2023-11-30,50.56999969482422
2023-12-01,51.4900016784668
2023-12-04,51.400001525878906
2023-12-05,51.25
2023-12-06,52.09999847412109
2023-12-07,51.81999969482422
2023-12-08,51.380001068115234
2023-12-11,51.5099983215332
2023-12-12,51.38999938964844
2023-12-13,53.380001068115234
2023-12-14,52.18999862670898
2023-12-15,50.619998931884766
2023-12-18,50.86000061035156
2023-12-19,51.2400016784668
2023-12-20,50.25
2023-12-21,50.56999969482422
2023-12-22,50.93999862670898
2023-12-26,50.93000030517578
2023-12-27,50.84000015258789
2023-12-28,51.31999969482422
2023-12-29,51.29999923706055
2024-01-02,51.880001068115234
2024-01-03,51.7599983215332
2024-01-04,51.93999862670898
2024-01-05,52.02999877929688
2024-01-08,52.33000183105469
2024-01-09,52.220001220703125
2024-01-10,51.90999984741211
2024-01-11,50.09000015258789
2024-01-12,50.380001068115234
2024-01-16,50.27999877929688
2024-01-17,49.540000915527344
2024-01-18,49.04999923706055
2024-01-19,48.869998931884766
2024-01-22,48.459999084472656
2024-01-23,48.77000045776367
2024-01-24,48.13999938964844
2024-01-25,48.75
2024-01-26,48.84999847412109
2024-01-29,49.18999862670898
2024-01-30,48.880001068115234
2024-01-31,48.65999984741211
2024-02-01,49.84000015258789
2024-02-02,48.79999923706055
2024-02-05,47.61000061035156
2024-02-06,47.7599983215332
2024-02-07,47.77999877929688
2024-02-08,47.47999954223633
2024-02-09,47.93000030517578
2024-02-12,48.459999084472656
2024-02-13,47.56999969482422
2024-02-14,47.630001068115234
2024-02-15,48.400001525878906
2024-02-16,48.34999847412109
2024-02-20,48.25
2024-02-21,49.09000015258789
2024-02-22,48.630001068115234
2024-02-23,48.70000076293945
2024-02-26,47.43000030517578
2024-02-27,47.81999969482422
2024-02-28,47.560001373291016
2024-02-29,47.75
2024-03-01,47.72999954223633
2024-03-04,48.540000915527344
2024-03-05,48.5099983215332
2024-03-06,48.97999954223633
2024-03-07,49.060001373291016
2024-03-08,49.34000015258789
2024-03-11,49.59000015258789
2024-03-12,48.77000045776367
2024-03-13,48.93000030517578
2024-03-14,48.06999969482422
2024-03-15,48.38999938964844
2024-03-18,48.61000061035156
2024-03-19,48.95000076293945
2024-03-20,48.79999923706055
2024-03-21,48.900001525878906
2024-03-22,48.66999816894531
2024-03-25,48.630001068115234
2024-03-26,48.2599983215332
2024-03-27,49.77000045776367
2024-03-28,50.400001525878906
2024-04-01,49.68000030517578
2024-04-02,49.970001220703125
2024-04-03,49.45000076293945
2024-04-04,49.130001068115234
2024-04-05,48.84999847412109
2024-04-08,49.45000076293945
2024-04-09,49.9900016784668
2024-04-10,48.68000030517578
2024-04-11,48.47999954223633
2024-04-12,48.0
2024-04-15,48.0
2024-04-16,47.400001525878906
2024-04-17,48.41999816894531
2024-04-18,48.84000015258789
2024-04-19,49.81999969482422
2024-04-22,49.88999938964844
2024-04-23,49.970001220703125
2024-04-24,50.369998931884766
2024-04-25,50.22999954223633
2024-04-26,49.59000015258789
2024-04-29,49.77000045776367
2024-04-30,49.79999923706055
2024-05-01,50.36000061035156
2024-05-02,50.84999847412109
2024-05-03,50.84999847412109
2024-05-06,50.5
2024-05-07,51.130001068115234
2024-05-08,51.209999084472656
2024-05-09,51.70000076293945
2024-05-10,51.33000183105469
2024-05-13,51.34000015258789
2024-05-14,51.36000061035156
2024-05-15,51.9900016784668
2024-05-16,51.970001220703125
2024-05-17,51.970001220703125
2024-05-20,51.77999877929688
2024-05-21,52.119998931884766
2024-05-22,51.16999816894531
2024-05-23,50.0099983215332
2024-05-24,49.95000076293945
2024-05-28,49.869998931884766
2024-05-29,49.36000061035156
2024-05-30,50.15999984741211
2024-05-31,51.4900016784668
2024-06-03,51.09999847412109
2024-06-04,51.77999877929688
2024-06-05,51.11000061035156
2024-06-06,50.54999923706055
2024-06-07,50.130001068115234
2024-06-10,50.150001525878906
2024-06-11,50.18999862670898
2024-06-12,49.84999847412109
2024-06-13,49.84000015258789
2024-06-14,49.84000015258789
2024-06-17,49.66999816894531
2024-06-18,49.619998931884766
2024-06-20,50.9900016784668
2024-06-21,50.95000076293945
2024-06-24,51.130001068115234
2024-06-25,50.540000915527344
2024-06-26,50.459999084472656
2024-06-27,51.08000183105469
2024-06-28,50.900001525878906
2024-07-01,50.7400016784668
2024-07-02,51.09999847412109
2024-07-03,50.810001373291016
2024-07-05,51.59000015258789
2024-07-08,51.38999938964844
2024-07-09,51.66999816894531
2024-07-10,52.0
2024-07-11,53.310001373291016
2024-07-12,53.869998931884766
2024-07-15,53.540000915527344
2024-07-16,54.65999984741211
2024-07-17,55.54999923706055
2024-07-18,55.0099983215332
2024-07-19,54.84000015258789
2024-07-22,55.0
2024-07-23,54.650001525878906
2024-07-24,55.65999984741211
2024-07-25,55.84000015258789
2024-07-26,56.0099983215332
2024-07-29,55.880001068115234
2024-07-30,56.130001068115234
2024-07-31,55.65999984741211
2024-08-01,56.61000061035156
2024-08-02,57.11000061035156
2024-08-05,55.22999954223633
2024-08-06,55.7400016784668
2024-08-07,55.93000030517578
2024-08-08,55.900001525878906
2024-08-09,56.06999969482422
2024-08-12,55.959999084472656
2024-08-13,56.2599983215332
2024-08-14,56.47999954223633
2024-08-15,56.93999862670898
2024-08-16,57.369998931884766
2024-08-19,57.66999816894531
2024-08-20,57.540000915527344
2024-08-21,57.79999923706055
2024-08-22,57.869998931884766
2024-08-23,58.02999877929688
2024-08-26,58.220001220703125
2024-08-27,57.59000015258789
2024-08-28,57.79999923706055
2024-08-29,57.95000076293945
2024-08-30,58.27000045776367
2024-09-03,58.790000915527344
2024-09-04,59.130001068115234
2024-09-05,58.970001220703125
2024-09-06,58.58000183105469
2024-09-09,59.25
2024-09-10,59.34999847412109
2024-09-11,59.0
2024-09-12,58.90999984741211
2024-09-13,59.650001525878906
2024-09-16,60.5099983215332
2024-09-17,60.310001373291016
2024-09-18,60.33000183105469
2024-09-19,59.75
2024-09-20,59.720001220703125
2024-09-23,60.34999847412109
2024-09-24,60.04999923706055
2024-09-25,59.95000076293945
2024-09-26,59.900001525878906
2024-09-27,60.7400016784668
2024-09-30,60.68999862670898
2024-10-01,61.02000045776367
2024-10-02,60.59000015258789
2024-10-03,60.56999969482422
2024-10-04,60.18999862670898
2024-10-07,59.34000015258789
2024-10-08,59.59000015258789
2024-10-09,59.560001373291016
2024-10-10,58.97999954223633
2024-10-11,59.66999816894531
2024-10-14,60.380001068115234
2024-10-15,61.08000183105469
2024-10-16,62.290000915527344
2024-10-17,61.97999954223633
2024-10-18,62.16999816894531
2024-10-21,61.36000061035156
2024-10-22,61.040000915527344
2024-10-23,61.91999816894531
2024-10-24,61.90999984741211
2024-10-25,60.7400016784668
2024-10-28,61.13999938964844
2024-10-29,59.70000076293945
2024-10-30,59.27999877929688
2024-10-31,60.0
2024-11-01,57.7400016784668
2024-11-04,57.5099983215332
2024-11-05,58.119998931884766
2024-11-06,57.0
2024-11-07,56.2400016784668
2024-11-08,57.75
2024-11-11,59.91999816894531
2024-11-12,59.93000030517578
2024-11-13,60.13999938964844
2024-11-14,59.5
2024-11-15,60.97999954223633
2024-11-18,61.810001373291016
2024-11-19,62.25
2024-11-20,62.22999954223633
2024-11-21,63.20000076293945
2024-11-22,63.31999969482422
2024-11-25,63.630001068115234
2024-11-26,63.34000015258789
2024-11-27,63.59000015258789
2024-11-29,63.20000076293945
2024-12-02,62.27999877929688
2024-12-03,61.83000183105469
2024-12-04,61.77999877929688
2024-12-05,61.540000915527344
2024-12-06,61.060001373291016
2024-12-09,60.90999984741211
2024-12-10,60.70000076293945
2024-12-11,60.40999984741211
2024-12-12,60.470001220703125
2024-12-13,60.45000076293945
2024-12-16,59.880001068115234
2024-12-17,59.56999969482422
2024-12-18,58.150001525878906
2024-12-19,58.2599983215332
2024-12-20,58.95000076293945
2024-12-23,59.2599983215332
2024-12-24,59.619998931884766
2024-12-26,59.650001525878906
2024-12-27,59.540000915527344
2024-12-30,59.33000183105469
2024-12-31,59.13999938964844
2025-01-02,58.5099983215332
2025-01-03,58.34000015258789
2025-01-06,57.310001373291016
2025-01-07,57.36000061035156
2025-01-08,58.20000076293945
2025-01-10,56.65999984741211
2025-01-13,56.97999954223633
2025-01-14,57.790000915527344
2025-01-15,58.470001220703125
2025-01-16,60.06999969482422
2025-01-17,60.54999923706055
2025-01-21,61.0
2025-01-22,59.09000015258789
2025-01-23,58.68999862670898
2025-01-24,58.77000045776367
2025-01-27,60.0
2025-01-28,58.869998931884766
2025-01-29,58.59000015258789
2025-01-30,59.34000015258789
2025-01-31,58.880001068115234
2025-02-03,59.27000045776367
2025-02-04,59.2400016784668
2025-02-05,59.72999954223633
2025-02-06,59.540000915527344
2025-02-07,59.470001220703125
2025-02-10,59.869998931884766
2025-02-11,60.310001373291016
2025-02-12,60.630001068115234
2025-02-13,61.09999847412109
2025-02-14,61.33000183105469
2025-02-18,61.66999816894531
2025-02-19,61.63999938964844
2025-02-20,61.619998931884766
2025-02-21,62.810001373291016
2025-02-24,63.84999847412109
2025-02-25,63.75
2025-02-26,63.97999954223633
2025-02-27,63.84999847412109
2025-02-28,64.52999877929688
2025-03-03,66.04000091552734
2025-03-04,64.26000213623047
2025-03-05,63.43999862670898
2025-03-06,62.20000076293945
2025-03-07,62.4900016784668
2025-03-10,63.27000045776367
2025-03-11,62.619998931884766
2025-03-12,62.18000030517578
2025-03-13,62.22999954223633
2025-03-14,62.95000076293945
2025-03-17,63.52999877929688
2025-03-18,63.34999847412109
2025-03-19,63.5099983215332
2025-03-20,63.54999923706055
2025-03-21,63.04999923706055
2025-03-24,62.97999954223633
2025-03-25,62.09999847412109
2025-03-26,62.86000061035156
2025-03-27,63.119998931884766
2025-03-28,63.58000183105469
2025-03-31,64.3499984741211
2025-04-01,64.41999816894531
2025-04-02,64.48999786376953
2025-04-03,64.8499984741211
2025-04-04,61.36000061035156
2025-04-07,59.810001373291016
2025-04-08,58.790000915527344
2025-04-09,60.41999816894531
2025-04-10,60.209999084472656
2025-04-11,60.59000015258789
2025-04-14,61.810001373291016
2025-04-15,61.59999847412109
2025-04-16,60.41999816894531
2025-04-17,60.79999923706055
2025-04-21,59.290000915527344
2025-04-22,61.02999877929688
2025-04-23,61.22999954223633
2025-04-24,61.33000183105469
2025-04-25,60.7400016784668
2025-04-28,60.900001525878906
2025-04-29,61.61000061035156
2025-04-30,61.040000915527344
2025-05-01,60.54999923706055
2025-05-02,61.16999816894531
2025-05-05,60.9900016784668
2025-05-06,61.11000061035156
2025-05-07,61.79999923706055
2025-05-08,61.11000061035156
2025-05-09,61.7599983215332
2025-05-12,59.52000045776367
2025-05-13,60.459999084472656
2025-05-14,60.470001220703125
2025-05-15,61.709999084472656
2025-05-16,62.47999954223633
2025-05-19,63.09000015258789
2025-05-20,63.15999984741211
2025-05-21,61.86000061035156
2025-05-22,61.209999084472656
2025-05-23,61.720001220703125
2025-05-27,62.25
2025-05-28,61.36000061035156
2025-05-29,61.84999847412109
2025-05-30,62.22999954223633
2025-06-02,62.06999969482422
2025-06-03,61.93999862670898
2025-06-04,60.68000030517578
2025-06-05,60.31999969482422
2025-06-06,60.47999954223633
2025-06-09,60.47999954223633
2025-06-10,60.86000061035156
2025-06-11,61.130001068115234
2025-06-12,61.52999877929688
2025-06-13,61.08000183105469
2025-06-16,60.459999084472656
2025-06-17,60.09000015258789
2025-06-18,60.0099983215332
2025-06-20,60.540000915527344
2025-06-23,61.34000015258789
2025-06-24,61.15999984741211
2025-06-25,60.09000015258789
2025-06-26,60.31999969482422
2025-06-27,60.34999847412109
2025-06-30,60.470001220703125
2025-07-01,61.36000061035156
2025-07-02,60.7599983215332
2025-07-03,61.52999877929688
2025-07-07,61.95000076293945
2025-07-08,61.2599983215332
2025-07-09,61.720001220703125
2025-07-10,62.59999847412109
2025-07-11,62.08000183105469
2025-07-14,62.59000015258789
2025-07-15,61.84999847412109
2025-07-16,62.869998931884766
2025-07-17,63.220001220703125
2025-07-18,64.12999725341797
2025-07-21,64.55999755859375
2025-07-22,65.73999786376953
2025-07-23,64.8499984741211
2025-07-24,65.20999908447266
2025-07-25,64.94000244140625
2025-07-28,63.83000183105469
2025-07-29,64.5
2025-07-30,65.0
2025-07-31,65.01000213623047
2025-08-01,65.47000122070312
2025-08-04,66.33999633789062
2025-08-05,66.06999969482422
2025-08-06,65.7699966430664
2025-08-07,66.12000274658203
2025-08-08,65.63999938964844
2025-08-11,65.31999969482422
2025-08-12,64.80000305175781
2025-08-13,65.37000274658203
2025-08-14,64.72000122070312
2025-08-15,64.62000274658203
2025-08-18,64.43000030517578
2025-08-19,66.0199966430664
2025-08-20,66.33000183105469
2025-08-21,66.11000061035156
2025-08-22,66.97000122070312
2025-08-25,66.18000030517578
2025-08-26,65.70999908447266
2025-08-27,65.80000305175781
2025-08-28,65.0199966430664
2025-08-29,65.06999969482422
2025-09-02,64.66000366210938
2025-09-03,64.5199966430664
2025-09-04,64.72000122070312
2025-09-05,64.62000274658203
2025-09-08,64.05000305175781
2025-09-09,64.01000213623047
2025-09-10,63.9900016784668
2025-09-11,64.66000366210938
2025-09-12,64.86000061035156
2025-09-15,64.7300033569336
2025-09-16,63.619998931884766
2025-09-17,63.86000061035156
2025-09-18,63.77999877929688
2025-09-19,64.16999816894531
2025-09-22,64.22000122070312
2025-09-23,64.83999633789062
2025-09-24,65.47000122070312
2025-09-25,65.19999694824219
2025-09-26,66.06999969482422
2025-09-29,66.77999877929688
2025-09-30,67.41000366210938
2025-10-01,67.11000061035156
2025-10-02,66.30999755859375
2025-10-03,66.80000305175781
2025-10-06,68.12000274658203
2025-10-07,68.06999969482422
2025-10-08,67.87000274658203
2025-10-09,67.23999786376953
2025-10-10,67.75
2025-10-13,67.66000366210938
2025-10-14,68.33000183105469
2025-10-15,68.62999725341797
2025-10-16,67.5999984741211
2025-10-17,68.06999969482422
2025-10-20,68.58999633789062
2025-10-21,68.22000122070312
2025-10-22,68.55999755859375
2025-10-23,68.5999984741211
2025-10-24,68.97000122070312
2025-10-27,68.86000061035156
2025-10-28,67.9800033569336
2025-10-29,67.79000091552734
2025-10-30,67.93000030517578
2025-10-31,66.81999969482422
2025-11-03,66.47000122070312
2025-11-04,66.58999633789062
2025-11-05,66.8499984741211
2025-11-06,66.73999786376953
2025-11-07,67.33999633789062
2025-11-10,66.95999908447266
2025-11-11,68.0199966430664
2025-11-12,68.13999938964844
2025-11-13,67.41999816894531
2025-11-14,67.33000183105469
2025-11-17,68.0999984741211
2025-11-18,68.08999633789062
2025-11-19,67.22000122070312
2025-11-20,67.47000122070312
2025-11-21,68.2699966430664
2025-11-24,68.41000366210938
2025-11-25,68.4800033569336
2025-11-26,69.18000030517578
2025-11-28,69.47000122070312
2025-12-01,67.5999984741211
2025-12-02,66.52999877929688
2025-12-03,66.37999725341797
2025-12-04,65.70999908447266
2025-12-05,65.5
2025-12-08,64.77999877929688
2025-12-09,64.88999938964844
2025-12-10,64.80999755859375
2025-12-11,64.93000030517578
2025-12-12,65.33000183105469
2025-12-15,65.62999725341797
2025-12-16,65.26000213623047
2025-12-17,65.4800033569336
2025-12-18,65.69000244140625
2025-12-19,64.62999725341797
2025-12-22,65.02999877929688
2025-12-23,65.26000213623047
2025-12-24,65.44999694824219
2025-12-26,65.23999786376953
2025-12-29,65.41999816894531
2025-12-30,65.41999816894531
2025-12-31,65.01000213623047
2026-01-02,65.58999633789062
2026-01-05,64.9000015258789
2026-01-06,65.37999725341797
2026-01-07,64.5999984741211
2026-01-08,65.55000305175781
2026-01-09,65.0199966430664
2026-01-12,65.16999816894531
2026-01-13,66.16999816894531
2026-01-14,66.86000061035156
2026-01-15,67.05999755859375
2026-01-16,67.33999633789062
2026-01-20,67.27999877929688
2026-01-21,67.44000244140625
2026-01-22,66.87000274658203
2026-01-23,66.83000183105469
2026-01-26,67.01000213623047
2026-01-27,67.19000244140625
2026-01-28,66.26000213623047
2026-01-29,66.33000183105469
2026-01-30,65.91000366210938
2026-02-02,65.11000061035156
2026-02-03,66.52999877929688
2026-02-04,66.75
2026-02-05,66.83000183105469
2026-02-06,66.69000244140625
2026-02-09,66.9000015258789
2026-02-10,68.01000213623047
2026-02-11,68.2300033569336
2026-02-12,69.68000030517578
2026-02-13,71.19000244140625
2026-02-17,71.0999984741211
2026-02-18,69.52999877929688
2026-02-19,70.01000213623047
2026-02-20,71.01000213623047
2026-02-23,71.91000366210938
2026-02-24,71.62999725341797
2026-02-25,71.26000213623047
2026-02-26,71.44999694824219
2026-02-27,72.33999633789062
2026-03-02,72.33000183105469
2026-03-03,72.2300033569336
2026-03-04,72.30000305175781
2026-03-05,71.33999633789062
2026-03-06,71.55000305175781
2026-03-09,71.61000061035156
2026-03-10,71.04000091552734
2026-03-11,70.80999755859375
2026-03-12,71.56999969482422
2026-03-13,72.79000091552734
2026-03-16,73.02999877929688
2026-03-17,72.62999725341797
2026-03-18,71.76000213623047
2026-03-19,71.31999969482422
2026-03-20,68.70999908447266
2026-03-23,69.16999816894531
2026-03-24,69.66000366210938
2026-03-25,69.7699966430664
2026-03-26,70.26000213623047
2026-03-27,70.5199966430664
2026-03-30,71.48999786376953
2026-03-31,71.76000213623047
2026-04-01,71.94000244140625
2026-04-02,72.8499984741211
2026-04-06,72.44999694824219
2026-04-07,72.6500015258789
2026-04-08,72.98999786376953
2026-04-09,73.72000122070312
2026-04-10,73.0999984741211
2026-04-13,72.51000213623047
2026-04-14,72.30000305175781
2026-04-15,72.18000030517578
2026-04-16,72.7699966430664
2026-04-17,72.83000183105469
2026-04-20,72.4000015258789
2026-04-21,71.13999938964844
2026-04-22,70.95999908447266
2026-04-23,72.62999725341797
2026-04-24,72.30999755859375
2026-04-27,72.41999816894531
2026-04-28,72.45999908447266
2026-04-29,72.0
2026-04-30,73.43000030517578
2026-05-01,74.05999755859375
2026-05-04,73.68000030517578
2026-05-05,73.06999969482422
2026-05-06,72.30999755859375
2026-05-07,71.69000244140625
2026-05-08,71.76000213623047
2026-05-11,72.47000122070312
2026-05-12,72.58999633789062
2026-05-13,72.30000305175781
2026-05-14,72.44999694824219
2026-05-15,70.9000015258789
2026-05-18,72.08999633789062
2026-05-19,73.0
2026-05-20,72.5
2026-05-21,73.27999877929688
2026-05-22,73.94999694824219
