,NDSN
2015-01-02,78.25
2015-01-05,75.69999694824219
2015-01-06,74.70999908447266
2015-01-07,73.93000030517578
2015-01-08,75.33000183105469
2015-01-09,74.16999816894531
2015-01-12,73.36000061035156
2015-01-13,73.52999877929688
2015-01-14,73.25
2015-01-15,72.19000244140625
2015-01-16,72.52999877929688
2015-01-20,72.20999908447266
2015-01-21,72.76000213623047
2015-01-22,73.01000213623047
2015-01-23,72.5
2015-01-26,73.52999877929688
2015-01-27,73.38999938964844
2015-01-28,72.51000213623047
2015-01-29,73.68000030517578
2015-01-30,72.86000061035156
2015-02-02,73.45999908447266
2015-02-03,75.30999755859375
2015-02-04,74.43000030517578
2015-02-05,75.36000061035156
2015-02-06,75.75
2015-02-09,75.69999694824219
2015-02-10,75.72000122070312
2015-02-11,76.0999984741211
2015-02-12,76.66999816894531
2015-02-13,78.04000091552734
2015-02-17,77.68000030517578
2015-02-18,78.26000213623047
2015-02-19,78.29000091552734
2015-02-20,78.45999908447266
2015-02-23,78.5999984741211
2015-02-24,78.41000366210938
2015-02-25,78.5999984741211
2015-02-26,77.55000305175781
2015-02-27,76.93000030517578
2015-03-02,77.91999816894531
2015-03-03,77.44999694824219
2015-03-04,76.43000030517578
2015-03-05,76.5
2015-03-06,75.41000366210938
2015-03-09,75.31999969482422
2015-03-10,73.69999694824219
2015-03-11,73.80000305175781
2015-03-12,75.58000183105469
2015-03-13,75.27999877929688
2015-03-16,76.80000305175781
2015-03-17,77.7699966430664
2015-03-18,79.01000213623047
2015-03-19,78.12999725341797
2015-03-20,78.26000213623047
2015-03-23,77.87999725341797
2015-03-24,77.16999816894531
2015-03-25,76.44999694824219
2015-03-26,76.43000030517578
2015-03-27,77.41999816894531
2015-03-30,78.5199966430664
2015-03-31,78.33999633789062
2015-04-01,76.72000122070312
2015-04-02,77.23999786376953
2015-04-06,78.77999877929688
2015-04-07,78.43000030517578
2015-04-08,78.6500015258789
2015-04-09,78.68000030517578
2015-04-10,78.80000305175781
2015-04-13,78.30000305175781
2015-04-14,78.83000183105469
2015-04-15,79.26000213623047
2015-04-16,79.01000213623047
2015-04-17,79.0
2015-04-20,79.83999633789062
2015-04-21,79.58999633789062
2015-04-22,80.38999938964844
2015-04-23,80.08000183105469
2015-04-24,79.68000030517578
2015-04-27,79.94000244140625
2015-04-28,80.01000213623047
2015-04-29,80.45999908447266
2015-04-30,79.6500015258789
2015-05-01,80.68000030517578
2015-05-04,81.62999725341797
2015-05-05,80.83999633789062
2015-05-06,80.86000061035156
2015-05-07,81.1500015258789
2015-05-08,81.69000244140625
2015-05-11,81.91000366210938
2015-05-12,82.0
2015-05-13,81.91000366210938
2015-05-14,83.05999755859375
2015-05-15,83.12000274658203
2015-05-18,83.97000122070312
2015-05-19,83.55000305175781
2015-05-20,82.79000091552734
2015-05-21,82.9000015258789
2015-05-22,82.98999786376953
2015-05-26,82.0999984741211
2015-05-27,82.51000213623047
2015-05-28,82.68000030517578
2015-05-29,80.91000366210938
2015-06-01,81.0
2015-06-02,81.18000030517578
2015-06-03,81.97000122070312
2015-06-04,81.58999633789062
2015-06-05,82.11000061035156
2015-06-08,81.0999984741211
2015-06-09,81.27999877929688
2015-06-10,82.1500015258789
2015-06-11,82.2300033569336
2015-06-12,81.38999938964844
2015-06-15,80.54000091552734
2015-06-16,80.47000122070312
2015-06-17,80.36000061035156
2015-06-18,80.37000274658203
2015-06-19,80.26000213623047
2015-06-22,80.69999694824219
2015-06-23,80.08999633789062
2015-06-24,79.69999694824219
2015-06-25,79.52999877929688
2015-06-26,80.08999633789062
2015-06-29,78.12999725341797
2015-06-30,77.88999938964844
2015-07-01,78.08000183105469
2015-07-02,77.72000122070312
2015-07-06,77.41000366210938
2015-07-07,77.43000030517578
2015-07-08,76.25
2015-07-09,75.63999938964844
2015-07-10,75.9000015258789
2015-07-13,76.8499984741211
2015-07-14,77.33999633789062
2015-07-15,76.04000091552734
2015-07-16,75.30000305175781
2015-07-17,75.13999938964844
2015-07-20,74.76000213623047
2015-07-21,74.30000305175781
2015-07-22,73.38999938964844
2015-07-23,73.70999908447266
2015-07-24,72.62000274658203
2015-07-27,72.29000091552734
2015-07-28,73.29000091552734
2015-07-29,74.41999816894531
2015-07-30,74.47000122070312
2015-07-31,74.11000061035156
2015-08-03,73.83000183105469
2015-08-04,73.5199966430664
2015-08-05,74.08999633789062
2015-08-06,74.05000305175781
2015-08-07,74.12999725341797
2015-08-10,75.5999984741211
2015-08-11,74.30000305175781
2015-08-12,74.36000061035156
2015-08-13,74.0999984741211
2015-08-14,74.11000061035156
2015-08-17,74.31999969482422
2015-08-18,73.91000366210938
2015-08-19,73.2699966430664
2015-08-20,71.1500015258789
2015-08-21,62.43999862670898
2015-08-24,63.040000915527344
2015-08-25,63.0099983215332
2015-08-26,64.04000091552734
2015-08-27,66.2699966430664
2015-08-28,66.73999786376953
2015-08-31,66.5199966430664
2015-09-01,63.81999969482422
2015-09-02,64.56999969482422
2015-09-03,65.12000274658203
2015-09-04,64.44000244140625
2015-09-08,65.88999938964844
2015-09-09,65.3499984741211
2015-09-10,66.11000061035156
2015-09-11,66.63999938964844
2015-09-14,65.58999633789062
2015-09-15,66.38999938964844
2015-09-16,67.27999877929688
2015-09-17,66.31999969482422
2015-09-18,65.01000213623047
2015-09-21,64.91999816894531
2015-09-22,63.68000030517578
2015-09-23,62.68999862670898
2015-09-24,61.83000183105469
2015-09-25,62.310001373291016
2015-09-28,61.47999954223633
2015-09-29,61.95000076293945
2015-09-30,62.93999862670898
2015-10-01,62.31999969482422
2015-10-02,64.18000030517578
2015-10-05,66.22000122070312
2015-10-06,66.61000061035156
2015-10-07,67.95999908447266
2015-10-08,69.12000274658203
2015-10-09,69.0999984741211
2015-10-12,68.63999938964844
2015-10-13,67.56999969482422
2015-10-14,67.01000213623047
2015-10-15,67.2300033569336
2015-10-16,66.9800033569336
2015-10-19,67.38999938964844
2015-10-20,67.58999633789062
2015-10-21,67.33000183105469
2015-10-22,69.25
2015-10-23,69.8499984741211
2015-10-26,69.55000305175781
2015-10-27,69.0
2015-10-28,70.94000244140625
2015-10-29,70.55000305175781
2015-10-30,71.23999786376953
2015-11-02,72.01000213623047
2015-11-03,72.87999725341797
2015-11-04,72.97000122070312
2015-11-05,73.0999984741211
2015-11-06,73.22000122070312
2015-11-09,72.16000366210938
2015-11-10,72.80999755859375
2015-11-11,71.93000030517578
2015-11-12,69.6500015258789
2015-11-13,69.69999694824219
2015-11-16,70.05999755859375
2015-11-17,69.05000305175781
2015-11-18,69.37000274658203
2015-11-19,70.58999633789062
2015-11-20,70.88999938964844
2015-11-23,70.91000366210938
2015-11-24,71.75
2015-11-25,72.19999694824219
2015-11-27,72.55999755859375
2015-11-30,72.52999877929688
2015-12-01,73.19999694824219
2015-12-02,72.5999984741211
2015-12-03,71.13999938964844
2015-12-04,72.08000183105469
2015-12-07,72.01000213623047
2015-12-08,69.98999786376953
2015-12-09,69.1500015258789
2015-12-10,68.38999938964844
2015-12-11,63.540000915527344
2015-12-14,63.7400016784668
2015-12-15,63.59999847412109
2015-12-16,64.87000274658203
2015-12-17,64.22000122070312
2015-12-18,63.63999938964844
2015-12-21,63.540000915527344
2015-12-22,64.5199966430664
2015-12-23,65.52999877929688
2015-12-24,65.41999816894531
2015-12-28,64.48999786376953
2015-12-29,64.69999694824219
2015-12-30,64.56999969482422
2015-12-31,64.1500015258789
2016-01-04,63.34999847412109
2016-01-05,62.40999984741211
2016-01-06,60.72999954223633
2016-01-07,59.130001068115234
2016-01-08,57.86000061035156
2016-01-11,57.70000076293945
2016-01-12,57.83000183105469
2016-01-13,56.40999984741211
2016-01-14,56.25
2016-01-15,55.52000045776367
2016-01-19,54.900001525878906
2016-01-20,53.75
2016-01-21,55.84000015258789
2016-01-22,57.119998931884766
2016-01-25,55.7400016784668
2016-01-26,58.16999816894531
2016-01-27,58.220001220703125
2016-01-28,58.27000045776367
2016-01-29,60.43000030517578
2016-02-01,59.560001373291016
2016-02-02,57.43000030517578
2016-02-03,58.84999847412109
2016-02-04,59.84000015258789
2016-02-05,58.88999938964844
2016-02-08,58.34000015258789
2016-02-09,59.02999877929688
2016-02-10,59.720001220703125
2016-02-11,59.45000076293945
2016-02-12,61.40999984741211
2016-02-16,62.81999969482422
2016-02-17,64.37000274658203
2016-02-18,64.11000061035156
2016-02-19,63.84000015258789
2016-02-22,64.73999786376953
2016-02-23,69.68000030517578
2016-02-24,70.33000183105469
2016-02-25,70.63999938964844
2016-02-26,71.80000305175781
2016-02-29,71.66999816894531
2016-03-01,73.20999908447266
2016-03-02,73.41999816894531
2016-03-03,74.08000183105469
2016-03-04,74.93000030517578
2016-03-07,75.4800033569336
2016-03-08,73.51000213623047
2016-03-09,73.41000366210938
2016-03-10,73.56999969482422
2016-03-11,74.01000213623047
2016-03-14,73.8499984741211
2016-03-15,73.83000183105469
2016-03-16,75.16999816894531
2016-03-17,77.23999786376953
2016-03-18,77.61000061035156
2016-03-21,77.45999908447266
2016-03-22,77.37999725341797
2016-03-23,76.27999877929688
2016-03-24,76.7699966430664
2016-03-28,75.54000091552734
2016-03-29,76.95999908447266
2016-03-30,76.33999633789062
2016-03-31,76.04000091552734
2016-04-01,76.41000366210938
2016-04-04,75.37999725341797
2016-04-05,74.70999908447266
2016-04-06,75.16999816894531
2016-04-07,74.3499984741211
2016-04-08,75.05000305175781
2016-04-11,75.19999694824219
2016-04-12,76.76000213623047
2016-04-13,77.91999816894531
2016-04-14,77.58000183105469
2016-04-15,78.05000305175781
2016-04-18,78.02999877929688
2016-04-19,77.94999694824219
2016-04-20,78.48999786376953
2016-04-21,78.22000122070312
2016-04-22,78.98999786376953
2016-04-25,78.06999969482422
2016-04-26,79.41999816894531
2016-04-27,79.72000122070312
2016-04-28,77.3499984741211
2016-04-29,76.7300033569336
2016-05-02,77.7699966430664
2016-05-03,76.80999755859375
2016-05-04,75.5999984741211
2016-05-05,75.83000183105469
2016-05-06,76.18000030517578
2016-05-09,76.37000274658203
2016-05-10,77.7699966430664
2016-05-11,77.5999984741211
2016-05-12,78.1500015258789
2016-05-13,77.20999908447266
2016-05-16,77.66000366210938
2016-05-17,76.45999908447266
2016-05-18,75.93000030517578
2016-05-19,75.08000183105469
2016-05-20,75.73999786376953
2016-05-23,76.18000030517578
2016-05-24,87.61000061035156
2016-05-25,87.87999725341797
2016-05-26,88.12999725341797
2016-05-27,88.47000122070312
2016-05-31,86.9800033569336
2016-06-01,87.02999877929688
2016-06-02,88.25
2016-06-03,87.87999725341797
2016-06-06,88.48999786376953
2016-06-07,87.95999908447266
2016-06-08,87.80000305175781
2016-06-09,86.95999908447266
2016-06-10,84.87999725341797
2016-06-13,84.8499984741211
2016-06-14,84.9000015258789
2016-06-15,85.0
2016-06-16,84.58000183105469
2016-06-17,84.66000366210938
2016-06-20,86.0999984741211
2016-06-21,85.18000030517578
2016-06-22,84.95999908447266
2016-06-23,87.37000274658203
2016-06-24,81.08000183105469
2016-06-27,78.68000030517578
2016-06-28,80.12000274658203
2016-06-29,81.58000183105469
2016-06-30,83.61000061035156
2016-07-01,84.7300033569336
2016-07-05,82.58000183105469
2016-07-06,83.80999755859375
2016-07-07,83.87999725341797
2016-07-08,85.87999725341797
2016-07-11,86.5
2016-07-12,87.55999755859375
2016-07-13,86.41999816894531
2016-07-14,86.4800033569336
2016-07-15,86.69000244140625
2016-07-18,86.41999816894531
2016-07-19,86.0
2016-07-20,86.68000030517578
2016-07-21,86.6500015258789
2016-07-22,88.12000274658203
2016-07-25,87.30000305175781
2016-07-26,88.58000183105469
2016-07-27,88.87000274658203
2016-07-28,88.41999816894531
2016-07-29,88.29000091552734
2016-08-01,88.30000305175781
2016-08-02,87.94999694824219
2016-08-03,88.30999755859375
2016-08-04,88.80000305175781
2016-08-05,90.38999938964844
2016-08-08,90.77999877929688
2016-08-09,90.38999938964844
2016-08-10,90.79000091552734
2016-08-11,91.29000091552734
2016-08-12,90.58999633789062
2016-08-15,91.0199966430664
2016-08-16,90.38999938964844
2016-08-17,90.0999984741211
2016-08-18,91.1500015258789
2016-08-19,92.1999969482422
2016-08-22,92.25
2016-08-23,101.95999908447266
2016-08-24,99.9800033569336
2016-08-25,100.08000183105467
2016-08-26,99.55999755859376
2016-08-29,99.76000213623048
2016-08-30,99.13999938964844
2016-08-31,98.7300033569336
2016-09-01,99.19000244140624
2016-09-02,100.56999969482422
2016-09-06,100.01000213623048
2016-09-07,99.9000015258789
2016-09-08,99.08000183105467
2016-09-09,95.93000030517578
2016-09-12,97.63999938964844
2016-09-13,95.3000030517578
2016-09-14,95.2699966430664
2016-09-15,96.86000061035156
2016-09-16,96.27999877929688
2016-09-19,97.52999877929688
2016-09-20,97.0500030517578
2016-09-21,98.75
2016-09-22,100.98999786376952
2016-09-23,98.43000030517578
2016-09-26,97.94000244140624
2016-09-27,99.0500030517578
2016-09-28,100.27999877929688
2016-09-29,99.38999938964844
2016-09-30,99.62999725341795
2016-10-03,99.01000213623048
2016-10-04,98.6999969482422
2016-10-05,100.25
2016-10-06,100.58999633789062
2016-10-07,99.04000091552734
2016-10-10,98.56999969482422
2016-10-11,97.0500030517578
2016-10-12,97.43000030517578
2016-10-13,95.76000213623048
2016-10-14,96.0999984741211
2016-10-17,96.05999755859376
2016-10-18,96.29000091552734
2016-10-19,100.51000213623048
2016-10-20,100.5
2016-10-21,100.45999908447266
2016-10-24,100.8499984741211
2016-10-25,100.3499984741211
2016-10-26,100.33999633789062
2016-10-27,99.63999938964844
2016-10-28,98.91000366210938
2016-10-31,100.12999725341795
2016-11-01,97.43000030517578
2016-11-02,96.88999938964844
2016-11-03,96.95999908447266
2016-11-04,96.43000030517578
2016-11-07,99.30999755859376
2016-11-08,99.87999725341795
2016-11-09,100.95999908447266
2016-11-10,103.2699966430664
2016-11-11,105.66000366210938
2016-11-14,107.70999908447266
2016-11-15,107.98999786376952
2016-11-16,108.06999969482422
2016-11-17,107.41999816894533
2016-11-18,106.6999969482422
2016-11-21,107.6500015258789
2016-11-22,108.86000061035156
2016-11-23,109.86000061035156
2016-11-25,110.55999755859376
2016-11-28,108.43000030517578
2016-11-29,107.62000274658205
2016-11-30,106.7300033569336
2016-12-01,107.12999725341795
2016-12-02,106.04000091552734
2016-12-05,107.44000244140624
2016-12-06,109.41000366210938
2016-12-07,109.75
2016-12-08,109.52999877929688
2016-12-09,106.6500015258789
2016-12-12,104.94000244140624
2016-12-13,104.54000091552734
2016-12-14,110.37999725341795
2016-12-15,113.91000366210938
2016-12-16,112.48999786376952
2016-12-19,114.12000274658205
2016-12-20,114.62999725341795
2016-12-21,114.98999786376952
2016-12-22,114.4000015258789
2016-12-23,114.4499969482422
2016-12-27,114.08000183105467
2016-12-28,112.5199966430664
2016-12-29,112.91000366210938
2016-12-30,112.0500030517578
2017-01-03,113.41999816894533
2017-01-04,115.94000244140624
2017-01-05,111.41000366210938
2017-01-06,111.91999816894533
2017-01-09,110.23999786376952
2017-01-10,112.5
2017-01-11,114.5
2017-01-12,112.26000213623048
2017-01-13,113.55999755859376
2017-01-17,111.41000366210938
2017-01-18,111.8499984741211
2017-01-19,111.66999816894533
2017-01-20,111.3499984741211
2017-01-23,111.44000244140624
2017-01-24,113.73999786376952
2017-01-25,115.58000183105467
2017-01-26,115.25
2017-01-27,114.97000122070312
2017-01-30,114.66999816894533
2017-01-31,113.52999877929688
2017-02-01,113.73999786376952
2017-02-02,113.3499984741211
2017-02-03,115.26000213623048
2017-02-06,114.0500030517578
2017-02-07,113.52999877929688
2017-02-08,113.6500015258789
2017-02-09,114.91999816894533
2017-02-10,116.47000122070312
2017-02-13,117.12999725341795
2017-02-14,116.5199966430664
2017-02-15,119.93000030517578
2017-02-16,119.18000030517578
2017-02-17,119.9499969482422
2017-02-21,120.04000091552734
2017-02-22,120.30999755859376
2017-02-23,119.19000244140624
2017-02-24,120.5999984741211
2017-02-27,121.7300033569336
2017-02-28,120.04000091552734
2017-03-01,124.70999908447266
2017-03-02,123.75
2017-03-03,125.02999877929688
2017-03-06,124.77999877929688
2017-03-07,124.37000274658205
2017-03-08,124.1999969482422
2017-03-09,123.93000030517578
2017-03-10,124.27999877929688
2017-03-13,125.87999725341795
2017-03-14,125.26000213623048
2017-03-15,126.83000183105467
2017-03-16,126.77999877929688
2017-03-17,126.22000122070312
2017-03-20,125.26000213623048
2017-03-21,122.05999755859376
2017-03-22,122.31999969482422
2017-03-23,123.02999877929688
2017-03-24,122.3499984741211
2017-03-27,121.2699966430664
2017-03-28,122.51000213623048
2017-03-29,122.27999877929688
2017-03-30,123.13999938964844
2017-03-31,122.83999633789062
2017-04-03,122.08999633789062
2017-04-04,122.52999877929688
2017-04-05,121.0
2017-04-06,121.91000366210938
2017-04-07,122.22000122070312
2017-04-10,122.0
2017-04-11,123.0
2017-04-12,120.08000183105467
2017-04-13,118.9499969482422
2017-04-17,120.2300033569336
2017-04-18,120.80999755859376
2017-04-19,121.08000183105467
2017-04-20,121.66999816894533
2017-04-21,121.48999786376952
2017-04-24,123.3499984741211
2017-04-25,123.16999816894533
2017-04-26,125.13999938964844
2017-04-27,125.62999725341795
2017-04-28,125.1999969482422
2017-05-01,125.80999755859376
2017-05-02,126.45999908447266
2017-05-03,126.66999816894533
2017-05-04,127.88999938964844
2017-05-05,128.3699951171875
2017-05-08,127.98999786376952
2017-05-09,128.0800018310547
2017-05-10,130.49000549316406
2017-05-11,129.9499969482422
2017-05-12,129.30999755859375
2017-05-15,129.75999450683594
2017-05-16,131.0399932861328
2017-05-17,127.66000366210938
2017-05-18,127.75
2017-05-19,129.3000030517578
2017-05-22,131.05999755859375
2017-05-23,121.70999908447266
2017-05-24,121.0199966430664
2017-05-25,120.20999908447266
2017-05-26,119.52999877929688
2017-05-30,118.68000030517578
2017-05-31,115.87999725341795
2017-06-01,117.43000030517578
2017-06-02,117.3499984741211
2017-06-05,116.70999908447266
2017-06-06,115.80999755859376
2017-06-07,114.27999877929688
2017-06-08,115.7300033569336
2017-06-09,115.29000091552734
2017-06-12,115.51000213623048
2017-06-13,117.12999725341795
2017-06-14,116.3000030517578
2017-06-15,117.72000122070312
2017-06-16,117.70999908447266
2017-06-19,119.13999938964844
2017-06-20,118.7699966430664
2017-06-21,118.66999816894533
2017-06-22,120.12000274658205
2017-06-23,121.83000183105467
2017-06-26,122.0500030517578
2017-06-27,120.47000122070312
2017-06-28,121.12999725341795
2017-06-29,119.06999969482422
2017-06-30,121.31999969482422
2017-07-03,120.23999786376952
2017-07-05,120.86000061035156
2017-07-06,119.3000030517578
2017-07-07,120.75
2017-07-10,120.5500030517578
2017-07-11,122.80999755859376
2017-07-12,123.20999908447266
2017-07-13,122.08999633789062
2017-07-14,122.12999725341795
2017-07-17,122.88999938964844
2017-07-18,121.8000030517578
2017-07-19,123.68000030517578
2017-07-20,123.83999633789062
2017-07-21,123.9800033569336
2017-07-24,125.30999755859376
2017-07-25,126.5
2017-07-26,124.4499969482422
2017-07-27,125.7300033569336
2017-07-28,124.9499969482422
2017-07-31,127.0
2017-08-01,126.83000183105467
2017-08-02,127.9499969482422
2017-08-03,127.4800033569336
2017-08-04,128.30999755859375
2017-08-07,129.10000610351562
2017-08-08,128.3300018310547
2017-08-09,128.4199981689453
2017-08-10,126.7300033569336
2017-08-11,127.68000030517578
2017-08-14,129.86000061035156
2017-08-15,128.50999450683594
2017-08-16,127.9499969482422
2017-08-17,125.5
2017-08-18,124.12999725341795
2017-08-21,125.12000274658205
2017-08-22,111.5
2017-08-23,108.97000122070312
2017-08-24,108.56999969482422
2017-08-25,108.83999633789062
2017-08-28,109.18000030517578
2017-08-29,108.31999969482422
2017-08-30,108.6500015258789
2017-08-31,109.3000030517578
2017-09-01,110.2699966430664
2017-09-05,109.1500015258789
2017-09-06,109.4800033569336
2017-09-07,109.26000213623048
2017-09-08,109.56999969482422
2017-09-11,111.25
2017-09-12,112.77999877929688
2017-09-13,112.58000183105467
2017-09-14,112.8499984741211
2017-09-15,113.1999969482422
2017-09-18,114.5
2017-09-19,114.62000274658205
2017-09-20,117.51000213623048
2017-09-21,116.66000366210938
2017-09-22,117.20999908447266
2017-09-25,118.2300033569336
2017-09-26,118.05999755859376
2017-09-27,118.75
2017-09-28,118.97000122070312
2017-09-29,118.5
2017-10-02,119.23999786376952
2017-10-03,119.91999816894533
2017-10-04,121.08000183105467
2017-10-05,121.7699966430664
2017-10-06,121.83999633789062
2017-10-09,122.06999969482422
2017-10-10,122.29000091552734
2017-10-11,122.36000061035156
2017-10-12,121.93000030517578
2017-10-13,122.13999938964844
2017-10-16,123.22000122070312
2017-10-17,123.11000061035156
2017-10-18,123.37000274658205
2017-10-19,122.87999725341795
2017-10-20,124.66000366210938
2017-10-23,125.48999786376952
2017-10-24,125.6500015258789
2017-10-25,125.54000091552734
2017-10-26,127.12999725341795
2017-10-27,126.16000366210938
2017-10-30,124.5199966430664
2017-10-31,126.69000244140624
2017-11-01,126.37999725341795
2017-11-02,126.45999908447266
2017-11-03,126.7300033569336
2017-11-06,126.72000122070312
2017-11-07,126.94000244140624
2017-11-08,126.0
2017-11-09,123.66000366210938
2017-11-10,123.87000274658205
2017-11-13,123.80999755859376
2017-11-14,125.27999877929688
2017-11-15,123.91999816894533
2017-11-16,125.9000015258789
2017-11-17,126.68000030517578
2017-11-20,127.66999816894533
2017-11-21,128.17999267578125
2017-11-22,128.1199951171875
2017-11-24,128.6300048828125
2017-11-27,128.05999755859375
2017-11-28,129.0
2017-11-29,125.66000366210938
2017-11-30,128.36000061035156
2017-12-01,128.55999755859375
2017-12-04,127.5199966430664
2017-12-05,126.22000122070312
2017-12-06,126.41000366210938
2017-12-07,127.22000122070312
2017-12-08,127.30999755859376
2017-12-11,125.0199966430664
2017-12-12,124.22000122070312
2017-12-13,126.91000366210938
2017-12-14,143.86000061035156
2017-12-15,144.8000030517578
2017-12-18,142.1699981689453
2017-12-19,142.38999938964844
2017-12-20,143.10000610351562
2017-12-21,144.69000244140625
2017-12-22,144.47999572753906
2017-12-26,144.82000732421875
2017-12-27,145.52999877929688
2017-12-28,146.83999633789062
2017-12-29,146.39999389648438
2018-01-02,147.4199981689453
2018-01-03,149.1199951171875
2018-01-04,150.17999267578125
2018-01-05,149.33999633789062
2018-01-08,148.41000366210938
2018-01-09,146.88999938964844
2018-01-10,145.66000366210938
2018-01-11,147.42999267578125
2018-01-12,148.4600067138672
2018-01-16,146.24000549316406
2018-01-17,148.17999267578125
2018-01-18,149.1999969482422
2018-01-19,151.13999938964844
2018-01-22,149.99000549316406
2018-01-23,149.8699951171875
2018-01-24,147.58999633789062
2018-01-25,148.2899932861328
2018-01-26,150.10000610351562
2018-01-29,146.61000061035156
2018-01-30,144.72999572753906
2018-01-31,143.72000122070312
2018-02-01,144.22000122070312
2018-02-02,141.72000122070312
2018-02-05,135.5800018310547
2018-02-06,139.08999633789062
2018-02-07,137.6300048828125
2018-02-08,133.64999389648438
2018-02-09,136.4600067138672
2018-02-12,136.91000366210938
2018-02-13,137.27000427246094
2018-02-14,139.6300048828125
2018-02-15,139.0
2018-02-16,138.88999938964844
2018-02-20,138.57000732421875
2018-02-21,139.3300018310547
2018-02-22,141.41000366210938
2018-02-23,136.5500030517578
2018-02-26,138.5500030517578
2018-02-27,137.5399932861328
2018-02-28,134.07000732421875
2018-03-01,133.89999389648438
2018-03-02,134.8000030517578
2018-03-05,135.94000244140625
2018-03-06,136.5399932861328
2018-03-07,137.66000366210938
2018-03-08,137.6999969482422
2018-03-09,139.97999572753906
2018-03-12,139.69000244140625
2018-03-13,140.10000610351562
2018-03-14,139.22000122070312
2018-03-15,139.02000427246094
2018-03-16,139.27000427246094
2018-03-19,139.52000427246094
2018-03-20,141.88999938964844
2018-03-21,140.77999877929688
2018-03-22,135.27000427246094
2018-03-23,133.9499969482422
2018-03-26,137.4499969482422
2018-03-27,134.64999389648438
2018-03-28,134.0
2018-03-29,136.33999633789062
2018-04-02,132.7100067138672
2018-04-03,135.38999938964844
2018-04-04,135.75999450683594
2018-04-05,136.50999450683594
2018-04-06,131.3800048828125
2018-04-09,132.3000030517578
2018-04-10,136.00999450683594
2018-04-11,135.22000122070312
2018-04-12,136.82000732421875
2018-04-13,136.7100067138672
2018-04-16,139.5
2018-04-17,140.6199951171875
2018-04-18,141.05999755859375
2018-04-19,141.52000427246094
2018-04-20,139.85000610351562
2018-04-23,137.91000366210938
2018-04-24,135.2100067138672
2018-04-25,132.72000122070312
2018-04-26,131.9600067138672
2018-04-27,130.99000549316406
2018-04-30,128.60000610351562
2018-05-01,127.48999786376952
2018-05-02,127.25
2018-05-03,127.61000061035156
2018-05-04,129.77000427246094
2018-05-07,131.05999755859375
2018-05-08,131.72000122070312
2018-05-09,132.5399932861328
2018-05-10,132.36000061035156
2018-05-11,132.25
2018-05-14,133.2899932861328
2018-05-15,132.2100067138672
2018-05-16,134.17999267578125
2018-05-17,134.0500030517578
2018-05-18,134.9600067138672
2018-05-21,139.6199951171875
2018-05-22,129.25
2018-05-23,127.0
2018-05-24,128.64999389648438
2018-05-25,127.55999755859376
2018-05-29,127.52999877929688
2018-05-30,128.41000366210938
2018-05-31,125.62999725341795
2018-06-01,126.72000122070312
2018-06-04,129.16000366210938
2018-06-05,130.8699951171875
2018-06-06,131.4600067138672
2018-06-07,131.6300048828125
2018-06-08,132.9199981689453
2018-06-11,132.35000610351562
2018-06-12,131.63999938964844
2018-06-13,129.07000732421875
2018-06-14,129.5399932861328
2018-06-15,130.5500030517578
2018-06-18,131.0
2018-06-19,129.55999755859375
2018-06-20,130.5399932861328
2018-06-21,130.4199981689453
2018-06-22,130.49000549316406
2018-06-25,129.49000549316406
2018-06-26,128.5500030517578
2018-06-27,126.26000213623048
2018-06-28,127.70999908447266
2018-06-29,128.41000366210938
2018-07-02,128.4199981689453
2018-07-03,127.37999725341795
2018-07-05,130.24000549316406
2018-07-06,129.0500030517578
2018-07-09,132.36000061035156
2018-07-10,131.9499969482422
2018-07-11,130.0
2018-07-12,130.97999572753906
2018-07-13,131.47999572753906
2018-07-16,128.94000244140625
2018-07-17,130.05999755859375
2018-07-18,131.0800018310547
2018-07-19,131.0500030517578
2018-07-20,131.41000366210938
2018-07-23,128.85000610351562
2018-07-24,129.64999389648438
2018-07-25,129.57000732421875
2018-07-26,133.0
2018-07-27,132.6699981689453
2018-07-30,131.74000549316406
2018-07-31,134.11000061035156
2018-08-01,132.60000610351562
2018-08-02,132.8800048828125
2018-08-03,133.08999633789062
2018-08-06,133.44000244140625
2018-08-07,133.9499969482422
2018-08-08,133.44000244140625
2018-08-09,133.0800018310547
2018-08-10,133.42999267578125
2018-08-13,131.5399932861328
2018-08-14,133.9199981689453
2018-08-15,132.88999938964844
2018-08-16,135.3300018310547
2018-08-17,134.99000549316406
2018-08-20,134.69000244140625
2018-08-21,133.75
2018-08-22,133.7100067138672
2018-08-23,134.3300018310547
2018-08-24,135.88999938964844
2018-08-27,137.7899932861328
2018-08-28,138.14999389648438
2018-08-29,139.35000610351562
2018-08-30,138.1300048828125
2018-08-31,139.02000427246094
2018-09-04,139.22000122070312
2018-09-05,141.17999267578125
2018-09-06,142.9199981689453
2018-09-07,142.33999633789062
2018-09-10,142.5399932861328
2018-09-11,141.80999755859375
2018-09-12,143.75999450683594
2018-09-13,144.64999389648438
2018-09-14,144.94000244140625
2018-09-17,145.41000366210938
2018-09-18,145.38999938964844
2018-09-19,144.5399932861328
2018-09-20,145.3000030517578
2018-09-21,145.27000427246094
2018-09-24,144.4199981689453
2018-09-25,143.36000061035156
2018-09-26,140.77000427246094
2018-09-27,139.8000030517578
2018-09-28,138.89999389648438
2018-10-01,137.52999877929688
2018-10-02,138.8699951171875
2018-10-03,139.35000610351562
2018-10-04,137.5800018310547
2018-10-05,136.36000061035156
2018-10-08,135.1300048828125
2018-10-09,133.32000732421875
2018-10-10,128.1300048828125
2018-10-11,124.91000366210938
2018-10-12,125.5500030517578
2018-10-15,126.37999725341795
2018-10-16,129.52999877929688
2018-10-17,128.44000244140625
2018-10-18,125.5199966430664
2018-10-19,122.81999969482422
2018-10-22,121.86000061035156
2018-10-23,118.0
2018-10-24,113.08999633789062
2018-10-25,115.20999908447266
2018-10-26,115.98999786376952
2018-10-29,115.51000213623048
2018-10-30,120.26000213623048
2018-10-31,122.66999816894533
2018-11-01,126.83000183105467
2018-11-02,127.98999786376952
2018-11-05,126.7699966430664
2018-11-06,126.36000061035156
2018-11-07,129.72000122070312
2018-11-08,130.0399932861328
2018-11-09,128.22000122070312
2018-11-12,124.6999969482422
2018-11-13,124.66000366210938
2018-11-14,125.83000183105467
2018-11-15,127.81999969482422
2018-11-16,127.33000183105467
2018-11-19,125.11000061035156
2018-11-20,121.73999786376952
2018-11-21,124.58000183105467
2018-11-23,123.80999755859376
2018-11-26,124.9000015258789
2018-11-27,118.5500030517578
2018-11-28,121.1999969482422
2018-11-29,118.0
2018-11-30,120.41000366210938
2018-12-03,121.91000366210938
2018-12-04,116.12999725341795
2018-12-06,115.51000213623048
2018-12-07,113.47000122070312
2018-12-10,113.0999984741211
2018-12-11,110.68000030517578
2018-12-12,112.06999969482422
2018-12-13,119.16000366210938
2018-12-14,118.5500030517578
2018-12-17,114.77999877929688
2018-12-18,116.29000091552734
2018-12-19,114.77999877929688
2018-12-20,114.73999786376952
2018-12-21,113.45999908447266
2018-12-24,111.87000274658205
2018-12-26,117.41999816894533
2018-12-27,117.80999755859376
2018-12-28,117.5999984741211
2018-12-31,119.3499984741211
2019-01-02,117.06999969482422
2019-01-03,112.76000213623048
2019-01-04,116.7699966430664
2019-01-07,116.9499969482422
2019-01-08,120.02999877929688
2019-01-09,122.98999786376952
2019-01-10,124.4800033569336
2019-01-11,122.73999786376952
2019-01-14,122.37999725341795
2019-01-15,122.58000183105467
2019-01-16,123.6500015258789
2019-01-17,125.06999969482422
2019-01-18,128.27999877929688
2019-01-22,125.41000366210938
2019-01-23,124.95999908447266
2019-01-24,126.31999969482422
2019-01-25,127.6999969482422
2019-01-28,127.62000274658205
2019-01-29,128.07000732421875
2019-01-30,129.19000244140625
2019-01-31,129.63999938964844
2019-02-01,130.66000366210938
2019-02-04,132.24000549316406
2019-02-05,133.05999755859375
2019-02-06,134.0399932861328
2019-02-07,132.33999633789062
2019-02-08,132.58999633789062
2019-02-11,133.1300048828125
2019-02-12,136.41000366210938
2019-02-13,137.25999450683594
2019-02-14,138.1999969482422
2019-02-15,139.6699981689453
2019-02-19,139.25999450683594
2019-02-20,138.82000732421875
2019-02-21,135.08999633789062
2019-02-22,137.47000122070312
2019-02-25,138.6300048828125
2019-02-26,136.74000549316406
2019-02-27,136.69000244140625
2019-02-28,135.75999450683594
2019-03-01,135.47000122070312
2019-03-04,136.42999267578125
2019-03-05,136.9499969482422
2019-03-06,135.7899932861328
2019-03-07,133.24000549316406
2019-03-08,131.9499969482422
2019-03-11,132.41000366210938
2019-03-12,132.35000610351562
2019-03-13,132.2899932861328
2019-03-14,131.22999572753906
2019-03-15,130.38999938964844
2019-03-18,132.97000122070312
2019-03-19,132.9199981689453
2019-03-20,131.74000549316406
2019-03-21,133.80999755859375
2019-03-22,127.9499969482422
2019-03-25,128.55999755859375
2019-03-26,130.2899932861328
2019-03-27,129.8800048828125
2019-03-28,131.55999755859375
2019-03-29,132.52000427246094
2019-04-01,135.83999633789062
2019-04-02,136.4499969482422
2019-04-03,137.3800048828125
2019-04-04,137.72000122070312
2019-04-05,138.9600067138672
2019-04-08,139.8800048828125
2019-04-09,138.83999633789062
2019-04-10,140.88999938964844
2019-04-11,141.4199981689453
2019-04-12,144.24000549316406
2019-04-15,144.08999633789062
2019-04-16,144.9499969482422
2019-04-17,144.3800048828125
2019-04-18,146.10000610351562
2019-04-22,145.75999450683594
2019-04-23,148.1199951171875
2019-04-24,147.3800048828125
2019-04-25,143.61000061035156
2019-04-26,145.0800018310547
2019-04-29,146.60000610351562
2019-04-30,145.9499969482422
2019-05-01,144.2899932861328
2019-05-02,145.30999755859375
2019-05-03,148.86000061035156
2019-05-06,147.6199951171875
2019-05-07,145.10000610351562
2019-05-08,144.36000061035156
2019-05-09,143.27000427246094
2019-05-10,142.9600067138672
2019-05-13,137.9600067138672
2019-05-14,137.72999572753906
2019-05-15,137.9499969482422
2019-05-16,138.25999450683594
2019-05-17,135.22999572753906
2019-05-20,130.58999633789062
2019-05-21,133.86000061035156
2019-05-22,131.22999572753906
2019-05-23,128.72999572753906
2019-05-24,127.97000122070312
2019-05-28,126.9000015258789
2019-05-29,127.2300033569336
2019-05-30,127.26000213623048
2019-05-31,125.62000274658205
2019-06-03,125.6999969482422
2019-06-04,129.41000366210938
2019-06-05,130.8699951171875
2019-06-06,131.33999633789062
2019-06-07,132.33999633789062
2019-06-10,134.57000732421875
2019-06-11,133.5399932861328
2019-06-12,133.24000549316406
2019-06-13,133.85000610351562
2019-06-14,130.1199951171875
2019-06-17,129.27999877929688
2019-06-18,132.3800048828125
2019-06-19,133.0
2019-06-20,135.80999755859375
2019-06-21,135.72000122070312
2019-06-24,135.16000366210938
2019-06-25,134.5399932861328
2019-06-26,135.9499969482422
2019-06-27,138.69000244140625
2019-06-28,141.30999755859375
2019-07-01,141.6199951171875
2019-07-02,139.99000549316406
2019-07-03,140.83999633789062
2019-07-05,138.66000366210938
2019-07-08,136.3000030517578
2019-07-09,135.1699981689453
2019-07-10,134.44000244140625
2019-07-11,135.77999877929688
2019-07-12,138.8699951171875
2019-07-15,138.97999572753906
2019-07-16,139.8800048828125
2019-07-17,138.19000244140625
2019-07-18,136.80999755859375
2019-07-19,137.50999450683594
2019-07-22,138.38999938964844
2019-07-23,140.19000244140625
2019-07-24,143.0500030517578
2019-07-25,141.39999389648438
2019-07-26,141.8300018310547
2019-07-29,139.7100067138672
2019-07-30,142.52000427246094
2019-07-31,141.66000366210938
2019-08-01,138.52999877929688
2019-08-02,135.41000366210938
2019-08-05,132.0
2019-08-06,133.2899932861328
2019-08-07,134.47000122070312
2019-08-08,139.24000549316406
2019-08-09,138.27999877929688
2019-08-12,136.2100067138672
2019-08-13,138.8800048828125
2019-08-14,133.4499969482422
2019-08-15,132.27999877929688
2019-08-16,136.83999633789062
2019-08-19,137.1999969482422
2019-08-20,135.47999572753906
2019-08-21,133.05999755859375
2019-08-22,134.82000732421875
2019-08-23,130.83999633789062
2019-08-26,131.38999938964844
2019-08-27,132.94000244140625
2019-08-28,133.1999969482422
2019-08-29,135.5800018310547
2019-08-30,135.9600067138672
2019-09-03,131.7899932861328
2019-09-04,133.47000122070312
2019-09-05,138.74000549316406
2019-09-06,138.42999267578125
2019-09-09,142.32000732421875
2019-09-10,145.3699951171875
2019-09-11,147.4499969482422
2019-09-12,146.8000030517578
2019-09-13,146.25999450683594
2019-09-16,145.2899932861328
2019-09-17,145.89999389648438
2019-09-18,144.99000549316406
2019-09-19,145.3300018310547
2019-09-20,143.6999969482422
2019-09-23,145.2899932861328
2019-09-24,143.00999450683594
2019-09-25,145.22000122070312
2019-09-26,144.6300048828125
2019-09-27,144.27000427246094
2019-09-30,146.25999450683594
2019-10-01,141.92999267578125
2019-10-02,137.9499969482422
2019-10-03,138.3300018310547
2019-10-04,140.85000610351562
2019-10-07,141.0399932861328
2019-10-08,136.97000122070312
2019-10-09,137.75999450683594
2019-10-10,139.27000427246094
2019-10-11,142.88999938964844
2019-10-14,143.27000427246094
2019-10-15,144.8800048828125
2019-10-16,144.60000610351562
2019-10-17,145.2899932861328
2019-10-18,146.77000427246094
2019-10-21,150.08999633789062
2019-10-22,153.0500030517578
2019-10-23,153.77999877929688
2019-10-24,154.80999755859375
2019-10-25,154.24000549316406
2019-10-28,156.02000427246094
2019-10-29,157.97000122070312
2019-10-30,157.8300018310547
2019-10-31,156.80999755859375
2019-11-01,160.02000427246094
2019-11-04,162.50999450683594
2019-11-05,164.3699951171875
2019-11-06,162.55999755859375
2019-11-07,164.32000732421875
2019-11-08,163.19000244140625
2019-11-11,164.60000610351562
2019-11-12,164.4499969482422
2019-11-13,162.9600067138672
2019-11-14,162.63999938964844
2019-11-15,163.27000427246094
2019-11-18,164.47999572753906
2019-11-19,164.9199981689453
2019-11-20,164.4600067138672
2019-11-21,163.83999633789062
2019-11-22,164.3000030517578
2019-11-25,165.2100067138672
2019-11-26,166.17999267578125
2019-11-27,166.97999572753906
2019-11-29,165.8300018310547
2019-12-02,165.33999633789062
2019-12-03,164.0399932861328
2019-12-04,164.60000610351562
2019-12-05,165.97000122070312
2019-12-06,167.66000366210938
2019-12-09,166.25
2019-12-10,165.6300048828125
2019-12-11,167.0
2019-12-12,163.0
2019-12-13,161.52000427246094
2019-12-16,164.80999755859375
2019-12-17,166.83999633789062
2019-12-18,163.85000610351562
2019-12-19,163.64999389648438
2019-12-20,164.38999938964844
2019-12-23,163.88999938964844
2019-12-24,163.27999877929688
2019-12-26,162.86000061035156
2019-12-27,162.8000030517578
2019-12-30,163.36000061035156
2019-12-31,162.83999633789062
2020-01-02,165.22999572753906
2020-01-03,164.05999755859375
2020-01-06,163.60000610351562
2020-01-07,163.00999450683594
2020-01-08,162.17999267578125
2020-01-09,164.6300048828125
2020-01-10,163.61000061035156
2020-01-13,165.3699951171875
2020-01-14,165.08999633789062
2020-01-15,165.99000549316406
2020-01-16,168.3300018310547
2020-01-17,169.5
2020-01-21,168.7100067138672
2020-01-22,170.33999633789062
2020-01-23,172.2899932861328
2020-01-24,170.97999572753906
2020-01-27,173.00999450683594
2020-01-28,175.3300018310547
2020-01-29,173.97999572753906
2020-01-30,172.55999755859375
2020-01-31,168.86000061035156
2020-02-03,171.6699981689453
2020-02-04,178.02999877929688
2020-02-05,178.75999450683594
2020-02-06,177.61000061035156
2020-02-07,175.1999969482422
2020-02-10,175.6199951171875
2020-02-11,176.97000122070312
2020-02-12,178.50999450683594
2020-02-13,177.6199951171875
2020-02-14,177.49000549316406
2020-02-18,172.5800018310547
2020-02-19,171.49000549316406
2020-02-20,172.10000610351562
2020-02-21,170.1999969482422
2020-02-24,164.5800018310547
2020-02-25,157.16000366210938
2020-02-26,155.41000366210938
2020-02-27,149.4600067138672
2020-02-28,145.3000030517578
2020-03-02,147.91000366210938
2020-03-03,144.8000030517578
2020-03-04,148.10000610351562
2020-03-05,143.07000732421875
2020-03-06,143.14999389648438
2020-03-09,131.88999938964844
2020-03-10,140.72000122070312
2020-03-11,133.8000030517578
2020-03-12,116.63999938964844
2020-03-13,125.7300033569336
2020-03-16,102.70999908447266
2020-03-17,110.06999969482422
2020-03-18,104.16999816894533
2020-03-19,114.58000183105467
2020-03-20,107.23999786376952
2020-03-23,99.45999908447266
2020-03-24,119.0500030517578
2020-03-25,119.69000244140624
2020-03-26,132.97999572753906
2020-03-27,131.88999938964844
2020-03-30,138.58999633789062
2020-03-31,135.07000732421875
2020-04-01,125.01000213623048
2020-04-02,127.9000015258789
2020-04-03,127.43000030517578
2020-04-06,139.69000244140625
2020-04-07,142.66000366210938
2020-04-08,147.33999633789062
2020-04-09,152.60000610351562
2020-04-13,141.41000366210938
2020-04-14,144.8000030517578
2020-04-15,141.0800018310547
2020-04-16,146.27999877929688
2020-04-17,152.47999572753906
2020-04-20,151.8699951171875
2020-04-21,151.22999572753906
2020-04-22,152.8300018310547
2020-04-23,155.41000366210938
2020-04-24,156.4600067138672
2020-04-27,161.75999450683594
2020-04-28,159.9499969482422
2020-04-29,165.10000610351562
2020-04-30,160.91000366210938
2020-05-01,157.85000610351562
2020-05-04,156.9199981689453
2020-05-05,157.8699951171875
2020-05-06,160.19000244140625
2020-05-07,160.25
2020-05-08,166.32000732421875
2020-05-11,167.67999267578125
2020-05-12,160.8300018310547
2020-05-13,160.05999755859375
2020-05-14,162.3699951171875
2020-05-15,162.47000122070312
2020-05-18,173.00999450683594
2020-05-19,172.44000244140625
2020-05-20,174.4499969482422
2020-05-21,175.4199981689453
2020-05-22,174.14999389648438
2020-05-26,177.41000366210938
2020-05-27,178.5
2020-05-28,182.3800048828125
2020-05-29,188.3500061035156
2020-06-01,185.3699951171875
2020-06-02,187.7899932861328
2020-06-03,192.92999267578125
2020-06-04,190.5200042724609
2020-06-05,200.63999938964844
2020-06-08,200.97999572753903
2020-06-09,199.77999877929688
2020-06-10,196.6000061035156
2020-06-11,188.4499969482422
2020-06-12,185.67999267578125
2020-06-15,192.1000061035156
2020-06-16,197.47000122070312
2020-06-17,194.1100006103516
2020-06-18,194.25
2020-06-19,193.759994506836
2020-06-22,192.8800048828125
2020-06-23,191.0800018310547
2020-06-24,184.69000244140625
2020-06-25,186.72999572753903
2020-06-26,180.3699951171875
2020-06-29,184.8600006103516
2020-06-30,189.7100067138672
2020-07-01,185.509994506836
2020-07-02,186.1499938964844
2020-07-06,189.72000122070312
2020-07-07,187.009994506836
2020-07-08,187.52999877929688
2020-07-09,186.92999267578125
2020-07-10,186.3800048828125
2020-07-13,185.009994506836
2020-07-14,189.3999938964844
2020-07-15,192.2899932861328
2020-07-16,191.3000030517578
2020-07-17,190.509994506836
2020-07-20,189.66000366210932
2020-07-21,192.2700042724609
2020-07-22,192.9499969482422
2020-07-23,196.47999572753903
2020-07-24,192.22999572753903
2020-07-27,195.33999633789065
2020-07-28,192.33999633789065
2020-07-29,196.82000732421875
2020-07-30,193.91000366210932
2020-07-31,193.6300048828125
2020-08-03,196.58999633789065
2020-08-04,194.3000030517578
2020-08-05,197.69000244140625
2020-08-06,196.19000244140625
2020-08-07,199.4499969482422
2020-08-10,201.63999938964844
2020-08-11,204.6300048828125
2020-08-12,206.83999633789065
2020-08-13,206.4600067138672
2020-08-14,206.6699981689453
2020-08-17,206.97000122070312
2020-08-18,205.66000366210932
2020-08-19,204.13999938964844
2020-08-20,191.009994506836
2020-08-21,189.07000732421875
2020-08-24,188.2400054931641
2020-08-25,188.66000366210932
2020-08-26,192.41000366210932
2020-08-27,189.1199951171875
2020-08-28,187.9600067138672
2020-08-31,186.4900054931641
2020-09-01,189.77999877929688
2020-09-02,197.1100006103516
2020-09-03,188.57000732421875
2020-09-04,186.8800048828125
2020-09-08,185.94000244140625
2020-09-09,189.82000732421875
2020-09-10,190.82000732421875
2020-09-11,191.6699981689453
2020-09-14,195.1000061035156
2020-09-15,198.47999572753903
2020-09-16,198.1999969482422
2020-09-17,194.75
2020-09-18,192.0
2020-09-21,187.72000122070312
2020-09-22,186.07000732421875
2020-09-23,182.77999877929688
2020-09-24,181.17999267578125
2020-09-25,183.67999267578125
2020-09-28,189.8000030517578
2020-09-29,191.4199981689453
2020-09-30,191.82000732421875
2020-10-01,191.72000122070312
2020-10-02,190.47999572753903
2020-10-05,196.259994506836
2020-10-06,197.7400054931641
2020-10-07,200.5200042724609
2020-10-08,200.57000732421875
2020-10-09,201.19000244140625
2020-10-12,204.009994506836
2020-10-13,203.1999969482422
2020-10-14,202.47999572753903
2020-10-15,206.94000244140625
2020-10-16,208.5599975585937
2020-10-19,207.3300018310547
2020-10-20,208.7400054931641
2020-10-21,208.33999633789065
2020-10-22,211.1699981689453
2020-10-23,207.5599975585937
2020-10-26,203.0500030517578
2020-10-27,197.75
2020-10-28,191.22000122070312
2020-10-29,195.1999969482422
2020-10-30,193.42999267578125
2020-11-02,197.0
2020-11-03,200.3099975585937
2020-11-04,202.6699981689453
2020-11-05,208.47000122070312
2020-11-06,210.66000366210932
2020-11-09,201.77999877929688
2020-11-10,197.17999267578125
2020-11-11,202.2400054931641
2020-11-12,199.2400054931641
2020-11-13,201.9199981689453
2020-11-16,206.8300018310547
2020-11-17,203.94000244140625
2020-11-18,201.5
2020-11-19,202.3099975585937
2020-11-20,202.1000061035156
2020-11-23,201.5
2020-11-24,204.52999877929688
2020-11-25,202.52999877929688
2020-11-27,204.3699951171875
2020-11-30,203.8099975585937
2020-12-01,203.759994506836
2020-12-02,197.52999877929688
2020-12-03,195.3099975585937
2020-12-04,200.4199981689453
2020-12-07,199.0200042724609
2020-12-08,198.92999267578125
2020-12-09,198.52999877929688
2020-12-10,198.0
2020-12-11,197.7899932861328
2020-12-14,199.72000122070312
2020-12-15,201.91000366210932
2020-12-16,193.9900054931641
2020-12-17,196.91000366210932
2020-12-18,198.72999572753903
2020-12-21,195.82000732421875
2020-12-22,198.63999938964844
2020-12-23,198.3500061035156
2020-12-24,198.9499969482422
2020-12-28,198.41000366210932
2020-12-29,196.8999938964844
2020-12-30,198.8300018310547
2020-12-31,200.9499969482422
2021-01-04,196.5599975585937
2021-01-05,199.2899932861328
2021-01-06,204.9499969482422
2021-01-07,205.2899932861328
2021-01-08,203.2700042724609
2021-01-11,204.22999572753903
2021-01-12,207.33999633789065
2021-01-13,203.6100006103516
2021-01-14,202.02999877929688
2021-01-15,193.25
2021-01-19,189.5
2021-01-20,193.8699951171875
2021-01-21,192.1000061035156
2021-01-22,191.9900054931641
2021-01-25,188.1199951171875
2021-01-26,187.4900054931641
2021-01-27,183.58999633789065
2021-01-28,184.33999633789065
2021-01-29,178.99000549316406
2021-02-01,182.5800018310547
2021-02-02,183.58999633789065
2021-02-03,183.7400054931641
2021-02-04,186.0200042724609
2021-02-05,188.07000732421875
2021-02-08,190.0
2021-02-09,188.33999633789065
2021-02-10,189.92999267578125
2021-02-11,189.13999938964844
2021-02-12,188.2700042724609
2021-02-16,186.2400054931641
2021-02-17,183.759994506836
2021-02-18,185.6699981689453
2021-02-19,187.8800048828125
2021-02-22,184.3800048828125
2021-02-23,187.82000732421875
2021-02-24,196.7400054931641
2021-02-25,193.1999969482422
2021-02-26,192.41000366210932
2021-03-01,193.77999877929688
2021-03-02,192.9600067138672
2021-03-03,194.6000061035156
2021-03-04,191.47000122070312
2021-03-05,196.0
2021-03-08,196.52999877929688
2021-03-09,197.1999969482422
2021-03-10,201.72000122070312
2021-03-11,200.8699951171875
2021-03-12,201.7100067138672
2021-03-15,207.2400054931641
2021-03-16,206.1499938964844
2021-03-17,205.72999572753903
2021-03-18,205.2400054931641
2021-03-19,202.16000366210932
2021-03-22,201.7100067138672
2021-03-23,198.1300048828125
2021-03-24,199.7100067138672
2021-03-25,201.32000732421875
2021-03-26,203.58999633789065
2021-03-29,202.9600067138672
2021-03-30,204.02999877929688
2021-03-31,198.67999267578125
2021-04-01,202.3800048828125
2021-04-05,202.5200042724609
2021-04-06,202.9900054931641
2021-04-07,201.6699981689453
2021-04-08,201.02999877929688
2021-04-09,203.1199951171875
2021-04-12,203.5800018310547
2021-04-13,201.91000366210932
2021-04-14,203.47000122070312
2021-04-15,204.58999633789065
2021-04-16,206.22000122070312
2021-04-19,205.92999267578125
2021-04-20,206.1999969482422
2021-04-21,209.5200042724609
2021-04-22,210.7899932861328
2021-04-23,213.92999267578125
2021-04-26,213.6300048828125
2021-04-27,214.1000061035156
2021-04-28,213.6100006103516
2021-04-29,214.8999938964844
2021-04-30,211.41000366210932
2021-05-03,208.6100006103516
2021-05-04,211.3000030517578
2021-05-05,208.5
2021-05-06,208.5800018310547
2021-05-07,208.8300018310547
2021-05-10,208.67999267578125
2021-05-11,207.4199981689453
2021-05-12,200.02999877929688
2021-05-13,205.42999267578125
2021-05-14,205.8699951171875
2021-05-17,203.9900054931641
2021-05-18,200.69000244140625
2021-05-19,198.97999572753903
2021-05-20,199.4499969482422
2021-05-21,201.8300018310547
2021-05-24,202.47000122070312
2021-05-25,216.8300018310547
2021-05-26,215.8000030517578
2021-05-27,223.42999267578125
2021-05-28,221.69000244140625
2021-06-01,221.6699981689453
2021-06-02,221.52999877929688
2021-06-03,220.509994506836
2021-06-04,224.16000366210932
2021-06-07,222.5599975585937
2021-06-08,222.32000732421875
2021-06-09,222.1000061035156
2021-06-10,223.1699981689453
2021-06-11,222.3999938964844
2021-06-14,221.2899932861328
2021-06-15,223.0200042724609
2021-06-16,219.42999267578125
2021-06-17,217.7700042724609
2021-06-18,215.259994506836
2021-06-21,219.5599975585937
2021-06-22,219.0200042724609
2021-06-23,217.8999938964844
2021-06-24,218.1000061035156
2021-06-25,220.6699981689453
2021-06-28,218.69000244140625
2021-06-29,219.6000061035156
2021-06-30,219.509994506836
2021-07-01,218.41000366210932
2021-07-02,220.1999969482422
2021-07-06,218.1300048828125
2021-07-07,221.07000732421875
2021-07-08,216.3800048828125
2021-07-09,221.3000030517578
2021-07-12,221.2899932861328
2021-07-13,219.9900054931641
2021-07-14,220.8099975585937
2021-07-15,222.25
2021-07-16,221.8699951171875
2021-07-19,218.5
2021-07-20,223.9199981689453
2021-07-21,224.5200042724609
2021-07-22,222.67999267578125
2021-07-23,224.9900054931641
2021-07-26,224.3000030517578
2021-07-27,221.3999938964844
2021-07-28,222.6999969482422
2021-07-29,225.0399932861328
2021-07-30,226.1300048828125
2021-08-02,227.0399932861328
2021-08-03,228.16000366210932
2021-08-04,226.509994506836
2021-08-05,225.5
2021-08-06,224.9199981689453
2021-08-09,222.1499938964844
2021-08-10,221.6300048828125
2021-08-11,223.3699951171875
2021-08-12,226.5599975585937
2021-08-13,228.58999633789065
2021-08-16,229.5500030517578
2021-08-17,228.8800048828125
2021-08-18,227.07000732421875
2021-08-19,226.13999938964844
2021-08-20,230.259994506836
2021-08-23,231.0200042724609
2021-08-24,233.3600006103516
2021-08-25,233.52999877929688
2021-08-26,232.5
2021-08-27,233.5399932861328
2021-08-30,238.82000732421875
2021-08-31,238.6000061035156
2021-09-01,240.94000244140625
2021-09-02,242.58999633789065
2021-09-03,241.4499969482422
2021-09-07,243.2700042724609
2021-09-08,244.92999267578125
2021-09-09,243.1100006103516
2021-09-10,241.08999633789065
2021-09-13,240.08999633789065
2021-09-14,242.0500030517578
2021-09-15,243.67999267578125
2021-09-16,243.3800048828125
2021-09-17,241.83999633789065
2021-09-20,240.72999572753903
2021-09-21,240.72000122070312
2021-09-22,241.57000732421875
2021-09-23,244.52999877929688
2021-09-24,243.88999938964844
2021-09-27,244.8099975585937
2021-09-28,241.94000244140625
2021-09-29,242.91000366210932
2021-09-30,238.1499938964844
2021-10-01,239.5
2021-10-04,240.58999633789065
2021-10-05,241.3999938964844
2021-10-06,238.5200042724609
2021-10-07,241.0500030517578
2021-10-08,237.97999572753903
2021-10-11,237.92999267578125
2021-10-12,236.9600067138672
2021-10-13,238.509994506836
2021-10-14,243.6999969482422
2021-10-15,244.72000122070312
2021-10-18,244.47999572753903
2021-10-19,247.88999938964844
2021-10-20,246.16000366210932
2021-10-21,251.3300018310547
2021-10-22,254.02999877929688
2021-10-25,256.1300048828125
2021-10-26,251.1699981689453
2021-10-27,249.22999572753903
2021-10-28,251.0500030517578
2021-10-29,254.2100067138672
2021-11-01,258.739990234375
2021-11-02,259.4700012207031
2021-11-03,259.7099914550781
2021-11-04,262.7200012207031
2021-11-05,261.2799987792969
2021-11-08,262.0799865722656
2021-11-09,262.95001220703125
2021-11-10,263.7699890136719
2021-11-11,264.989990234375
2021-11-12,267.45001220703125
2021-11-15,265.5199890136719
2021-11-16,267.79998779296875
2021-11-17,269.3299865722656
2021-11-18,268.5299987792969
2021-11-19,266.9599914550781
2021-11-22,267.510009765625
2021-11-23,267.989990234375
2021-11-24,269.0199890136719
2021-11-26,258.2200012207031
2021-11-29,262.1499938964844
2021-11-30,254.19000244140625
2021-12-01,251.6000061035156
2021-12-02,261.7300109863281
2021-12-03,260.1000061035156
2021-12-06,264.1099853515625
2021-12-07,264.8500061035156
2021-12-08,266.739990234375
2021-12-09,266.2300109863281
2021-12-10,270.6700134277344
2021-12-13,267.9100036621094
2021-12-14,264.5599975585937
2021-12-15,269.1199951171875
2021-12-16,248.8500061035156
2021-12-17,248.42999267578125
2021-12-20,245.5399932861328
2021-12-21,250.8600006103516
2021-12-22,249.8699951171875
2021-12-23,253.66000366210932
2021-12-27,256.6199951171875
2021-12-28,256.5899963378906
2021-12-29,256.8099975585937
2021-12-30,254.759994506836
2021-12-31,255.2700042724609
2022-01-03,251.02999877929688
2022-01-04,250.13999938964844
2022-01-05,242.9199981689453
2022-01-06,240.4199981689453
2022-01-07,238.08999633789065
2022-01-10,238.3300018310547
2022-01-11,240.1300048828125
2022-01-12,242.5500030517578
2022-01-13,239.0
2022-01-14,238.41000366210932
2022-01-18,234.32000732421875
2022-01-19,236.94000244140625
2022-01-20,233.2100067138672
2022-01-21,231.44000244140625
2022-01-24,234.6300048828125
2022-01-25,228.3300018310547
2022-01-26,225.8999938964844
2022-01-27,223.8800048828125
2022-01-28,227.7700042724609
2022-01-31,232.5399932861328
2022-02-01,234.4199981689453
2022-02-02,236.4900054931641
2022-02-03,231.94000244140625
2022-02-04,230.69000244140625
2022-02-07,229.4900054931641
2022-02-08,232.94000244140625
2022-02-09,236.2700042724609
2022-02-10,231.0
2022-02-11,217.7100067138672
2022-02-14,222.1100006103516
2022-02-15,229.92999267578125
2022-02-16,235.13999938964844
2022-02-17,228.8800048828125
2022-02-18,229.509994506836
2022-02-22,227.3800048828125
2022-02-23,221.5500030517578
2022-02-24,221.66000366210932
2022-02-25,227.4900054931641
2022-02-28,226.4900054931641
2022-03-01,223.2400054931641
2022-03-02,227.07000732421875
2022-03-03,228.8600006103516
2022-03-04,226.4499969482422
2022-03-07,217.63999938964844
2022-03-08,215.259994506836
2022-03-09,222.4499969482422
2022-03-10,215.0599975585937
2022-03-11,215.0500030517578
2022-03-14,214.5599975585937
2022-03-15,219.13999938964844
2022-03-16,222.8600006103516
2022-03-17,226.5599975585937
2022-03-18,230.97000122070312
2022-03-21,229.47999572753903
2022-03-22,230.3800048828125
2022-03-23,228.9499969482422
2022-03-24,227.08999633789065
2022-03-25,227.3999938964844
2022-03-28,228.5500030517578
2022-03-29,232.6199951171875
2022-03-30,229.91000366210932
2022-03-31,227.0800018310547
2022-04-01,227.92999267578125
2022-04-04,227.17999267578125
2022-04-05,223.0399932861328
2022-04-06,223.6999969482422
2022-04-07,224.69000244140625
2022-04-08,224.4199981689453
2022-04-11,221.92999267578125
2022-04-12,217.6499938964844
2022-04-13,218.88999938964844
2022-04-14,214.7400054931641
2022-04-18,216.7100067138672
2022-04-19,223.13999938964844
2022-04-20,226.5200042724609
2022-04-21,224.1300048828125
2022-04-22,220.3800048828125
2022-04-25,220.82000732421875
2022-04-26,214.3699951171875
2022-04-27,216.33999633789065
2022-04-28,220.63999938964844
2022-04-29,215.69000244140625
2022-05-02,217.5500030517578
2022-05-03,216.5399932861328
2022-05-04,222.4600067138672
2022-05-05,213.38999938964844
2022-05-06,209.82000732421875
2022-05-09,208.72999572753903
2022-05-10,208.44000244140625
2022-05-11,207.9199981689453
2022-05-12,209.8300018310547
2022-05-13,211.97000122070312
2022-05-16,210.67999267578125
2022-05-17,215.67999267578125
2022-05-18,205.82000732421875
2022-05-19,205.88999938964844
2022-05-20,205.2400054931641
2022-05-23,205.8999938964844
2022-05-24,210.8600006103516
2022-05-25,213.3600006103516
2022-05-26,215.47999572753903
2022-05-27,219.8300018310547
2022-05-31,217.8800048828125
2022-06-01,215.3500061035156
2022-06-02,222.19000244140625
2022-06-03,220.3800048828125
2022-06-06,221.259994506836
2022-06-07,222.0599975585937
2022-06-08,219.16000366210932
2022-06-09,214.3500061035156
2022-06-10,207.63999938964844
2022-06-13,202.32000732421875
2022-06-14,200.82000732421875
2022-06-15,201.69000244140625
2022-06-16,196.4600067138672
2022-06-17,195.3600006103516
2022-06-21,197.9900054931641
2022-06-22,197.509994506836
2022-06-23,199.1999969482422
2022-06-24,204.94000244140625
2022-06-27,204.3500061035156
2022-06-28,202.8500061035156
2022-06-29,201.92999267578125
2022-06-30,202.44000244140625
2022-07-01,202.63999938964844
2022-07-05,200.8500061035156
2022-07-06,204.16000366210932
2022-07-07,210.5399932861328
2022-07-08,207.42999267578125
2022-07-11,206.9900054931641
2022-07-12,205.25
2022-07-13,204.57000732421875
2022-07-14,202.6699981689453
2022-07-15,207.6699981689453
2022-07-18,207.009994506836
2022-07-19,214.6699981689453
2022-07-20,216.6100006103516
2022-07-21,220.13999938964844
2022-07-22,219.6699981689453
2022-07-25,217.7100067138672
2022-07-26,217.32000732421875
2022-07-27,221.77999877929688
2022-07-28,225.91000366210932
2022-07-29,230.9900054931641
2022-08-01,230.5
2022-08-02,227.58999633789065
2022-08-03,230.1999969482422
2022-08-04,230.9199981689453
2022-08-05,231.5500030517578
2022-08-08,232.3500061035156
2022-08-09,230.22999572753903
2022-08-10,237.8699951171875
2022-08-11,238.5
2022-08-12,243.0599975585937
2022-08-15,245.1199951171875
2022-08-16,245.77999877929688
2022-08-17,244.8099975585937
2022-08-18,246.38999938964844
2022-08-19,244.3000030517578
2022-08-22,233.27999877929688
2022-08-23,239.1699981689453
2022-08-24,239.8000030517578
2022-08-25,242.2700042724609
2022-08-26,232.8300018310547
2022-08-29,231.69000244140625
2022-08-30,227.97999572753903
2022-08-31,227.1699981689453
2022-09-01,226.17999267578125
2022-09-02,223.7400054931641
2022-09-06,225.5500030517578
2022-09-07,232.3099975585937
2022-09-08,232.1499938964844
2022-09-09,234.27999877929688
2022-09-12,235.2700042724609
2022-09-13,227.3500061035156
2022-09-14,226.72000122070312
2022-09-15,223.0200042724609
2022-09-16,218.97999572753903
2022-09-19,224.02999877929688
2022-09-20,221.6300048828125
2022-09-21,218.91000366210932
2022-09-22,215.19000244140625
2022-09-23,213.0
2022-09-26,212.63999938964844
2022-09-27,209.97000122070312
2022-09-28,215.4600067138672
2022-09-29,213.759994506836
2022-09-30,212.2700042724609
2022-10-03,218.6000061035156
2022-10-04,224.2899932861328
2022-10-05,223.22999572753903
2022-10-06,221.3099975585937
2022-10-07,215.72000122070312
2022-10-10,214.5200042724609
2022-10-11,214.509994506836
2022-10-12,210.8300018310547
2022-10-13,215.02999877929688
2022-10-14,210.4600067138672
2022-10-17,215.8000030517578
2022-10-18,218.6699981689453
2022-10-19,216.759994506836
2022-10-20,211.509994506836
2022-10-21,216.52999877929688
2022-10-24,218.8600006103516
2022-10-25,223.4600067138672
2022-10-26,222.5200042724609
2022-10-27,221.0599975585937
2022-10-28,226.0
2022-10-31,225.0
2022-11-01,225.75
2022-11-02,221.3500061035156
2022-11-03,218.0
2022-11-04,220.0500030517578
2022-11-07,222.1499938964844
2022-11-08,225.3500061035156
2022-11-09,223.6999969482422
2022-11-10,235.17999267578125
2022-11-11,236.5500030517578
2022-11-14,237.3999938964844
2022-11-15,235.0
2022-11-16,232.0
2022-11-17,229.1300048828125
2022-11-18,231.009994506836
2022-11-21,231.13999938964844
2022-11-22,233.58999633789065
2022-11-23,234.3999938964844
2022-11-25,236.0800018310547
2022-11-28,231.6199951171875
2022-11-29,230.8000030517578
2022-11-30,236.4900054931641
2022-12-01,240.009994506836
2022-12-02,241.9199981689453
2022-12-05,238.33999633789065
2022-12-06,233.58999633789065
2022-12-07,235.13999938964844
2022-12-08,234.63999938964844
2022-12-09,232.8999938964844
2022-12-12,238.3800048828125
2022-12-13,238.3699951171875
2022-12-14,235.91000366210932
2022-12-15,241.83999633789065
2022-12-16,236.82000732421875
2022-12-19,233.3999938964844
2022-12-20,232.7700042724609
2022-12-21,238.1999969482422
2022-12-22,234.67999267578125
2022-12-23,236.32000732421875
2022-12-27,237.6100006103516
2022-12-28,235.1199951171875
2022-12-29,239.77999877929688
2022-12-30,237.72000122070312
2023-01-03,238.02999877929688
2023-01-04,237.75
2023-01-05,229.7400054931641
2023-01-06,235.7700042724609
2023-01-09,241.2400054931641
2023-01-10,241.4499969482422
2023-01-11,243.8699951171875
2023-01-12,242.1499938964844
2023-01-13,243.83999633789065
2023-01-17,242.0500030517578
2023-01-18,238.509994506836
2023-01-19,228.3699951171875
2023-01-20,233.82000732421875
2023-01-23,238.1000061035156
2023-01-24,242.4499969482422
2023-01-25,235.0200042724609
2023-01-26,235.2700042724609
2023-01-27,239.5800018310547
2023-01-30,235.97000122070312
2023-01-31,243.3000030517578
2023-02-01,246.009994506836
2023-02-02,250.9900054931641
2023-02-03,248.6499938964844
2023-02-06,243.97999572753903
2023-02-07,245.4600067138672
2023-02-08,243.3999938964844
2023-02-09,241.9199981689453
2023-02-10,241.52999877929688
2023-02-13,244.1300048828125
2023-02-14,242.7700042724609
2023-02-15,245.52999877929688
2023-02-16,242.47999572753903
2023-02-17,246.22000122070312
2023-02-21,211.91000366210932
2023-02-22,221.0399932861328
2023-02-23,222.6100006103516
2023-02-24,220.32000732421875
2023-02-27,220.13999938964844
2023-02-28,219.63999938964844
2023-03-01,219.4600067138672
2023-03-02,220.8999938964844
2023-03-03,222.9900054931641
2023-03-06,221.0200042724609
2023-03-07,219.6100006103516
2023-03-08,220.3800048828125
2023-03-09,218.17999267578125
2023-03-10,212.9199981689453
2023-03-13,210.72000122070312
2023-03-14,212.2100067138672
2023-03-15,206.38999938964844
2023-03-16,206.3999938964844
2023-03-17,204.0200042724609
2023-03-20,208.16000366210932
2023-03-21,208.7899932861328
2023-03-22,207.7400054931641
2023-03-23,207.13999938964844
2023-03-24,209.9499969482422
2023-03-27,212.3699951171875
2023-03-28,214.0
2023-03-29,217.0200042724609
2023-03-30,218.8099975585937
2023-03-31,222.259994506836
2023-04-03,220.3099975585937
2023-04-04,214.6499938964844
2023-04-05,211.7100067138672
2023-04-06,210.0200042724609
2023-04-10,213.5800018310547
2023-04-11,216.8600006103516
2023-04-12,216.7700042724609
2023-04-13,218.6699981689453
2023-04-14,217.8699951171875
2023-04-17,218.67999267578125
2023-04-18,218.5599975585937
2023-04-19,217.2899932861328
2023-04-20,218.72000122070312
2023-04-21,218.83999633789065
2023-04-24,218.3300018310547
2023-04-25,214.1499938964844
2023-04-26,210.8699951171875
2023-04-27,216.0800018310547
2023-04-28,216.3099975585937
2023-05-01,217.52999877929688
2023-05-02,217.9199981689453
2023-05-03,215.5500030517578
2023-05-04,216.1499938964844
2023-05-05,220.1699981689453
2023-05-08,217.8500061035156
2023-05-09,216.7899932861328
2023-05-10,216.3999938964844
2023-05-11,216.2400054931641
2023-05-12,216.3099975585937
2023-05-15,216.7899932861328
2023-05-16,214.17999267578125
2023-05-17,217.0
2023-05-18,217.58999633789065
2023-05-19,217.1699981689453
2023-05-22,216.2400054931641
2023-05-23,219.5800018310547
2023-05-24,213.8000030517578
2023-05-25,217.1499938964844
2023-05-26,220.82000732421875
2023-05-30,220.7100067138672
2023-05-31,217.92999267578125
2023-06-01,221.7700042724609
2023-06-02,227.22000122070312
2023-06-05,224.5500030517578
2023-06-06,225.259994506836
2023-06-07,233.2899932861328
2023-06-08,232.759994506836
2023-06-09,232.1499938964844
2023-06-12,233.07000732421875
2023-06-13,234.63999938964844
2023-06-14,233.8000030517578
2023-06-15,236.5800018310547
2023-06-16,237.1100006103516
2023-06-20,235.47000122070312
2023-06-21,236.3600006103516
2023-06-22,236.5200042724609
2023-06-23,235.7400054931641
2023-06-26,241.82000732421875
2023-06-27,244.4499969482422
2023-06-28,242.3800048828125
2023-06-29,246.75
2023-06-30,248.17999267578125
2023-07-03,247.0
2023-07-05,242.44000244140625
2023-07-06,240.72999572753903
2023-07-07,242.2899932861328
2023-07-10,246.2700042724609
2023-07-11,249.0
2023-07-12,247.7100067138672
2023-07-13,247.5800018310547
2023-07-14,246.4600067138672
2023-07-17,247.2700042724609
2023-07-18,247.4199981689453
2023-07-19,247.82000732421875
2023-07-20,244.47000122070312
2023-07-21,243.3500061035156
2023-07-24,244.91000366210932
2023-07-25,244.97999572753903
2023-07-26,247.08999633789065
2023-07-27,248.1000061035156
2023-07-28,250.259994506836
2023-07-31,251.6100006103516
2023-08-01,250.66000366210932
2023-08-02,247.82000732421875
2023-08-03,248.72000122070312
2023-08-04,246.4199981689453
2023-08-07,248.2100067138672
2023-08-08,245.7899932861328
2023-08-09,245.0200042724609
2023-08-10,242.509994506836
2023-08-11,242.5599975585937
2023-08-14,241.19000244140625
2023-08-15,237.02999877929688
2023-08-16,236.19000244140625
2023-08-17,233.509994506836
2023-08-18,232.3300018310547
2023-08-21,230.69000244140625
2023-08-22,235.6999969482422
2023-08-23,239.2700042724609
2023-08-24,236.69000244140625
2023-08-25,238.6000061035156
2023-08-28,242.5599975585937
2023-08-29,244.5
2023-08-30,245.6999969482422
2023-08-31,244.13999938964844
2023-09-01,245.509994506836
2023-09-05,240.6000061035156
2023-09-06,239.5500030517578
2023-09-07,233.8600006103516
2023-09-08,232.8000030517578
2023-09-11,234.8699951171875
2023-09-12,232.22999572753903
2023-09-13,231.2400054931641
2023-09-14,232.75
2023-09-15,230.7899932861328
2023-09-18,231.3699951171875
2023-09-19,230.7400054931641
2023-09-20,227.77999877929688
2023-09-21,223.72000122070312
2023-09-22,224.17999267578125
2023-09-25,224.259994506836
2023-09-26,216.25
2023-09-27,220.0800018310547
2023-09-28,223.07000732421875
2023-09-29,223.1699981689453
2023-10-02,221.3699951171875
2023-10-03,220.3999938964844
2023-10-04,223.13999938964844
2023-10-05,221.8600006103516
2023-10-06,222.7700042724609
2023-10-09,225.3300018310547
2023-10-10,226.7100067138672
2023-10-11,227.8999938964844
2023-10-12,227.5
2023-10-13,222.6000061035156
2023-10-16,224.509994506836
2023-10-17,224.17999267578125
2023-10-18,217.47000122070312
2023-10-19,216.1699981689453
2023-10-20,215.32000732421875
2023-10-23,212.97999572753903
2023-10-24,213.8699951171875
2023-10-25,210.7100067138672
2023-10-26,212.8000030517578
2023-10-27,212.1300048828125
2023-10-30,212.16000366210932
2023-10-31,212.58999633789065
2023-11-01,211.5200042724609
2023-11-02,217.22999572753903
2023-11-03,221.5399932861328
2023-11-06,221.22000122070312
2023-11-07,220.4900054931641
2023-11-08,221.6199951171875
2023-11-09,221.47000122070312
2023-11-10,225.1100006103516
2023-11-13,223.5599975585937
2023-11-14,232.2899932861328
2023-11-15,233.5500030517578
2023-11-16,231.72000122070312
2023-11-17,233.4600067138672
2023-11-20,233.8300018310547
2023-11-21,233.4499969482422
2023-11-22,232.82000732421875
2023-11-24,235.2100067138672
2023-11-27,234.0800018310547
2023-11-28,231.6499938964844
2023-11-29,232.6000061035156
2023-11-30,235.33999633789065
2023-12-01,238.8000030517578
2023-12-04,240.33999633789065
2023-12-05,237.9900054931641
2023-12-06,241.1100006103516
2023-12-07,241.0800018310547
2023-12-08,239.16000366210932
2023-12-11,237.66000366210932
2023-12-12,237.83999633789065
2023-12-13,240.72000122070312
2023-12-14,250.0
2023-12-15,251.9600067138672
2023-12-18,254.77999877929688
2023-12-19,255.72000122070312
2023-12-20,255.0500030517578
2023-12-21,259.1700134277344
2023-12-22,261.3599853515625
2023-12-26,263.9800109863281
2023-12-27,264.19000244140625
2023-12-28,264.5199890136719
2023-12-29,264.1600036621094
2024-01-02,258.6499938964844
2024-01-03,251.58999633789065
2024-01-04,251.1499938964844
2024-01-05,249.72999572753903
2024-01-08,252.8300018310547
2024-01-09,250.32000732421875
2024-01-10,250.6199951171875
2024-01-11,250.6100006103516
2024-01-12,251.6199951171875
2024-01-16,250.5399932861328
2024-01-17,249.4600067138672
2024-01-18,251.5399932861328
2024-01-19,253.4199981689453
2024-01-22,253.91000366210932
2024-01-23,254.3300018310547
2024-01-24,251.0500030517578
2024-01-25,254.0500030517578
2024-01-26,252.1999969482422
2024-01-29,255.009994506836
2024-01-30,257.2300109863281
2024-01-31,251.72000122070312
2024-02-01,257.3599853515625
2024-02-02,256.70001220703125
2024-02-05,252.6199951171875
2024-02-06,253.6499938964844
2024-02-07,255.8099975585937
2024-02-08,261.8699951171875
2024-02-09,263.6300048828125
2024-02-12,264.760009765625
2024-02-13,260.3699951171875
2024-02-14,263.7200012207031
2024-02-15,265.7200012207031
2024-02-16,264.07000732421875
2024-02-20,264.1099853515625
2024-02-21,261.69000244140625
2024-02-22,273.4599914550781
2024-02-23,273.7099914550781
2024-02-26,270.8699951171875
2024-02-27,268.0
2024-02-28,266.9599914550781
2024-02-29,265.6499938964844
2024-03-01,266.0899963378906
2024-03-04,265.32000732421875
2024-03-05,261.7900085449219
2024-03-06,265.17999267578125
2024-03-07,267.3900146484375
2024-03-08,264.760009765625
2024-03-11,263.2300109863281
2024-03-12,263.8699951171875
2024-03-13,264.95001220703125
2024-03-14,264.17999267578125
2024-03-15,263.20001220703125
2024-03-18,263.6499938964844
2024-03-19,262.5899963378906
2024-03-20,264.95001220703125
2024-03-21,270.1400146484375
2024-03-22,268.5199890136719
2024-03-25,267.1499938964844
2024-03-26,268.42999267578125
2024-03-27,273.739990234375
2024-03-28,274.5400085449219
2024-04-01,271.69000244140625
2024-04-02,270.2699890136719
2024-04-03,273.0
2024-04-04,270.79998779296875
2024-04-05,271.1300048828125
2024-04-08,271.25
2024-04-09,273.760009765625
2024-04-10,271.7699890136719
2024-04-11,268.8900146484375
2024-04-12,264.6499938964844
2024-04-15,263.1300048828125
2024-04-16,262.6600036621094
2024-04-17,260.79998779296875
2024-04-18,259.1199951171875
2024-04-19,259.5899963378906
2024-04-22,260.5199890136719
2024-04-23,262.0799865722656
2024-04-24,260.0599975585937
2024-04-25,259.6600036621094
2024-04-26,260.3999938964844
2024-04-29,262.489990234375
2024-04-30,258.19000244140625
2024-05-01,260.95001220703125
2024-05-02,262.79998779296875
2024-05-03,265.6099853515625
2024-05-06,270.6499938964844
2024-05-07,272.0599975585937
2024-05-08,271.0
2024-05-09,277.8399963378906
2024-05-10,278.8900146484375
2024-05-13,273.760009765625
2024-05-14,271.989990234375
2024-05-15,274.5599975585937
2024-05-16,270.5599975585937
2024-05-17,271.6499938964844
2024-05-20,268.4100036621094
2024-05-21,243.13999938964844
2024-05-22,243.1199951171875
2024-05-23,237.8999938964844
2024-05-24,237.94000244140625
2024-05-28,233.5800018310547
2024-05-29,230.0
2024-05-30,231.3000030517578
2024-05-31,234.72000122070312
2024-06-03,229.3800048828125
2024-06-04,228.0500030517578
2024-06-05,228.44000244140625
2024-06-06,226.509994506836
2024-06-07,226.1499938964844
2024-06-10,225.27999877929688
2024-06-11,225.6999969482422
2024-06-12,232.72999572753903
2024-06-13,233.6699981689453
2024-06-14,228.72000122070312
2024-06-17,232.07000732421875
2024-06-18,232.1999969482422
2024-06-20,231.8000030517578
2024-06-21,231.32000732421875
2024-06-24,232.2700042724609
2024-06-25,228.82000732421875
2024-06-26,229.8099975585937
2024-06-27,230.3099975585937
2024-06-28,231.94000244140625
2024-07-01,227.67999267578125
2024-07-02,228.2100067138672
2024-07-03,227.58999633789065
2024-07-05,226.6100006103516
2024-07-08,226.509994506836
2024-07-09,225.0
2024-07-10,229.8800048828125
2024-07-11,235.2700042724609
2024-07-12,237.1499938964844
2024-07-15,236.6300048828125
2024-07-16,243.3600006103516
2024-07-17,243.3500061035156
2024-07-18,239.6499938964844
2024-07-19,236.6100006103516
2024-07-22,240.57000732421875
2024-07-23,239.8699951171875
2024-07-24,235.9900054931641
2024-07-25,240.5500030517578
2024-07-26,245.9499969482422
2024-07-29,245.22000122070312
2024-07-30,248.6100006103516
2024-07-31,250.3300018310547
2024-08-01,243.33999633789065
2024-08-02,241.3800048828125
2024-08-05,234.8000030517578
2024-08-06,235.8000030517578
2024-08-07,232.6999969482422
2024-08-08,235.4499969482422
2024-08-09,234.44000244140625
2024-08-12,233.0399932861328
2024-08-13,237.41000366210932
2024-08-14,236.4900054931641
2024-08-15,240.4199981689453
2024-08-16,239.66000366210932
2024-08-19,239.6499938964844
2024-08-20,239.47000122070312
2024-08-21,247.77999877929688
2024-08-22,256.0299987792969
2024-08-23,257.3999938964844
2024-08-26,257.17999267578125
2024-08-27,255.8999938964844
2024-08-28,256.29998779296875
2024-08-29,255.16000366210932
2024-08-30,256.5599975585937
2024-09-03,250.17999267578125
2024-09-04,250.13999938964844
2024-09-05,246.6000061035156
2024-09-06,244.2700042724609
2024-09-09,247.3600006103516
2024-09-10,248.8500061035156
2024-09-11,247.92999267578125
2024-09-12,248.2400054931641
2024-09-13,251.8099975585937
2024-09-16,253.3699951171875
2024-09-17,255.17999267578125
2024-09-18,255.6100006103516
2024-09-19,260.0299987792969
2024-09-20,255.5800018310547
2024-09-23,255.38999938964844
2024-09-24,257.9200134277344
2024-09-25,255.58999633789065
2024-09-26,260.9599914550781
2024-09-27,261.6600036621094
2024-09-30,262.6300048828125
2024-10-01,260.8299865722656
2024-10-02,260.5899963378906
2024-10-03,255.3099975585937
2024-10-04,252.0
2024-10-07,252.7899932861328
2024-10-08,250.3099975585937
2024-10-09,253.19000244140625
2024-10-10,253.6000061035156
2024-10-11,256.6199951171875
2024-10-14,257.8699951171875
2024-10-15,257.17999267578125
2024-10-16,256.6499938964844
2024-10-17,256.1400146484375
2024-10-18,257.1700134277344
2024-10-21,253.3500061035156
2024-10-22,251.1100006103516
2024-10-23,249.97000122070312
2024-10-24,248.88999938964844
2024-10-25,248.1000061035156
2024-10-28,250.3699951171875
2024-10-29,249.13999938964844
2024-10-30,250.8800048828125
2024-10-31,247.88999938964844
2024-11-01,249.02999877929688
2024-11-04,247.5599975585937
2024-11-05,253.3800048828125
2024-11-06,264.3599853515625
2024-11-07,260.57000732421875
2024-11-08,261.44000244140625
2024-11-11,261.2099914550781
2024-11-12,257.6099853515625
2024-11-13,259.0400085449219
2024-11-14,256.5599975585937
2024-11-15,254.77999877929688
2024-11-18,253.4499969482422
2024-11-19,249.8600006103516
2024-11-20,252.5599975585937
2024-11-21,256.5799865722656
2024-11-22,261.2699890136719
2024-11-25,263.6199951171875
2024-11-26,258.7300109863281
2024-11-27,259.3599853515625
2024-11-29,260.989990234375
2024-12-02,259.1499938964844
2024-12-03,258.44000244140625
2024-12-04,256.5400085449219
2024-12-05,254.5800018310547
2024-12-06,254.3999938964844
2024-12-09,255.42999267578125
2024-12-10,252.8699951171875
2024-12-11,249.5500030517578
2024-12-12,229.1100006103516
2024-12-13,226.4600067138672
2024-12-16,224.0399932861328
2024-12-17,224.009994506836
2024-12-18,212.7899932861328
2024-12-19,208.94000244140625
2024-12-20,209.72999572753903
2024-12-23,209.3099975585937
2024-12-24,212.2899932861328
2024-12-26,213.3000030517578
2024-12-27,211.2700042724609
2024-12-30,208.8300018310547
2024-12-31,209.2400054931641
2025-01-02,204.97000122070312
2025-01-03,207.5599975585937
2025-01-06,206.9600067138672
2025-01-07,205.42999267578125
2025-01-08,202.08999633789065
2025-01-10,200.1199951171875
2025-01-13,203.8300018310547
2025-01-14,207.41000366210932
2025-01-15,211.47999572753903
2025-01-16,213.82000732421875
2025-01-17,216.3800048828125
2025-01-21,220.17999267578125
2025-01-22,219.41000366210932
2025-01-23,219.4900054931641
2025-01-24,218.07000732421875
2025-01-27,224.07000732421875
2025-01-28,220.5
2025-01-29,217.97000122070312
2025-01-30,220.6300048828125
2025-01-31,220.22000122070312
2025-02-03,216.63999938964844
2025-02-04,217.1300048828125
2025-02-05,215.5500030517578
2025-02-06,215.3000030517578
2025-02-07,214.38999938964844
2025-02-10,216.8000030517578
2025-02-11,216.66000366210932
2025-02-12,214.3300018310547
2025-02-13,217.27999877929688
2025-02-14,216.4199981689453
2025-02-18,219.5200042724609
2025-02-19,217.72999572753903
2025-02-20,218.4499969482422
2025-02-21,215.44000244140625
2025-02-24,212.8000030517578
2025-02-25,214.97999572753903
2025-02-26,210.9900054931641
2025-02-27,209.5
2025-02-28,210.2899932861328
2025-03-03,207.1000061035156
2025-03-04,206.5500030517578
2025-03-05,210.44000244140625
2025-03-06,211.5399932861328
2025-03-07,215.3099975585937
2025-03-10,212.3999938964844
2025-03-11,206.009994506836
2025-03-12,204.75
2025-03-13,201.9900054931641
2025-03-14,207.3999938964844
2025-03-17,210.67999267578125
2025-03-18,208.52999877929688
2025-03-19,208.57000732421875
2025-03-20,205.63999938964844
2025-03-21,203.8600006103516
2025-03-24,207.5800018310547
2025-03-25,205.92999267578125
2025-03-26,206.5500030517578
2025-03-27,206.5500030517578
2025-03-28,200.4600067138672
2025-03-31,201.72000122070312
2025-04-01,200.9499969482422
2025-04-02,203.3500061035156
2025-04-03,186.38999938964844
2025-04-04,176.72999572753906
2025-04-07,170.8000030517578
2025-04-08,167.50999450683594
2025-04-09,187.2899932861328
2025-04-10,181.0399932861328
2025-04-11,185.5599975585937
2025-04-14,184.4499969482422
2025-04-15,183.08999633789065
2025-04-16,180.69000244140625
2025-04-17,180.8099975585937
2025-04-21,177.11000061035156
2025-04-22,183.0599975585937
2025-04-23,184.72999572753903
2025-04-24,189.4499969482422
2025-04-25,188.22000122070312
2025-04-28,188.6999969482422
2025-04-29,188.759994506836
2025-04-30,189.57000732421875
2025-05-01,190.3600006103516
2025-05-02,192.83999633789065
2025-05-05,190.8999938964844
2025-05-06,188.44000244140625
2025-05-07,189.2899932861328
2025-05-08,194.1000061035156
2025-05-09,192.6199951171875
2025-05-12,203.0
2025-05-13,202.6000061035156
2025-05-14,201.1300048828125
2025-05-15,201.1000061035156
2025-05-16,205.3500061035156
2025-05-19,204.4499969482422
2025-05-20,202.3999938964844
2025-05-21,196.47000122070312
2025-05-22,195.83999633789065
2025-05-23,193.3800048828125
2025-05-27,198.009994506836
2025-05-28,195.7400054931641
2025-05-29,208.97000122070312
2025-05-30,211.9900054931641
2025-06-02,212.17999267578125
2025-06-03,212.3099975585937
2025-06-04,213.2100067138672
2025-06-05,213.5500030517578
2025-06-06,214.759994506836
2025-06-09,219.27999877929688
2025-06-10,223.5
2025-06-11,219.27999877929688
2025-06-12,218.02999877929688
2025-06-13,214.3600006103516
2025-06-16,218.38999938964844
2025-06-17,214.1199951171875
2025-06-18,213.52999877929688
2025-06-20,209.5500030517578
2025-06-23,213.0200042724609
2025-06-24,213.3600006103516
2025-06-25,212.72000122070312
2025-06-26,214.91000366210932
2025-06-27,215.1199951171875
2025-06-30,214.3699951171875
2025-07-01,220.47999572753903
2025-07-02,222.75
2025-07-03,222.77999877929688
2025-07-07,218.7899932861328
2025-07-08,221.5
2025-07-09,222.0399932861328
2025-07-10,223.1699981689453
2025-07-11,220.82000732421875
2025-07-14,218.42999267578125
2025-07-15,214.8999938964844
2025-07-16,213.009994506836
2025-07-17,217.47000122070312
2025-07-18,217.07000732421875
2025-07-21,214.3000030517578
2025-07-22,218.3000030517578
2025-07-23,220.02999877929688
2025-07-24,219.1499938964844
2025-07-25,220.83999633789065
2025-07-28,219.3800048828125
2025-07-29,220.2100067138672
2025-07-30,215.759994506836
2025-07-31,214.2100067138672
2025-08-01,209.25
2025-08-04,212.4600067138672
2025-08-05,213.97999572753903
2025-08-06,211.1300048828125
2025-08-07,212.0599975585937
2025-08-08,211.0399932861328
2025-08-11,210.6100006103516
2025-08-12,215.7899932861328
2025-08-13,221.5800018310547
2025-08-14,217.22000122070312
2025-08-15,213.44000244140625
2025-08-18,214.1000061035156
2025-08-19,217.5
2025-08-20,213.5200042724609
2025-08-21,219.92999267578125
2025-08-22,227.1699981689453
2025-08-25,225.7899932861328
2025-08-26,226.3500061035156
2025-08-27,225.6699981689453
2025-08-28,224.6699981689453
2025-08-29,225.08999633789065
2025-09-02,222.6999969482422
2025-09-03,221.97000122070312
2025-09-04,226.009994506836
2025-09-05,225.02999877929688
2025-09-08,226.1300048828125
2025-09-09,222.1100006103516
2025-09-10,223.72000122070312
2025-09-11,227.97999572753903
2025-09-12,223.1699981689453
2025-09-15,225.9199981689453
2025-09-16,226.1300048828125
2025-09-17,223.63999938964844
2025-09-18,227.6300048828125
2025-09-19,225.0800018310547
2025-09-22,225.33999633789065
2025-09-23,224.83999633789065
2025-09-24,223.1199951171875
2025-09-25,221.5200042724609
2025-09-26,227.0
2025-09-29,227.3500061035156
2025-09-30,226.9499969482422
2025-10-01,228.5500030517578
2025-10-02,232.25
2025-10-03,233.4499969482422
2025-10-06,234.1199951171875
2025-10-07,230.8500061035156
2025-10-08,234.32000732421875
2025-10-09,233.759994506836
2025-10-10,228.16000366210932
2025-10-13,230.5200042724609
2025-10-14,233.3699951171875
2025-10-15,231.8500061035156
2025-10-16,232.0
2025-10-17,233.33999633789065
2025-10-20,235.66000366210932
2025-10-21,237.72999572753903
2025-10-22,234.1499938964844
2025-10-23,235.9499969482422
2025-10-24,235.8999938964844
2025-10-27,238.3500061035156
2025-10-28,235.32000732421875
2025-10-29,233.17999267578125
2025-10-30,231.7899932861328
2025-10-31,231.9499969482422
2025-11-03,229.66000366210932
2025-11-04,230.32000732421875
2025-11-05,233.3000030517578
2025-11-06,230.57000732421875
2025-11-07,232.6100006103516
2025-11-10,234.7700042724609
2025-11-11,236.41000366210932
2025-11-12,236.2400054931641
2025-11-13,233.1499938964844
2025-11-14,230.2700042724609
2025-11-17,227.7899932861328
2025-11-18,226.69000244140625
2025-11-19,227.57000732421875
2025-11-20,228.0800018310547
2025-11-21,233.47999572753903
2025-11-24,233.0399932861328
2025-11-25,238.3300018310547
2025-11-26,238.0
2025-11-28,237.66000366210932
2025-12-01,235.02999877929688
2025-12-02,236.52999877929688
2025-12-03,238.58999633789065
2025-12-04,238.41000366210932
2025-12-05,238.92999267578125
2025-12-08,234.4499969482422
2025-12-09,233.44000244140625
2025-12-10,236.32000732421875
2025-12-11,234.42999267578125
2025-12-12,235.4499969482422
2025-12-15,237.7899932861328
2025-12-16,236.3699951171875
2025-12-17,238.07000732421875
2025-12-18,238.33999633789065
2025-12-19,240.3800048828125
2025-12-22,243.3600006103516
2025-12-23,241.97999572753903
2025-12-24,243.47000122070312
2025-12-26,243.9900054931641
2025-12-29,243.13999938964844
2025-12-30,243.9600067138672
2025-12-31,240.42999267578125
2026-01-02,241.02999877929688
2026-01-05,245.88999938964844
2026-01-06,252.0
2026-01-07,252.8600006103516
2026-01-08,255.259994506836
2026-01-09,261.2200012207031
2026-01-12,262.3999938964844
2026-01-13,264.79998779296875
2026-01-14,266.5400085449219
2026-01-15,271.9100036621094
2026-01-16,271.9200134277344
2026-01-20,266.0799865722656
2026-01-21,273.1000061035156
2026-01-22,273.94000244140625
2026-01-23,271.2799987792969
2026-01-26,271.3099975585937
2026-01-27,273.2799987792969
2026-01-28,271.94000244140625
2026-01-29,275.0
2026-01-30,274.5299987792969
2026-02-02,276.9100036621094
2026-02-03,278.1700134277344
2026-02-04,285.95001220703125
2026-02-05,282.57000732421875
2026-02-06,290.17999267578125
2026-02-09,291.260009765625
2026-02-10,295.79998779296875
2026-02-11,294.4700012207031
2026-02-12,294.6700134277344
2026-02-13,298.19000244140625
2026-02-17,296.92999267578125
2026-02-18,299.2900085449219
2026-02-19,293.92999267578125
2026-02-20,290.1700134277344
2026-02-23,288.82000732421875
2026-02-24,294.82000732421875
2026-02-25,290.8299865722656
2026-02-26,292.6199951171875
2026-02-27,293.44000244140625
2026-03-02,292.17999267578125
2026-03-03,287.7799987792969
2026-03-04,288.4200134277344
2026-03-05,281.0199890136719
2026-03-06,272.8399963378906
2026-03-09,271.489990234375
2026-03-10,272.4599914550781
2026-03-11,273.69000244140625
2026-03-12,267.70001220703125
2026-03-13,267.57000732421875
2026-03-16,268.7099914550781
2026-03-17,271.0
2026-03-18,267.54998779296875
2026-03-19,267.2099914550781
2026-03-20,262.7300109863281
2026-03-23,268.4800109863281
2026-03-24,269.19000244140625
2026-03-25,270.8500061035156
2026-03-26,264.9599914550781
2026-03-27,260.2099914550781
2026-03-30,256.1600036621094
2026-03-31,266.0599975585937
2026-04-01,267.239990234375
2026-04-02,263.1000061035156
2026-04-06,263.2300109863281
2026-04-07,265.4700012207031
2026-04-08,274.57000732421875
2026-04-09,276.25
2026-04-10,275.2799987792969
2026-04-13,278.0899963378906
2026-04-14,279.010009765625
2026-04-15,275.0
2026-04-16,276.70001220703125
2026-04-17,281.8900146484375
2026-04-20,283.0799865722656
2026-04-21,282.7200012207031
2026-04-22,279.45001220703125
2026-04-23,283.8299865722656
2026-04-24,282.3599853515625
2026-04-27,283.42999267578125
2026-04-28,281.7900085449219
2026-04-29,280.3399963378906
2026-04-30,288.45001220703125
2026-05-01,283.20001220703125
2026-05-04,280.4200134277344
2026-05-05,282.69000244140625
2026-05-06,286.94000244140625
2026-05-07,284.1300048828125
2026-05-08,283.5299987792969
2026-05-11,281.8500061035156
2026-05-12,281.1600036621094
2026-05-13,278.92999267578125
2026-05-14,280.2799987792969
2026-05-15,274.8800048828125
2026-05-18,276.760009765625
2026-05-19,271.6400146484375
2026-05-20,276.20001220703125
2026-05-21,286.7699890136719
2026-05-22,289.8999938964844
2026-05-26,287.8299865722656
2026-05-27,288.739990234375
2026-05-28,288.1199951171875
2026-05-29,287.3299865722656
2026-06-01,281.30999755859375
2026-06-02,287.7300109863281
2026-06-03,289.45001220703125
2026-06-04,286.4800109863281
2026-06-05,282.7300109863281
2026-06-08,282.2099914550781
2026-06-09,290.1300048828125
2026-06-10,278.57000732421875
2026-06-11,285.6300048828125
2026-06-12,288.2099914550781
2026-06-15,292.239990234375
2026-06-16,292.8999938964844
2026-06-17,290.2200012207031
2026-06-18,295.9200134277344
2026-06-22,295.05999755859375
2026-06-23,291.07000732421875
2026-06-24,296.1099853515625
2026-06-25,304.6400146484375
2026-06-26,301.4700012207031
