,PSKY
2015-01-02,54.790000915527344
2015-01-05,54.2599983215332
2015-01-06,53.189998626708984
2015-01-07,53.11000061035156
2015-01-08,53.7400016784668
2015-01-09,54.560001373291016
2015-01-12,54.849998474121094
2015-01-13,55.599998474121094
2015-01-14,54.470001220703125
2015-01-15,53.54999923706055
2015-01-16,55.560001373291016
2015-01-20,55.470001220703125
2015-01-21,56.189998626708984
2015-01-22,56.72999954223633
2015-01-23,55.880001068115234
2015-01-26,57.060001373291016
2015-01-27,57.08000183105469
2015-01-28,56.290000915527344
2015-01-29,55.720001220703125
2015-01-30,54.810001373291016
2015-02-02,55.369998931884766
2015-02-03,56.91999816894531
2015-02-04,56.7400016784668
2015-02-05,56.0
2015-02-06,56.7400016784668
2015-02-09,56.7599983215332
2015-02-10,57.0
2015-02-11,56.75
2015-02-12,57.77000045776367
2015-02-13,59.83000183105469
2015-02-17,60.20000076293945
2015-02-18,59.810001373291016
2015-02-19,59.540000915527344
2015-02-20,59.5
2015-02-23,59.66999816894531
2015-02-24,59.400001525878906
2015-02-25,59.779998779296875
2015-02-26,59.13999938964844
2015-02-27,59.099998474121094
2015-03-02,61.75
2015-03-03,62.79999923706055
2015-03-04,62.459999084472656
2015-03-05,61.54999923706055
2015-03-06,60.59000015258789
2015-03-09,60.5099983215332
2015-03-10,59.43000030517578
2015-03-11,59.59000015258789
2015-03-12,61.650001525878906
2015-03-13,60.93000030517578
2015-03-16,62.08000183105469
2015-03-17,61.77000045776367
2015-03-18,63.11000061035156
2015-03-19,62.630001068115234
2015-03-20,63.349998474121094
2015-03-23,62.68000030517578
2015-03-24,62.380001068115234
2015-03-25,61.5099983215332
2015-03-26,61.0
2015-03-27,61.209999084472656
2015-03-30,61.869998931884766
2015-03-31,60.630001068115234
2015-04-01,59.619998931884766
2015-04-02,61.15999984741211
2015-04-06,60.88999938964844
2015-04-07,60.880001068115234
2015-04-08,61.27000045776367
2015-04-09,61.20000076293945
2015-04-10,61.599998474121094
2015-04-13,61.31999969482422
2015-04-14,61.5
2015-04-15,61.65999984741211
2015-04-16,61.779998779296875
2015-04-17,60.68000030517578
2015-04-20,61.20000076293945
2015-04-21,61.47999954223633
2015-04-22,61.56999969482422
2015-04-23,61.630001068115234
2015-04-24,62.720001220703125
2015-04-27,61.70000076293945
2015-04-28,61.599998474121094
2015-04-29,62.77000045776367
2015-04-30,62.130001068115234
2015-05-01,62.630001068115234
2015-05-04,62.619998931884766
2015-05-05,61.77000045776367
2015-05-06,61.119998931884766
2015-05-07,61.220001220703125
2015-05-08,60.81999969482422
2015-05-11,59.66999816894531
2015-05-12,59.720001220703125
2015-05-13,59.720001220703125
2015-05-14,59.63999938964844
2015-05-15,59.95000076293945
2015-05-18,60.779998779296875
2015-05-19,60.70000076293945
2015-05-20,61.08000183105469
2015-05-21,61.810001373291016
2015-05-22,61.59000015258789
2015-05-26,60.68000030517578
2015-05-27,62.650001525878906
2015-05-28,62.029998779296875
2015-05-29,61.720001220703125
2015-06-01,61.5
2015-06-02,61.650001525878906
2015-06-03,62.220001220703125
2015-06-04,61.7400016784668
2015-06-05,61.33000183105469
2015-06-08,60.279998779296875
2015-06-09,59.849998474121094
2015-06-10,59.4900016784668
2015-06-11,58.77000045776367
2015-06-12,58.4900016784668
2015-06-15,58.13999938964844
2015-06-16,57.689998626708984
2015-06-17,58.0
2015-06-18,58.5099983215332
2015-06-19,58.060001373291016
2015-06-22,58.34000015258789
2015-06-23,58.09000015258789
2015-06-24,56.77000045776367
2015-06-25,57.130001068115234
2015-06-26,57.0
2015-06-29,55.33000183105469
2015-06-30,55.5
2015-07-01,55.93000030517578
2015-07-02,55.52000045776367
2015-07-06,54.88999938964844
2015-07-07,55.58000183105469
2015-07-08,54.279998779296875
2015-07-09,54.25
2015-07-10,54.849998474121094
2015-07-13,55.540000915527344
2015-07-14,55.400001525878906
2015-07-15,55.369998931884766
2015-07-16,55.45000076293945
2015-07-17,54.70000076293945
2015-07-20,54.09000015258789
2015-07-21,54.099998474121094
2015-07-22,54.130001068115234
2015-07-23,53.75
2015-07-24,53.040000915527344
2015-07-27,52.66999816894531
2015-07-28,52.75
2015-07-29,52.61000061035156
2015-07-30,53.20000076293945
2015-07-31,53.470001220703125
2015-08-03,53.029998779296875
2015-08-04,52.86000061035156
2015-08-05,50.41999816894531
2015-08-06,52.2400016784668
2015-08-07,50.34000015258789
2015-08-10,51.18000030517578
2015-08-11,50.290000915527344
2015-08-12,50.16999816894531
2015-08-13,50.04999923706055
2015-08-14,49.220001220703125
2015-08-17,50.029998779296875
2015-08-18,49.349998474121094
2015-08-19,48.52000045776367
2015-08-20,46.029998779296875
2015-08-21,45.09000015258789
2015-08-24,43.95000076293945
2015-08-25,43.27000045776367
2015-08-26,44.349998474121094
2015-08-27,45.2599983215332
2015-08-28,45.790000915527344
2015-08-31,45.2400016784668
2015-09-01,43.790000915527344
2015-09-02,44.290000915527344
2015-09-03,43.810001373291016
2015-09-04,42.91999816894531
2015-09-08,43.66999816894531
2015-09-09,43.5099983215332
2015-09-10,43.939998626708984
2015-09-11,43.93000030517578
2015-09-14,43.279998779296875
2015-09-15,43.7599983215332
2015-09-16,43.58000183105469
2015-09-17,43.41999816894531
2015-09-18,42.709999084472656
2015-09-21,42.880001068115234
2015-09-22,42.58000183105469
2015-09-23,41.66999816894531
2015-09-24,40.88999938964844
2015-09-25,40.77000045776367
2015-09-28,38.66999816894531
2015-09-29,38.970001220703125
2015-09-30,39.900001525878906
2015-10-01,39.470001220703125
2015-10-02,40.29999923706055
2015-10-05,41.63999938964844
2015-10-06,41.34000015258789
2015-10-07,42.40999984741211
2015-10-08,43.86000061035156
2015-10-09,43.130001068115234
2015-10-12,42.619998931884766
2015-10-13,42.34000015258789
2015-10-14,42.43000030517578
2015-10-15,43.15999984741211
2015-10-16,43.18000030517578
2015-10-19,42.91999816894531
2015-10-20,43.95000076293945
2015-10-21,43.18000030517578
2015-10-22,43.209999084472656
2015-10-23,44.4900016784668
2015-10-26,44.36000061035156
2015-10-27,44.5
2015-10-28,45.4900016784668
2015-10-29,46.619998931884766
2015-10-30,46.52000045776367
2015-11-02,47.869998931884766
2015-11-03,48.2400016784668
2015-11-04,47.95000076293945
2015-11-05,47.77000045776367
2015-11-06,48.63999938964844
2015-11-09,48.540000915527344
2015-11-10,49.75
2015-11-11,50.310001373291016
2015-11-12,50.36000061035156
2015-11-13,49.880001068115234
2015-11-16,50.939998626708984
2015-11-17,50.779998779296875
2015-11-18,51.310001373291016
2015-11-19,51.75
2015-11-20,51.689998626708984
2015-11-23,50.97999954223633
2015-11-24,50.540000915527344
2015-11-25,50.97999954223633
2015-11-27,50.75
2015-11-30,50.47999954223633
2015-12-01,51.099998474121094
2015-12-02,50.04999923706055
2015-12-03,49.33000183105469
2015-12-04,50.0099983215332
2015-12-07,50.45000076293945
2015-12-08,49.84000015258789
2015-12-09,48.36000061035156
2015-12-10,48.529998779296875
2015-12-11,46.84000015258789
2015-12-14,46.34000015258789
2015-12-15,46.83000183105469
2015-12-16,47.5
2015-12-17,46.52000045776367
2015-12-18,45.65999984741211
2015-12-21,45.790000915527344
2015-12-22,46.61000061035156
2015-12-23,47.22999954223633
2015-12-24,47.439998626708984
2015-12-28,46.83000183105469
2015-12-29,47.290000915527344
2015-12-30,46.7599983215332
2015-12-31,47.130001068115234
2016-01-04,46.650001525878906
2016-01-05,46.119998931884766
2016-01-06,46.130001068115234
2016-01-07,45.34000015258789
2016-01-08,46.459999084472656
2016-01-11,46.779998779296875
2016-01-12,47.02000045776367
2016-01-13,44.939998626708984
2016-01-14,46.72999954223633
2016-01-15,45.880001068115234
2016-01-19,45.38999938964844
2016-01-20,44.02000045776367
2016-01-21,45.77000045776367
2016-01-22,46.939998626708984
2016-01-25,46.290000915527344
2016-01-26,47.5099983215332
2016-01-27,47.34000015258789
2016-01-28,46.290000915527344
2016-01-29,47.5
2016-02-01,47.90999984741211
2016-02-02,46.630001068115234
2016-02-03,48.2599983215332
2016-02-04,48.40999984741211
2016-02-05,46.25
2016-02-08,44.36000061035156
2016-02-09,42.650001525878906
2016-02-10,42.880001068115234
2016-02-11,43.56999969482422
2016-02-12,43.18000030517578
2016-02-16,44.91999816894531
2016-02-17,46.560001373291016
2016-02-18,45.790000915527344
2016-02-19,45.09000015258789
2016-02-22,46.869998931884766
2016-02-23,46.959999084472656
2016-02-24,47.47999954223633
2016-02-25,47.63999938964844
2016-02-26,48.29999923706055
2016-02-29,48.380001068115234
2016-03-01,50.25
2016-03-02,50.150001525878906
2016-03-03,51.47999954223633
2016-03-04,51.400001525878906
2016-03-07,52.0
2016-03-08,51.18000030517578
2016-03-09,52.099998474121094
2016-03-10,51.779998779296875
2016-03-11,53.119998931884766
2016-03-14,53.29999923706055
2016-03-15,52.59000015258789
2016-03-16,54.439998626708984
2016-03-17,54.25
2016-03-18,54.709999084472656
2016-03-21,54.02000045776367
2016-03-22,53.86000061035156
2016-03-23,53.5
2016-03-24,54.060001373291016
2016-03-28,54.61000061035156
2016-03-29,54.900001525878906
2016-03-30,54.61000061035156
2016-03-31,55.09000015258789
2016-04-01,55.16999816894531
2016-04-04,54.81999969482422
2016-04-05,54.2599983215332
2016-04-06,54.849998474121094
2016-04-07,53.58000183105469
2016-04-08,54.119998931884766
2016-04-11,53.52000045776367
2016-04-12,53.58000183105469
2016-04-13,54.290000915527344
2016-04-14,53.65999984741211
2016-04-15,53.88999938964844
2016-04-18,54.130001068115234
2016-04-19,54.959999084472656
2016-04-20,55.04999923706055
2016-04-21,55.81999969482422
2016-04-22,56.4900016784668
2016-04-25,56.290000915527344
2016-04-26,56.439998626708984
2016-04-27,56.38999938964844
2016-04-28,56.06999969482422
2016-04-29,55.90999984741211
2016-05-02,56.470001220703125
2016-05-03,55.65999984741211
2016-05-04,56.529998779296875
2016-05-05,57.470001220703125
2016-05-06,57.68000030517578
2016-05-09,56.0
2016-05-10,56.959999084472656
2016-05-11,55.79999923706055
2016-05-12,54.279998779296875
2016-05-13,53.5
2016-05-16,53.650001525878906
2016-05-17,53.459999084472656
2016-05-18,52.279998779296875
2016-05-19,52.099998474121094
2016-05-20,52.7400016784668
2016-05-23,52.439998626708984
2016-05-24,53.369998931884766
2016-05-25,53.93000030517578
2016-05-26,54.349998474121094
2016-05-27,54.869998931884766
2016-05-31,55.20000076293945
2016-06-01,55.16999816894531
2016-06-02,55.400001525878906
2016-06-03,54.38999938964844
2016-06-06,54.029998779296875
2016-06-07,53.5099983215332
2016-06-08,53.529998779296875
2016-06-09,53.0
2016-06-10,52.72999954223633
2016-06-13,52.11000061035156
2016-06-14,52.81999969482422
2016-06-15,53.20000076293945
2016-06-16,54.47999954223633
2016-06-17,53.72999954223633
2016-06-20,54.02000045776367
2016-06-21,53.439998626708984
2016-06-22,53.650001525878906
2016-06-23,53.689998626708984
2016-06-24,51.650001525878906
2016-06-27,50.88999938964844
2016-06-28,52.06999969482422
2016-06-29,52.7599983215332
2016-06-30,54.439998626708984
2016-07-01,54.86000061035156
2016-07-05,54.66999816894531
2016-07-06,55.09000015258789
2016-07-07,56.11000061035156
2016-07-08,57.08000183105469
2016-07-11,57.529998779296875
2016-07-12,57.939998626708984
2016-07-13,57.5099983215332
2016-07-14,57.939998626708984
2016-07-15,55.849998474121094
2016-07-18,54.689998626708984
2016-07-19,54.97999954223633
2016-07-20,54.529998779296875
2016-07-21,53.95000076293945
2016-07-22,55.150001525878906
2016-07-25,54.41999816894531
2016-07-26,54.439998626708984
2016-07-27,54.099998474121094
2016-07-28,54.209999084472656
2016-07-29,52.220001220703125
2016-08-01,52.099998474121094
2016-08-02,51.90999984741211
2016-08-03,52.09000015258789
2016-08-04,51.83000183105469
2016-08-05,52.16999816894531
2016-08-08,52.0099983215332
2016-08-09,51.849998474121094
2016-08-10,52.04999923706055
2016-08-11,52.91999816894531
2016-08-12,52.349998474121094
2016-08-15,52.279998779296875
2016-08-16,51.59000015258789
2016-08-17,51.75
2016-08-18,51.529998779296875
2016-08-19,51.849998474121094
2016-08-22,52.68000030517578
2016-08-23,52.79999923706055
2016-08-24,52.380001068115234
2016-08-25,51.689998626708984
2016-08-26,51.439998626708984
2016-08-29,51.459999084472656
2016-08-30,51.27000045776367
2016-08-31,51.029998779296875
2016-09-01,52.040000915527344
2016-09-02,52.220001220703125
2016-09-06,51.75
2016-09-07,52.619998931884766
2016-09-08,53.36000061035156
2016-09-09,51.90999984741211
2016-09-12,52.7599983215332
2016-09-13,51.84000015258789
2016-09-14,52.13999938964844
2016-09-15,52.2400016784668
2016-09-16,51.790000915527344
2016-09-19,51.08000183105469
2016-09-20,49.970001220703125
2016-09-21,50.08000183105469
2016-09-22,50.06999969482422
2016-09-23,50.90999984741211
2016-09-26,51.130001068115234
2016-09-27,52.04999923706055
2016-09-28,54.150001525878906
2016-09-29,54.56999969482422
2016-09-30,54.7400016784668
2016-10-03,54.93000030517578
2016-10-04,55.54999923706055
2016-10-05,56.40999984741211
2016-10-06,56.209999084472656
2016-10-07,55.220001220703125
2016-10-10,55.72999954223633
2016-10-11,55.45000076293945
2016-10-12,55.150001525878906
2016-10-13,55.2400016784668
2016-10-14,55.11000061035156
2016-10-17,55.38999938964844
2016-10-18,55.099998474121094
2016-10-19,55.529998779296875
2016-10-20,56.4900016784668
2016-10-21,57.65999984741211
2016-10-24,56.349998474121094
2016-10-25,55.9900016784668
2016-10-26,56.779998779296875
2016-10-27,56.40999984741211
2016-10-28,56.540000915527344
2016-10-31,56.619998931884766
2016-11-01,55.83000183105469
2016-11-02,55.150001525878906
2016-11-03,55.5
2016-11-04,57.0099983215332
2016-11-07,57.619998931884766
2016-11-08,57.72999954223633
2016-11-09,57.41999816894531
2016-11-10,57.150001525878906
2016-11-11,57.7400016784668
2016-11-14,58.86000061035156
2016-11-15,59.209999084472656
2016-11-16,59.380001068115234
2016-11-17,60.06999969482422
2016-11-18,60.0
2016-11-21,60.290000915527344
2016-11-22,60.93000030517578
2016-11-23,60.0099983215332
2016-11-25,60.91999816894531
2016-11-28,60.4900016784668
2016-11-29,61.0
2016-11-30,60.720001220703125
2016-12-01,60.56999969482422
2016-12-02,60.18000030517578
2016-12-05,60.9900016784668
2016-12-06,61.150001525878906
2016-12-07,63.439998626708984
2016-12-08,63.58000183105469
2016-12-09,62.560001373291016
2016-12-12,62.18000030517578
2016-12-13,63.060001373291016
2016-12-14,63.63999938964844
2016-12-15,64.02999877929688
2016-12-16,64.54000091552734
2016-12-19,64.33999633789062
2016-12-20,64.62000274658203
2016-12-21,64.62999725341797
2016-12-22,64.5
2016-12-23,64.66999816894531
2016-12-27,64.8499984741211
2016-12-28,64.5
2016-12-29,64.5
2016-12-30,63.619998931884766
2017-01-03,64.38999938964844
2017-01-04,65.73999786376953
2017-01-05,65.4800033569336
2017-01-06,64.29000091552734
2017-01-09,63.47999954223633
2017-01-10,62.689998626708984
2017-01-11,62.97999954223633
2017-01-12,62.36000061035156
2017-01-13,62.31999969482422
2017-01-17,62.2599983215332
2017-01-18,63.4900016784668
2017-01-19,62.630001068115234
2017-01-20,63.4900016784668
2017-01-23,63.2599983215332
2017-01-24,62.97999954223633
2017-01-25,63.0
2017-01-26,64.16000366210938
2017-01-27,64.73999786376953
2017-01-30,64.4000015258789
2017-01-31,64.48999786376953
2017-02-01,64.5999984741211
2017-02-02,64.13999938964844
2017-02-03,64.1500015258789
2017-02-06,64.66999816894531
2017-02-07,64.47000122070312
2017-02-08,63.5099983215332
2017-02-09,64.37999725341797
2017-02-10,64.4000015258789
2017-02-13,65.30000305175781
2017-02-14,65.33000183105469
2017-02-15,65.23999786376953
2017-02-16,65.41999816894531
2017-02-17,65.69000244140625
2017-02-21,67.45999908447266
2017-02-22,67.12000274658203
2017-02-23,66.30999755859375
2017-02-24,66.97000122070312
2017-02-27,66.2300033569336
2017-02-28,65.91999816894531
2017-03-01,67.26000213623047
2017-03-02,67.1500015258789
2017-03-03,68.23999786376953
2017-03-06,67.98999786376953
2017-03-07,67.94000244140625
2017-03-08,68.01000213623047
2017-03-09,67.69999694824219
2017-03-10,67.41000366210938
2017-03-13,67.91000366210938
2017-03-14,68.01000213623047
2017-03-15,68.18000030517578
2017-03-16,67.30000305175781
2017-03-17,66.94999694824219
2017-03-20,66.91000366210938
2017-03-21,65.97000122070312
2017-03-22,66.12000274658203
2017-03-23,66.7300033569336
2017-03-24,66.9000015258789
2017-03-27,67.48999786376953
2017-03-28,67.7699966430664
2017-03-29,68.25
2017-03-30,69.33999633789062
2017-03-31,69.36000061035156
2017-04-03,68.86000061035156
2017-04-04,69.19999694824219
2017-04-05,69.51000213623047
2017-04-06,68.87999725341797
2017-04-07,68.66999816894531
2017-04-10,68.22000122070312
2017-04-11,68.02999877929688
2017-04-12,67.16000366210938
2017-04-13,66.45999908447266
2017-04-17,67.18000030517578
2017-04-18,68.38999938964844
2017-04-19,68.56999969482422
2017-04-20,68.66999816894531
2017-04-21,66.83999633789062
2017-04-24,65.94999694824219
2017-04-25,66.41000366210938
2017-04-26,66.91000366210938
2017-04-27,66.33999633789062
2017-04-28,66.55999755859375
2017-05-01,66.6500015258789
2017-05-02,65.66000366210938
2017-05-03,63.459999084472656
2017-05-04,63.849998474121094
2017-05-05,65.19999694824219
2017-05-08,63.369998931884766
2017-05-09,63.560001373291016
2017-05-10,62.529998779296875
2017-05-11,62.75
2017-05-12,62.20000076293945
2017-05-15,62.08000183105469
2017-05-16,61.20000076293945
2017-05-17,60.380001068115234
2017-05-18,60.380001068115234
2017-05-19,61.65999984741211
2017-05-22,62.04999923706055
2017-05-23,61.470001220703125
2017-05-24,61.61000061035156
2017-05-25,61.599998474121094
2017-05-26,61.56999969482422
2017-05-30,61.52000045776367
2017-05-31,61.11000061035156
2017-06-01,61.72999954223633
2017-06-02,61.29999923706055
2017-06-05,60.34000015258789
2017-06-06,60.869998931884766
2017-06-07,61.16999816894531
2017-06-08,60.349998474121094
2017-06-09,60.709999084472656
2017-06-12,62.650001525878906
2017-06-13,61.849998474121094
2017-06-14,60.7400016784668
2017-06-15,61.5099983215332
2017-06-16,62.22999954223633
2017-06-19,62.2400016784668
2017-06-20,60.65999984741211
2017-06-21,62.529998779296875
2017-06-22,62.54999923706055
2017-06-23,63.61000061035156
2017-06-26,64.36000061035156
2017-06-27,64.0199966430664
2017-06-28,65.1500015258789
2017-06-29,63.54999923706055
2017-06-30,63.779998779296875
2017-07-03,64.16000366210938
2017-07-05,63.27000045776367
2017-07-06,62.06999969482422
2017-07-07,62.810001373291016
2017-07-10,63.70000076293945
2017-07-11,63.77000045776367
2017-07-12,63.369998931884766
2017-07-13,63.09000015258789
2017-07-14,63.95000076293945
2017-07-17,64.5999984741211
2017-07-18,64.19999694824219
2017-07-19,64.9800033569336
2017-07-20,65.86000061035156
2017-07-21,65.83000183105469
2017-07-24,66.26000213623047
2017-07-25,66.08000183105469
2017-07-26,66.62000274658203
2017-07-27,67.55999755859375
2017-07-28,67.43000030517578
2017-07-31,65.83000183105469
2017-08-01,66.08000183105469
2017-08-02,64.80999755859375
2017-08-03,64.83000183105469
2017-08-04,63.619998931884766
2017-08-07,64.5199966430664
2017-08-08,65.69999694824219
2017-08-09,65.3499984741211
2017-08-10,66.19000244140625
2017-08-11,66.70999908447266
2017-08-14,66.27999877929688
2017-08-15,66.69999694824219
2017-08-16,66.5199966430664
2017-08-17,65.69000244140625
2017-08-18,64.80000305175781
2017-08-21,65.01000213623047
2017-08-22,65.6500015258789
2017-08-23,64.72000122070312
2017-08-24,63.97999954223633
2017-08-25,63.88999938964844
2017-08-28,63.75
2017-08-29,63.27000045776367
2017-08-30,64.51000213623047
2017-08-31,64.05999755859375
2017-09-01,64.33999633789062
2017-09-05,63.63999938964844
2017-09-06,61.97999954223633
2017-09-07,60.5
2017-09-08,59.41999816894531
2017-09-11,58.0
2017-09-12,58.81999969482422
2017-09-13,60.5099983215332
2017-09-14,58.150001525878906
2017-09-15,58.22999954223633
2017-09-18,57.720001220703125
2017-09-19,58.849998474121094
2017-09-20,59.04999923706055
2017-09-21,58.790000915527344
2017-09-22,59.22999954223633
2017-09-25,60.099998474121094
2017-09-26,58.0
2017-09-27,58.209999084472656
2017-09-28,56.91999816894531
2017-09-29,58.0
2017-10-02,58.54999923706055
2017-10-03,58.88999938964844
2017-10-04,59.970001220703125
2017-10-05,58.900001525878906
2017-10-06,58.29999923706055
2017-10-09,57.91999816894531
2017-10-10,57.38999938964844
2017-10-11,57.099998474121094
2017-10-12,56.5099983215332
2017-10-13,57.0
2017-10-16,56.900001525878906
2017-10-17,56.65999984741211
2017-10-18,56.959999084472656
2017-10-19,57.83000183105469
2017-10-20,58.91999816894531
2017-10-23,57.95000076293945
2017-10-24,56.939998626708984
2017-10-25,57.22999954223633
2017-10-26,57.040000915527344
2017-10-27,56.75
2017-10-30,56.119998931884766
2017-10-31,56.119998931884766
2017-11-01,56.189998626708984
2017-11-02,54.459999084472656
2017-11-03,55.400001525878906
2017-11-06,56.959999084472656
2017-11-07,57.61000061035156
2017-11-08,57.25
2017-11-09,58.08000183105469
2017-11-10,56.7400016784668
2017-11-13,55.91999816894531
2017-11-14,56.40999984741211
2017-11-15,56.040000915527344
2017-11-16,56.400001525878906
2017-11-17,56.7400016784668
2017-11-20,55.93000030517578
2017-11-21,56.7400016784668
2017-11-22,56.2400016784668
2017-11-24,56.540000915527344
2017-11-27,55.959999084472656
2017-11-28,54.7599983215332
2017-11-29,56.540000915527344
2017-11-30,56.060001373291016
2017-12-01,57.11000061035156
2017-12-04,60.099998474121094
2017-12-05,58.099998474121094
2017-12-06,57.43000030517578
2017-12-07,57.20000076293945
2017-12-08,57.470001220703125
2017-12-11,57.68000030517578
2017-12-12,57.970001220703125
2017-12-13,57.16999816894531
2017-12-14,58.130001068115234
2017-12-15,58.900001525878906
2017-12-18,59.0
2017-12-19,59.459999084472656
2017-12-20,60.08000183105469
2017-12-21,60.529998779296875
2017-12-22,60.16999816894531
2017-12-26,60.189998626708984
2017-12-27,59.290000915527344
2017-12-28,59.2599983215332
2017-12-29,59.0
2018-01-02,59.16999816894531
2018-01-03,59.20000076293945
2018-01-04,58.0
2018-01-05,57.58000183105469
2018-01-08,56.7599983215332
2018-01-09,55.9900016784668
2018-01-10,56.65999984741211
2018-01-11,57.779998779296875
2018-01-12,58.83000183105469
2018-01-16,59.43000030517578
2018-01-17,58.900001525878906
2018-01-18,60.0
2018-01-19,57.75
2018-01-22,58.25
2018-01-23,57.52000045776367
2018-01-24,59.22999954223633
2018-01-25,59.27000045776367
2018-01-26,60.0
2018-01-29,58.72999954223633
2018-01-30,58.400001525878906
2018-01-31,57.61000061035156
2018-02-01,58.93000030517578
2018-02-02,55.400001525878906
2018-02-05,54.08000183105469
2018-02-06,53.810001373291016
2018-02-07,53.439998626708984
2018-02-08,51.79999923706055
2018-02-09,52.7599983215332
2018-02-12,53.15999984741211
2018-02-13,54.66999816894531
2018-02-14,55.849998474121094
2018-02-15,56.7400016784668
2018-02-16,55.38999938964844
2018-02-20,56.25
2018-02-21,55.380001068115234
2018-02-22,54.31999969482422
2018-02-23,55.119998931884766
2018-02-26,55.68000030517578
2018-02-27,54.150001525878906
2018-02-28,52.970001220703125
2018-03-01,52.11000061035156
2018-03-02,53.31999969482422
2018-03-05,53.40999984741211
2018-03-06,53.22999954223633
2018-03-07,52.11000061035156
2018-03-08,52.65999984741211
2018-03-09,52.18000030517578
2018-03-12,52.290000915527344
2018-03-13,51.900001525878906
2018-03-14,51.27000045776367
2018-03-15,51.040000915527344
2018-03-16,50.95000076293945
2018-03-19,50.810001373291016
2018-03-20,50.2599983215332
2018-03-21,50.869998931884766
2018-03-22,50.2599983215332
2018-03-23,49.27000045776367
2018-03-26,51.689998626708984
2018-03-27,52.349998474121094
2018-03-28,51.880001068115234
2018-03-29,51.38999938964844
2018-04-02,50.709999084472656
2018-04-03,52.86000061035156
2018-04-04,53.790000915527344
2018-04-05,52.880001068115234
2018-04-06,52.84000015258789
2018-04-09,52.849998474121094
2018-04-10,52.119998931884766
2018-04-11,51.0099983215332
2018-04-12,50.060001373291016
2018-04-13,50.06999969482422
2018-04-16,50.900001525878906
2018-04-17,51.13999938964844
2018-04-18,51.16999816894531
2018-04-19,50.95000076293945
2018-04-20,49.33000183105469
2018-04-23,49.709999084472656
2018-04-24,49.95000076293945
2018-04-25,50.41999816894531
2018-04-26,50.029998779296875
2018-04-27,49.970001220703125
2018-04-30,49.20000076293945
2018-05-01,49.61000061035156
2018-05-02,48.9900016784668
2018-05-03,48.7400016784668
2018-05-04,53.16999816894531
2018-05-07,52.41999816894531
2018-05-08,51.27000045776367
2018-05-09,51.439998626708984
2018-05-10,52.31999969482422
2018-05-11,52.52000045776367
2018-05-14,53.650001525878906
2018-05-15,54.41999816894531
2018-05-16,53.83000183105469
2018-05-17,51.61000061035156
2018-05-18,51.75
2018-05-21,52.0
2018-05-22,51.52000045776367
2018-05-23,50.5099983215332
2018-05-24,50.599998474121094
2018-05-25,50.970001220703125
2018-05-29,50.27000045776367
2018-05-30,51.22999954223633
2018-05-31,50.369998931884766
2018-06-01,49.97999954223633
2018-06-04,50.11000061035156
2018-06-05,50.22999954223633
2018-06-06,50.63999938964844
2018-06-07,51.0099983215332
2018-06-08,51.130001068115234
2018-06-11,51.9900016784668
2018-06-12,52.380001068115234
2018-06-13,54.2599983215332
2018-06-14,55.119998931884766
2018-06-15,56.11000061035156
2018-06-18,56.310001373291016
2018-06-19,56.459999084472656
2018-06-20,58.20000076293945
2018-06-21,56.400001525878906
2018-06-22,56.70000076293945
2018-06-25,56.2400016784668
2018-06-26,55.86000061035156
2018-06-27,55.709999084472656
2018-06-28,56.130001068115234
2018-06-29,56.220001220703125
2018-07-02,55.97999954223633
2018-07-03,55.63999938964844
2018-07-05,56.900001525878906
2018-07-06,58.150001525878906
2018-07-09,58.369998931884766
2018-07-10,58.7400016784668
2018-07-11,59.29999923706055
2018-07-12,59.119998931884766
2018-07-13,59.0099983215332
2018-07-16,58.83000183105469
2018-07-17,58.02000045776367
2018-07-18,58.220001220703125
2018-07-19,57.439998626708984
2018-07-20,57.22999954223633
2018-07-23,56.869998931884766
2018-07-24,56.65999984741211
2018-07-25,57.310001373291016
2018-07-26,57.529998779296875
2018-07-27,54.0099983215332
2018-07-30,51.279998779296875
2018-07-31,52.66999816894531
2018-08-01,52.54999923706055
2018-08-02,52.720001220703125
2018-08-03,53.15999984741211
2018-08-06,52.849998474121094
2018-08-07,53.220001220703125
2018-08-08,53.15999984741211
2018-08-09,53.56999969482422
2018-08-10,52.52000045776367
2018-08-13,52.209999084472656
2018-08-14,52.56999969482422
2018-08-15,52.79999923706055
2018-08-16,52.97999954223633
2018-08-17,53.220001220703125
2018-08-20,53.560001373291016
2018-08-21,53.970001220703125
2018-08-22,53.380001068115234
2018-08-23,52.880001068115234
2018-08-24,53.099998474121094
2018-08-27,53.65999984741211
2018-08-28,53.38999938964844
2018-08-29,53.88999938964844
2018-08-30,53.0099983215332
2018-08-31,53.02000045776367
2018-09-04,52.59000015258789
2018-09-05,52.95000076293945
2018-09-06,54.619998931884766
2018-09-07,56.060001373291016
2018-09-10,55.20000076293945
2018-09-11,55.400001525878906
2018-09-12,55.13999938964844
2018-09-13,56.209999084472656
2018-09-14,55.849998474121094
2018-09-17,56.279998779296875
2018-09-18,55.66999816894531
2018-09-19,55.970001220703125
2018-09-20,56.70000076293945
2018-09-21,56.7400016784668
2018-09-24,56.58000183105469
2018-09-25,56.54999923706055
2018-09-26,56.5
2018-09-27,56.54999923706055
2018-09-28,57.45000076293945
2018-10-01,55.7599983215332
2018-10-02,56.5099983215332
2018-10-03,55.90999984741211
2018-10-04,56.02000045776367
2018-10-05,55.31999969482422
2018-10-08,57.04999923706055
2018-10-09,57.380001068115234
2018-10-10,55.529998779296875
2018-10-11,53.81999969482422
2018-10-12,54.31999969482422
2018-10-15,54.36000061035156
2018-10-16,55.04999923706055
2018-10-17,55.86000061035156
2018-10-18,56.16999816894531
2018-10-19,57.20000076293945
2018-10-22,56.79999923706055
2018-10-23,56.2599983215332
2018-10-24,53.279998779296875
2018-10-25,54.68000030517578
2018-10-26,53.83000183105469
2018-10-29,54.130001068115234
2018-10-30,56.2400016784668
2018-10-31,57.349998474121094
2018-11-01,58.4900016784668
2018-11-02,56.16999816894531
2018-11-05,57.29999923706055
2018-11-06,57.790000915527344
2018-11-07,57.810001373291016
2018-11-08,57.91999816894531
2018-11-09,57.54999923706055
2018-11-12,57.130001068115234
2018-11-13,56.970001220703125
2018-11-14,56.959999084472656
2018-11-15,57.29999923706055
2018-11-16,57.4900016784668
2018-11-19,54.970001220703125
2018-11-20,52.880001068115234
2018-11-21,53.72999954223633
2018-11-23,53.91999816894531
2018-11-26,53.720001220703125
2018-11-27,54.119998931884766
2018-11-28,55.13999938964844
2018-11-29,55.349998474121094
2018-11-30,54.18000030517578
2018-12-03,53.5099983215332
2018-12-04,51.349998474121094
2018-12-06,51.310001373291016
2018-12-07,51.099998474121094
2018-12-10,49.7599983215332
2018-12-11,48.2400016784668
2018-12-12,48.65999984741211
2018-12-13,47.90999984741211
2018-12-14,48.04999923706055
2018-12-17,46.81999969482422
2018-12-18,46.20000076293945
2018-12-19,45.369998931884766
2018-12-20,44.13999938964844
2018-12-21,43.36000061035156
2018-12-24,42.02000045776367
2018-12-26,43.369998931884766
2018-12-27,43.369998931884766
2018-12-28,43.40999984741211
2018-12-31,43.720001220703125
2019-01-02,45.65999984741211
2019-01-03,46.130001068115234
2019-01-04,47.16999816894531
2019-01-07,47.66999816894531
2019-01-08,48.369998931884766
2019-01-09,47.79999923706055
2019-01-10,47.849998474121094
2019-01-11,47.970001220703125
2019-01-14,47.93000030517578
2019-01-15,47.79999923706055
2019-01-16,47.810001373291016
2019-01-17,48.77000045776367
2019-01-18,49.2400016784668
2019-01-22,48.459999084472656
2019-01-23,48.45000076293945
2019-01-24,48.97999954223633
2019-01-25,49.16999816894531
2019-01-28,50.04999923706055
2019-01-29,50.36000061035156
2019-01-30,49.5
2019-01-31,49.459999084472656
2019-02-01,49.66999816894531
2019-02-04,49.5099983215332
2019-02-05,49.810001373291016
2019-02-06,49.779998779296875
2019-02-07,49.150001525878906
2019-02-08,49.560001373291016
2019-02-11,48.09000015258789
2019-02-12,48.380001068115234
2019-02-13,48.43000030517578
2019-02-14,49.099998474121094
2019-02-15,50.63999938964844
2019-02-19,50.56999969482422
2019-02-20,51.20000076293945
2019-02-21,50.91999816894531
2019-02-22,51.689998626708984
2019-02-25,50.58000183105469
2019-02-26,50.470001220703125
2019-02-27,49.619998931884766
2019-02-28,50.209999084472656
2019-03-01,50.790000915527344
2019-03-04,50.11000061035156
2019-03-05,50.20000076293945
2019-03-06,50.02000045776367
2019-03-07,49.13999938964844
2019-03-08,49.0099983215332
2019-03-11,49.08000183105469
2019-03-12,49.439998626708984
2019-03-13,48.70000076293945
2019-03-14,48.2400016784668
2019-03-15,47.70000076293945
2019-03-18,47.63999938964844
2019-03-19,47.220001220703125
2019-03-20,46.15999984741211
2019-03-21,46.099998474121094
2019-03-22,45.060001373291016
2019-03-25,45.529998779296875
2019-03-26,47.31999969482422
2019-03-27,47.58000183105469
2019-03-28,47.290000915527344
2019-03-29,47.529998779296875
2019-04-01,48.209999084472656
2019-04-02,47.939998626708984
2019-04-03,48.810001373291016
2019-04-04,49.65999984741211
2019-04-05,50.369998931884766
2019-04-08,51.38999938964844
2019-04-09,51.11000061035156
2019-04-10,51.630001068115234
2019-04-11,51.560001373291016
2019-04-12,51.58000183105469
2019-04-15,51.7599983215332
2019-04-16,52.2400016784668
2019-04-17,52.529998779296875
2019-04-18,52.38999938964844
2019-04-22,51.11000061035156
2019-04-23,51.34000015258789
2019-04-24,51.349998474121094
2019-04-25,50.65999984741211
2019-04-26,51.20000076293945
2019-04-29,51.75
2019-04-30,51.27000045776367
2019-05-01,51.130001068115234
2019-05-02,50.41999816894531
2019-05-03,49.72999954223633
2019-05-06,49.65999984741211
2019-05-07,48.4900016784668
2019-05-08,48.540000915527344
2019-05-09,48.779998779296875
2019-05-10,49.290000915527344
2019-05-13,47.25
2019-05-14,47.689998626708984
2019-05-15,47.84000015258789
2019-05-16,48.36000061035156
2019-05-17,48.380001068115234
2019-05-20,48.310001373291016
2019-05-21,48.91999816894531
2019-05-22,48.31999969482422
2019-05-23,47.90999984741211
2019-05-24,47.47999954223633
2019-05-28,47.619998931884766
2019-05-29,46.720001220703125
2019-05-30,48.20000076293945
2019-05-31,48.279998779296875
2019-06-03,48.2400016784668
2019-06-04,48.810001373291016
2019-06-05,48.310001373291016
2019-06-06,48.439998626708984
2019-06-07,48.41999816894531
2019-06-10,47.970001220703125
2019-06-11,48.08000183105469
2019-06-12,48.33000183105469
2019-06-13,49.33000183105469
2019-06-14,48.9900016784668
2019-06-17,49.150001525878906
2019-06-18,49.209999084472656
2019-06-19,49.7400016784668
2019-06-20,50.77000045776367
2019-06-21,50.470001220703125
2019-06-24,50.290000915527344
2019-06-25,49.41999816894531
2019-06-26,48.599998474121094
2019-06-27,48.81999969482422
2019-06-28,49.900001525878906
2019-07-01,50.54999923706055
2019-07-02,50.97999954223633
2019-07-03,51.84000015258789
2019-07-05,52.0099983215332
2019-07-08,52.400001525878906
2019-07-09,52.310001373291016
2019-07-10,52.56999969482422
2019-07-11,53.08000183105469
2019-07-12,53.18000030517578
2019-07-15,53.369998931884766
2019-07-16,53.5099983215332
2019-07-17,52.41999816894531
2019-07-18,51.33000183105469
2019-07-19,50.70000076293945
2019-07-22,50.0099983215332
2019-07-23,50.08000183105469
2019-07-24,51.04999923706055
2019-07-25,51.380001068115234
2019-07-26,51.849998474121094
2019-07-29,52.150001525878906
2019-07-30,52.540000915527344
2019-07-31,51.5099983215332
2019-08-01,50.619998931884766
2019-08-02,50.400001525878906
2019-08-05,49.060001373291016
2019-08-06,49.560001373291016
2019-08-07,49.18000030517578
2019-08-08,50.81999969482422
2019-08-09,48.90999984741211
2019-08-12,48.040000915527344
2019-08-13,48.70000076293945
2019-08-14,44.650001525878906
2019-08-15,43.349998474121094
2019-08-16,43.79999923706055
2019-08-19,44.220001220703125
2019-08-20,44.13999938964844
2019-08-21,44.08000183105469
2019-08-22,43.470001220703125
2019-08-23,41.40999984741211
2019-08-26,41.7599983215332
2019-08-27,41.040000915527344
2019-08-28,41.7400016784668
2019-08-29,42.36000061035156
2019-08-30,42.060001373291016
2019-09-03,41.290000915527344
2019-09-04,41.66999816894531
2019-09-05,43.0
2019-09-06,43.630001068115234
2019-09-09,44.11000061035156
2019-09-10,44.459999084472656
2019-09-11,43.810001373291016
2019-09-12,43.81999969482422
2019-09-13,43.81999969482422
2019-09-16,44.04999923706055
2019-09-17,43.29999923706055
2019-09-18,43.380001068115234
2019-09-19,42.38999938964844
2019-09-20,41.880001068115234
2019-09-23,41.970001220703125
2019-09-24,41.310001373291016
2019-09-25,41.2400016784668
2019-09-26,40.29999923706055
2019-09-27,40.31999969482422
2019-09-30,40.369998931884766
2019-10-01,40.16999816894531
2019-10-02,38.52000045776367
2019-10-03,38.45000076293945
2019-10-04,39.040000915527344
2019-10-07,38.7599983215332
2019-10-08,37.16999816894531
2019-10-09,37.61000061035156
2019-10-10,37.65999984741211
2019-10-11,38.43000030517578
2019-10-14,37.939998626708984
2019-10-15,38.06999969482422
2019-10-16,38.099998474121094
2019-10-17,37.779998779296875
2019-10-18,36.75
2019-10-21,36.349998474121094
2019-10-22,36.34000015258789
2019-10-23,36.4900016784668
2019-10-24,35.75
2019-10-25,36.040000915527344
2019-10-28,35.849998474121094
2019-10-29,36.189998626708984
2019-10-30,35.58000183105469
2019-10-31,36.040000915527344
2019-11-01,36.7400016784668
2019-11-04,37.13999938964844
2019-11-05,37.4900016784668
2019-11-06,36.81999969482422
2019-11-07,37.79999923706055
2019-11-08,38.11000061035156
2019-11-11,39.18000030517578
2019-11-12,37.7599983215332
2019-11-13,36.849998474121094
2019-11-14,37.630001068115234
2019-11-15,38.56999969482422
2019-11-18,39.34000015258789
2019-11-19,39.380001068115234
2019-11-20,39.0099983215332
2019-11-21,38.97999954223633
2019-11-22,39.52000045776367
2019-11-25,40.09000015258789
2019-11-26,40.5099983215332
2019-11-27,40.400001525878906
2019-11-29,40.380001068115234
2019-12-02,39.86000061035156
2019-12-03,39.34000015258789
2019-12-04,40.77000045776367
2019-12-05,40.86000061035156
2019-12-06,39.720001220703125
2019-12-09,38.63999938964844
2019-12-10,37.619998931884766
2019-12-11,37.290000915527344
2019-12-12,37.779998779296875
2019-12-13,38.63999938964844
2019-12-16,39.75
2019-12-17,40.279998779296875
2019-12-18,41.150001525878906
2019-12-19,41.95000076293945
2019-12-20,42.38999938964844
2019-12-23,42.189998626708984
2019-12-24,42.02000045776367
2019-12-26,42.65999984741211
2019-12-27,41.7599983215332
2019-12-30,41.47999954223633
2019-12-31,41.970001220703125
2020-01-02,42.09000015258789
2020-01-03,41.45000076293945
2020-01-06,42.060001373291016
2020-01-07,42.130001068115234
2020-01-08,41.869998931884766
2020-01-09,40.810001373291016
2020-01-10,40.310001373291016
2020-01-13,40.79999923706055
2020-01-14,40.33000183105469
2020-01-15,39.689998626708984
2020-01-16,40.040000915527344
2020-01-17,39.4900016784668
2020-01-21,38.72999954223633
2020-01-22,38.45000076293945
2020-01-23,36.9900016784668
2020-01-24,35.790000915527344
2020-01-27,35.130001068115234
2020-01-28,35.36000061035156
2020-01-29,34.689998626708984
2020-01-30,34.189998626708984
2020-01-31,34.130001068115234
2020-02-03,33.08000183105469
2020-02-04,33.56999969482422
2020-02-05,34.34000015258789
2020-02-06,34.599998474121094
2020-02-07,34.709999084472656
2020-02-10,34.209999084472656
2020-02-11,34.970001220703125
2020-02-12,35.290000915527344
2020-02-13,34.97999954223633
2020-02-14,34.97999954223633
2020-02-18,35.099998474121094
2020-02-19,35.66999816894531
2020-02-20,29.290000915527344
2020-02-21,28.260000228881836
2020-02-24,26.93000030517578
2020-02-25,25.360000610351562
2020-02-26,24.440000534057617
2020-02-27,23.889999389648438
2020-02-28,24.610000610351562
2020-03-02,24.309999465942383
2020-03-03,23.079999923706055
2020-03-04,23.100000381469727
2020-03-05,21.479999542236328
2020-03-06,21.56999969482422
2020-03-09,19.170000076293945
2020-03-10,20.530000686645508
2020-03-11,19.799999237060547
2020-03-12,16.139999389648438
2020-03-13,16.399999618530273
2020-03-16,13.609999656677246
2020-03-17,12.739999771118164
2020-03-18,12.210000038146973
2020-03-19,12.619999885559082
2020-03-20,11.970000267028809
2020-03-23,11.279999732971191
2020-03-24,14.75
2020-03-25,14.739999771118164
2020-03-26,13.989999771118164
2020-03-27,12.789999961853027
2020-03-30,14.09000015258789
2020-03-31,14.010000228881836
2020-04-01,12.779999732971191
2020-04-02,12.760000228881836
2020-04-03,12.430000305175781
2020-04-06,13.9399995803833
2020-04-07,14.6899995803833
2020-04-08,15.800000190734863
2020-04-09,16.559999465942383
2020-04-13,16.059999465942383
2020-04-14,16.270000457763672
2020-04-15,15.199999809265137
2020-04-16,14.630000114440918
2020-04-17,15.800000190734863
2020-04-20,15.520000457763672
2020-04-21,15.149999618530273
2020-04-22,14.930000305175781
2020-04-23,15.520000457763672
2020-04-24,15.630000114440918
2020-04-27,16.979999542236328
2020-04-28,17.450000762939453
2020-04-29,18.989999771118164
2020-04-30,17.260000228881836
2020-05-01,16.459999084472656
2020-05-04,16.100000381469727
2020-05-05,15.260000228881836
2020-05-06,14.880000114440918
2020-05-07,16.420000076293945
2020-05-08,18.079999923706055
2020-05-11,18.040000915527344
2020-05-12,18.25
2020-05-13,16.850000381469727
2020-05-14,17.15999984741211
2020-05-15,17.299999237060547
2020-05-18,19.049999237060547
2020-05-19,19.639999389648438
2020-05-20,19.6299991607666
2020-05-21,19.84000015258789
2020-05-22,19.59000015258789
2020-05-26,20.3700008392334
2020-05-27,22.010000228881836
2020-05-28,21.200000762939453
2020-05-29,20.739999771118164
2020-06-01,21.530000686645508
2020-06-02,21.84000015258789
2020-06-03,22.719999313354492
2020-06-04,24.1200008392334
2020-06-05,24.81999969482422
2020-06-08,28.510000228881836
2020-06-09,26.020000457763672
2020-06-10,24.0
2020-06-11,23.59000015258789
2020-06-12,22.899999618530273
2020-06-15,24.889999389648438
2020-06-16,24.190000534057617
2020-06-17,23.299999237060547
2020-06-18,24.5
2020-06-19,23.690000534057617
2020-06-22,23.489999771118164
2020-06-23,23.709999084472656
2020-06-24,23.579999923706055
2020-06-25,22.969999313354492
2020-06-26,22.31999969482422
2020-06-29,23.049999237060547
2020-06-30,23.31999969482422
2020-07-01,23.600000381469727
2020-07-02,23.25
2020-07-06,23.690000534057617
2020-07-07,22.950000762939453
2020-07-08,22.920000076293945
2020-07-09,22.100000381469727
2020-07-10,22.93000030517578
2020-07-13,23.709999084472656
2020-07-14,24.25
2020-07-15,24.950000762939453
2020-07-16,25.5
2020-07-17,25.190000534057617
2020-07-20,24.469999313354492
2020-07-21,24.520000457763672
2020-07-22,24.860000610351562
2020-07-23,25.1299991607666
2020-07-24,24.75
2020-07-27,24.829999923706055
2020-07-28,24.520000457763672
2020-07-29,25.290000915527344
2020-07-30,25.809999465942383
2020-07-31,26.06999969482422
2020-08-03,25.709999084472656
2020-08-04,26.549999237060547
2020-08-05,26.0
2020-08-06,26.889999389648438
2020-08-07,26.209999084472656
2020-08-10,26.309999465942383
2020-08-11,26.510000228881836
2020-08-12,26.239999771118164
2020-08-13,26.690000534057617
2020-08-14,27.459999084472656
2020-08-17,27.229999542236328
2020-08-18,26.969999313354492
2020-08-19,27.31999969482422
2020-08-20,26.690000534057617
2020-08-21,26.510000228881836
2020-08-24,27.639999389648438
2020-08-25,27.56999969482422
2020-08-26,27.889999389648438
2020-08-27,28.270000457763672
2020-08-28,27.989999771118164
2020-08-31,27.850000381469727
2020-09-01,27.700000762939453
2020-09-02,28.309999465942383
2020-09-03,28.25
2020-09-04,28.75
2020-09-08,28.709999084472656
2020-09-09,28.709999084472656
2020-09-10,29.299999237060547
2020-09-11,29.280000686645508
2020-09-14,29.729999542236328
2020-09-15,30.1299991607666
2020-09-16,30.68000030517578
2020-09-17,30.260000228881836
2020-09-18,30.15999984741211
2020-09-21,28.989999771118164
2020-09-22,29.40999984741211
2020-09-23,28.81999969482422
2020-09-24,29.149999618530273
2020-09-25,29.530000686645508
2020-09-28,29.84000015258789
2020-09-29,28.959999084472656
2020-09-30,28.010000228881836
2020-10-01,27.68000030517578
2020-10-02,27.969999313354492
2020-10-05,28.389999389648438
2020-10-06,28.450000762939453
2020-10-07,28.850000381469727
2020-10-08,29.610000610351562
2020-10-09,28.920000076293945
2020-10-12,28.329999923706055
2020-10-13,27.450000762939453
2020-10-14,27.34000015258789
2020-10-15,27.829999923706055
2020-10-16,27.940000534057617
2020-10-19,27.1299991607666
2020-10-20,27.459999084472656
2020-10-21,28.469999313354492
2020-10-22,29.100000381469727
2020-10-23,29.280000686645508
2020-10-26,28.75
2020-10-27,28.209999084472656
2020-10-28,27.799999237060547
2020-10-29,28.1299991607666
2020-10-30,28.56999969482422
2020-11-02,29.600000381469727
2020-11-03,30.1299991607666
2020-11-04,29.770000457763672
2020-11-05,31.290000915527344
2020-11-06,29.299999237060547
2020-11-09,29.049999237060547
2020-11-10,30.06999969482422
2020-11-11,30.200000762939453
2020-11-12,29.25
2020-11-13,30.200000762939453
2020-11-16,31.899999618530273
2020-11-17,32.290000915527344
2020-11-18,32.70000076293945
2020-11-19,33.43000030517578
2020-11-20,33.9900016784668
2020-11-23,34.619998931884766
2020-11-24,34.5099983215332
2020-11-25,34.81999969482422
2020-11-27,35.06999969482422
2020-11-30,35.279998779296875
2020-12-01,36.36000061035156
2020-12-02,36.369998931884766
2020-12-03,36.59000015258789
2020-12-04,36.95000076293945
2020-12-07,36.81999969482422
2020-12-08,36.650001525878906
2020-12-09,36.439998626708984
2020-12-10,35.869998931884766
2020-12-11,35.599998474121094
2020-12-14,34.66999816894531
2020-12-15,35.13999938964844
2020-12-16,35.88999938964844
2020-12-17,36.20000076293945
2020-12-18,35.2599983215332
2020-12-21,34.849998474121094
2020-12-22,34.88999938964844
2020-12-23,35.95000076293945
2020-12-24,35.9900016784668
2020-12-28,36.72999954223633
2020-12-29,36.720001220703125
2020-12-30,36.900001525878906
2020-12-31,37.2599983215332
2021-01-04,36.599998474121094
2021-01-05,36.9900016784668
2021-01-06,40.20000076293945
2021-01-07,40.119998931884766
2021-01-08,40.060001373291016
2021-01-11,41.060001373291016
2021-01-12,41.779998779296875
2021-01-13,43.119998931884766
2021-01-14,46.0
2021-01-15,45.29999923706055
2021-01-19,43.75
2021-01-20,43.36000061035156
2021-01-21,45.11000061035156
2021-01-22,45.58000183105469
2021-01-25,47.709999084472656
2021-01-26,51.91999816894531
2021-01-27,56.0
2021-01-28,50.61000061035156
2021-01-29,48.5
2021-02-01,52.33000183105469
2021-02-02,50.2599983215332
2021-02-03,52.060001373291016
2021-02-04,52.060001373291016
2021-02-05,54.040000915527344
2021-02-08,54.5
2021-02-09,55.029998779296875
2021-02-10,56.56999969482422
2021-02-11,57.20000076293945
2021-02-12,58.310001373291016
2021-02-16,59.13999938964844
2021-02-17,61.0
2021-02-18,62.150001525878906
2021-02-19,62.689998626708984
2021-02-22,66.13999938964844
2021-02-23,64.37000274658203
2021-02-24,65.5999984741211
2021-02-25,62.5
2021-02-26,64.48999786376953
2021-03-01,67.12999725341797
2021-03-02,68.72000122070312
2021-03-03,70.91000366210938
2021-03-04,71.87999725341797
2021-03-05,74.23999786376953
2021-03-08,83.66000366210938
2021-03-09,79.66000366210938
2021-03-10,82.88999938964844
2021-03-11,86.27999877929688
2021-03-12,94.94000244140625
2021-03-15,96.33000183105469
2021-03-16,96.23999786376953
2021-03-17,92.33999633789062
2021-03-18,96.76000213623047
2021-03-19,97.3499984741211
2021-03-22,100.33999633789062
2021-03-23,91.25
2021-03-24,70.0999984741211
2021-03-25,66.3499984741211
2021-03-26,48.22999954223633
2021-03-29,45.0099983215332
2021-03-30,46.61000061035156
2021-03-31,45.099998474121094
2021-04-01,44.63999938964844
2021-04-05,42.900001525878906
2021-04-06,44.349998474121094
2021-04-07,43.88999938964844
2021-04-08,42.290000915527344
2021-04-09,41.880001068115234
2021-04-12,39.77000045776367
2021-04-13,40.4900016784668
2021-04-14,40.220001220703125
2021-04-15,39.25
2021-04-16,39.349998474121094
2021-04-19,38.400001525878906
2021-04-20,37.91999816894531
2021-04-21,40.849998474121094
2021-04-22,40.72999954223633
2021-04-23,41.709999084472656
2021-04-26,41.81999969482422
2021-04-27,42.810001373291016
2021-04-28,41.43000030517578
2021-04-29,41.5
2021-04-30,41.02000045776367
2021-05-03,39.65999984741211
2021-05-04,39.970001220703125
2021-05-05,39.099998474121094
2021-05-06,38.150001525878906
2021-05-07,39.38999938964844
2021-05-10,39.27000045776367
2021-05-11,39.47999954223633
2021-05-12,39.060001373291016
2021-05-13,38.5099983215332
2021-05-14,38.90999984741211
2021-05-17,38.40999984741211
2021-05-18,40.15999984741211
2021-05-19,39.689998626708984
2021-05-20,41.52000045776367
2021-05-21,42.150001525878906
2021-05-24,41.540000915527344
2021-05-25,40.900001525878906
2021-05-26,42.459999084472656
2021-05-27,43.150001525878906
2021-05-28,42.41999816894531
2021-06-01,42.599998474121094
2021-06-02,42.58000183105469
2021-06-03,41.58000183105469
2021-06-04,41.70000076293945
2021-06-07,41.7400016784668
2021-06-08,41.68000030517578
2021-06-09,42.25
2021-06-10,41.5099983215332
2021-06-11,42.349998474121094
2021-06-14,42.630001068115234
2021-06-15,41.66999816894531
2021-06-16,41.810001373291016
2021-06-17,40.189998626708984
2021-06-18,40.029998779296875
2021-06-21,40.959999084472656
2021-06-22,40.75
2021-06-23,41.84000015258789
2021-06-24,42.869998931884766
2021-06-25,43.81999969482422
2021-06-28,46.0
2021-06-29,44.630001068115234
2021-06-30,45.20000076293945
2021-07-01,44.95000076293945
2021-07-02,44.15999984741211
2021-07-06,42.869998931884766
2021-07-07,42.79999923706055
2021-07-08,41.459999084472656
2021-07-09,42.77000045776367
2021-07-12,43.439998626708984
2021-07-13,42.58000183105469
2021-07-14,41.88999938964844
2021-07-15,41.290000915527344
2021-07-16,40.290000915527344
2021-07-19,39.869998931884766
2021-07-20,40.38999938964844
2021-07-21,41.29999923706055
2021-07-22,40.869998931884766
2021-07-23,40.9900016784668
2021-07-26,42.15999984741211
2021-07-27,41.34000015258789
2021-07-28,41.650001525878906
2021-07-29,41.689998626708984
2021-07-30,40.93000030517578
2021-08-02,40.84000015258789
2021-08-03,38.470001220703125
2021-08-04,38.790000915527344
2021-08-05,41.54999923706055
2021-08-06,41.5
2021-08-09,40.290000915527344
2021-08-10,40.75
2021-08-11,40.81999969482422
2021-08-12,39.959999084472656
2021-08-13,39.15999984741211
2021-08-16,38.52000045776367
2021-08-17,39.029998779296875
2021-08-18,40.470001220703125
2021-08-19,39.63999938964844
2021-08-20,39.709999084472656
2021-08-23,40.33000183105469
2021-08-24,40.70000076293945
2021-08-25,40.970001220703125
2021-08-26,39.959999084472656
2021-08-27,40.88999938964844
2021-08-30,40.22999954223633
2021-08-31,41.45000076293945
2021-09-01,41.40999984741211
2021-09-02,41.540000915527344
2021-09-03,41.279998779296875
2021-09-07,41.619998931884766
2021-09-08,40.90999984741211
2021-09-09,40.34000015258789
2021-09-10,39.650001525878906
2021-09-13,40.369998931884766
2021-09-14,38.91999816894531
2021-09-15,40.369998931884766
2021-09-16,40.43000030517578
2021-09-17,39.9900016784668
2021-09-20,38.86000061035156
2021-09-21,38.65999984741211
2021-09-22,39.20000076293945
2021-09-23,40.060001373291016
2021-09-24,39.9900016784668
2021-09-27,40.439998626708984
2021-09-28,40.22999954223633
2021-09-29,40.119998931884766
2021-09-30,39.5099983215332
2021-10-01,39.900001525878906
2021-10-04,39.11000061035156
2021-10-05,39.56999969482422
2021-10-06,39.16999816894531
2021-10-07,39.84000015258789
2021-10-08,39.810001373291016
2021-10-11,39.369998931884766
2021-10-12,39.150001525878906
2021-10-13,39.369998931884766
2021-10-14,39.470001220703125
2021-10-15,38.91999816894531
2021-10-18,38.529998779296875
2021-10-19,39.06999969482422
2021-10-20,38.869998931884766
2021-10-21,37.779998779296875
2021-10-22,37.5099983215332
2021-10-25,37.61000061035156
2021-10-26,37.08000183105469
2021-10-27,35.83000183105469
2021-10-28,37.02000045776367
2021-10-29,36.220001220703125
2021-11-01,37.25
2021-11-02,37.369998931884766
2021-11-03,37.54999923706055
2021-11-04,35.900001525878906
2021-11-05,36.34000015258789
2021-11-08,35.84000015258789
2021-11-09,35.5
2021-11-10,35.38999938964844
2021-11-11,35.599998474121094
2021-11-12,35.20000076293945
2021-11-15,35.779998779296875
2021-11-16,35.150001525878906
2021-11-17,35.08000183105469
2021-11-18,34.22999954223633
2021-11-19,33.65999984741211
2021-11-22,33.540000915527344
2021-11-23,32.95000076293945
2021-11-24,33.2400016784668
2021-11-26,32.61000061035156
2021-11-29,32.279998779296875
2021-11-30,30.950000762939453
2021-12-01,29.700000762939453
2021-12-02,29.559999465942383
2021-12-03,31.06999969482422
2021-12-06,31.1200008392334
2021-12-07,31.3799991607666
2021-12-08,31.84000015258789
2021-12-09,31.06999969482422
2021-12-10,31.219999313354492
2021-12-13,30.329999923706055
2021-12-14,29.600000381469727
2021-12-15,29.559999465942383
2021-12-16,29.739999771118164
2021-12-17,29.520000457763672
2021-12-20,28.68000030517578
2021-12-21,29.350000381469727
2021-12-22,29.18000030517578
2021-12-23,30.579999923706055
2021-12-27,30.1200008392334
2021-12-28,30.1200008392334
2021-12-29,29.989999771118164
2021-12-30,31.1200008392334
2021-12-31,30.18000030517578
2022-01-03,32.2400016784668
2022-01-04,33.04999923706055
2022-01-05,32.720001220703125
2022-01-06,32.720001220703125
2022-01-07,35.38999938964844
2022-01-10,34.90999984741211
2022-01-11,34.959999084472656
2022-01-12,34.970001220703125
2022-01-13,36.189998626708984
2022-01-14,36.81999969482422
2022-01-18,35.209999084472656
2022-01-19,35.06999969482422
2022-01-20,33.72999954223633
2022-01-21,31.25
2022-01-24,32.54999923706055
2022-01-25,32.86000061035156
2022-01-26,31.670000076293945
2022-01-27,31.40999984741211
2022-01-28,32.970001220703125
2022-01-31,33.45000076293945
2022-02-01,33.70000076293945
2022-02-02,32.77000045776367
2022-02-03,33.099998474121094
2022-02-04,33.40999984741211
2022-02-07,34.0
2022-02-08,34.529998779296875
2022-02-09,35.779998779296875
2022-02-10,35.880001068115234
2022-02-11,36.0
2022-02-14,35.029998779296875
2022-02-15,35.9900016784668
2022-02-16,29.579999923706055
2022-02-17,29.350000381469727
2022-02-18,28.3799991607666
2022-02-22,27.850000381469727
2022-02-23,28.399999618530273
2022-02-24,29.049999237060547
2022-02-25,29.559999465942383
2022-02-28,30.610000610351562
2022-03-01,32.2599983215332
2022-03-02,35.2400016784668
2022-03-03,35.439998626708984
2022-03-04,34.06999969482422
2022-03-07,33.52000045776367
2022-03-08,33.75
2022-03-09,33.7400016784668
2022-03-10,33.22999954223633
2022-03-11,32.619998931884766
2022-03-14,35.77000045776367
2022-03-15,35.209999084472656
2022-03-16,36.25
2022-03-17,36.869998931884766
2022-03-18,37.09000015258789
2022-03-21,36.400001525878906
2022-03-22,37.43000030517578
2022-03-23,37.619998931884766
2022-03-24,37.88999938964844
2022-03-25,38.47999954223633
2022-03-28,37.599998474121094
2022-03-29,38.18000030517578
2022-03-30,38.099998474121094
2022-03-31,37.810001373291016
2022-04-01,37.400001525878906
2022-04-04,37.720001220703125
2022-04-05,36.84000015258789
2022-04-06,35.849998474121094
2022-04-07,35.310001373291016
2022-04-08,35.939998626708984
2022-04-11,35.90999984741211
2022-04-12,36.060001373291016
2022-04-13,36.2400016784668
2022-04-14,36.40999984741211
2022-04-18,35.970001220703125
2022-04-19,36.279998779296875
2022-04-20,33.15999984741211
2022-04-21,32.310001373291016
2022-04-22,31.040000915527344
2022-04-25,31.200000762939453
2022-04-26,29.3700008392334
2022-04-27,28.93000030517578
2022-04-28,29.049999237060547
2022-04-29,29.1200008392334
2022-05-02,30.270000457763672
2022-05-03,29.8799991607666
2022-05-04,30.18000030517578
2022-05-05,29.719999313354492
2022-05-06,27.90999984741211
2022-05-09,27.440000534057617
2022-05-10,27.420000076293945
2022-05-11,26.690000534057617
2022-05-12,27.1200008392334
2022-05-13,28.350000381469727
2022-05-16,28.020000457763672
2022-05-17,32.31999969482422
2022-05-18,31.549999237060547
2022-05-19,32.220001220703125
2022-05-20,32.63999938964844
2022-05-23,33.09000015258789
2022-05-24,31.799999237060547
2022-05-25,32.349998474121094
2022-05-26,32.400001525878906
2022-05-27,33.90999984741211
2022-05-31,34.33000183105469
2022-06-01,32.349998474121094
2022-06-02,31.43000030517578
2022-06-03,30.799999237060547
2022-06-06,30.420000076293945
2022-06-07,30.559999465942383
2022-06-08,30.739999771118164
2022-06-09,29.149999618530273
2022-06-10,28.09000015258789
2022-06-13,25.809999465942383
2022-06-14,25.40999984741211
2022-06-15,25.649999618530273
2022-06-16,24.25
2022-06-17,24.559999465942383
2022-06-21,24.600000381469727
2022-06-22,24.440000534057617
2022-06-23,24.520000457763672
2022-06-24,25.760000228881836
2022-06-27,25.979999542236328
2022-06-28,25.559999465942383
2022-06-29,25.079999923706055
2022-06-30,24.68000030517578
2022-07-01,25.209999084472656
2022-07-05,25.190000534057617
2022-07-06,25.059999465942383
2022-07-07,25.899999618530273
2022-07-08,25.559999465942383
2022-07-11,24.170000076293945
2022-07-12,25.09000015258789
2022-07-13,25.020000457763672
2022-07-14,24.1200008392334
2022-07-15,25.0
2022-07-18,24.520000457763672
2022-07-19,25.049999237060547
2022-07-20,26.010000228881836
2022-07-21,26.020000457763672
2022-07-22,25.270000457763672
2022-07-25,25.34000015258789
2022-07-26,24.139999389648438
2022-07-27,24.530000686645508
2022-07-28,24.350000381469727
2022-07-29,23.649999618530273
2022-08-01,24.149999618530273
2022-08-02,24.469999313354492
2022-08-03,25.040000915527344
2022-08-04,25.309999465942383
2022-08-05,24.260000228881836
2022-08-08,25.209999084472656
2022-08-09,24.690000534057617
2022-08-10,25.09000015258789
2022-08-11,25.799999237060547
2022-08-12,26.190000534057617
2022-08-15,26.559999465942383
2022-08-16,27.200000762939453
2022-08-17,26.299999237060547
2022-08-18,25.969999313354492
2022-08-19,25.899999618530273
2022-08-22,24.559999465942383
2022-08-23,24.5
2022-08-24,25.010000228881836
2022-08-25,25.940000534057617
2022-08-26,24.899999618530273
2022-08-29,24.34000015258789
2022-08-30,24.059999465942383
2022-08-31,23.389999389648438
2022-09-01,23.459999084472656
2022-09-02,23.1200008392334
2022-09-06,22.899999618530273
2022-09-07,22.959999084472656
2022-09-08,22.709999084472656
2022-09-09,23.65999984741211
2022-09-12,24.260000228881836
2022-09-13,22.530000686645508
2022-09-14,21.920000076293945
2022-09-15,23.049999237060547
2022-09-16,22.729999542236328
2022-09-19,23.100000381469727
2022-09-20,22.610000610351562
2022-09-21,21.399999618530273
2022-09-22,20.8700008392334
2022-09-23,20.170000076293945
2022-09-26,19.65999984741211
2022-09-27,19.399999618530273
2022-09-28,19.829999923706055
2022-09-29,18.950000762939453
2022-09-30,19.040000915527344
2022-10-03,19.6200008392334
2022-10-04,20.06999969482422
2022-10-05,19.56999969482422
2022-10-06,19.1299991607666
2022-10-07,18.649999618530273
2022-10-10,18.559999465942383
2022-10-11,18.239999771118164
2022-10-12,18.540000915527344
2022-10-13,19.149999618530273
2022-10-14,18.770000457763672
2022-10-17,19.290000915527344
2022-10-18,19.59000015258789
2022-10-19,19.079999923706055
2022-10-20,19.110000610351562
2022-10-21,19.219999313354492
2022-10-24,19.09000015258789
2022-10-25,19.670000076293945
2022-10-26,19.34000015258789
2022-10-27,18.399999618530273
2022-10-28,19.020000457763672
2022-10-31,18.31999969482422
2022-11-01,19.170000076293945
2022-11-02,16.790000915527344
2022-11-03,16.209999084472656
2022-11-04,15.569999694824219
2022-11-07,16.3700008392334
2022-11-08,16.579999923706055
2022-11-09,15.529999732971191
2022-11-10,16.56999969482422
2022-11-11,18.809999465942383
2022-11-14,18.489999771118164
2022-11-15,19.440000534057617
2022-11-16,18.139999389648438
2022-11-17,18.40999984741211
2022-11-18,18.65999984741211
2022-11-21,18.520000457763672
2022-11-22,19.139999389648438
2022-11-23,19.65999984741211
2022-11-25,19.90999984741211
2022-11-28,19.239999771118164
2022-11-29,19.75
2022-11-30,20.079999923706055
2022-12-01,20.170000076293945
2022-12-02,20.3799991607666
2022-12-05,19.510000228881836
2022-12-06,18.149999618530273
2022-12-07,18.010000228881836
2022-12-08,18.100000381469727
2022-12-09,19.020000457763672
2022-12-12,19.670000076293945
2022-12-13,19.670000076293945
2022-12-14,19.360000610351562
2022-12-15,17.65999984741211
2022-12-16,17.309999465942383
2022-12-19,16.920000076293945
2022-12-20,16.8799991607666
2022-12-21,16.8799991607666
2022-12-22,16.940000534057617
2022-12-23,16.65999984741211
2022-12-27,16.520000457763672
2022-12-28,16.110000610351562
2022-12-29,16.770000457763672
2022-12-30,16.8799991607666
2023-01-03,17.06999969482422
2023-01-04,18.5
2023-01-05,18.65999984741211
2023-01-06,19.030000686645508
2023-01-09,19.549999237060547
2023-01-10,19.889999389648438
2023-01-11,20.0
2023-01-12,20.229999542236328
2023-01-13,20.059999465942383
2023-01-17,20.639999389648438
2023-01-18,20.020000457763672
2023-01-19,19.56999969482422
2023-01-20,20.299999237060547
2023-01-23,21.15999984741211
2023-01-24,20.829999923706055
2023-01-25,21.93000030517578
2023-01-26,22.40999984741211
2023-01-27,23.06999969482422
2023-01-30,22.610000610351562
2023-01-31,23.15999984741211
2023-02-01,24.399999618530273
2023-02-02,25.25
2023-02-03,24.600000381469727
2023-02-06,24.059999465942383
2023-02-07,23.350000381469727
2023-02-08,22.420000076293945
2023-02-09,21.790000915527344
2023-02-10,21.59000015258789
2023-02-13,22.309999465942383
2023-02-14,22.450000762939453
2023-02-15,24.540000915527344
2023-02-16,23.5
2023-02-17,23.690000534057617
2023-02-21,22.93000030517578
2023-02-22,23.299999237060547
2023-02-23,23.440000534057617
2023-02-24,22.299999237060547
2023-02-27,22.09000015258789
2023-02-28,21.420000076293945
2023-03-01,21.719999313354492
2023-03-02,22.350000381469727
2023-03-03,22.59000015258789
2023-03-06,22.040000915527344
2023-03-07,21.479999542236328
2023-03-08,21.8700008392334
2023-03-09,20.860000610351562
2023-03-10,19.889999389648438
2023-03-13,19.399999618530273
2023-03-14,19.649999618530273
2023-03-15,19.799999237060547
2023-03-16,19.969999313354492
2023-03-17,19.700000762939453
2023-03-20,20.0
2023-03-21,21.25
2023-03-22,20.690000534057617
2023-03-23,20.739999771118164
2023-03-24,20.229999542236328
2023-03-27,20.760000228881836
2023-03-28,21.40999984741211
2023-03-29,21.510000228881836
2023-03-30,21.709999084472656
2023-03-31,22.309999465942383
2023-04-03,21.790000915527344
2023-04-04,21.610000610351562
2023-04-05,21.0
2023-04-06,21.65999984741211
2023-04-10,22.299999237060547
2023-04-11,22.8799991607666
2023-04-12,22.1299991607666
2023-04-13,22.139999389648438
2023-04-14,21.579999923706055
2023-04-17,22.079999923706055
2023-04-18,21.81999969482422
2023-04-19,22.559999465942383
2023-04-20,22.149999618530273
2023-04-21,22.530000686645508
2023-04-24,22.579999923706055
2023-04-25,21.969999313354492
2023-04-26,21.649999618530273
2023-04-27,23.079999923706055
2023-04-28,23.329999923706055
2023-05-01,23.440000534057617
2023-05-02,22.989999771118164
2023-05-03,22.889999389648438
2023-05-04,16.399999618530273
2023-05-05,16.860000610351562
2023-05-08,16.989999771118164
2023-05-09,16.530000686645508
2023-05-10,15.850000381469727
2023-05-11,15.369999885559082
2023-05-12,15.020000457763672
2023-05-15,15.8100004196167
2023-05-16,14.949999809265137
2023-05-17,15.569999694824219
2023-05-18,15.710000038146973
2023-05-19,15.170000076293945
2023-05-22,14.989999771118164
2023-05-23,14.920000076293945
2023-05-24,14.640000343322754
2023-05-25,14.079999923706055
2023-05-26,14.90999984741211
2023-05-30,15.859999656677246
2023-05-31,15.210000038146973
2023-06-01,15.390000343322754
2023-06-02,15.399999618530273
2023-06-05,15.130000114440918
2023-06-06,15.789999961853027
2023-06-07,16.399999618530273
2023-06-08,16.579999923706055
2023-06-09,16.100000381469727
2023-06-12,16.510000228881836
2023-06-13,16.6200008392334
2023-06-14,16.600000381469727
2023-06-15,16.530000686645508
2023-06-16,16.280000686645508
2023-06-20,15.670000076293945
2023-06-21,15.739999771118164
2023-06-22,15.550000190734863
2023-06-23,15.359999656677246
2023-06-26,15.569999694824219
2023-06-27,15.880000114440918
2023-06-28,15.739999771118164
2023-06-29,15.989999771118164
2023-06-30,15.90999984741211
2023-07-03,16.31999969482422
2023-07-05,16.149999618530273
2023-07-06,16.469999313354492
2023-07-07,16.290000915527344
2023-07-10,16.239999771118164
2023-07-11,16.829999923706055
2023-07-12,16.540000915527344
2023-07-13,16.81999969482422
2023-07-14,15.960000038146973
2023-07-17,15.359999656677246
2023-07-18,15.520000457763672
2023-07-19,16.040000915527344
2023-07-20,15.899999618530273
2023-07-21,15.520000457763672
2023-07-24,15.479999542236328
2023-07-25,15.100000381469727
2023-07-26,15.489999771118164
2023-07-27,15.039999961853027
2023-07-28,15.329999923706055
2023-07-31,16.030000686645508
2023-08-01,16.059999465942383
2023-08-02,15.550000190734863
2023-08-03,15.09000015258789
2023-08-04,15.630000114440918
2023-08-07,16.09000015258789
2023-08-08,16.350000381469727
2023-08-09,15.619999885559082
2023-08-10,15.470000267028809
2023-08-11,15.270000457763672
2023-08-14,14.930000305175781
2023-08-15,15.369999885559082
2023-08-16,14.989999771118164
2023-08-17,14.550000190734863
2023-08-18,14.8100004196167
2023-08-21,14.640000343322754
2023-08-22,14.539999961853027
2023-08-23,15.0
2023-08-24,14.729999542236328
2023-08-25,14.4399995803833
2023-08-28,14.739999771118164
2023-08-29,14.960000038146973
2023-08-30,15.100000381469727
2023-08-31,15.09000015258789
2023-09-01,13.649999618530273
2023-09-05,13.649999618530273
2023-09-06,13.399999618530273
2023-09-07,13.020000457763672
2023-09-08,13.65999984741211
2023-09-11,13.550000190734863
2023-09-12,13.510000228881836
2023-09-13,13.369999885559082
2023-09-14,13.789999961853027
2023-09-15,14.0600004196167
2023-09-18,13.600000381469727
2023-09-19,13.600000381469727
2023-09-20,13.239999771118164
2023-09-21,13.300000190734863
2023-09-22,12.640000343322754
2023-09-25,12.65999984741211
2023-09-26,12.460000038146973
2023-09-27,12.779999732971191
2023-09-28,12.819999694824219
2023-09-29,12.899999618530273
2023-10-02,12.59000015258789
2023-10-03,11.989999771118164
2023-10-04,11.829999923706055
2023-10-05,11.670000076293945
2023-10-06,11.819999694824219
2023-10-09,11.960000038146973
2023-10-10,12.430000305175781
2023-10-11,12.140000343322754
2023-10-12,11.729999542236328
2023-10-13,11.899999618530273
2023-10-16,12.260000228881836
2023-10-17,12.460000038146973
2023-10-18,12.1899995803833
2023-10-19,11.779999732971191
2023-10-20,11.5
2023-10-23,11.1899995803833
2023-10-24,11.149999618530273
2023-10-25,10.9399995803833
2023-10-26,10.899999618530273
2023-10-27,10.699999809265137
2023-10-30,11.0
2023-10-31,10.880000114440918
2023-11-01,10.800000190734863
2023-11-02,11.920000076293945
2023-11-03,13.760000228881836
2023-11-06,12.6899995803833
2023-11-07,12.84000015258789
2023-11-08,11.819999694824219
2023-11-09,12.130000114440918
2023-11-10,12.100000381469727
2023-11-13,12.0
2023-11-14,12.520000457763672
2023-11-15,13.170000076293945
2023-11-16,12.760000228881836
2023-11-17,13.1899995803833
2023-11-20,13.930000305175781
2023-11-21,14.0600004196167
2023-11-22,14.15999984741211
2023-11-24,14.210000038146973
2023-11-27,14.149999618530273
2023-11-28,13.90999984741211
2023-11-29,14.40999984741211
2023-11-30,14.369999885559082
2023-12-01,15.779999732971191
2023-12-04,15.949999809265137
2023-12-05,15.510000228881836
2023-12-06,15.220000267028809
2023-12-07,15.029999732971191
2023-12-08,16.850000381469727
2023-12-11,16.239999771118164
2023-12-12,15.270000457763672
2023-12-13,15.729999542236328
2023-12-14,16.709999084472656
2023-12-15,16.270000457763672
2023-12-18,15.510000228881836
2023-12-19,15.819999694824219
2023-12-20,15.5
2023-12-21,15.069999694824219
2023-12-22,15.0
2023-12-26,15.020000457763672
2023-12-27,14.989999771118164
2023-12-28,15.149999618530273
2023-12-29,14.789999961853027
2024-01-02,14.399999618530273
2024-01-03,14.1899995803833
2024-01-04,14.489999771118164
2024-01-05,14.649999618530273
2024-01-08,14.6899995803833
2024-01-09,14.229999542236328
2024-01-10,14.119999885559082
2024-01-11,13.350000381469727
2024-01-12,13.329999923706055
2024-01-16,13.229999542236328
2024-01-17,13.0
2024-01-18,13.109999656677246
2024-01-19,13.399999618530273
2024-01-22,13.75
2024-01-23,13.680000305175781
2024-01-24,13.359999656677246
2024-01-25,13.960000038146973
2024-01-26,13.800000190734863
2024-01-29,13.75
2024-01-30,13.680000305175781
2024-01-31,14.59000015258789
2024-02-01,14.680000305175781
2024-02-02,14.430000305175781
2024-02-05,14.020000457763672
2024-02-06,13.989999771118164
2024-02-07,12.850000381469727
2024-02-08,13.010000228881836
2024-02-09,12.899999618530273
2024-02-12,13.40999984741211
2024-02-13,13.0
2024-02-14,13.1899995803833
2024-02-15,12.59000015258789
2024-02-16,12.0
2024-02-20,11.949999809265137
2024-02-21,11.800000190734863
2024-02-22,11.710000038146973
2024-02-23,11.210000038146973
2024-02-26,11.09000015258789
2024-02-27,11.25
2024-02-28,11.0600004196167
2024-02-29,11.039999961853027
2024-03-01,10.949999809265137
2024-03-04,10.300000190734863
2024-03-05,10.210000038146973
2024-03-06,10.5
2024-03-07,10.800000190734863
2024-03-08,10.930000305175781
2024-03-11,11.619999885559082
2024-03-12,11.59000015258789
2024-03-13,11.680000305175781
2024-03-14,11.260000228881836
2024-03-15,11.210000038146973
2024-03-18,11.199999809265137
2024-03-19,11.1899995803833
2024-03-20,12.510000228881836
2024-03-21,11.819999694824219
2024-03-22,11.25
2024-03-25,11.449999809265137
2024-03-26,11.369999885559082
2024-03-27,11.699999809265137
2024-03-28,11.770000457763672
2024-04-01,11.75
2024-04-02,11.760000228881836
2024-04-03,13.520000457763672
2024-04-04,12.369999885559082
2024-04-05,11.970000267028809
2024-04-08,11.0600004196167
2024-04-09,10.970000267028809
2024-04-10,10.5
2024-04-11,11.270000457763672
2024-04-12,10.960000038146973
2024-04-15,10.899999618530273
2024-04-16,10.430000305175781
2024-04-17,10.8100004196167
2024-04-18,10.970000267028809
2024-04-19,12.4399995803833
2024-04-22,12.380000114440918
2024-04-23,12.739999771118164
2024-04-24,12.680000305175781
2024-04-25,12.180000305175781
2024-04-26,11.90999984741211
2024-04-29,12.25
2024-04-30,11.390000343322754
2024-05-01,12.260000228881836
2024-05-02,13.859999656677246
2024-05-03,12.890000343322754
2024-05-06,13.289999961853027
2024-05-07,12.890000343322754
2024-05-08,12.819999694824219
2024-05-09,13.079999923706055
2024-05-10,13.050000190734863
2024-05-13,13.010000228881836
2024-05-14,12.329999923706055
2024-05-15,12.5600004196167
2024-05-16,12.640000343322754
2024-05-17,12.020000457763672
2024-05-20,12.020000457763672
2024-05-21,12.100000381469727
2024-05-22,12.199999809265137
2024-05-23,11.789999961853027
2024-05-24,11.960000038146973
2024-05-28,12.010000228881836
2024-05-29,11.699999809265137
2024-05-30,11.819999694824219
2024-05-31,11.90999984741211
2024-06-03,12.800000190734863
2024-06-04,12.239999771118164
2024-06-05,12.079999923706055
2024-06-06,11.970000267028809
2024-06-07,12.010000228881836
2024-06-10,11.979999542236328
2024-06-11,11.039999961853027
2024-06-12,11.119999885559082
2024-06-13,10.350000381469727
2024-06-14,10.170000076293945
2024-06-17,9.829999923706055
2024-06-18,9.609999656677246
2024-06-20,10.0600004196167
2024-06-21,10.149999618530273
2024-06-24,10.289999961853027
2024-06-25,10.109999656677246
2024-06-26,9.970000267028809
2024-06-27,10.260000228881836
2024-06-28,10.390000343322754
2024-07-01,10.140000343322754
2024-07-02,10.720000267028809
2024-07-03,11.460000038146973
2024-07-05,11.8100004196167
2024-07-08,11.180000305175781
2024-07-09,11.529999732971191
2024-07-10,11.699999809265137
2024-07-11,11.729999542236328
2024-07-12,11.5600004196167
2024-07-15,11.579999923706055
2024-07-16,11.949999809265137
2024-07-17,11.869999885559082
2024-07-18,11.630000114440918
2024-07-19,11.520000457763672
2024-07-22,11.539999961853027
2024-07-23,11.739999771118164
2024-07-24,11.649999618530273
2024-07-25,11.460000038146973
2024-07-26,11.1899995803833
2024-07-29,11.0600004196167
2024-07-30,11.239999771118164
2024-07-31,11.420000076293945
2024-08-01,11.109999656677246
2024-08-02,11.0
2024-08-05,10.529999732971191
2024-08-06,10.449999809265137
2024-08-07,10.460000038146973
2024-08-08,10.210000038146973
2024-08-09,10.300000190734863
2024-08-12,10.319999694824219
2024-08-13,10.289999961853027
2024-08-14,10.229999542236328
2024-08-15,10.960000038146973
2024-08-16,11.0
2024-08-19,11.069999694824219
2024-08-20,10.9399995803833
2024-08-21,11.09000015258789
2024-08-22,11.180000305175781
2024-08-23,11.359999656677246
2024-08-26,11.329999923706055
2024-08-27,10.520000457763672
2024-08-28,10.699999809265137
2024-08-29,10.460000038146973
2024-08-30,10.470000267028809
2024-09-03,10.420000076293945
2024-09-04,10.460000038146973
2024-09-05,10.380000114440918
2024-09-06,10.09000015258789
2024-09-09,10.3100004196167
2024-09-10,10.09000015258789
2024-09-11,9.979999542236328
2024-09-12,10.260000228881836
2024-09-13,10.569999694824219
2024-09-16,10.420000076293945
2024-09-17,10.4399995803833
2024-09-18,10.5600004196167
2024-09-19,10.460000038146973
2024-09-20,10.369999885559082
2024-09-23,10.380000114440918
2024-09-24,10.550000190734863
2024-09-25,10.550000190734863
2024-09-26,10.65999984741211
2024-09-27,10.789999961853027
2024-09-30,10.619999885559082
2024-10-01,10.600000381469727
2024-10-02,10.430000305175781
2024-10-03,10.449999809265137
2024-10-04,10.520000457763672
2024-10-07,10.520000457763672
2024-10-08,10.5
2024-10-09,10.550000190734863
2024-10-10,10.34000015258789
2024-10-11,10.350000381469727
2024-10-14,10.369999885559082
2024-10-15,10.5
2024-10-16,10.520000457763672
2024-10-17,10.329999923706055
2024-10-18,10.449999809265137
2024-10-21,10.3100004196167
2024-10-22,10.270000457763672
2024-10-23,10.3100004196167
2024-10-24,10.300000190734863
2024-10-25,10.270000457763672
2024-10-28,10.430000305175781
2024-10-29,10.470000267028809
2024-10-30,10.65999984741211
2024-10-31,10.9399995803833
2024-11-01,10.979999542236328
2024-11-04,10.869999885559082
2024-11-05,11.09000015258789
2024-11-06,11.380000114440918
2024-11-07,11.529999732971191
2024-11-08,11.069999694824219
2024-11-11,11.550000190734863
2024-11-12,11.449999809265137
2024-11-13,11.15999984741211
2024-11-14,11.350000381469727
2024-11-15,10.84000015258789
2024-11-18,10.609999656677246
2024-11-19,10.329999923706055
2024-11-20,10.579999923706055
2024-11-21,11.09000015258789
2024-11-22,10.880000114440918
2024-11-25,11.119999885559082
2024-11-26,10.640000343322754
2024-11-27,10.770000457763672
2024-11-29,10.850000381469727
2024-12-02,10.979999542236328
2024-12-03,10.920000076293945
2024-12-04,11.020000457763672
2024-12-05,10.8100004196167
2024-12-06,10.989999771118164
2024-12-09,11.170000076293945
2024-12-10,11.199999809265137
2024-12-11,11.1899995803833
2024-12-12,11.630000114440918
2024-12-13,11.220000267028809
2024-12-16,10.979999542236328
2024-12-17,10.8100004196167
2024-12-18,10.680000305175781
2024-12-19,10.579999923706055
2024-12-20,10.65999984741211
2024-12-23,10.350000381469727
2024-12-24,10.420000076293945
2024-12-26,10.4399995803833
2024-12-27,10.399999618530273
2024-12-30,10.34000015258789
2024-12-31,10.460000038146973
2025-01-02,10.579999923706055
2025-01-03,10.670000076293945
2025-01-06,10.930000305175781
2025-01-07,10.890000343322754
2025-01-08,10.640000343322754
2025-01-10,10.479999542236328
2025-01-13,10.720000267028809
2025-01-14,10.670000076293945
2025-01-15,10.4399995803833
2025-01-16,10.15999984741211
2025-01-17,10.270000457763672
2025-01-21,10.479999542236328
2025-01-22,10.510000228881836
2025-01-23,10.869999885559082
2025-01-24,11.069999694824219
2025-01-27,11.15999984741211
2025-01-28,11.0600004196167
2025-01-29,11.09000015258789
2025-01-30,10.979999542236328
2025-01-31,10.880000114440918
2025-02-03,10.729999542236328
2025-02-04,10.920000076293945
2025-02-05,10.84000015258789
2025-02-06,10.84000015258789
2025-02-07,10.630000114440918
2025-02-10,10.550000190734863
2025-02-11,10.569999694824219
2025-02-12,10.640000343322754
2025-02-13,10.8100004196167
2025-02-14,11.300000190734863
2025-02-18,11.3100004196167
2025-02-19,11.4399995803833
2025-02-20,11.470000267028809
2025-02-21,11.489999771118164
2025-02-24,11.670000076293945
2025-02-25,11.5
2025-02-26,11.220000267028809
2025-02-27,11.239999771118164
2025-02-28,11.359999656677246
2025-03-03,11.3100004196167
2025-03-04,11.479999542236328
2025-03-05,11.510000228881836
2025-03-06,11.760000228881836
2025-03-07,12.140000343322754
2025-03-10,12.0
2025-03-11,11.470000267028809
2025-03-12,11.579999923706055
2025-03-13,11.640000343322754
2025-03-14,11.6899995803833
2025-03-17,11.680000305175781
2025-03-18,11.65999984741211
2025-03-19,11.739999771118164
2025-03-20,11.930000305175781
2025-03-21,11.859999656677246
2025-03-24,11.640000343322754
2025-03-25,11.609999656677246
2025-03-26,11.859999656677246
2025-03-27,11.680000305175781
2025-03-28,11.5600004196167
2025-03-31,11.960000038146973
2025-04-01,11.729999542236328
2025-04-02,11.899999618530273
2025-04-03,11.479999542236328
2025-04-04,11.069999694824219
2025-04-07,10.859999656677246
2025-04-08,10.649999618530273
2025-04-09,11.140000343322754
2025-04-10,10.920000076293945
2025-04-11,10.6899995803833
2025-04-14,10.6899995803833
2025-04-15,10.859999656677246
2025-04-16,10.710000038146973
2025-04-17,10.9399995803833
2025-04-21,10.760000228881836
2025-04-22,10.979999542236328
2025-04-23,11.199999809265137
2025-04-24,11.430000305175781
2025-04-25,11.729999542236328
2025-04-28,11.6899995803833
2025-04-29,11.75
2025-04-30,11.739999771118164
2025-05-01,11.649999618530273
2025-05-02,11.430000305175781
2025-05-05,11.25
2025-05-06,11.5
2025-05-07,11.569999694824219
2025-05-08,11.680000305175781
2025-05-09,11.9399995803833
2025-05-12,11.949999809265137
2025-05-13,11.989999771118164
2025-05-14,11.8100004196167
2025-05-15,11.899999618530273
2025-05-16,11.699999809265137
2025-05-19,11.779999732971191
2025-05-20,11.869999885559082
2025-05-21,11.890000343322754
2025-05-22,11.859999656677246
2025-05-23,11.970000267028809
2025-05-27,12.029999732971191
2025-05-28,12.09000015258789
2025-05-29,12.180000305175781
2025-05-30,12.100000381469727
2025-06-02,11.9399995803833
2025-06-03,12.010000228881836
2025-06-04,11.930000305175781
2025-06-05,11.899999618530273
2025-06-06,11.920000076293945
2025-06-09,12.0
2025-06-10,12.170000076293945
2025-06-11,12.239999771118164
2025-06-12,11.9399995803833
2025-06-13,11.890000343322754
2025-06-16,11.989999771118164
2025-06-17,11.970000267028809
2025-06-18,12.039999961853027
2025-06-20,12.350000381469727
2025-06-23,12.319999694824219
2025-06-24,12.210000038146973
2025-06-25,12.220000267028809
2025-06-26,12.319999694824219
2025-06-27,12.529999732971191
2025-06-30,12.899999618530273
2025-07-01,13.15999984741211
2025-07-02,12.84000015258789
2025-07-03,12.899999618530273
2025-07-07,12.529999732971191
2025-07-08,12.630000114440918
2025-07-09,12.609999656677246
2025-07-10,12.770000457763672
2025-07-11,12.75
2025-07-14,13.0
2025-07-15,12.960000038146973
2025-07-16,12.970000267028809
2025-07-17,12.9399995803833
2025-07-18,12.989999771118164
2025-07-21,13.029999732971191
2025-07-22,13.109999656677246
2025-07-23,13.199999809265137
2025-07-24,13.260000228881836
2025-07-25,13.050000190734863
2025-07-28,13.039999961853027
2025-07-29,13.25
2025-07-30,13.300000190734863
2025-07-31,12.569999694824219
2025-08-01,13.010000228881836
2025-08-04,12.3100004196167
2025-08-05,11.75
2025-08-06,11.039999961853027
2025-08-07,11.739999771118164
2025-08-08,10.510000228881836
2025-08-11,10.119999885559082
2025-08-12,10.970000267028809
2025-08-13,15.0
2025-08-14,14.380000114440918
2025-08-15,13.720000267028809
2025-08-18,13.5
2025-08-19,13.479999542236328
2025-08-20,13.979999542236328
2025-08-21,16.030000686645508
2025-08-22,16.0
2025-08-25,15.960000038146973
2025-08-26,15.84000015258789
2025-08-27,14.8100004196167
2025-08-28,14.6899995803833
2025-08-29,14.699999809265137
2025-09-02,14.460000038146973
2025-09-03,15.0600004196167
2025-09-04,14.739999771118164
2025-09-05,15.0
2025-09-08,15.1899995803833
2025-09-09,15.199999809265137
2025-09-10,15.109999656677246
2025-09-11,17.459999084472656
2025-09-12,18.790000915527344
2025-09-15,18.579999923706055
2025-09-16,17.530000686645508
2025-09-17,17.920000076293945
2025-09-18,17.8799991607666
2025-09-19,18.920000076293945
2025-09-22,18.610000610351562
2025-09-23,19.729999542236328
2025-09-24,19.1200008392334
2025-09-25,18.93000030517578
2025-09-26,18.920000076293945
2025-09-29,19.5
2025-09-30,18.920000076293945
2025-10-01,18.889999389648438
2025-10-02,18.6200008392334
2025-10-03,19.09000015258789
2025-10-06,19.1299991607666
2025-10-07,18.510000228881836
2025-10-08,18.5
2025-10-09,17.969999313354492
2025-10-10,17.0
2025-10-13,17.100000381469727
2025-10-14,17.290000915527344
2025-10-15,17.43000030517578
2025-10-16,16.899999618530273
2025-10-17,16.770000457763672
2025-10-20,16.989999771118164
2025-10-21,16.510000228881836
2025-10-22,16.56999969482422
2025-10-23,16.469999313354492
2025-10-24,16.719999313354492
2025-10-27,16.56999969482422
2025-10-28,16.209999084472656
2025-10-29,15.880000114440918
2025-10-30,15.460000038146973
2025-10-31,15.390000343322754
2025-11-03,15.420000076293945
2025-11-04,14.84000015258789
2025-11-05,15.09000015258789
2025-11-06,14.800000190734863
2025-11-07,15.100000381469727
2025-11-10,15.25
2025-11-11,16.739999771118164
2025-11-12,15.569999694824219
2025-11-13,15.369999885559082
2025-11-14,15.680000305175781
2025-11-17,15.729999542236328
2025-11-18,16.09000015258789
2025-11-19,15.470000267028809
2025-11-20,15.680000305175781
2025-11-21,15.890000343322754
2025-11-24,15.0600004196167
2025-11-25,15.640000343322754
2025-11-26,15.789999961853027
2025-11-28,16.020000457763672
2025-12-01,15.710000038146973
2025-12-02,15.819999694824219
2025-12-03,14.670000076293945
2025-12-04,14.819999694824219
2025-12-05,13.369999885559082
2025-12-08,14.569999694824219
2025-12-09,14.640000343322754
2025-12-10,14.720000267028809
2025-12-11,14.119999885559082
2025-12-12,13.739999771118164
2025-12-15,13.989999771118164
2025-12-16,13.850000381469727
2025-12-17,13.100000381469727
2025-12-18,13.010000228881836
2025-12-19,13.050000190734863
2025-12-22,13.609999656677246
2025-12-23,13.529999732971191
2025-12-24,13.739999771118164
2025-12-26,13.59000015258789
2025-12-29,13.5
2025-12-30,13.510000228881836
2025-12-31,13.399999618530273
2026-01-02,13.180000305175781
2026-01-05,12.979999542236328
2026-01-06,12.5
2026-01-07,12.369999885559082
2026-01-08,12.270000457763672
2026-01-09,12.0600004196167
2026-01-12,12.149999618530273
2026-01-13,12.140000343322754
2026-01-14,12.079999923706055
2026-01-15,11.829999923706055
2026-01-16,11.800000190734863
2026-01-20,11.550000190734863
2026-01-21,11.600000381469727
2026-01-22,11.779999732971191
2026-01-23,11.699999809265137
2026-01-26,11.890000343322754
2026-01-27,11.550000190734863
2026-01-28,11.34000015258789
2026-01-29,11.260000228881836
2026-01-30,11.210000038146973
2026-02-02,11.180000305175781
2026-02-03,10.8100004196167
2026-02-04,10.75
2026-02-05,10.520000457763672
2026-02-06,10.5600004196167
2026-02-09,10.680000305175781
2026-02-10,10.84000015258789
2026-02-11,11.010000228881836
2026-02-12,10.25
2026-02-13,10.319999694824219
2026-02-17,10.829999923706055
2026-02-18,11.119999885559082
2026-02-19,10.9399995803833
2026-02-20,10.710000038146973
2026-02-23,10.5600004196167
2026-02-24,10.390000343322754
2026-02-25,10.15999984741211
2026-02-26,11.180000305175781
2026-02-27,13.510000228881836
2026-03-02,13.34000015258789
2026-03-03,12.449999809265137
2026-03-04,12.050000190734863
2026-03-05,11.739999771118164
2026-03-06,11.989999771118164
2026-03-09,11.1899995803833
2026-03-10,10.329999923706055
2026-03-11,9.9399995803833
2026-03-12,9.800000190734863
2026-03-13,9.720000267028809
2026-03-16,9.5
2026-03-17,9.229999542236328
2026-03-18,9.0
2026-03-19,8.960000038146973
2026-03-20,9.149999618530273
2026-03-23,9.140000343322754
2026-03-24,9.170000076293945
2026-03-25,9.229999542236328
2026-03-26,8.880000114440918
2026-03-27,8.789999961853027
2026-03-30,8.920000076293945
2026-03-31,9.020000457763672
2026-04-01,9.25
2026-04-02,9.520000457763672
2026-04-06,9.850000381469727
2026-04-07,10.899999618530273
2026-04-08,10.819999694824219
2026-04-09,10.850000381469727
2026-04-10,10.619999885559082
