,TECH
2015-01-02,22.86000061035156
2015-01-05,22.584999084472656
2015-01-06,22.387500762939453
2015-01-07,22.690000534057617
2015-01-08,22.877500534057617
2015-01-09,22.94499969482422
2015-01-12,22.8799991607666
2015-01-13,23.122499465942383
2015-01-14,23.270000457763672
2015-01-15,22.897499084472656
2015-01-16,23.26499938964844
2015-01-20,23.332500457763672
2015-01-21,23.262500762939453
2015-01-22,23.415000915527344
2015-01-23,23.350000381469727
2015-01-26,23.362499237060547
2015-01-27,23.287500381469727
2015-01-28,23.27499961853028
2015-01-29,23.5575008392334
2015-01-30,23.2549991607666
2015-02-02,23.26499938964844
2015-02-03,22.5625
2015-02-04,22.51499938964844
2015-02-05,22.8125
2015-02-06,22.51000022888184
2015-02-09,22.44499969482422
2015-02-10,22.875
2015-02-11,22.84000015258789
2015-02-12,23.19499969482422
2015-02-13,23.65250015258789
2015-02-17,23.957500457763672
2015-02-18,24.0049991607666
2015-02-19,23.912500381469727
2015-02-20,24.09000015258789
2015-02-23,24.420000076293945
2015-02-24,24.3700008392334
2015-02-25,24.67250061035156
2015-02-26,24.6299991607666
2015-02-27,24.38249969482422
2015-03-02,24.57749938964844
2015-03-03,24.34749984741211
2015-03-04,24.38500022888184
2015-03-05,24.45249938964844
2015-03-06,24.3700008392334
2015-03-09,24.262500762939453
2015-03-10,23.912500381469727
2015-03-11,24.22249984741211
2015-03-12,24.112499237060547
2015-03-13,24.13999938964844
2015-03-16,24.375
2015-03-17,24.415000915527344
2015-03-18,24.584999084472656
2015-03-19,25.13249969482422
2015-03-20,25.290000915527344
2015-03-23,25.177499771118164
2015-03-24,25.14999961853028
2015-03-25,24.6875
2015-03-26,24.61750030517578
2015-03-27,24.76000022888184
2015-03-30,25.15999984741211
2015-03-31,25.07250022888184
2015-04-01,24.987499237060547
2015-04-02,24.6299991607666
2015-04-06,25.102500915527344
2015-04-07,24.725000381469727
2015-04-08,24.877500534057617
2015-04-09,24.957500457763672
2015-04-10,24.997499465942383
2015-04-13,25.01749992370605
2015-04-14,24.989999771118164
2015-04-15,25.03499984741211
2015-04-16,25.21500015258789
2015-04-17,25.25749969482422
2015-04-20,25.4375
2015-04-21,25.44499969482422
2015-04-22,25.46500015258789
2015-04-23,25.6825008392334
2015-04-24,25.21249961853028
2015-04-27,24.65250015258789
2015-04-28,24.674999237060547
2015-04-29,24.600000381469727
2015-04-30,23.989999771118164
2015-05-01,24.1825008392334
2015-05-04,24.21249961853028
2015-05-05,24.372499465942383
2015-05-06,24.58749961853028
2015-05-07,24.44750022888184
2015-05-08,24.64249992370605
2015-05-11,24.5674991607666
2015-05-12,24.63999938964844
2015-05-13,24.72249984741211
2015-05-14,25.229999542236328
2015-05-15,25.2549991607666
2015-05-18,25.54750061035156
2015-05-19,25.647499084472656
2015-05-20,25.6875
2015-05-21,25.690000534057617
2015-05-22,25.65250015258789
2015-05-26,25.51000022888184
2015-05-27,25.584999084472656
2015-05-28,25.487499237060547
2015-05-29,25.3125
2015-06-01,25.125
2015-06-02,25.045000076293945
2015-06-03,25.045000076293945
2015-06-04,25.049999237060547
2015-06-05,24.6875
2015-06-08,24.832500457763672
2015-06-09,24.5674991607666
2015-06-10,24.77499961853028
2015-06-11,24.987499237060547
2015-06-12,24.834999084472656
2015-06-15,24.522499084472656
2015-06-16,24.440000534057617
2015-06-17,24.482500076293945
2015-06-18,24.90250015258789
2015-06-19,25.11000061035156
2015-06-22,25.29750061035156
2015-06-23,25.34000015258789
2015-06-24,24.86750030517578
2015-06-25,25.037500381469727
2015-06-26,25.07250022888184
2015-06-29,24.530000686645508
2015-06-30,24.61750030517578
2015-07-01,24.38500022888184
2015-07-02,24.13500022888184
2015-07-06,24.46999931335449
2015-07-07,24.354999542236328
2015-07-08,24.112499237060547
2015-07-09,24.3075008392334
2015-07-10,24.69499969482422
2015-07-13,25.162500381469727
2015-07-14,25.662500381469727
2015-07-15,25.81999969482422
2015-07-16,26.14249992370605
2015-07-17,25.967500686645508
2015-07-20,26.127500534057617
2015-07-21,26.2549991607666
2015-07-22,26.792499542236328
2015-07-23,26.8700008392334
2015-07-24,26.8125
2015-07-27,26.80500030517578
2015-07-28,27.237499237060547
2015-07-29,27.420000076293945
2015-07-30,27.502500534057617
2015-07-31,27.34499931335449
2015-08-03,27.5
2015-08-04,27.44499969482422
2015-08-05,27.76499938964844
2015-08-06,27.482500076293945
2015-08-07,27.122499465942383
2015-08-10,27.237499237060547
2015-08-11,26.989999771118164
2015-08-12,26.627500534057617
2015-08-13,26.5
2015-08-14,26.412500381469727
2015-08-17,26.625
2015-08-18,26.44750022888184
2015-08-19,26.32749938964844
2015-08-20,25.924999237060547
2015-08-21,25.377500534057617
2015-08-24,23.665000915527344
2015-08-25,23.315000534057617
2015-08-26,23.875
2015-08-27,24.125
2015-08-28,24.0
2015-08-31,23.6200008392334
2015-09-01,22.987499237060547
2015-09-02,23.25
2015-09-03,23.01000022888184
2015-09-04,23.059999465942383
2015-09-08,23.592500686645508
2015-09-09,23.31999969482422
2015-09-10,23.690000534057617
2015-09-11,23.864999771118164
2015-09-14,23.95499992370605
2015-09-15,24.177499771118164
2015-09-16,23.924999237060547
2015-09-17,24.082500457763672
2015-09-18,23.75749969482422
2015-09-21,23.709999084472656
2015-09-22,23.78249931335449
2015-09-23,23.65749931335449
2015-09-24,23.43000030517578
2015-09-25,22.707500457763672
2015-09-28,22.232500076293945
2015-09-29,22.707500457763672
2015-09-30,23.114999771118164
2015-10-01,22.770000457763672
2015-10-02,23.38500022888184
2015-10-05,23.4325008392334
2015-10-06,23.28499984741211
2015-10-07,23.565000534057617
2015-10-08,23.42250061035156
2015-10-09,23.604999542236328
2015-10-12,23.825000762939453
2015-10-13,23.302499771118164
2015-10-14,22.89249992370605
2015-10-15,23.450000762939453
2015-10-16,23.74250030517578
2015-10-19,23.977500915527344
2015-10-20,23.934999465942383
2015-10-21,23.967500686645508
2015-10-22,23.270000457763672
2015-10-23,23.877500534057617
2015-10-26,23.89999961853028
2015-10-27,23.98500061035156
2015-10-28,21.862499237060547
2015-10-29,21.834999084472656
2015-10-30,22.049999237060547
2015-11-02,22.607500076293945
2015-11-03,22.352500915527344
2015-11-04,22.26000022888184
2015-11-05,22.227500915527344
2015-11-06,22.39999961853028
2015-11-09,22.200000762939453
2015-11-10,22.627500534057617
2015-11-11,22.270000457763672
2015-11-12,21.770000457763672
2015-11-13,21.75
2015-11-16,21.924999237060547
2015-11-17,22.03499984741211
2015-11-18,22.92250061035156
2015-11-19,22.53499984741211
2015-11-20,22.5049991607666
2015-11-23,22.82749938964844
2015-11-24,22.600000381469727
2015-11-25,22.852500915527344
2015-11-27,23.15749931335449
2015-11-30,22.802499771118164
2015-12-01,22.875
2015-12-02,23.002500534057617
2015-12-03,22.90999984741211
2015-12-04,23.03499984741211
2015-12-07,22.95499992370605
2015-12-08,22.98500061035156
2015-12-09,22.600000381469727
2015-12-10,22.614999771118164
2015-12-11,22.04750061035156
2015-12-14,22.26749992370605
2015-12-15,22.2549991607666
2015-12-16,22.655000686645508
2015-12-17,22.405000686645508
2015-12-18,22.03499984741211
2015-12-21,21.96999931335449
2015-12-22,22.2549991607666
2015-12-23,22.46999931335449
2015-12-24,22.802499771118164
2015-12-28,22.90999984741211
2015-12-29,22.96249961853028
2015-12-30,22.802499771118164
2015-12-31,22.5
2016-01-04,22.0575008392334
2016-01-05,21.99250030517578
2016-01-06,21.924999237060547
2016-01-07,21.787500381469727
2016-01-08,21.440000534057617
2016-01-11,21.065000534057617
2016-01-12,21.309999465942383
2016-01-13,20.604999542236328
2016-01-14,20.88249969482422
2016-01-15,20.82999992370605
2016-01-19,20.537500381469727
2016-01-20,20.59749984741211
2016-01-21,20.662500381469727
2016-01-22,21.467500686645508
2016-01-25,20.67250061035156
2016-01-26,21.002500534057617
2016-01-27,20.832500457763672
2016-01-28,20.30500030517578
2016-01-29,20.67250061035156
2016-02-01,20.45249938964844
2016-02-02,21.5625
2016-02-03,21.457500457763672
2016-02-04,21.200000762939453
2016-02-05,21.88249969482422
2016-02-08,21.2450008392334
2016-02-09,21.17250061035156
2016-02-10,21.225000381469727
2016-02-11,20.84499931335449
2016-02-12,21.145000457763672
2016-02-16,21.864999771118164
2016-02-17,21.9424991607666
2016-02-18,21.78249931335449
2016-02-19,22.107500076293945
2016-02-22,22.11750030517578
2016-02-23,21.637500762939453
2016-02-24,21.700000762939453
2016-02-25,21.762500762939453
2016-02-26,21.737499237060547
2016-02-29,21.459999084472656
2016-03-01,22.497499465942383
2016-03-02,22.612499237060547
2016-03-03,22.75
2016-03-04,23.14249992370605
2016-03-07,23.3174991607666
2016-03-08,23.065000534057617
2016-03-09,23.07999992370605
2016-03-10,23.07999992370605
2016-03-11,23.559999465942383
2016-03-14,23.56999969482422
2016-03-15,23.02499961853028
2016-03-16,23.352500915527344
2016-03-17,23.354999542236328
2016-03-18,23.6825008392334
2016-03-21,23.69750022888184
2016-03-22,23.70499992370605
2016-03-23,23.20249938964844
2016-03-24,23.467500686645508
2016-03-28,23.2450008392334
2016-03-29,23.497499465942383
2016-03-30,23.88999938964844
2016-03-31,23.6299991607666
2016-04-01,23.875
2016-04-04,23.662500381469727
2016-04-05,23.037500381469727
2016-04-06,23.70249938964844
2016-04-07,23.467500686645508
2016-04-08,23.270000457763672
2016-04-11,23.01000022888184
2016-04-12,22.9950008392334
2016-04-13,23.15999984741211
2016-04-14,22.959999084472656
2016-04-15,23.232500076293945
2016-04-18,23.49250030517578
2016-04-19,23.162500381469727
2016-04-20,23.145000457763672
2016-04-21,23.479999542236328
2016-04-22,23.70499992370605
2016-04-25,23.272499084472656
2016-04-26,23.42250061035156
2016-04-27,23.497499465942383
2016-04-28,23.13999938964844
2016-04-29,23.295000076293945
2016-05-02,23.325000762939453
2016-05-03,25.137500762939453
2016-05-04,24.98500061035156
2016-05-05,25.100000381469727
2016-05-06,25.227500915527344
2016-05-09,25.46249961853028
2016-05-10,25.487499237060547
2016-05-11,25.32250022888184
2016-05-12,25.295000076293945
2016-05-13,25.475000381469727
2016-05-16,25.77499961853028
2016-05-17,25.627500534057617
2016-05-18,25.65250015258789
2016-05-19,25.75
2016-05-20,26.104999542236328
2016-05-23,26.27499961853028
2016-05-24,26.70249938964844
2016-05-25,26.77499961853028
2016-05-26,26.790000915527344
2016-05-27,27.40250015258789
2016-05-31,27.46999931335449
2016-06-01,27.84000015258789
2016-06-02,27.924999237060547
2016-06-03,27.65250015258789
2016-06-06,28.02750015258789
2016-06-07,28.229999542236328
2016-06-08,28.545000076293945
2016-06-09,28.45499992370605
2016-06-10,28.270000457763672
2016-06-13,28.084999084472656
2016-06-14,28.1299991607666
2016-06-15,28.15999984741211
2016-06-16,28.184999465942383
2016-06-17,27.53499984741211
2016-06-20,27.737499237060547
2016-06-21,27.700000762939453
2016-06-22,27.79750061035156
2016-06-23,28.184999465942383
2016-06-24,27.864999771118164
2016-06-27,26.920000076293945
2016-06-28,27.28249931335449
2016-06-29,27.2450008392334
2016-06-30,28.1924991607666
2016-07-01,28.059999465942383
2016-07-05,28.114999771118164
2016-07-06,28.237499237060547
2016-07-07,28.792499542236328
2016-07-08,28.792499542236328
2016-07-11,28.604999542236328
2016-07-12,28.65749931335449
2016-07-13,28.582500457763672
2016-07-14,27.96999931335449
2016-07-15,27.729999542236328
2016-07-18,27.90999984741211
2016-07-19,27.71999931335449
2016-07-20,27.8700008392334
2016-07-21,27.72249984741211
2016-07-22,27.6875
2016-07-25,27.604999542236328
2016-07-26,27.59749984741211
2016-07-27,27.677499771118164
2016-07-28,27.69499969482422
2016-07-29,28.104999542236328
2016-08-01,28.44499969482422
2016-08-02,28.174999237060547
2016-08-03,28.162500381469727
2016-08-04,28.11750030517578
2016-08-05,28.155000686645508
2016-08-08,27.895000457763672
2016-08-09,27.815000534057617
2016-08-10,27.76000022888184
2016-08-11,27.905000686645508
2016-08-12,27.72249984741211
2016-08-15,27.864999771118164
2016-08-16,27.582500457763672
2016-08-17,28.037500381469727
2016-08-18,26.647499084472656
2016-08-19,26.787500381469727
2016-08-22,26.79750061035156
2016-08-23,26.65749931335449
2016-08-24,26.23500061035156
2016-08-25,26.272499084472656
2016-08-26,26.420000076293945
2016-08-29,26.50749969482422
2016-08-30,26.125
2016-08-31,26.33749961853028
2016-09-01,26.63249969482422
2016-09-02,26.71999931335449
2016-09-06,26.825000762939453
2016-09-07,27.475000381469727
2016-09-08,27.6299991607666
2016-09-09,26.530000686645508
2016-09-12,26.96999931335449
2016-09-13,26.395000457763672
2016-09-14,26.752500534057617
2016-09-15,27.42250061035156
2016-09-16,26.8700008392334
2016-09-19,27.334999084472656
2016-09-20,27.15749931335449
2016-09-21,26.872499465942383
2016-09-22,27.377500534057617
2016-09-23,27.084999084472656
2016-09-26,27.0625
2016-09-27,27.342500686645508
2016-09-28,27.177499771118164
2016-09-29,27.065000534057617
2016-09-30,27.375
2016-10-03,27.415000915527344
2016-10-04,27.59000015258789
2016-10-05,27.72249984741211
2016-10-06,27.792499542236328
2016-10-07,27.739999771118164
2016-10-10,27.747499465942383
2016-10-11,26.677499771118164
2016-10-12,26.292499542236328
2016-10-13,26.424999237060547
2016-10-14,26.424999237060547
2016-10-17,26.272499084472656
2016-10-18,26.30500030517578
2016-10-19,26.18000030517578
2016-10-20,26.48500061035156
2016-10-21,26.23500061035156
2016-10-24,26.3799991607666
2016-10-25,25.709999084472656
2016-10-26,25.375
2016-10-27,25.29750061035156
2016-10-28,25.2549991607666
2016-10-31,25.997499465942383
2016-11-01,25.332500457763672
2016-11-02,25.06999969482422
2016-11-03,24.81999969482422
2016-11-04,24.86000061035156
2016-11-07,25.19750022888184
2016-11-08,25.1875
2016-11-09,25.95499992370605
2016-11-10,26.32749938964844
2016-11-11,26.622499465942383
2016-11-14,26.637500762939453
2016-11-15,26.530000686645508
2016-11-16,26.26749992370605
2016-11-17,26.36000061035156
2016-11-18,26.19499969482422
2016-11-21,26.155000686645508
2016-11-22,26.3174991607666
2016-11-23,26.56999969482422
2016-11-25,26.78499984741211
2016-11-28,26.489999771118164
2016-11-29,26.71999931335449
2016-11-30,26.34000015258789
2016-12-01,26.467500686645508
2016-12-02,26.350000381469727
2016-12-05,26.59000015258789
2016-12-06,27.0625
2016-12-07,26.647499084472656
2016-12-08,27.01000022888184
2016-12-09,26.875
2016-12-12,26.27499961853028
2016-12-13,26.34749984741211
2016-12-14,26.270000457763672
2016-12-15,26.334999084472656
2016-12-16,26.207500457763672
2016-12-19,26.0575008392334
2016-12-20,26.177499771118164
2016-12-21,25.63249969482422
2016-12-22,25.5625
2016-12-23,25.80500030517578
2016-12-27,26.01000022888184
2016-12-28,25.82749938964844
2016-12-29,25.864999771118164
2016-12-30,25.707500457763672
2017-01-03,25.65250015258789
2017-01-04,26.2450008392334
2017-01-05,25.792499542236328
2017-01-06,25.93000030517578
2017-01-09,25.809999465942383
2017-01-10,26.002500534057617
2017-01-11,25.415000915527344
2017-01-12,25.502500534057617
2017-01-13,25.34749984741211
2017-01-17,24.76499938964844
2017-01-18,24.75
2017-01-19,24.5
2017-01-20,24.5049991607666
2017-01-23,24.475000381469727
2017-01-24,24.487499237060547
2017-01-25,24.74250030517578
2017-01-26,24.729999542236328
2017-01-27,24.96500015258789
2017-01-30,24.780000686645508
2017-01-31,25.4375
2017-02-01,25.540000915527344
2017-02-02,25.395000457763672
2017-02-03,25.700000762939453
2017-02-06,25.225000381469727
2017-02-07,25.295000076293945
2017-02-08,24.96500015258789
2017-02-09,25.887500762939453
2017-02-10,25.8125
2017-02-13,25.977500915527344
2017-02-14,26.1299991607666
2017-02-15,26.299999237060547
2017-02-16,26.252500534057617
2017-02-17,26.309999465942383
2017-02-21,26.352500915527344
2017-02-22,26.427499771118164
2017-02-23,26.584999084472656
2017-02-24,26.647499084472656
2017-02-27,26.86000061035156
2017-02-28,26.57999992370605
2017-03-01,27.049999237060547
2017-03-02,26.6875
2017-03-03,26.825000762939453
2017-03-06,26.770000457763672
2017-03-07,26.674999237060547
2017-03-08,26.73500061035156
2017-03-09,26.78499984741211
2017-03-10,27.020000457763672
2017-03-13,26.809999465942383
2017-03-14,26.707500457763672
2017-03-15,26.875
2017-03-16,26.127500534057617
2017-03-17,26.20249938964844
2017-03-20,25.99250030517578
2017-03-21,25.57250022888184
2017-03-22,25.637500762939453
2017-03-23,25.875
2017-03-24,25.95499992370605
2017-03-27,25.2549991607666
2017-03-28,25.002500534057617
2017-03-29,24.989999771118164
2017-03-30,25.26000022888184
2017-03-31,25.412500381469727
2017-04-03,25.217500686645508
2017-04-04,25.082500457763672
2017-04-05,24.81999969482422
2017-04-06,25.184999465942383
2017-04-07,25.177499771118164
2017-04-10,25.02499961853028
2017-04-11,25.104999542236328
2017-04-12,24.967500686645508
2017-04-13,24.96249961853028
2017-04-17,25.292499542236328
2017-04-18,25.31999969482422
2017-04-19,25.47249984741211
2017-04-20,25.637500762939453
2017-04-21,25.440000534057617
2017-04-24,25.78499984741211
2017-04-25,26.092500686645508
2017-04-26,26.440000534057617
2017-04-27,26.655000686645508
2017-04-28,26.770000457763672
2017-05-01,26.895000457763672
2017-05-02,27.780000686645508
2017-05-03,27.4424991607666
2017-05-04,27.71500015258789
2017-05-05,27.707500457763672
2017-05-08,27.559999465942383
2017-05-09,27.637500762939453
2017-05-10,27.787500381469727
2017-05-11,27.63500022888184
2017-05-12,27.600000381469727
2017-05-15,27.77750015258789
2017-05-16,27.857500076293945
2017-05-17,27.397499084472656
2017-05-18,27.2549991607666
2017-05-19,27.487499237060547
2017-05-22,27.584999084472656
2017-05-23,27.709999084472656
2017-05-24,27.76499938964844
2017-05-25,27.799999237060547
2017-05-26,27.850000381469727
2017-05-30,27.86750030517578
2017-05-31,28.020000457763672
2017-06-01,28.309999465942383
2017-06-02,28.8799991607666
2017-06-05,28.607500076293945
2017-06-06,28.479999542236328
2017-06-07,28.46500015258789
2017-06-08,28.415000915527344
2017-06-09,28.07250022888184
2017-06-12,27.852500915527344
2017-06-13,27.84000015258789
2017-06-14,28.040000915527344
2017-06-15,27.69750022888184
2017-06-16,27.90749931335449
2017-06-19,28.229999542236328
2017-06-20,28.22249984741211
2017-06-21,28.489999771118164
2017-06-22,29.075000762939453
2017-06-23,29.375
2017-06-26,29.5049991607666
2017-06-27,29.397499084472656
2017-06-28,29.690000534057617
2017-06-29,29.32999992370605
2017-06-30,29.375
2017-07-03,29.217500686645508
2017-07-05,29.0625
2017-07-06,29.0049991607666
2017-07-07,29.420000076293945
2017-07-10,29.100000381469727
2017-07-11,29.22249984741211
2017-07-12,29.0674991607666
2017-07-13,28.915000915527344
2017-07-14,28.8125
2017-07-17,29.020000457763672
2017-07-18,29.309999465942383
2017-07-19,29.237499237060547
2017-07-20,29.232500076293945
2017-07-21,29.4950008392334
2017-07-24,29.53249931335449
2017-07-25,29.552499771118164
2017-07-26,29.3075008392334
2017-07-27,29.082500457763672
2017-07-28,29.125
2017-07-31,28.977500915527344
2017-08-01,28.94499969482422
2017-08-02,28.854999542236328
2017-08-03,28.850000381469727
2017-08-04,28.834999084472656
2017-08-07,29.0575008392334
2017-08-08,28.397499084472656
2017-08-09,28.61000061035156
2017-08-10,29.1875
2017-08-11,29.38500022888184
2017-08-14,29.36750030517578
2017-08-15,29.25749969482422
2017-08-16,29.575000762939453
2017-08-17,29.489999771118164
2017-08-18,29.475000381469727
2017-08-21,29.622499465942383
2017-08-22,29.857500076293945
2017-08-23,29.76749992370605
2017-08-24,29.98500061035156
2017-08-25,29.99250030517578
2017-08-28,30.440000534057617
2017-08-29,30.459999084472656
2017-08-30,30.15999984741211
2017-08-31,30.94499969482422
2017-09-01,30.64249992370605
2017-09-05,30.287500381469727
2017-09-06,30.415000915527344
2017-09-07,30.155000686645508
2017-09-08,29.977500915527344
2017-09-11,30.387500762939453
2017-09-12,30.58749961853028
2017-09-13,30.707500457763672
2017-09-14,30.762500762939453
2017-09-15,30.395000457763672
2017-09-18,30.43000030517578
2017-09-19,30.475000381469727
2017-09-20,30.3125
2017-09-21,30.302499771118164
2017-09-22,30.350000381469727
2017-09-25,30.387500762939453
2017-09-26,29.96249961853028
2017-09-27,30.302499771118164
2017-09-28,30.15999984741211
2017-09-29,30.22249984741211
2017-10-02,30.65999984741211
2017-10-03,30.5575008392334
2017-10-04,30.612499237060547
2017-10-05,30.67250061035156
2017-10-06,30.63999938964844
2017-10-09,30.292499542236328
2017-10-10,30.575000762939453
2017-10-11,30.86000061035156
2017-10-12,30.982500076293945
2017-10-13,30.412500381469727
2017-10-16,30.63500022888184
2017-10-17,30.834999084472656
2017-10-18,30.78249931335449
2017-10-19,30.864999771118164
2017-10-20,31.0625
2017-10-23,30.96999931335449
2017-10-24,30.98500061035156
2017-10-25,31.11000061035156
2017-10-26,31.262500762939453
2017-10-27,31.487499237060547
2017-10-30,30.905000686645508
2017-10-31,32.755001068115234
2017-11-01,32.099998474121094
2017-11-02,32.0
2017-11-03,32.3224983215332
2017-11-06,32.1150016784668
2017-11-07,31.552499771118164
2017-11-08,31.68000030517578
2017-11-09,31.174999237060547
2017-11-10,31.059999465942383
2017-11-13,31.084999084472656
2017-11-14,31.30500030517578
2017-11-15,31.479999542236328
2017-11-16,32.15250015258789
2017-11-17,32.30500030517578
2017-11-20,32.50749969482422
2017-11-21,33.029998779296875
2017-11-22,33.10749816894531
2017-11-24,32.9275016784668
2017-11-27,33.11750030517578
2017-11-28,33.279998779296875
2017-11-29,33.40250015258789
2017-11-30,33.6875
2017-12-01,33.29750061035156
2017-12-04,32.45249938964844
2017-12-05,32.11750030517578
2017-12-06,32.18000030517578
2017-12-07,32.224998474121094
2017-12-08,32.189998626708984
2017-12-11,31.75
2017-12-12,31.82999992370605
2017-12-13,31.94499969482422
2017-12-14,31.940000534057617
2017-12-15,32.377498626708984
2017-12-18,32.39500045776367
2017-12-19,32.32500076293945
2017-12-20,32.29249954223633
2017-12-21,32.192501068115234
2017-12-22,32.08250045776367
2017-12-26,32.119998931884766
2017-12-27,32.04999923706055
2017-12-28,32.189998626708984
2017-12-29,32.38750076293945
2018-01-02,32.8650016784668
2018-01-03,33.622501373291016
2018-01-04,33.72999954223633
2018-01-05,34.095001220703125
2018-01-08,34.09749984741211
2018-01-09,34.432498931884766
2018-01-10,34.34749984741211
2018-01-11,34.54249954223633
2018-01-12,35.005001068115234
2018-01-16,35.064998626708984
2018-01-17,35.16749954223633
2018-01-18,35.005001068115234
2018-01-19,35.18000030517578
2018-01-22,35.25
2018-01-23,35.372501373291016
2018-01-24,35.34000015258789
2018-01-25,35.52750015258789
2018-01-26,35.58000183105469
2018-01-29,35.502498626708984
2018-01-30,35.09749984741211
2018-01-31,35.0724983215332
2018-02-01,35.005001068115234
2018-02-02,34.54750061035156
2018-02-05,33.130001068115234
2018-02-06,34.439998626708984
2018-02-07,34.11249923706055
2018-02-08,32.9900016784668
2018-02-09,33.397499084472656
2018-02-12,33.86000061035156
2018-02-13,34.25
2018-02-14,35.26499938964844
2018-02-15,35.375
2018-02-16,35.29999923706055
2018-02-20,34.877498626708984
2018-02-21,34.88750076293945
2018-02-22,34.875
2018-02-23,35.497501373291016
2018-02-26,35.647499084472656
2018-02-27,35.38750076293945
2018-02-28,35.334999084472656
2018-03-01,35.20750045776367
2018-03-02,35.099998474121094
2018-03-05,35.36750030517578
2018-03-06,36.1974983215332
2018-03-07,36.0724983215332
2018-03-08,35.98500061035156
2018-03-09,36.59000015258789
2018-03-12,36.67250061035156
2018-03-13,36.63999938964844
2018-03-14,36.70500183105469
2018-03-15,36.6349983215332
2018-03-16,37.04499816894531
2018-03-19,36.994998931884766
2018-03-20,37.16999816894531
2018-03-21,37.11249923706055
2018-03-22,36.88999938964844
2018-03-23,36.18999862670898
2018-03-26,37.29999923706055
2018-03-27,36.6974983215332
2018-03-28,36.85749816894531
2018-03-29,37.7599983215332
2018-04-02,36.22499847412109
2018-04-03,36.61750030517578
2018-04-04,36.80500030517578
2018-04-05,37.0525016784668
2018-04-06,36.33250045776367
2018-04-09,36.58250045776367
2018-04-10,37.227500915527344
2018-04-11,37.34749984741211
2018-04-12,37.29499816894531
2018-04-13,37.23749923706055
2018-04-16,37.48249816894531
2018-04-17,38.25249862670898
2018-04-18,38.337501525878906
2018-04-19,38.04750061035156
2018-04-20,38.19499969482422
2018-04-23,38.51499938964844
2018-04-24,38.119998931884766
2018-04-25,37.88999938964844
2018-04-26,38.150001525878906
2018-04-27,38.04249954223633
2018-04-30,37.727500915527344
2018-05-01,37.69499969482422
2018-05-02,36.692501068115234
2018-05-03,36.63249969482422
2018-05-04,36.970001220703125
2018-05-07,37.185001373291016
2018-05-08,37.27999877929688
2018-05-09,37.23749923706055
2018-05-10,37.47249984741211
2018-05-11,37.86750030517578
2018-05-14,37.99250030517578
2018-05-15,37.33000183105469
2018-05-16,37.942501068115234
2018-05-17,37.90499877929688
2018-05-18,38.24250030517578
2018-05-21,38.095001220703125
2018-05-22,38.032501220703125
2018-05-23,38.157501220703125
2018-05-24,37.86750030517578
2018-05-25,37.20500183105469
2018-05-29,36.81999969482422
2018-05-30,37.47499847412109
2018-05-31,37.58000183105469
2018-06-01,37.74250030517578
2018-06-04,38.41999816894531
2018-06-05,38.81999969482422
2018-06-06,39.8224983215332
2018-06-07,39.70000076293945
2018-06-08,39.932498931884766
2018-06-11,40.22999954223633
2018-06-12,40.54750061035156
2018-06-13,40.650001525878906
2018-06-14,41.01499938964844
2018-06-15,41.39500045776367
2018-06-18,40.91999816894531
2018-06-19,40.88999938964844
2018-06-20,40.75
2018-06-21,40.29249954223633
2018-06-22,40.3650016784668
2018-06-25,39.5625
2018-06-26,39.25749969482422
2018-06-27,36.532501220703125
2018-06-28,36.782501220703125
2018-06-29,36.98749923706055
2018-07-02,37.05500030517578
2018-07-03,36.86000061035156
2018-07-05,37.07749938964844
2018-07-06,37.602500915527344
2018-07-09,38.14500045776367
2018-07-10,38.20000076293945
2018-07-11,38.02999877929688
2018-07-12,38.33000183105469
2018-07-13,38.27750015258789
2018-07-16,37.88750076293945
2018-07-17,38.11750030517578
2018-07-18,38.04499816894531
2018-07-19,38.47249984741211
2018-07-20,39.10499954223633
2018-07-23,39.72499847412109
2018-07-24,40.622501373291016
2018-07-25,41.40999984741211
2018-07-26,41.65250015258789
2018-07-27,40.60749816894531
2018-07-30,39.34749984741211
2018-07-31,40.15999984741211
2018-08-01,41.16249847412109
2018-08-02,41.557498931884766
2018-08-03,41.584999084472656
2018-08-06,42.212501525878906
2018-08-07,45.03499984741211
2018-08-08,44.33000183105469
2018-08-09,44.56999969482422
2018-08-10,44.66999816894531
2018-08-13,44.42499923706055
2018-08-14,45.03499984741211
2018-08-15,44.994998931884766
2018-08-16,44.93000030517578
2018-08-17,45.125
2018-08-20,45.3224983215332
2018-08-21,46.21749877929688
2018-08-22,46.20750045776367
2018-08-23,46.98500061035156
2018-08-24,47.0625
2018-08-27,46.88249969482422
2018-08-28,47.084999084472656
2018-08-29,47.93000030517578
2018-08-30,47.834999084472656
2018-08-31,48.04249954223633
2018-09-04,47.77000045776367
2018-09-05,47.29999923706055
2018-09-06,47.63249969482422
2018-09-07,47.84000015258789
2018-09-10,48.8849983215332
2018-09-11,48.93000030517578
2018-09-12,48.99250030517578
2018-09-13,49.36000061035156
2018-09-14,49.95249938964844
2018-09-17,49.212501525878906
2018-09-18,49.337501525878906
2018-09-19,49.650001525878906
2018-09-20,49.744998931884766
2018-09-21,48.97999954223633
2018-09-24,50.057498931884766
2018-09-25,50.48500061035156
2018-09-26,50.380001068115234
2018-09-27,50.95750045776367
2018-09-28,51.02750015258789
2018-10-01,50.95000076293945
2018-10-02,50.41749954223633
2018-10-03,50.08250045776367
2018-10-04,48.33250045776367
2018-10-05,48.04999923706055
2018-10-08,47.36000061035156
2018-10-09,47.13249969482422
2018-10-10,45.59999847412109
2018-10-11,45.16249847412109
2018-10-12,46.25749969482422
2018-10-15,45.54750061035156
2018-10-16,46.34749984741211
2018-10-17,45.77750015258789
2018-10-18,45.8125
2018-10-19,44.375
2018-10-22,45.15999984741211
2018-10-23,45.84249877929688
2018-10-24,43.41999816894531
2018-10-25,44.959999084472656
2018-10-26,45.040000915527344
2018-10-29,44.3650016784668
2018-10-30,41.587501525878906
2018-10-31,41.93000030517578
2018-11-01,42.337501525878906
2018-11-02,42.557498931884766
2018-11-05,42.64250183105469
2018-11-06,43.165000915527344
2018-11-07,44.66749954223633
2018-11-08,43.21749877929688
2018-11-09,42.70000076293945
2018-11-12,40.91749954223633
2018-11-13,40.4900016784668
2018-11-14,40.352500915527344
2018-11-15,40.76250076293945
2018-11-16,40.057498931884766
2018-11-19,38.78749847412109
2018-11-20,39.08000183105469
2018-11-21,39.119998931884766
2018-11-23,39.869998931884766
2018-11-26,39.682498931884766
2018-11-27,39.54499816894531
2018-11-28,40.790000915527344
2018-11-29,40.595001220703125
2018-11-30,40.35499954223633
2018-12-03,41.0525016784668
2018-12-04,40.09749984741211
2018-12-06,40.122501373291016
2018-12-07,39.05500030517578
2018-12-10,38.907501220703125
2018-12-11,39.38249969482422
2018-12-12,40.494998931884766
2018-12-13,38.91749954223633
2018-12-14,37.79499816894531
2018-12-17,36.70000076293945
2018-12-18,36.53749847412109
2018-12-19,36.3849983215332
2018-12-20,35.3224983215332
2018-12-21,34.4474983215332
2018-12-24,33.1875
2018-12-26,34.83000183105469
2018-12-27,35.345001220703125
2018-12-28,35.4375
2018-12-31,36.18000030517578
2019-01-02,35.477500915527344
2019-01-03,34.022499084472656
2019-01-04,36.122501373291016
2019-01-07,36.470001220703125
2019-01-08,36.83000183105469
2019-01-09,37.2400016784668
2019-01-10,38.42250061035156
2019-01-11,39.442501068115234
2019-01-14,39.06999969482422
2019-01-15,39.70000076293945
2019-01-16,40.08000183105469
2019-01-17,40.48749923706055
2019-01-18,40.79249954223633
2019-01-22,40.25249862670898
2019-01-23,40.532501220703125
2019-01-24,40.560001373291016
2019-01-25,41.0724983215332
2019-01-28,40.98500061035156
2019-01-29,41.13249969482422
2019-01-30,42.09749984741211
2019-01-31,43.6150016784668
2019-02-01,43.92250061035156
2019-02-04,44.44499969482422
2019-02-05,47.14500045776367
2019-02-06,46.807498931884766
2019-02-07,46.057498931884766
2019-02-08,45.932498931884766
2019-02-11,45.95000076293945
2019-02-12,46.66249847412109
2019-02-13,47.26250076293945
2019-02-14,47.13750076293945
2019-02-15,47.907501220703125
2019-02-19,47.96749877929688
2019-02-20,48.4275016784668
2019-02-21,48.4900016784668
2019-02-22,48.74250030517578
2019-02-25,48.74250030517578
2019-02-26,47.88999938964844
2019-02-27,48.58000183105469
2019-02-28,48.47499847412109
2019-03-01,49.20249938964844
2019-03-04,48.79249954223633
2019-03-05,48.96500015258789
2019-03-06,47.81499862670898
2019-03-07,47.692501068115234
2019-03-08,47.375
2019-03-11,47.99250030517578
2019-03-12,48.34000015258789
2019-03-13,48.747501373291016
2019-03-14,48.630001068115234
2019-03-15,48.91249847412109
2019-03-18,49.1875
2019-03-19,49.76750183105469
2019-03-20,49.630001068115234
2019-03-21,50.11000061035156
2019-03-22,48.084999084472656
2019-03-25,48.54750061035156
2019-03-26,48.98500061035156
2019-03-27,48.560001373291016
2019-03-28,49.227500915527344
2019-03-29,49.63750076293945
2019-04-01,49.98249816894531
2019-04-02,50.04999923706055
2019-04-03,50.47249984741211
2019-04-04,49.727500915527344
2019-04-05,49.60749816894531
2019-04-08,50.41249847412109
2019-04-09,50.27750015258789
2019-04-10,50.852500915527344
2019-04-11,50.5625
2019-04-12,50.375
2019-04-15,50.15499877929688
2019-04-16,48.817501068115234
2019-04-17,47.18000030517578
2019-04-18,47.290000915527344
2019-04-22,47.790000915527344
2019-04-23,47.977500915527344
2019-04-24,47.73249816894531
2019-04-25,47.81999969482422
2019-04-26,48.7400016784668
2019-04-29,49.057498931884766
2019-04-30,51.147499084472656
2019-05-01,50.532501220703125
2019-05-02,50.33250045776367
2019-05-03,51.39250183105469
2019-05-06,51.837501525878906
2019-05-07,50.34749984741211
2019-05-08,50.48500061035156
2019-05-09,50.46749877929688
2019-05-10,50.43000030517578
2019-05-13,48.665000915527344
2019-05-14,49.34999847412109
2019-05-15,49.16999816894531
2019-05-16,50.380001068115234
2019-05-17,49.3650016784668
2019-05-20,49.36249923706055
2019-05-21,50.272499084472656
2019-05-22,50.5099983215332
2019-05-23,49.46500015258789
2019-05-24,49.4474983215332
2019-05-28,49.0099983215332
2019-05-29,48.4375
2019-05-30,48.73749923706055
2019-05-31,49.51250076293945
2019-06-03,49.48749923706055
2019-06-04,50.970001220703125
2019-06-05,51.64250183105469
2019-06-06,52.20249938964844
2019-06-07,52.48749923706055
2019-06-10,53.02999877929688
2019-06-11,53.165000915527344
2019-06-12,53.85749816894531
2019-06-13,52.810001373291016
2019-06-14,52.084999084472656
2019-06-17,51.807498931884766
2019-06-18,51.872501373291016
2019-06-19,52.782501220703125
2019-06-20,53.55500030517578
2019-06-21,52.57749938964844
2019-06-24,51.459999084472656
2019-06-25,50.86000061035156
2019-06-26,50.55500030517578
2019-06-27,51.59749984741211
2019-06-28,52.122501373291016
2019-07-01,52.31499862670898
2019-07-02,53.38750076293945
2019-07-03,54.18000030517578
2019-07-05,53.70249938964844
2019-07-08,53.102500915527344
2019-07-09,53.119998931884766
2019-07-10,53.25
2019-07-11,52.11750030517578
2019-07-12,52.32749938964844
2019-07-15,52.63999938964844
2019-07-16,52.56999969482422
2019-07-17,52.50749969482422
2019-07-18,53.60499954223633
2019-07-19,52.36750030517578
2019-07-22,52.18999862670898
2019-07-23,52.005001068115234
2019-07-24,52.25
2019-07-25,52.47249984741211
2019-07-26,53.65250015258789
2019-07-29,53.76499938964844
2019-07-30,52.61249923706055
2019-07-31,52.53749847412109
2019-08-01,52.744998931884766
2019-08-02,51.505001068115234
2019-08-05,49.872501373291016
2019-08-06,48.53749847412109
2019-08-07,47.602500915527344
2019-08-08,48.91749954223633
2019-08-09,48.022499084472656
2019-08-12,47.60749816894531
2019-08-13,49.29999923706055
2019-08-14,48.060001373291016
2019-08-15,48.212501525878906
2019-08-16,49.39250183105469
2019-08-19,48.47499847412109
2019-08-20,48.147499084472656
2019-08-21,48.3025016784668
2019-08-22,47.85749816894531
2019-08-23,46.90499877929688
2019-08-26,47.52000045776367
2019-08-27,47.27999877929688
2019-08-28,47.650001525878906
2019-08-29,48.15999984741211
2019-08-30,47.89250183105469
2019-09-03,46.41249847412109
2019-09-04,46.782501220703125
2019-09-05,47.45500183105469
2019-09-06,47.04499816894531
2019-09-09,45.88999938964844
2019-09-10,47.0099983215332
2019-09-11,48.91249847412109
2019-09-12,49.97999954223633
2019-09-13,50.23749923706055
2019-09-16,50.032501220703125
2019-09-17,49.41749954223633
2019-09-18,49.602500915527344
2019-09-19,49.375
2019-09-20,50.10749816894531
2019-09-23,50.54750061035156
2019-09-24,50.23500061035156
2019-09-25,50.375
2019-09-26,50.7400016784668
2019-09-27,49.33250045776367
2019-09-30,48.91749954223633
2019-10-01,47.41999816894531
2019-10-02,47.8849983215332
2019-10-03,49.209999084472656
2019-10-04,50.34999847412109
2019-10-07,50.41999816894531
2019-10-08,49.10749816894531
2019-10-09,50.2400016784668
2019-10-10,49.872501373291016
2019-10-11,50.23749923706055
2019-10-14,50.02750015258789
2019-10-15,50.15999984741211
2019-10-16,50.50749969482422
2019-10-17,50.375
2019-10-18,50.0625
2019-10-21,50.845001220703125
2019-10-22,50.16999816894531
2019-10-23,50.61000061035156
2019-10-24,50.40999984741211
2019-10-25,50.82749938964844
2019-10-28,52.29999923706055
2019-10-29,52.560001373291016
2019-10-30,52.29499816894531
2019-10-31,52.04249954223633
2019-11-01,52.59749984741211
2019-11-04,51.76250076293945
2019-11-05,51.17499923706055
2019-11-06,51.04750061035156
2019-11-07,50.74250030517578
2019-11-08,50.8025016784668
2019-11-11,50.76750183105469
2019-11-12,50.9900016784668
2019-11-13,51.22249984741211
2019-11-14,50.89500045776367
2019-11-15,53.11249923706055
2019-11-18,52.85499954223633
2019-11-19,54.084999084472656
2019-11-20,54.532501220703125
2019-11-21,53.67250061035156
2019-11-22,53.869998931884766
2019-11-25,55.022499084472656
2019-11-26,54.997501373291016
2019-11-27,55.5
2019-11-29,54.5625
2019-12-02,54.46749877929688
2019-12-03,53.88249969482422
2019-12-04,54.595001220703125
2019-12-05,54.442501068115234
2019-12-06,54.82749938964844
2019-12-09,54.81499862670898
2019-12-10,54.99250030517578
2019-12-11,53.92250061035156
2019-12-12,54.57749938964844
2019-12-13,53.255001068115234
2019-12-16,54.71749877929688
2019-12-17,54.33250045776367
2019-12-18,54.00749969482422
2019-12-19,54.19499969482422
2019-12-20,55.522499084472656
2019-12-23,55.42250061035156
2019-12-24,55.185001373291016
2019-12-26,54.584999084472656
2019-12-27,54.58000183105469
2019-12-30,54.3650016784668
2019-12-31,54.87749862670898
2020-01-02,54.8650016784668
2020-01-03,54.16999816894531
2020-01-06,54.290000915527344
2020-01-07,53.994998931884766
2020-01-08,53.775001525878906
2020-01-09,54.17250061035156
2020-01-10,54.03499984741211
2020-01-13,54.32500076293945
2020-01-14,54.46500015258789
2020-01-15,55.07500076293945
2020-01-16,54.852500915527344
2020-01-17,55.15250015258789
2020-01-21,55.37749862670898
2020-01-22,54.79499816894531
2020-01-23,54.68999862670898
2020-01-24,53.7400016784668
2020-01-27,54.1974983215332
2020-01-28,54.60749816894531
2020-01-29,54.38249969482422
2020-01-30,53.25
2020-01-31,52.49250030517578
2020-02-03,51.8125
2020-02-04,52.09249877929688
2020-02-05,51.65999984741211
2020-02-06,51.087501525878906
2020-02-07,50.26499938964844
2020-02-10,51.42250061035156
2020-02-11,51.37749862670898
2020-02-12,51.36750030517578
2020-02-13,51.41249847412109
2020-02-14,52.13249969482422
2020-02-18,51.59000015258789
2020-02-19,52.66249847412109
2020-02-20,52.21749877929688
2020-02-21,51.50749969482422
2020-02-24,50.40499877929688
2020-02-25,49.40999984741211
2020-02-26,49.45750045776367
2020-02-27,48.25249862670898
2020-02-28,47.22249984741211
2020-03-02,49.40999984741211
2020-03-03,48.345001220703125
2020-03-04,49.42250061035156
2020-03-05,48.52000045776367
2020-03-06,48.54999923706055
2020-03-09,47.165000915527344
2020-03-10,46.994998931884766
2020-03-11,45.14500045776367
2020-03-12,41.619998931884766
2020-03-13,44.90499877929688
2020-03-16,40.29249954223633
2020-03-17,42.375
2020-03-18,41.18000030517578
2020-03-19,41.60499954223633
2020-03-20,41.81499862670898
2020-03-23,42.584999084472656
2020-03-24,42.470001220703125
2020-03-25,43.122501373291016
2020-03-26,46.58000183105469
2020-03-27,46.09749984741211
2020-03-30,47.6974983215332
2020-03-31,47.40499877929688
2020-04-01,46.35749816894531
2020-04-02,47.70500183105469
2020-04-03,46.59749984741211
2020-04-06,48.63750076293945
2020-04-07,48.40250015258789
2020-04-08,49.75
2020-04-09,48.17250061035156
2020-04-13,47.720001220703125
2020-04-14,49.81999969482422
2020-04-15,50.372501373291016
2020-04-16,52.994998931884766
2020-04-17,53.45500183105469
2020-04-20,51.9474983215332
2020-04-21,50.09249877929688
2020-04-22,51.962501525878906
2020-04-23,52.432498931884766
2020-04-24,50.462501525878906
2020-04-27,52.21749877929688
2020-04-28,51.1875
2020-04-29,52.79499816894531
2020-04-30,56.25
2020-05-01,56.8849983215332
2020-05-04,59.157501220703125
2020-05-05,61.51499938964844
2020-05-06,65.40750122070312
2020-05-07,65.875
2020-05-08,67.625
2020-05-11,69.88999938964844
2020-05-12,68.2300033569336
2020-05-13,65.4574966430664
2020-05-14,65.51249694824219
2020-05-15,66.82749938964844
2020-05-18,66.69750213623047
2020-05-19,65.01249694824219
2020-05-20,67.44000244140625
2020-05-21,66.6875
2020-05-22,66.5999984741211
2020-05-26,65.1624984741211
2020-05-27,64.31749725341797
2020-05-28,64.5999984741211
2020-05-29,66.19999694824219
2020-06-01,65.51499938964844
2020-06-02,65.95999908447266
2020-06-03,64.85749816894531
2020-06-04,63.13750076293945
2020-06-05,64.1449966430664
2020-06-08,63.75
2020-06-09,63.12749862670898
2020-06-10,65.5
2020-06-11,60.50749969482422
2020-06-12,61.432498931884766
2020-06-15,63.59000015258789
2020-06-16,62.71749877929688
2020-06-17,63.845001220703125
2020-06-18,63.47499847412109
2020-06-19,64.42749786376953
2020-06-22,65.55750274658203
2020-06-23,65.46499633789062
2020-06-24,63.12749862670898
2020-06-25,64.56749725341797
2020-06-26,64.11250305175781
2020-06-29,63.45249938964844
2020-06-30,66.01750183105469
2020-07-01,66.50250244140625
2020-07-02,67.29499816894531
2020-07-06,67.4625015258789
2020-07-07,66.6875
2020-07-08,68.50250244140625
2020-07-09,69.34249877929688
2020-07-10,68.0999984741211
2020-07-13,65.78250122070312
2020-07-14,66.6675033569336
2020-07-15,68.57499694824219
2020-07-16,68.1675033569336
2020-07-17,69.94000244140625
2020-07-20,70.73999786376953
2020-07-21,69.23999786376953
2020-07-22,68.98249816894531
2020-07-23,68.3550033569336
2020-07-24,67.51750183105469
2020-07-27,69.19999694824219
2020-07-28,67.66999816894531
2020-07-29,68.5875015258789
2020-07-30,69.21749877929688
2020-07-31,68.79000091552734
2020-08-03,69.71749877929688
2020-08-04,69.22250366210938
2020-08-05,66.96749877929688
2020-08-06,66.63749694824219
2020-08-07,66.44000244140625
2020-08-10,64.4749984741211
2020-08-11,65.45500183105469
2020-08-12,65.8550033569336
2020-08-13,66.57250213623047
2020-08-14,65.25749969482422
2020-08-17,65.67749786376953
2020-08-18,65.60749816894531
2020-08-19,65.01249694824219
2020-08-20,64.61000061035156
2020-08-21,64.45500183105469
2020-08-24,62.58250045776367
2020-08-25,62.72999954223633
2020-08-26,63.192501068115234
2020-08-27,63.2599983215332
2020-08-28,63.2599983215332
2020-08-31,63.8650016784668
2020-09-01,64.36000061035156
2020-09-02,65.39250183105469
2020-09-03,62.665000915527344
2020-09-04,61.55500030517578
2020-09-08,61.3849983215332
2020-09-09,62.50749969482422
2020-09-10,61.58000183105469
2020-09-11,60.9375
2020-09-14,61.834999084472656
2020-09-15,61.40250015258789
2020-09-16,61.150001525878906
2020-09-17,61.307498931884766
2020-09-18,60.97499847412109
2020-09-21,59.42499923706055
2020-09-22,60.810001373291016
2020-09-23,60.747501373291016
2020-09-24,58.05500030517578
2020-09-25,60.435001373291016
2020-09-28,60.935001373291016
2020-09-29,61.68999862670898
2020-09-30,61.932498931884766
2020-10-01,62.1775016784668
2020-10-02,61.72499847412109
2020-10-05,63.04249954223633
2020-10-06,64.04750061035156
2020-10-07,65.98500061035156
2020-10-08,65.4749984741211
2020-10-09,66.2699966430664
2020-10-12,67.13500213623047
2020-10-13,67.3949966430664
2020-10-14,67.21749877929688
2020-10-15,66.38999938964844
2020-10-16,66.4175033569336
2020-10-19,66.1449966430664
2020-10-20,66.12249755859375
2020-10-21,65.44999694824219
2020-10-22,67.41500091552734
2020-10-23,67.11499786376953
2020-10-26,66.13749694824219
2020-10-27,66.55000305175781
2020-10-28,64.4124984741211
2020-10-29,63.92250061035156
2020-10-30,63.102500915527344
2020-11-02,65.0
2020-11-03,66.58499908447266
2020-11-04,66.79000091552734
2020-11-05,76.1500015258789
2020-11-06,75.61750030517578
2020-11-09,76.05000305175781
2020-11-10,75.06999969482422
2020-11-11,76.61250305175781
2020-11-12,75.88249969482422
2020-11-13,75.7125015258789
2020-11-16,75.71499633789062
2020-11-17,76.93250274658203
2020-11-18,75.23750305175781
2020-11-19,75.56500244140625
2020-11-20,76.2249984741211
2020-11-23,75.93499755859375
2020-11-24,75.70500183105469
2020-11-25,75.4375
2020-11-27,74.4124984741211
2020-11-30,75.82749938964844
2020-12-01,76.23500061035156
2020-12-02,74.5824966430664
2020-12-03,74.73750305175781
2020-12-04,76.6449966430664
2020-12-07,76.98249816894531
2020-12-08,77.2125015258789
2020-12-09,75.41000366210938
2020-12-10,76.30000305175781
2020-12-11,76.23999786376953
2020-12-14,76.61250305175781
2020-12-15,77.0425033569336
2020-12-16,75.75499725341797
2020-12-17,77.44000244140625
2020-12-18,80.05999755859375
2020-12-21,80.46749877929688
2020-12-22,80.13999938964844
2020-12-23,80.01499938964844
2020-12-24,80.40499877929688
2020-12-28,78.94750213623047
2020-12-29,78.72750091552734
2020-12-30,79.24749755859375
2020-12-31,79.38749694824219
2021-01-04,78.65499877929688
2021-01-05,79.25
2021-01-06,82.72750091552734
2021-01-07,83.9625015258789
2021-01-08,82.37999725341797
2021-01-11,83.70500183105469
2021-01-12,83.50250244140625
2021-01-13,82.6449966430664
2021-01-14,84.30000305175781
2021-01-15,86.92749786376953
2021-01-19,87.94499969482422
2021-01-20,89.1675033569336
2021-01-21,88.91999816894531
2021-01-22,89.14749908447266
2021-01-25,88.11000061035156
2021-01-26,85.08499908447266
2021-01-27,79.60749816894531
2021-01-28,80.62999725341797
2021-01-29,81.22750091552734
2021-02-01,85.01750183105469
2021-02-02,94.19000244140624
2021-02-03,92.10250091552734
2021-02-04,95.68250274658205
2021-02-05,95.1675033569336
2021-02-08,97.64250183105467
2021-02-09,97.4875030517578
2021-02-10,97.5749969482422
2021-02-11,98.75499725341795
2021-02-12,99.71499633789062
2021-02-16,102.75
2021-02-17,101.81500244140624
2021-02-18,99.2699966430664
2021-02-19,97.3874969482422
2021-02-22,94.25
2021-02-23,94.21499633789062
2021-02-24,93.67250061035156
2021-02-25,91.26499938964844
2021-02-26,90.42250061035156
2021-03-01,93.11000061035156
2021-03-02,93.86000061035156
2021-03-03,90.30999755859376
2021-03-04,86.9749984741211
2021-03-05,89.05249786376953
2021-03-08,86.22000122070312
2021-03-09,91.02749633789062
2021-03-10,90.94000244140624
2021-03-11,97.00250244140624
2021-03-12,96.27999877929688
2021-03-15,99.25250244140624
2021-03-16,97.09249877929688
2021-03-17,95.45500183105467
2021-03-18,93.49749755859376
2021-03-19,93.80999755859376
2021-03-22,96.34500122070312
2021-03-23,94.11750030517578
2021-03-24,92.36499786376952
2021-03-25,94.30500030517578
2021-03-26,97.05999755859376
2021-03-29,91.74749755859376
2021-03-30,93.36750030517578
2021-03-31,95.48249816894533
2021-04-01,97.125
2021-04-05,99.19750213623048
2021-04-06,99.76499938964844
2021-04-07,99.24749755859376
2021-04-08,101.28500366210938
2021-04-09,102.18000030517578
2021-04-12,100.7624969482422
2021-04-13,104.8625030517578
2021-04-14,103.59500122070312
2021-04-15,103.79499816894533
2021-04-16,104.6374969482422
2021-04-19,103.62750244140624
2021-04-20,102.97750091552734
2021-04-21,105.95999908447266
2021-04-22,105.92749786376952
2021-04-23,108.11750030517578
2021-04-26,110.13999938964844
2021-04-27,110.3499984741211
2021-04-28,109.1999969482422
2021-04-29,108.4375
2021-04-30,106.87249755859376
2021-05-03,106.60250091552734
2021-05-04,104.55500030517578
2021-05-05,104.1999969482422
2021-05-06,102.74500274658205
2021-05-07,105.7624969482422
2021-05-10,102.05750274658205
2021-05-11,103.88500213623048
2021-05-12,102.22000122070312
2021-05-13,99.16500091552734
2021-05-14,100.34249877929688
2021-05-17,96.8375015258789
2021-05-18,100.0
2021-05-19,99.39250183105467
2021-05-20,102.22250366210938
2021-05-21,102.3375015258789
2021-05-24,105.25
2021-05-25,105.0374984741211
2021-05-26,104.06749725341795
2021-05-27,102.42250061035156
2021-05-28,103.4574966430664
2021-06-01,102.55999755859376
2021-06-02,102.53250122070312
2021-06-03,101.8949966430664
2021-06-04,106.0749969482422
2021-06-07,104.93250274658205
2021-06-08,106.25749969482422
2021-06-09,107.29000091552734
2021-06-10,108.9499969482422
2021-06-11,110.98500061035156
2021-06-14,112.34249877929688
2021-06-15,110.32749938964844
2021-06-16,110.63500213623048
2021-06-17,111.29750061035156
2021-06-18,107.9749984741211
2021-06-21,110.05249786376952
2021-06-22,110.47000122070312
2021-06-23,111.10749816894533
2021-06-24,109.87750244140624
2021-06-25,109.13500213623048
2021-06-28,111.24500274658205
2021-06-29,111.9499969482422
2021-06-30,112.56500244140624
2021-07-01,113.47750091552734
2021-07-02,112.39250183105467
2021-07-06,113.87000274658205
2021-07-07,115.92749786376952
2021-07-08,115.21749877929688
2021-07-09,116.34750366210938
2021-07-12,112.86499786376952
2021-07-13,113.36000061035156
2021-07-14,111.21749877929688
2021-07-15,112.37750244140624
2021-07-16,114.66999816894533
2021-07-19,113.85749816894533
2021-07-20,116.75749969482422
2021-07-21,115.78500366210938
2021-07-22,117.29499816894533
2021-07-23,118.5999984741211
2021-07-26,118.03250122070312
2021-07-27,118.4000015258789
2021-07-28,119.19000244140624
2021-07-29,120.77749633789062
2021-07-30,120.55999755859376
2021-08-02,121.43499755859376
2021-08-03,120.31749725341795
2021-08-04,121.6875
2021-08-05,122.6624984741211
2021-08-06,120.45500183105467
2021-08-09,119.8125
2021-08-10,115.92749786376952
2021-08-11,115.72250366210938
2021-08-12,115.96749877929688
2021-08-13,116.73500061035156
2021-08-16,119.3625030517578
2021-08-17,118.50499725341795
2021-08-18,117.70500183105467
2021-08-19,118.97000122070312
2021-08-20,119.8625030517578
2021-08-23,119.9749984741211
2021-08-24,123.12249755859376
2021-08-25,125.05999755859376
2021-08-26,123.29750061035156
2021-08-27,123.75250244140624
2021-08-30,126.45999908447266
2021-08-31,124.78500366210938
2021-09-01,126.3375015258789
2021-09-02,127.69499969482422
2021-09-03,128.2725067138672
2021-09-07,128.54750061035156
2021-09-08,126.94249725341795
2021-09-09,127.0425033569336
2021-09-10,129.19749450683594
2021-09-13,125.64749908447266
2021-09-14,127.47250366210938
2021-09-15,132.41000366210938
2021-09-16,132.36500549316406
2021-09-17,133.58749389648438
2021-09-20,132.2050018310547
2021-09-21,132.5500030517578
2021-09-22,133.25
2021-09-23,134.22500610351562
2021-09-24,134.72000122070312
2021-09-27,127.8625030517578
2021-09-28,122.21749877929688
2021-09-29,122.63249969482422
2021-09-30,121.14250183105467
2021-10-01,123.45500183105467
2021-10-04,120.30750274658205
2021-10-05,120.85250091552734
2021-10-06,120.89250183105467
2021-10-07,122.0999984741211
2021-10-08,119.90499877929688
2021-10-11,119.55249786376952
2021-10-12,119.50250244140624
2021-10-13,120.74749755859376
2021-10-14,124.4625015258789
2021-10-15,124.50499725341795
2021-10-18,124.87249755859376
2021-10-19,124.90499877929688
2021-10-20,126.8324966430664
2021-10-21,124.3625030517578
2021-10-22,126.31500244140624
2021-10-25,127.7074966430664
2021-10-26,129.6925048828125
2021-10-27,127.44249725341795
2021-10-28,128.80999755859375
2021-10-29,130.91250610351562
2021-11-01,131.26499938964844
2021-11-02,125.8324966430664
2021-11-03,126.08000183105467
2021-11-04,123.80750274658205
2021-11-05,124.33000183105467
2021-11-08,126.5999984741211
2021-11-09,125.53500366210938
2021-11-10,125.91500091552734
2021-11-11,126.65750122070312
2021-11-12,126.125
2021-11-15,125.44249725341795
2021-11-16,126.12249755859376
2021-11-17,123.4800033569336
2021-11-18,123.78500366210938
2021-11-19,125.375
2021-11-22,122.40750122070312
2021-11-23,118.18000030517578
2021-11-24,119.24250030517578
2021-11-26,118.36750030517578
2021-11-29,119.92250061035156
2021-11-30,118.00749969482422
2021-12-01,115.48500061035156
2021-12-02,116.81749725341795
2021-12-03,114.0374984741211
2021-12-06,117.05999755859376
2021-12-07,118.23999786376952
2021-12-08,120.3249969482422
2021-12-09,117.5500030517578
2021-12-10,116.51000213623048
2021-12-13,117.59249877929688
2021-12-14,115.72000122070312
2021-12-15,118.61000061035156
2021-12-16,115.38249969482422
2021-12-17,117.63999938964844
2021-12-20,116.29499816894533
2021-12-21,119.91000366210938
2021-12-22,122.42250061035156
2021-12-23,123.6624984741211
2021-12-27,125.16500091552734
2021-12-28,124.44750213623048
2021-12-29,125.62750244140624
2021-12-30,127.1999969482422
2021-12-31,129.3350067138672
2022-01-03,121.94750213623048
2022-01-04,117.00499725341795
2022-01-05,108.68250274658205
2022-01-06,106.63500213623048
2022-01-07,103.81999969482422
2022-01-10,106.94249725341795
2022-01-11,108.07749938964844
2022-01-12,107.09249877929688
2022-01-13,99.41999816894533
2022-01-14,97.52749633789062
2022-01-18,94.75
2022-01-19,94.9574966430664
2022-01-20,94.30500030517578
2022-01-21,91.7750015258789
2022-01-24,95.47250366210938
2022-01-25,92.0
2022-01-26,90.95249938964844
2022-01-27,88.4625015258789
2022-01-28,91.77249908447266
2022-01-31,94.10250091552734
2022-02-01,100.39250183105467
2022-02-02,104.46499633789062
2022-02-03,102.4000015258789
2022-02-04,102.51750183105467
2022-02-07,103.16999816894533
2022-02-08,103.3375015258789
2022-02-09,106.02249908447266
2022-02-10,105.71749877929688
2022-02-11,104.6449966430664
2022-02-14,103.41000366210938
2022-02-15,103.1875
2022-02-16,103.00749969482422
2022-02-17,99.54750061035156
2022-02-18,100.25250244140624
2022-02-22,100.02749633789062
2022-02-23,98.08999633789062
2022-02-24,103.2249984741211
2022-02-25,105.67250061035156
2022-02-28,104.85250091552734
2022-03-01,105.04499816894533
2022-03-02,105.91999816894533
2022-03-03,104.95500183105467
2022-03-04,104.39749908447266
2022-03-07,100.33000183105467
2022-03-08,98.43000030517578
2022-03-09,104.5749969482422
2022-03-10,103.77249908447266
2022-03-11,100.20999908447266
2022-03-14,98.05249786376952
2022-03-15,101.4000015258789
2022-03-16,105.8550033569336
2022-03-17,107.93250274658205
2022-03-18,111.4000015258789
2022-03-21,109.55999755859376
2022-03-22,110.53500366210938
2022-03-23,107.25499725341795
2022-03-24,108.76499938964844
2022-03-25,108.8625030517578
2022-03-28,109.33000183105467
2022-03-29,111.50499725341795
2022-03-30,110.59500122070312
2022-03-31,108.26000213623048
2022-04-01,108.31749725341795
2022-04-04,108.01000213623048
2022-04-05,108.2624969482422
2022-04-06,108.5500030517578
2022-04-07,112.4124984741211
2022-04-08,108.2925033569336
2022-04-11,105.62750244140624
2022-04-12,103.1875
2022-04-13,104.8499984741211
2022-04-14,104.5199966430664
2022-04-18,103.01499938964844
2022-04-19,103.3125
2022-04-20,106.15249633789062
2022-04-21,103.02249908447266
2022-04-22,100.74749755859376
2022-04-25,100.22750091552734
2022-04-26,95.53250122070312
2022-04-27,95.23249816894533
2022-04-28,96.72250366210938
2022-04-29,94.92250061035156
2022-05-02,95.6449966430664
2022-05-03,95.85749816894533
2022-05-04,98.95999908447266
2022-05-05,96.5374984741211
2022-05-06,93.23249816894533
2022-05-09,86.76499938964844
2022-05-10,87.88500213623047
2022-05-11,84.6675033569336
2022-05-12,87.22000122070312
2022-05-13,91.94249725341795
2022-05-16,90.53250122070312
2022-05-17,92.7624969482422
2022-05-18,89.77249908447266
2022-05-19,91.61000061035156
2022-05-20,91.5875015258789
2022-05-23,91.12750244140624
2022-05-24,89.2925033569336
2022-05-25,88.20249938964844
2022-05-26,91.33000183105467
2022-05-27,96.63999938964844
2022-05-31,92.43250274658205
2022-06-01,89.98750305175781
2022-06-02,93.50250244140624
2022-06-03,90.7750015258789
2022-06-06,90.8499984741211
2022-06-07,91.5
2022-06-08,91.1125030517578
2022-06-09,88.86000061035156
2022-06-10,83.63749694824219
2022-06-13,81.24500274658203
2022-06-14,81.04499816894531
2022-06-15,82.66500091552734
2022-06-16,80.6675033569336
2022-06-17,81.7874984741211
2022-06-21,82.32499694824219
2022-06-22,82.42500305175781
2022-06-23,86.32499694824219
2022-06-24,88.19000244140625
2022-06-27,88.33499908447266
2022-06-28,86.50250244140625
2022-06-29,87.125
2022-06-30,86.66000366210938
2022-07-01,88.29499816894531
2022-07-05,90.5749969482422
2022-07-06,90.69499969482422
2022-07-07,92.05999755859376
2022-07-08,92.48249816894533
2022-07-11,90.76000213623048
2022-07-12,88.19999694824219
2022-07-13,87.23750305175781
2022-07-14,85.34750366210938
2022-07-15,86.0875015258789
2022-07-18,84.05999755859375
2022-07-19,87.55999755859375
2022-07-20,89.14250183105469
2022-07-21,92.52749633789062
2022-07-22,90.8125
2022-07-25,90.2750015258789
2022-07-26,92.65750122070312
2022-07-27,93.61000061035156
2022-07-28,95.19000244140624
2022-07-29,96.31999969482422
2022-08-01,95.81500244140624
2022-08-02,96.75250244140624
2022-08-03,97.9625015258789
2022-08-04,97.7249984741211
2022-08-05,95.74250030517578
2022-08-08,93.7874984741211
2022-08-09,90.27999877929688
2022-08-10,94.9875030517578
2022-08-11,93.60749816894533
2022-08-12,94.9124984741211
2022-08-15,94.5199966430664
2022-08-16,92.51499938964844
2022-08-17,90.69249725341795
2022-08-18,90.3625030517578
2022-08-19,88.7074966430664
2022-08-22,86.4124984741211
2022-08-23,85.53250122070312
2022-08-24,86.74500274658203
2022-08-25,89.6500015258789
2022-08-26,84.68499755859375
2022-08-29,83.34750366210938
2022-08-30,83.34500122070312
2022-08-31,82.95249938964844
2022-09-01,83.20999908447266
2022-09-02,82.50749969482422
2022-09-06,82.26000213623047
2022-09-07,83.53250122070312
2022-09-08,85.66999816894531
2022-09-09,86.69499969482422
2022-09-12,86.20249938964844
2022-09-13,80.96499633789062
2022-09-14,79.9175033569336
2022-09-15,79.09249877929688
2022-09-16,76.89749908447266
2022-09-19,75.99500274658203
2022-09-20,75.02249908447266
2022-09-21,74.0625
2022-09-22,72.55500030517578
2022-09-23,72.76499938964844
2022-09-26,72.5199966430664
2022-09-27,70.63500213623047
2022-09-28,72.4124984741211
2022-09-29,71.40750122070312
2022-09-30,71.0
2022-10-03,73.26750183105469
2022-10-04,77.13999938964844
2022-10-05,77.13749694824219
2022-10-06,77.2699966430664
2022-10-07,74.0
2022-10-10,71.12249755859375
2022-10-11,70.49500274658203
2022-10-12,70.71749877929688
2022-10-13,72.23750305175781
2022-10-14,70.71499633789062
2022-10-17,74.04000091552734
2022-10-18,75.65499877929688
2022-10-19,72.50499725341797
2022-10-20,70.53250122070312
2022-10-21,70.82250213623047
2022-10-24,70.94499969482422
2022-10-25,74.1500015258789
2022-10-26,75.47250366210938
2022-10-27,73.94249725341797
2022-10-28,73.875
2022-10-31,74.06500244140625
2022-11-01,77.32250213623047
2022-11-02,74.48750305175781
2022-11-03,76.30000305175781
2022-11-04,75.89250183105469
2022-11-07,78.69499969482422
2022-11-08,77.59750366210938
2022-11-09,78.26499938964844
2022-11-10,84.27249908447266
2022-11-11,87.49250030517578
2022-11-14,86.28250122070312
2022-11-15,88.07250213623047
2022-11-16,87.12000274658203
2022-11-17,82.9175033569336
2022-11-18,82.15249633789062
2022-11-21,83.01499938964844
2022-11-22,83.11750030517578
2022-11-23,84.08000183105469
2022-11-25,84.74250030517578
2022-11-28,82.5999984741211
2022-11-29,81.76750183105469
2022-11-30,84.98999786376953
2022-12-01,86.41000366210938
2022-12-02,84.69000244140625
2022-12-05,82.5999984741211
2022-12-06,80.66999816894531
2022-12-07,80.66999816894531
2022-12-08,81.94999694824219
2022-12-09,80.7300033569336
2022-12-12,82.9800033569336
2022-12-13,86.9800033569336
2022-12-14,86.80999755859375
2022-12-15,84.19000244140625
2022-12-16,82.37999725341797
2022-12-19,80.79000091552734
2022-12-20,81.02999877929688
2022-12-21,83.16999816894531
2022-12-22,82.94999694824219
2022-12-23,82.7300033569336
2022-12-27,82.20999908447266
2022-12-28,80.69000244140625
2022-12-29,84.47000122070312
2022-12-30,82.87999725341797
2023-01-03,82.52999877929688
2023-01-04,84.38999938964844
2023-01-05,82.29000091552734
2023-01-06,82.5199966430664
2023-01-09,83.94000244140625
2023-01-10,86.54000091552734
2023-01-11,86.62000274658203
2023-01-12,82.16999816894531
2023-01-13,80.8499984741211
2023-01-17,80.8499984741211
2023-01-18,79.98999786376953
2023-01-19,80.79000091552734
2023-01-20,81.45999908447266
2023-01-23,82.29000091552734
2023-01-24,80.1500015258789
2023-01-25,79.83000183105469
2023-01-26,80.31999969482422
2023-01-27,81.19000244140625
2023-01-30,78.68000030517578
2023-01-31,79.66000366210938
2023-02-01,81.27999877929688
2023-02-02,80.8499984741211
2023-02-03,79.16000366210938
2023-02-06,75.56999969482422
2023-02-07,78.44000244140625
2023-02-08,77.0
2023-02-09,75.86000061035156
2023-02-10,76.29000091552734
2023-02-13,77.08999633789062
2023-02-14,77.0
2023-02-15,76.80000305175781
2023-02-16,76.23999786376953
2023-02-17,75.95999908447266
2023-02-21,73.66000366210938
2023-02-22,74.23999786376953
2023-02-23,74.2699966430664
2023-02-24,72.4800033569336
2023-02-27,72.68000030517578
2023-02-28,72.63999938964844
2023-03-01,74.91000366210938
2023-03-02,77.5999984741211
2023-03-03,78.23999786376953
2023-03-06,76.91000366210938
2023-03-07,74.81999969482422
2023-03-08,74.54000091552734
2023-03-09,74.05999755859375
2023-03-10,71.97000122070312
2023-03-13,71.81999969482422
2023-03-14,73.2699966430664
2023-03-15,72.7699966430664
2023-03-16,73.48999786376953
2023-03-17,72.30999755859375
2023-03-20,72.55999755859375
2023-03-21,73.8499984741211
2023-03-22,72.44999694824219
2023-03-23,71.91999816894531
2023-03-24,72.54000091552734
2023-03-27,73.41000366210938
2023-03-28,71.62000274658203
2023-03-29,72.05999755859375
2023-03-30,72.43000030517578
2023-03-31,74.19000244140625
2023-04-03,73.76000213623047
2023-04-04,73.80000305175781
2023-04-05,74.04000091552734
2023-04-06,75.6500015258789
2023-04-10,75.19000244140625
2023-04-11,77.80000305175781
2023-04-12,81.22000122070312
2023-04-13,83.55000305175781
2023-04-14,85.23999786376953
2023-04-17,85.2300033569336
2023-04-18,84.33000183105469
2023-04-19,84.9800033569336
2023-04-20,82.04000091552734
2023-04-21,83.47000122070312
2023-04-24,84.0999984741211
2023-04-25,78.7300033569336
2023-04-26,78.41000366210938
2023-04-27,77.69999694824219
2023-04-28,79.87999725341797
2023-05-01,79.2300033569336
2023-05-02,80.19999694824219
2023-05-03,85.9800033569336
2023-05-04,84.02999877929688
2023-05-05,83.12999725341797
2023-05-08,82.2699966430664
2023-05-09,81.08000183105469
2023-05-10,81.19999694824219
2023-05-11,81.93000030517578
2023-05-12,81.30000305175781
2023-05-15,81.08000183105469
2023-05-16,81.94000244140625
2023-05-17,82.04000091552734
2023-05-18,83.2699966430664
2023-05-19,83.87999725341797
2023-05-22,84.20999908447266
2023-05-23,83.20999908447266
2023-05-24,81.7300033569336
2023-05-25,82.30999755859375
2023-05-26,83.5
2023-05-30,83.18000030517578
2023-05-31,81.79000091552734
2023-06-01,81.69000244140625
2023-06-02,83.0
2023-06-05,82.66999816894531
2023-06-06,82.62999725341797
2023-06-07,82.25
2023-06-08,79.29000091552734
2023-06-09,78.43000030517578
2023-06-12,78.66000366210938
2023-06-13,76.7300033569336
2023-06-14,74.87000274658203
2023-06-15,76.61000061035156
2023-06-16,78.48999786376953
2023-06-20,77.43000030517578
2023-06-21,76.6500015258789
2023-06-22,76.51000213623047
2023-06-23,76.62000274658203
2023-06-26,76.79000091552734
2023-06-27,75.58999633789062
2023-06-28,76.08999633789062
2023-06-29,79.3499984741211
2023-06-30,81.62999725341797
2023-07-03,81.13999938964844
2023-07-05,80.83999633789062
2023-07-06,81.1500015258789
2023-07-07,80.80000305175781
2023-07-10,82.83999633789062
2023-07-11,83.80000305175781
2023-07-12,84.61000061035156
2023-07-13,84.44000244140625
2023-07-14,84.22000122070312
2023-07-17,82.80000305175781
2023-07-18,82.30000305175781
2023-07-19,83.87999725341797
2023-07-20,86.91999816894531
2023-07-21,89.41999816894531
2023-07-24,87.91000366210938
2023-07-25,86.19999694824219
2023-07-26,84.9800033569336
2023-07-27,83.68000030517578
2023-07-28,83.79000091552734
2023-07-31,83.4000015258789
2023-08-01,82.0999984741211
2023-08-02,82.0199966430664
2023-08-03,81.01000213623047
2023-08-04,82.16999816894531
2023-08-07,81.29000091552734
2023-08-08,84.30000305175781
2023-08-09,83.0
2023-08-10,83.0
2023-08-11,84.38999938964844
2023-08-14,84.80999755859375
2023-08-15,84.61000061035156
2023-08-16,82.13999938964844
2023-08-17,80.23999786376953
2023-08-18,78.23999786376953
2023-08-21,78.68000030517578
2023-08-22,78.23999786376953
2023-08-23,78.68000030517578
2023-08-24,78.79000091552734
2023-08-25,80.16000366210938
2023-08-28,78.26000213623047
2023-08-29,80.27999877929688
2023-08-30,80.23999786376953
2023-08-31,78.4000015258789
2023-09-01,78.76000213623047
2023-09-05,77.26000213623047
2023-09-06,75.51000213623047
2023-09-07,73.9800033569336
2023-09-08,71.81999969482422
2023-09-11,71.62999725341797
2023-09-12,71.97000122070312
2023-09-13,72.48999786376953
2023-09-14,74.04000091552734
2023-09-15,73.6500015258789
2023-09-18,71.16999816894531
2023-09-19,70.62999725341797
2023-09-20,70.87000274658203
2023-09-21,69.91999816894531
2023-09-22,69.3499984741211
2023-09-25,68.43000030517578
2023-09-26,67.5199966430664
2023-09-27,67.56999969482422
2023-09-28,68.0199966430664
2023-09-29,68.06999969482422
2023-10-02,67.1500015258789
2023-10-03,66.5
2023-10-04,66.80000305175781
2023-10-05,67.70999908447266
2023-10-06,68.2300033569336
2023-10-09,67.94000244140625
2023-10-10,69.41000366210938
2023-10-11,69.29000091552734
2023-10-12,68.19999694824219
2023-10-13,67.79000091552734
2023-10-16,68.58000183105469
2023-10-17,68.36000061035156
2023-10-18,66.30999755859375
2023-10-19,63.5
2023-10-20,64.06999969482422
2023-10-23,63.40999984741211
2023-10-24,63.630001068115234
2023-10-25,61.27999877929688
2023-10-26,61.5099983215332
2023-10-27,59.540000915527344
2023-10-30,56.63999938964844
2023-10-31,54.630001068115234
2023-11-01,52.83000183105469
2023-11-02,55.40999984741211
2023-11-03,58.720001220703125
2023-11-06,58.68999862670898
2023-11-07,59.619998931884766
2023-11-08,58.66999816894531
2023-11-09,56.86000061035156
2023-11-10,57.4900016784668
2023-11-13,57.09999847412109
2023-11-14,60.36000061035156
2023-11-15,60.88999938964844
2023-11-16,60.900001525878906
2023-11-17,61.04999923706055
2023-11-20,63.59000015258789
2023-11-21,63.52000045776367
2023-11-22,63.58000183105469
2023-11-24,64.01000213623047
2023-11-27,62.2599983215332
2023-11-28,61.65999984741211
2023-11-29,63.119998931884766
2023-11-30,62.900001525878906
2023-12-01,64.56999969482422
2023-12-04,65.30000305175781
2023-12-05,64.37999725341797
2023-12-06,66.04000091552734
2023-12-07,68.05000305175781
2023-12-08,68.30999755859375
2023-12-11,69.0
2023-12-12,69.19999694824219
2023-12-13,74.0
2023-12-14,75.04000091552734
2023-12-15,75.98999786376953
2023-12-18,76.0199966430664
2023-12-19,77.41999816894531
2023-12-20,75.86000061035156
2023-12-21,77.72000122070312
2023-12-22,77.5199966430664
2023-12-26,77.94000244140625
2023-12-27,78.18000030517578
2023-12-28,78.22000122070312
2023-12-29,77.16000366210938
2024-01-02,76.70999908447266
2024-01-03,72.13999938964844
2024-01-04,72.41999816894531
2024-01-05,71.08999633789062
2024-01-08,72.91000366210938
2024-01-09,71.98999786376953
2024-01-10,73.1500015258789
2024-01-11,73.13999938964844
2024-01-12,72.16999816894531
2024-01-16,71.43000030517578
2024-01-17,69.83999633789062
2024-01-18,69.86000061035156
2024-01-19,70.31999969482422
2024-01-22,72.0199966430664
2024-01-23,72.4800033569336
2024-01-24,71.05999755859375
2024-01-25,71.12000274658203
2024-01-26,72.62999725341797
2024-01-29,72.77999877929688
2024-01-30,72.70999908447266
2024-01-31,70.31999969482422
2024-02-01,68.54000091552734
2024-02-02,65.9800033569336
2024-02-05,66.7699966430664
2024-02-06,67.37000274658203
2024-02-07,66.36000061035156
2024-02-08,67.9800033569336
2024-02-09,67.94999694824219
2024-02-12,69.94999694824219
2024-02-13,67.5199966430664
2024-02-14,70.12000274658203
2024-02-15,71.26000213623047
2024-02-16,71.61000061035156
2024-02-20,70.33000183105469
2024-02-21,71.72000122070312
2024-02-22,71.76000213623047
2024-02-23,71.62000274658203
2024-02-26,71.91000366210938
2024-02-27,73.20999908447266
2024-02-28,74.38999938964844
2024-02-29,73.56999969482422
2024-03-01,74.37999725341797
2024-03-04,74.87999725341797
2024-03-05,73.4000015258789
2024-03-06,74.68000030517578
2024-03-07,76.94000244140625
2024-03-08,77.08999633789062
2024-03-11,75.12999725341797
2024-03-12,74.12000274658203
2024-03-13,72.48999786376953
2024-03-14,71.22000122070312
2024-03-15,72.5199966430664
2024-03-18,71.87999725341797
2024-03-19,70.76000213623047
2024-03-20,71.87999725341797
2024-03-21,72.33000183105469
2024-03-22,71.5
2024-03-25,69.22000122070312
2024-03-26,68.4000015258789
2024-03-27,69.41999816894531
2024-03-28,70.38999938964844
2024-04-01,69.41000366210938
2024-04-02,68.76000213623047
2024-04-03,67.87000274658203
2024-04-04,67.05000305175781
2024-04-05,66.98999786376953
2024-04-08,68.22000122070312
2024-04-09,71.2300033569336
2024-04-10,69.51000213623047
2024-04-11,68.80999755859375
2024-04-12,66.7300033569336
2024-04-15,65.5199966430664
2024-04-16,64.01000213623047
2024-04-17,62.72999954223633
2024-04-18,62.209999084472656
2024-04-19,62.119998931884766
2024-04-22,62.79999923706055
2024-04-23,63.68999862670898
2024-04-24,63.52000045776367
2024-04-25,62.65999984741211
2024-04-26,64.05999755859375
2024-04-29,64.51000213623047
2024-04-30,63.209999084472656
2024-05-01,73.45999908447266
2024-05-02,75.5999984741211
2024-05-03,77.29000091552734
2024-05-06,76.05999755859375
2024-05-07,77.45999908447266
2024-05-08,77.05000305175781
2024-05-09,79.62999725341797
2024-05-10,80.91000366210938
2024-05-13,81.97000122070312
2024-05-14,84.1500015258789
2024-05-15,83.5
2024-05-16,82.83999633789062
2024-05-17,83.80999755859375
2024-05-20,82.5
2024-05-21,82.68000030517578
2024-05-22,82.9800033569336
2024-05-23,80.41000366210938
2024-05-24,80.79000091552734
2024-05-28,79.38999938964844
2024-05-29,78.5999984741211
2024-05-30,77.25
2024-05-31,77.19000244140625
2024-06-03,77.9000015258789
2024-06-04,76.9000015258789
2024-06-05,79.26000213623047
2024-06-06,78.83000183105469
2024-06-07,77.62999725341797
2024-06-10,77.0999984741211
2024-06-11,76.88999938964844
2024-06-12,77.44999694824219
2024-06-13,76.87999725341797
2024-06-14,75.87000274658203
2024-06-17,74.80999755859375
2024-06-18,74.54000091552734
2024-06-20,74.52999877929688
2024-06-21,73.66000366210938
2024-06-24,74.48999786376953
2024-06-25,73.06999969482422
2024-06-26,72.0999984741211
2024-06-27,71.81999969482422
2024-06-28,71.6500015258789
2024-07-01,71.61000061035156
2024-07-02,71.23999786376953
2024-07-03,71.44999694824219
2024-07-05,71.44000244140625
2024-07-08,71.55999755859375
2024-07-09,71.29000091552734
2024-07-10,72.06999969482422
2024-07-11,76.37000274658203
2024-07-12,77.30999755859375
2024-07-15,77.20999908447266
2024-07-16,79.81999969482422
2024-07-17,78.29000091552734
2024-07-18,75.91999816894531
2024-07-19,75.45999908447266
2024-07-22,77.7699966430664
2024-07-23,76.51000213623047
2024-07-24,77.61000061035156
2024-07-25,78.66999816894531
2024-07-26,80.5999984741211
2024-07-29,79.72000122070312
2024-07-30,81.97000122070312
2024-07-31,81.58999633789062
2024-08-01,82.3499984741211
2024-08-02,80.16999816894531
2024-08-05,77.66000366210938
2024-08-06,78.41999816894531
2024-08-07,70.95999908447266
2024-08-08,73.37000274658203
2024-08-09,71.7699966430664
2024-08-12,71.77999877929688
2024-08-13,73.44999694824219
2024-08-14,72.75
2024-08-15,74.91000366210938
2024-08-16,74.5199966430664
2024-08-19,74.98999786376953
2024-08-20,72.33999633789062
2024-08-21,72.6500015258789
2024-08-22,71.3499984741211
2024-08-23,72.29000091552734
2024-08-26,71.33999633789062
2024-08-27,71.02999877929688
2024-08-28,71.5999984741211
2024-08-29,74.5199966430664
2024-08-30,73.98999786376953
2024-09-03,71.7300033569336
2024-09-04,71.12000274658203
2024-09-05,72.37000274658203
2024-09-06,71.48999786376953
2024-09-09,72.08999633789062
2024-09-10,73.77999877929688
2024-09-11,73.48999786376953
2024-09-12,73.19999694824219
2024-09-13,74.66999816894531
2024-09-16,74.76000213623047
2024-09-17,75.27999877929688
2024-09-18,76.51000213623047
2024-09-19,80.36000061035156
2024-09-20,78.30000305175781
2024-09-23,77.20999908447266
2024-09-24,77.41999816894531
2024-09-25,74.94999694824219
2024-09-26,78.05999755859375
2024-09-27,78.72000122070312
2024-09-30,79.93000030517578
2024-10-01,78.16999816894531
2024-10-02,77.43000030517578
2024-10-03,74.0
2024-10-04,74.77999877929688
2024-10-07,73.5199966430664
2024-10-08,73.73999786376953
2024-10-09,74.26000213623047
2024-10-10,72.9800033569336
2024-10-11,73.36000061035156
2024-10-14,73.81999969482422
2024-10-15,73.58999633789062
2024-10-16,71.80000305175781
2024-10-17,70.1500015258789
2024-10-18,71.23999786376953
2024-10-21,70.36000061035156
2024-10-22,69.94999694824219
2024-10-23,69.33999633789062
2024-10-24,68.37000274658203
2024-10-25,68.68000030517578
2024-10-28,70.37999725341797
2024-10-29,70.73999786376953
2024-10-30,76.0199966430664
2024-10-31,73.75
2024-11-01,75.30999755859375
2024-11-04,75.9000015258789
2024-11-05,77.62000274658203
2024-11-06,75.83000183105469
2024-11-07,76.41999816894531
2024-11-08,75.95999908447266
2024-11-11,74.69000244140625
2024-11-12,74.41000366210938
2024-11-13,75.93000030517578
2024-11-14,72.54000091552734
2024-11-15,67.56999969482422
2024-11-18,66.86000061035156
2024-11-19,66.37000274658203
2024-11-20,68.72000122070312
2024-11-21,71.05000305175781
2024-11-22,71.27999877929688
2024-11-25,74.38999938964844
2024-11-26,74.87000274658203
2024-11-27,75.37999725341797
2024-11-29,75.36000061035156
2024-12-02,76.0199966430664
2024-12-03,75.05000305175781
2024-12-04,75.88999938964844
2024-12-05,73.88999938964844
2024-12-06,74.51000213623047
2024-12-09,77.4000015258789
2024-12-10,77.12000274658203
2024-12-11,76.80999755859375
2024-12-12,76.68000030517578
2024-12-13,75.69000244140625
2024-12-16,76.16000366210938
2024-12-17,75.2699966430664
2024-12-18,71.41000366210938
2024-12-19,71.38999938964844
2024-12-20,73.16999816894531
2024-12-23,72.73999786376953
2024-12-24,73.02999877929688
2024-12-26,73.22000122070312
2024-12-27,72.9800033569336
2024-12-30,72.29000091552734
2024-12-31,72.02999877929688
2025-01-02,71.4800033569336
2025-01-03,73.79000091552734
2025-01-06,74.25
2025-01-07,74.7699966430664
2025-01-08,75.19000244140625
2025-01-10,73.30999755859375
2025-01-13,76.41999816894531
2025-01-14,74.7300033569336
2025-01-15,75.12999725341797
2025-01-16,76.0999984741211
2025-01-17,75.83000183105469
2025-01-21,78.75
2025-01-22,78.70999908447266
2025-01-23,76.91000366210938
2025-01-24,77.05000305175781
2025-01-27,76.44999694824219
2025-01-28,74.5999984741211
2025-01-29,71.83000183105469
2025-01-30,72.76000213623047
2025-01-31,73.55000305175781
2025-02-03,72.05000305175781
2025-02-04,72.55000305175781
2025-02-05,75.25
2025-02-06,75.01000213623047
2025-02-07,72.80999755859375
2025-02-10,69.91999816894531
2025-02-11,68.33999633789062
2025-02-12,67.44000244140625
2025-02-13,66.7699966430664
2025-02-14,65.94000244140625
2025-02-18,65.29000091552734
2025-02-19,65.80000305175781
2025-02-20,65.48999786376953
2025-02-21,64.91999816894531
2025-02-24,65.55999755859375
2025-02-25,64.22000122070312
2025-02-26,64.1500015258789
2025-02-27,61.22999954223633
2025-02-28,61.75
2025-03-03,61.18999862670898
2025-03-04,60.119998931884766
2025-03-05,62.20000076293945
2025-03-06,63.38999938964844
2025-03-07,64.37000274658203
2025-03-10,62.900001525878906
2025-03-11,58.470001220703125
2025-03-12,60.2400016784668
2025-03-13,59.880001068115234
2025-03-14,62.15999984741211
2025-03-17,62.58000183105469
2025-03-18,62.83000183105469
2025-03-19,60.88999938964844
2025-03-20,60.34000015258789
2025-03-21,60.61000061035156
2025-03-24,61.06999969482422
2025-03-25,59.97999954223633
2025-03-26,59.380001068115234
2025-03-27,59.95000076293945
2025-03-28,58.72999954223633
2025-03-31,58.630001068115234
2025-04-01,57.34999847412109
2025-04-02,58.380001068115234
2025-04-03,54.86000061035156
2025-04-04,51.720001220703125
2025-04-07,52.310001373291016
2025-04-08,48.810001373291016
2025-04-09,54.06999969482422
2025-04-10,49.2599983215332
2025-04-11,50.720001220703125
2025-04-14,52.540000915527344
2025-04-15,51.06999969482422
2025-04-16,49.97999954223633
2025-04-17,48.09999847412109
2025-04-21,47.5099983215332
2025-04-22,49.08000183105469
2025-04-23,50.15999984741211
2025-04-24,50.77999877929688
2025-04-25,50.2400016784668
2025-04-28,50.25
2025-04-29,50.5
2025-04-30,50.34999847412109
2025-05-01,49.630001068115234
2025-05-02,50.4900016784668
2025-05-05,49.79999923706055
2025-05-06,47.720001220703125
2025-05-07,48.75
2025-05-08,49.77999877929688
2025-05-09,49.93999862670898
2025-05-12,53.900001525878906
2025-05-13,51.61000061035156
2025-05-14,47.86000061035156
2025-05-15,48.2400016784668
2025-05-16,49.150001525878906
2025-05-19,49.27999877929688
2025-05-20,49.52999877929688
2025-05-21,46.65999984741211
2025-05-22,47.31999969482422
2025-05-23,46.77999877929688
2025-05-27,48.68999862670898
2025-05-28,47.93000030517578
2025-05-29,48.33000183105469
2025-05-30,48.400001525878906
2025-06-02,48.61000061035156
2025-06-03,48.77999877929688
2025-06-04,49.84999847412109
2025-06-05,48.310001373291016
2025-06-06,48.68999862670898
2025-06-09,49.880001068115234
2025-06-10,51.400001525878906
2025-06-11,51.540000915527344
2025-06-12,51.52999877929688
2025-06-13,50.52000045776367
2025-06-16,51.630001068115234
2025-06-17,49.5
2025-06-18,50.130001068115234
2025-06-20,49.88999938964844
2025-06-23,49.29999923706055
2025-06-24,50.0
2025-06-25,51.88999938964844
2025-06-26,52.79999923706055
2025-06-27,51.84000015258789
2025-06-30,51.45000076293945
2025-07-01,52.08000183105469
2025-07-02,53.18000030517578
2025-07-03,53.13999938964844
2025-07-07,51.540000915527344
2025-07-08,52.68000030517578
2025-07-09,52.59000015258789
2025-07-10,54.40999984741211
2025-07-11,54.13999938964844
2025-07-14,52.619998931884766
2025-07-15,51.41999816894531
2025-07-16,51.790000915527344
2025-07-17,53.290000915527344
2025-07-18,52.02000045776367
2025-07-21,50.27000045776367
2025-07-22,53.119998931884766
2025-07-23,55.310001373291016
2025-07-24,58.470001220703125
2025-07-25,58.77999877929688
2025-07-28,58.54999923706055
2025-07-29,57.869998931884766
2025-07-30,57.709999084472656
2025-07-31,54.72999954223633
2025-08-01,54.88999938964844
2025-08-04,54.880001068115234
2025-08-05,54.63999938964844
2025-08-06,49.869998931884766
2025-08-07,50.150001525878906
2025-08-08,50.41999816894531
2025-08-11,50.150001525878906
2025-08-12,52.83000183105469
2025-08-13,54.709999084472656
2025-08-14,53.7400016784668
2025-08-15,53.59999847412109
2025-08-18,53.290000915527344
2025-08-19,54.869998931884766
2025-08-20,54.33000183105469
2025-08-21,54.0
2025-08-22,57.09000015258789
2025-08-25,56.709999084472656
2025-08-26,56.790000915527344
2025-08-27,56.220001220703125
2025-08-28,54.33000183105469
2025-08-29,54.630001068115234
2025-09-02,53.41999816894531
2025-09-03,53.34000015258789
2025-09-04,52.91999816894531
2025-09-05,54.40999984741211
2025-09-08,54.11000061035156
2025-09-09,54.20000076293945
2025-09-10,50.959999084472656
2025-09-11,53.209999084472656
2025-09-12,51.2599983215332
2025-09-15,51.619998931884766
2025-09-16,51.77999877929688
2025-09-17,51.52000045776367
2025-09-18,52.9900016784668
2025-09-19,53.150001525878906
2025-09-22,53.040000915527344
2025-09-23,52.91999816894531
2025-09-24,51.220001220703125
2025-09-25,50.47999954223633
2025-09-26,51.84999847412109
2025-09-29,52.22999954223633
2025-09-30,55.630001068115234
2025-10-01,59.91999816894531
2025-10-02,62.09000015258789
2025-10-03,62.95000076293945
2025-10-06,61.91999816894531
2025-10-07,59.18999862670898
2025-10-08,60.560001373291016
2025-10-09,59.900001525878906
2025-10-10,58.65999984741211
2025-10-13,59.650001525878906
2025-10-14,59.27000045776367
2025-10-15,59.58000183105469
2025-10-16,61.59999847412109
2025-10-17,61.86000061035156
2025-10-20,62.540000915527344
2025-10-21,63.459999084472656
2025-10-22,63.790000915527344
2025-10-23,66.05999755859375
2025-10-24,65.91000366210938
2025-10-27,64.25
2025-10-28,63.93999862670898
2025-10-29,62.02000045776367
2025-10-30,60.959999084472656
2025-10-31,62.56999969482422
2025-11-03,61.2599983215332
2025-11-04,61.09999847412109
2025-11-05,59.93999862670898
2025-11-06,58.18000030517578
2025-11-07,57.40999984741211
2025-11-10,57.459999084472656
2025-11-11,59.18000030517578
2025-11-12,61.400001525878906
2025-11-13,60.75
2025-11-14,59.380001068115234
2025-11-17,58.61000061035156
2025-11-18,58.150001525878906
2025-11-19,57.810001373291016
2025-11-20,58.72999954223633
2025-11-21,61.52999877929688
2025-11-24,63.4900016784668
2025-11-25,65.8499984741211
2025-11-26,64.62999725341797
2025-11-28,64.51000213623047
2025-12-01,63.7599983215332
2025-12-02,62.95000076293945
2025-12-03,63.81999969482422
2025-12-04,63.540000915527344
2025-12-05,61.68000030517578
2025-12-08,60.290000915527344
2025-12-09,58.81999969482422
2025-12-10,60.83000183105469
2025-12-11,60.2599983215332
2025-12-12,58.5099983215332
2025-12-15,58.68999862670898
2025-12-16,57.43999862670898
2025-12-17,56.9900016784668
2025-12-18,57.09999847412109
2025-12-19,58.27000045776367
2025-12-22,58.959999084472656
2025-12-23,59.25
2025-12-24,59.18999862670898
2025-12-26,59.220001220703125
2025-12-29,59.2400016784668
2025-12-30,59.119998931884766
2025-12-31,58.810001373291016
2026-01-02,59.650001525878906
2026-01-05,63.02999877929688
2026-01-06,65.27999877929688
2026-01-07,65.05000305175781
2026-01-08,64.58000183105469
2026-01-09,65.69999694824219
2026-01-12,66.55999755859375
2026-01-13,66.36000061035156
2026-01-14,68.4000015258789
2026-01-15,69.95999908447266
2026-01-16,68.66999816894531
2026-01-20,69.56999969482422
2026-01-21,71.37999725341797
2026-01-22,69.6500015258789
2026-01-23,68.16000366210938
2026-01-26,67.62999725341797
2026-01-27,68.2300033569336
2026-01-28,65.55999755859375
2026-01-29,63.97999954223633
2026-01-30,64.08999633789062
2026-02-02,65.25
2026-02-03,64.62999725341797
2026-02-04,68.66999816894531
2026-02-05,65.86000061035156
2026-02-06,66.77999877929688
2026-02-09,65.4800033569336
2026-02-10,64.80000305175781
2026-02-11,63.45000076293945
2026-02-12,59.540000915527344
2026-02-13,59.93000030517578
2026-02-17,58.5
2026-02-18,59.33000183105469
2026-02-19,58.25
2026-02-20,57.52000045776367
2026-02-23,54.7599983215332
2026-02-24,57.59999847412109
2026-02-25,57.869998931884766
2026-02-26,57.91999816894531
2026-02-27,59.0
2026-03-02,57.81999969482422
2026-03-03,56.9900016784668
2026-03-04,57.84999847412109
2026-03-05,55.88999938964844
2026-03-06,53.88999938964844
2026-03-09,54.869998931884766
2026-03-10,52.81999969482422
2026-03-11,53.619998931884766
2026-03-12,51.470001220703125
2026-03-13,50.84999847412109
2026-03-16,48.810001373291016
2026-03-17,51.060001373291016
2026-03-18,50.810001373291016
2026-03-19,51.59000015258789
2026-03-20,51.47999954223633
2026-03-23,52.0
2026-03-24,52.43000030517578
2026-03-25,52.68999862670898
2026-03-26,52.70000076293945
2026-03-27,50.95000076293945
2026-03-30,52.040000915527344
2026-03-31,52.2599983215332
2026-04-01,53.47999954223633
2026-04-02,53.130001068115234
2026-04-06,53.79999923706055
2026-04-07,53.83000183105469
2026-04-08,55.209999084472656
2026-04-09,55.56999969482422
2026-04-10,55.540000915527344
2026-04-13,57.52999877929688
2026-04-14,58.65999984741211
2026-04-15,58.4900016784668
2026-04-16,57.36000061035156
2026-04-17,59.22999954223633
2026-04-20,60.58000183105469
2026-04-21,59.66999816894531
2026-04-22,58.58000183105469
2026-04-23,52.20000076293945
2026-04-24,54.189998626708984
2026-04-27,55.11000061035156
2026-04-28,53.5099983215332
2026-04-29,51.95000076293945
2026-04-30,55.31999969482422
2026-05-01,55.02000045776367
2026-05-04,54.7400016784668
2026-05-05,56.68000030517578
2026-05-06,47.40999984741211
2026-05-07,50.90999984741211
2026-05-08,48.36000061035156
2026-05-11,47.41999816894531
2026-05-12,47.41999816894531
2026-05-13,44.88999938964844
2026-05-14,44.7400016784668
2026-05-15,43.29999923706055
2026-05-18,44.43000030517578
2026-05-19,45.470001220703125
2026-05-20,46.70000076293945
2026-05-21,47.369998931884766
2026-05-22,48.209999084472656
2026-05-26,47.970001220703125
2026-05-27,48.09000015258789
2026-05-28,50.84000015258789
2026-05-29,51.68000030517578
2026-06-01,50.790000915527344
2026-06-02,49.77000045776367
2026-06-03,50.849998474121094
2026-06-04,53.18000030517578
2026-06-05,51.9900016784668
2026-06-08,52.650001525878906
2026-06-09,54.40999984741211
2026-06-10,52.5
2026-06-11,54.02000045776367
2026-06-12,54.0
