,TPL
2015-01-02,13.11111068725586
2015-01-05,12.976667404174805
2015-01-06,12.3100004196167
2015-01-07,12.777777671813965
2015-01-08,13.588889122009276
2015-01-09,13.694443702697754
2015-01-12,12.79444408416748
2015-01-13,12.411110877990724
2015-01-14,12.002222061157228
2015-01-15,11.915555953979492
2015-01-16,12.11111068725586
2015-01-20,12.19777774810791
2015-01-21,12.168889045715332
2015-01-22,12.51111125946045
2015-01-23,12.245555877685549
2015-01-26,12.54444408416748
2015-01-27,12.497777938842772
2015-01-28,12.587778091430664
2015-01-29,12.604443550109863
2015-01-30,12.838889122009276
2015-02-02,13.170000076293944
2015-02-03,13.588889122009276
2015-02-04,13.627778053283691
2015-02-05,13.92111110687256
2015-02-06,14.444443702697754
2015-02-09,14.666666984558104
2015-02-10,15.008889198303224
2015-02-11,15.222222328186035
2015-02-12,15.483332633972168
2015-02-13,15.109999656677246
2015-02-17,14.622221946716309
2015-02-18,14.144444465637209
2015-02-19,14.06999969482422
2015-02-20,14.155555725097656
2015-02-23,14.543333053588867
2015-02-24,14.307778358459473
2015-02-25,14.483332633972168
2015-02-26,14.88888931274414
2015-02-27,15.452221870422363
2015-03-02,15.688888549804688
2015-03-03,15.856666564941406
2015-03-04,15.877778053283691
2015-03-05,16.024444580078125
2015-03-06,16.266666412353516
2015-03-09,16.010000228881836
2015-03-10,15.94333267211914
2015-03-11,16.666667938232422
2015-03-12,16.572221755981445
2015-03-13,16.610000610351562
2015-03-16,16.22222137451172
2015-03-17,15.907777786254885
2015-03-18,15.495555877685549
2015-03-19,15.23888874053955
2015-03-20,15.478889465332031
2015-03-23,15.561111450195312
2015-03-24,15.59000015258789
2015-03-25,15.872221946716309
2015-03-26,16.158889770507812
2015-03-27,15.936667442321776
2015-03-30,15.976667404174805
2015-03-31,16.094444274902344
2015-04-01,16.22222137451172
2015-04-02,16.0
2015-04-06,16.198888778686523
2015-04-07,16.166667938232422
2015-04-08,16.364444732666016
2015-04-09,16.94444465637207
2015-04-10,16.85444450378418
2015-04-13,16.794443130493164
2015-04-14,16.96555519104004
2015-04-15,17.261110305786133
2015-04-16,17.226667404174805
2015-04-17,17.471111297607422
2015-04-20,17.55666732788086
2015-04-21,17.71666717529297
2015-04-22,17.554443359375
2015-04-23,17.438888549804688
2015-04-24,17.557777404785156
2015-04-27,17.438888549804688
2015-04-28,16.752222061157227
2015-04-29,15.94333267211914
2015-04-30,16.751110076904297
2015-05-01,17.262222290039062
2015-05-04,17.067777633666992
2015-05-05,17.601110458374023
2015-05-06,17.445556640625
2015-05-07,17.666667938232422
2015-05-08,17.690000534057617
2015-05-11,17.775556564331055
2015-05-12,17.88888931274414
2015-05-13,17.829999923706055
2015-05-14,17.99222183227539
2015-05-15,17.858888626098633
2015-05-18,17.69444465637207
2015-05-19,17.366666793823242
2015-05-20,17.2277774810791
2015-05-21,17.049999237060547
2015-05-22,16.88888931274414
2015-05-26,16.38777732849121
2015-05-27,16.67333221435547
2015-05-28,17.001110076904297
2015-05-29,16.713333129882812
2015-06-01,16.559999465942383
2015-06-02,16.583332061767578
2015-06-03,16.55555534362793
2015-06-04,16.61111068725586
2015-06-05,16.474443435668945
2015-06-08,16.61888885498047
2015-06-09,16.738889694213867
2015-06-10,16.883333206176758
2015-06-11,17.106666564941406
2015-06-12,16.994443893432617
2015-06-15,16.921110153198242
2015-06-16,16.897777557373047
2015-06-17,16.88888931274414
2015-06-18,16.666667938232422
2015-06-19,16.666667938232422
2015-06-22,16.721111297607422
2015-06-23,16.77666664123535
2015-06-24,16.44444465637207
2015-06-25,16.278888702392578
2015-06-26,16.666667938232422
2015-06-29,16.25666618347168
2015-06-30,16.719999313354492
2015-07-01,16.360000610351562
2015-07-02,16.3255558013916
2015-07-06,16.122222900390625
2015-07-07,15.968889236450195
2015-07-08,15.588889122009276
2015-07-09,15.776666641235352
2015-07-10,15.94333267211914
2015-07-13,16.183332443237305
2015-07-14,16.311111450195312
2015-07-15,16.22222137451172
2015-07-16,16.27777862548828
2015-07-17,16.078889846801758
2015-07-20,16.16111183166504
2015-07-21,15.901110649108888
2015-07-22,15.833333015441896
2015-07-23,15.17111110687256
2015-07-24,15.13888931274414
2015-07-27,14.577777862548828
2015-07-28,14.60777759552002
2015-07-29,14.394444465637209
2015-07-30,14.605555534362791
2015-07-31,14.528888702392578
2015-08-03,14.333333015441896
2015-08-04,14.271110534667969
2015-08-05,14.333333015441896
2015-08-06,14.415555953979492
2015-08-07,14.521110534667969
2015-08-10,14.476667404174805
2015-08-11,14.45444393157959
2015-08-12,14.32333278656006
2015-08-13,14.375555992126465
2015-08-14,14.444443702697754
2015-08-17,14.244443893432615
2015-08-18,13.73888874053955
2015-08-19,13.305556297302246
2015-08-20,13.027777671813965
2015-08-21,13.058889389038086
2015-08-24,12.57333278656006
2015-08-25,12.286666870117188
2015-08-26,12.076666831970217
2015-08-27,12.694443702697754
2015-08-28,13.04888916015625
2015-08-31,13.196666717529297
2015-09-01,13.20555591583252
2015-09-02,13.444443702697754
2015-09-03,13.856666564941406
2015-09-04,13.777777671813965
2015-09-08,14.591111183166504
2015-09-09,14.737777709960938
2015-09-10,15.5
2015-09-11,15.43333339691162
2015-09-14,15.54888916015625
2015-09-15,15.666666984558104
2015-09-16,15.666666984558104
2015-09-17,15.741110801696776
2015-09-18,15.526666641235352
2015-09-21,16.11111068725586
2015-09-22,15.901110649108888
2015-09-23,15.694443702697754
2015-09-24,15.83222198486328
2015-09-25,15.86111068725586
2015-09-28,15.813332557678224
2015-09-29,15.877778053283691
2015-09-30,15.583333015441896
2015-10-01,15.728889465332031
2015-10-02,15.838889122009276
2015-10-05,15.76111125946045
2015-10-06,16.132221221923828
2015-10-07,16.27666664123535
2015-10-08,16.505556106567383
2015-10-09,16.2277774810791
2015-10-12,16.166667938232422
2015-10-13,16.267778396606445
2015-10-14,16.23444366455078
2015-10-15,16.553333282470703
2015-10-16,16.616666793823242
2015-10-19,16.537778854370117
2015-10-20,16.377777099609375
2015-10-21,16.386667251586914
2015-10-22,16.6200008392334
2015-10-23,16.311111450195312
2015-10-26,16.25
2015-10-27,16.498889923095703
2015-10-28,16.5
2015-10-29,16.578889846801758
2015-10-30,16.642221450805664
2015-11-02,16.337778091430664
2015-11-03,16.33888816833496
2015-11-04,16.278888702392578
2015-11-05,16.461111068725586
2015-11-06,16.52666664123535
2015-11-09,16.39444351196289
2015-11-10,16.333332061767578
2015-11-11,16.22222137451172
2015-11-12,15.744443893432615
2015-11-13,16.35555648803711
2015-11-16,16.148889541625977
2015-11-17,15.674444198608398
2015-11-18,15.63888931274414
2015-11-19,15.112221717834473
2015-11-20,15.061111450195312
2015-11-23,15.594444274902344
2015-11-24,16.02777862548828
2015-11-25,16.229999542236328
2015-11-27,16.068889617919922
2015-11-30,16.688888549804688
2015-12-01,16.931110382080078
2015-12-02,16.816667556762695
2015-12-03,16.788888931274414
2015-12-04,16.751110076904297
2015-12-07,16.333332061767578
2015-12-08,16.200000762939453
2015-12-09,16.18000030517578
2015-12-10,16.133333206176758
2015-12-11,15.859999656677246
2015-12-14,15.554444313049316
2015-12-15,15.522221565246582
2015-12-16,14.89888858795166
2015-12-17,14.748888969421388
2015-12-18,14.535555839538574
2015-12-21,14.01888942718506
2015-12-22,14.724444389343262
2015-12-23,15.053333282470703
2015-12-24,15.1899995803833
2015-12-28,14.58222198486328
2015-12-29,14.065555572509766
2015-12-30,13.621110916137695
2015-12-31,14.546667098999023
2016-01-04,13.862221717834473
2016-01-05,14.002222061157228
2016-01-06,13.796667098999023
2016-01-07,14.184444427490234
2016-01-08,13.612221717834473
2016-01-11,13.583333015441896
2016-01-12,13.145556449890137
2016-01-13,12.60777759552002
2016-01-14,12.93000030517578
2016-01-15,12.523332595825195
2016-01-19,12.262222290039062
2016-01-20,12.86111068725586
2016-01-21,13.793333053588867
2016-01-22,14.050000190734863
2016-01-25,13.70555591583252
2016-01-26,13.681111335754396
2016-01-27,13.448888778686523
2016-01-28,13.777777671813965
2016-01-29,13.54555606842041
2016-02-01,13.998888969421388
2016-02-02,14.391111373901367
2016-02-03,14.186667442321776
2016-02-04,14.05666732788086
2016-02-05,13.338889122009276
2016-02-08,13.337778091430664
2016-02-09,13.05222225189209
2016-02-10,13.335556030273438
2016-02-11,12.899999618530272
2016-02-12,13.11111068725586
2016-02-16,13.66777801513672
2016-02-17,13.868888854980469
2016-02-18,14.326666831970217
2016-02-19,14.5600004196167
2016-02-22,14.10777759552002
2016-02-23,14.649999618530272
2016-02-24,14.64222240447998
2016-02-25,14.602222442626951
2016-02-26,14.805556297302246
2016-02-29,15.11111068725586
2016-03-01,15.245555877685549
2016-03-02,15.646666526794434
2016-03-03,15.722222328186035
2016-03-04,16.666667938232422
2016-03-07,16.744443893432617
2016-03-08,16.22888946533203
2016-03-09,16.25666618347168
2016-03-10,16.22222137451172
2016-03-11,16.46666717529297
2016-03-14,16.36888885498047
2016-03-15,16.192222595214844
2016-03-16,16.760000228881836
2016-03-17,16.71666717529297
2016-03-18,16.287778854370117
2016-03-21,16.86111068725586
2016-03-22,16.63888931274414
2016-03-23,16.55555534362793
2016-03-24,16.280000686645508
2016-03-28,16.53555679321289
2016-03-29,16.40333366394043
2016-03-30,16.613332748413086
2016-03-31,16.16777801513672
2016-04-01,16.14444351196289
2016-04-04,16.583332061767578
2016-04-05,16.255556106567383
2016-04-06,16.281110763549805
2016-04-07,16.4777774810791
2016-04-08,16.63888931274414
2016-04-11,16.51555633544922
2016-04-12,16.69444465637207
2016-04-13,16.721111297607422
2016-04-14,16.666667938232422
2016-04-15,16.688888549804688
2016-04-18,16.546667098999023
2016-04-19,16.584444046020508
2016-04-20,16.666667938232422
2016-04-21,16.488889694213867
2016-04-22,16.511110305786133
2016-04-25,17.0
2016-04-26,17.0
2016-04-27,17.378889083862305
2016-04-28,17.166667938232422
2016-04-29,16.833332061767578
2016-05-02,17.0
2016-05-03,17.030000686645508
2016-05-04,16.81333351135254
2016-05-05,16.866666793823242
2016-05-06,16.833332061767578
2016-05-09,16.61111068725586
2016-05-10,17.5
2016-05-11,17.892221450805664
2016-05-12,18.011110305786133
2016-05-13,18.22222137451172
2016-05-16,18.11666679382324
2016-05-17,17.72222137451172
2016-05-18,17.867778778076172
2016-05-19,17.666667938232422
2016-05-20,17.77777862548828
2016-05-23,18.001110076904297
2016-05-24,18.22222137451172
2016-05-25,18.06666755676269
2016-05-26,18.0
2016-05-27,18.435556411743164
2016-05-31,18.88888931274414
2016-06-01,19.33333206176757
2016-06-02,18.744443893432617
2016-06-03,19.06222152709961
2016-06-06,19.07333374023437
2016-06-07,18.98666763305664
2016-06-08,19.00666618347168
2016-06-09,18.83888816833496
2016-06-10,18.479999542236328
2016-06-13,18.46666717529297
2016-06-14,18.55555534362793
2016-06-15,18.77777862548828
2016-06-16,18.770000457763672
2016-06-17,18.88111114501953
2016-06-20,18.94444465637207
2016-06-21,19.06555557250977
2016-06-22,19.15999984741211
2016-06-23,18.695556640625
2016-06-24,18.33222198486328
2016-06-27,18.141111373901367
2016-06-28,18.22222137451172
2016-06-29,18.666667938232425
2016-06-30,18.738889694213867
2016-07-01,19.05555534362793
2016-07-05,18.799999237060547
2016-07-06,18.88888931274414
2016-07-07,19.00777816772461
2016-07-08,19.06666755676269
2016-07-11,18.88777732849121
2016-07-12,18.9777774810791
2016-07-13,18.827777862548828
2016-07-14,18.76000022888184
2016-07-15,18.88666725158692
2016-07-18,18.77777862548828
2016-07-19,18.88666725158692
2016-07-20,18.77777862548828
2016-07-21,18.666667938232425
2016-07-22,18.88777732849121
2016-07-25,18.83222198486328
2016-07-26,18.38888931274414
2016-07-27,18.135555267333984
2016-07-28,17.85333251953125
2016-07-29,17.77777862548828
2016-08-01,17.399999618530273
2016-08-02,18.023332595825195
2016-08-03,18.666667938232425
2016-08-04,19.19111061096192
2016-08-05,19.44333267211914
2016-08-08,19.78444480895996
2016-08-09,19.655555725097656
2016-08-10,19.5
2016-08-11,19.36666679382324
2016-08-12,19.504444122314453
2016-08-15,19.63888931274414
2016-08-16,19.52666664123535
2016-08-17,19.71999931335449
2016-08-18,19.988889694213867
2016-08-19,19.83888816833496
2016-08-22,19.927778244018555
2016-08-23,19.577777862548828
2016-08-24,19.58333206176757
2016-08-25,19.192222595214844
2016-08-26,19.28888893127441
2016-08-29,19.45888900756836
2016-08-30,19.72222137451172
2016-08-31,19.63333320617676
2016-09-01,19.615556716918945
2016-09-02,19.64444351196289
2016-09-06,19.78222274780273
2016-09-07,20.56222152709961
2016-09-08,24.523332595825195
2016-09-09,21.88888931274414
2016-09-12,22.11111068725586
2016-09-13,22.122222900390625
2016-09-14,23.09666633605957
2016-09-15,24.001110076904297
2016-09-16,24.44333267211914
2016-09-19,23.99333381652832
2016-09-20,24.334444046020508
2016-09-21,24.385555267333984
2016-09-22,24.391111373901367
2016-09-23,24.229999542236328
2016-09-26,24.80777740478516
2016-09-27,25.22222137451172
2016-09-28,25.88999938964844
2016-09-29,26.03777885437012
2016-09-30,26.59222221374512
2016-10-03,26.60333251953125
2016-10-04,26.57333374023437
2016-10-05,27.40888977050781
2016-10-06,27.971111297607425
2016-10-07,28.55555534362793
2016-10-10,28.72888946533203
2016-10-11,28.738889694213867
2016-10-12,29.9022216796875
2016-10-13,30.17222213745117
2016-10-14,30.53333282470703
2016-10-17,30.31333351135254
2016-10-18,30.407777786254883
2016-10-19,31.16444396972656
2016-10-20,30.88777732849121
2016-10-21,31.66555595397949
2016-10-24,33.0011100769043
2016-10-25,33.83333206176758
2016-10-26,32.0
2016-10-27,28.88777732849121
2016-10-28,29.93777847290039
2016-10-31,29.475555419921875
2016-11-01,29.57999992370605
2016-11-02,29.29888916015625
2016-11-03,28.28222274780273
2016-11-04,27.892221450805664
2016-11-07,28.166667938232425
2016-11-08,28.04777717590332
2016-11-09,29.517778396606445
2016-11-10,31.22222137451172
2016-11-11,31.58666610717773
2016-11-14,31.26666641235352
2016-11-15,31.75666618347168
2016-11-16,31.163333892822266
2016-11-17,32.0011100769043
2016-11-18,32.28666687011719
2016-11-21,32.665557861328125
2016-11-22,31.998889923095703
2016-11-23,32.442222595214844
2016-11-25,32.377777099609375
2016-11-28,32.133331298828125
2016-11-29,32.209999084472656
2016-11-30,33.03444290161133
2016-12-01,32.61000061035156
2016-12-02,33.554443359375
2016-12-05,33.01777648925781
2016-12-06,32.87111282348633
2016-12-07,33.40999984741211
2016-12-08,33.733333587646484
2016-12-09,33.82222366333008
2016-12-12,33.065555572509766
2016-12-13,33.66777801513672
2016-12-14,33.133331298828125
2016-12-15,33.217777252197266
2016-12-16,33.23666763305664
2016-12-19,33.101112365722656
2016-12-20,33.35444259643555
2016-12-21,33.33555603027344
2016-12-22,33.38888931274414
2016-12-23,33.22222137451172
2016-12-27,33.36111068725586
2016-12-28,33.11222076416016
2016-12-29,33.063331604003906
2016-12-30,32.97444534301758
2017-01-03,33.287776947021484
2017-01-04,34.231109619140625
2017-01-05,35.96444320678711
2017-01-06,35.55666732788086
2017-01-09,35.73222351074219
2017-01-10,35.88888931274414
2017-01-11,35.27777862548828
2017-01-12,35.48444366455078
2017-01-13,36.38777923583984
2017-01-17,36.9555549621582
2017-01-18,36.77777862548828
2017-01-19,36.60555648803711
2017-01-20,36.33222198486328
2017-01-23,35.43555450439453
2017-01-24,35.76666641235352
2017-01-25,36.018890380859375
2017-01-26,36.27777862548828
2017-01-27,35.776668548583984
2017-01-30,35.46110916137695
2017-01-31,35.279998779296875
2017-02-01,35.5444450378418
2017-02-02,35.161109924316406
2017-02-03,35.30555725097656
2017-02-06,35.223331451416016
2017-02-07,35.276668548583984
2017-02-08,34.856666564941406
2017-02-09,35.22222137451172
2017-02-10,35.415557861328125
2017-02-13,35.356666564941406
2017-02-14,34.44444274902344
2017-02-15,34.122222900390625
2017-02-16,33.42555618286133
2017-02-17,33.65888977050781
2017-02-21,32.790000915527344
2017-02-22,33.338890075683594
2017-02-23,33.135555267333984
2017-02-24,33.11111068725586
2017-02-27,33.42333221435547
2017-02-28,33.16777801513672
2017-03-01,33.13222122192383
2017-03-02,33.05555725097656
2017-03-03,32.78111267089844
2017-03-06,33.33333206176758
2017-03-07,33.08555603027344
2017-03-08,30.36111068725586
2017-03-09,30.61111068725586
2017-03-10,30.28888893127441
2017-03-13,31.09000015258789
2017-03-14,29.62111091613769
2017-03-15,30.60444450378418
2017-03-16,30.2277774810791
2017-03-17,31.356666564941406
2017-03-20,31.341110229492188
2017-03-21,30.38888931274414
2017-03-22,30.45555686950684
2017-03-23,30.76555633544922
2017-03-24,31.11111068725586
2017-03-27,31.365556716918945
2017-03-28,31.036666870117188
2017-03-29,31.0
2017-03-30,30.94444465637207
2017-03-31,31.08333206176757
2017-04-03,31.34000015258789
2017-04-04,31.544443130493164
2017-04-05,31.37777709960937
2017-04-06,31.273332595825195
2017-04-07,31.204444885253903
2017-04-10,31.21444320678711
2017-04-11,31.891111373901367
2017-04-12,32.27555465698242
2017-04-13,31.106666564941406
2017-04-17,31.33888816833496
2017-04-18,31.707778930664062
2017-04-19,31.42222213745117
2017-04-20,31.4244441986084
2017-04-21,31.94444465637207
2017-04-24,32.41222381591797
2017-04-25,32.53333282470703
2017-04-26,32.25666809082031
2017-04-27,32.22222137451172
2017-04-28,34.12333297729492
2017-05-01,34.45222091674805
2017-05-02,34.24444580078125
2017-05-03,33.45111083984375
2017-05-04,33.32222366333008
2017-05-05,33.32444381713867
2017-05-08,33.233333587646484
2017-05-09,33.21555709838867
2017-05-10,33.364444732666016
2017-05-11,33.11111068725586
2017-05-12,32.842220306396484
2017-05-15,33.206668853759766
2017-05-16,33.11111068725586
2017-05-17,31.554443359375
2017-05-18,31.60444450378418
2017-05-19,31.933332443237305
2017-05-22,32.014442443847656
2017-05-23,32.28889083862305
2017-05-24,32.39444351196289
2017-05-25,32.051109313964844
2017-05-26,32.1533317565918
2017-05-30,31.69444465637207
2017-05-31,31.483333587646484
2017-06-01,31.04777717590332
2017-06-02,31.87555694580078
2017-06-05,31.61222267150879
2017-06-06,31.998889923095703
2017-06-07,31.71555519104004
2017-06-08,31.365556716918945
2017-06-09,31.79777717590332
2017-06-12,32.054443359375
2017-06-13,32.54999923706055
2017-06-14,32.63999938964844
2017-06-15,32.71888732910156
2017-06-16,33.90888977050781
2017-06-19,33.91777801513672
2017-06-20,33.054443359375
2017-06-21,32.11111068725586
2017-06-22,32.15444564819336
2017-06-23,32.692222595214844
2017-06-26,31.98444366455078
2017-06-27,31.737777709960938
2017-06-28,32.28111267089844
2017-06-29,32.23777770996094
2017-06-30,32.6422233581543
2017-07-03,32.84555435180664
2017-07-05,32.418888092041016
2017-07-06,32.19889068603516
2017-07-07,32.356666564941406
2017-07-10,32.94111251831055
2017-07-11,33.52333450317383
2017-07-12,33.511112213134766
2017-07-13,34.052223205566406
2017-07-14,33.86111068725586
2017-07-17,33.87111282348633
2017-07-18,34.241111755371094
2017-07-19,35.24555587768555
2017-07-20,35.57222366333008
2017-07-21,35.34555435180664
2017-07-24,35.88888931274414
2017-07-25,36.7511100769043
2017-07-26,37.33333206176758
2017-07-27,37.141109466552734
2017-07-28,37.02999877929688
2017-07-31,36.88999938964844
2017-08-01,38.66666793823242
2017-08-02,40.6966667175293
2017-08-03,41.22888946533203
2017-08-04,40.66777801513672
2017-08-07,39.96222305297852
2017-08-08,39.661109924316406
2017-08-09,39.5
2017-08-10,39.69111251831055
2017-08-11,39.99222183227539
2017-08-14,41.2599983215332
2017-08-15,42.57444381713867
2017-08-16,42.38888931274414
2017-08-17,40.57777786254883
2017-08-18,40.92222213745117
2017-08-21,41.456668853759766
2017-08-22,41.10555648803711
2017-08-23,41.52333450317383
2017-08-24,41.276668548583984
2017-08-25,42.36555480957031
2017-08-28,42.4900016784668
2017-08-29,42.79111099243164
2017-08-30,44.44333267211914
2017-08-31,44.88888931274414
2017-09-01,43.78555679321289
2017-09-05,42.78333282470703
2017-09-06,43.55555725097656
2017-09-07,43.9477767944336
2017-09-08,43.168888092041016
2017-09-11,43.27111053466797
2017-09-12,41.97777938842773
2017-09-13,42.29999923706055
2017-09-14,43.27777862548828
2017-09-15,43.32777786254883
2017-09-18,43.36222076416016
2017-09-19,43.47888946533203
2017-09-20,44.59111022949219
2017-09-21,44.88888931274414
2017-09-22,44.41222381591797
2017-09-25,44.36222076416016
2017-09-26,44.22888946533203
2017-09-27,45.33333206176758
2017-09-28,45.48444366455078
2017-09-29,44.900001525878906
2017-10-02,45.58000183105469
2017-10-03,44.99222183227539
2017-10-04,45.41999816894531
2017-10-05,45.61777877807617
2017-10-06,45.022220611572266
2017-10-09,45.23333358764648
2017-10-10,45.88999938964844
2017-10-11,45.66666793823242
2017-10-12,47.00444412231445
2017-10-13,47.27999877929688
2017-10-16,47.22444534301758
2017-10-17,45.6966667175293
2017-10-18,46.0
2017-10-19,45.33444213867188
2017-10-20,45.58222198486328
2017-10-23,44.38444519042969
2017-10-24,43.87555694580078
2017-10-25,43.75666809082031
2017-10-26,43.33666610717773
2017-10-27,44.03333282470703
2017-10-30,43.96444320678711
2017-10-31,45.24666595458984
2017-11-01,45.40888977050781
2017-11-02,45.150001525878906
2017-11-03,45.93000030517578
2017-11-06,46.38222122192383
2017-11-07,45.77333450317383
2017-11-08,46.18111038208008
2017-11-09,45.668888092041016
2017-11-10,45.856666564941406
2017-11-13,45.59000015258789
2017-11-14,45.20111083984375
2017-11-15,45.47555541992188
2017-11-16,44.99333190917969
2017-11-17,45.45444488525391
2017-11-20,45.304443359375
2017-11-21,45.552223205566406
2017-11-22,45.552223205566406
2017-11-24,45.5888900756836
2017-11-27,45.5
2017-11-28,45.22111129760742
2017-11-29,44.87666702270508
2017-11-30,45.30666732788086
2017-12-01,45.0011100769043
2017-12-04,45.12333297729492
2017-12-05,44.74222183227539
2017-12-06,44.34999847412109
2017-12-07,44.377777099609375
2017-12-08,44.27555465698242
2017-12-11,44.44444274902344
2017-12-12,44.44444274902344
2017-12-13,44.28111267089844
2017-12-14,44.383331298828125
2017-12-15,44.11222076416016
2017-12-18,44.47222137451172
2017-12-19,45.497779846191406
2017-12-20,45.9022216796875
2017-12-21,46.48333358764648
2017-12-22,48.11111068725586
2017-12-26,49.24222183227539
2017-12-27,50.00666809082031
2017-12-28,48.9477767944336
2017-12-29,49.62555694580078
2018-01-02,51.176666259765625
2018-01-03,50.34111022949219
2018-01-04,50.40444564819336
2018-01-05,50.12444305419922
2018-01-08,53.47222137451172
2018-01-09,55.73222351074219
2018-01-10,55.79333114624024
2018-01-11,60.19889068603516
2018-01-12,58.67222213745117
2018-01-16,57.56666564941406
2018-01-17,59.44333267211914
2018-01-18,61.32222366333008
2018-01-19,62.21555709838867
2018-01-22,62.12222290039063
2018-01-23,60.114444732666016
2018-01-24,58.63888931274414
2018-01-25,59.44444274902344
2018-01-26,58.973331451416016
2018-01-29,61.1966667175293
2018-01-30,59.95111083984375
2018-01-31,59.67222213745117
2018-02-01,58.79111099243164
2018-02-02,57.79666519165039
2018-02-05,55.655555725097656
2018-02-06,55.68111038208008
2018-02-07,58.02111053466797
2018-02-08,55.35222244262695
2018-02-09,54.817779541015625
2018-02-12,53.95333480834961
2018-02-13,54.4466667175293
2018-02-14,55.23333358764648
2018-02-15,55.57222366333008
2018-02-16,56.19333267211914
2018-02-20,56.41444396972656
2018-02-21,56.22555541992188
2018-02-22,56.88888931274414
2018-02-23,58.400001525878906
2018-02-26,59.11111068725586
2018-02-27,59.851112365722656
2018-02-28,59.89777755737305
2018-03-01,57.44444274902344
2018-03-02,57.78444290161133
2018-03-05,58.29222106933594
2018-03-06,58.6533317565918
2018-03-07,58.58555603027344
2018-03-08,58.20777893066406
2018-03-09,58.07110977172852
2018-03-12,58.61000061035156
2018-03-13,57.22555541992188
2018-03-14,57.4022216796875
2018-03-15,58.26777648925781
2018-03-16,58.60555648803711
2018-03-19,57.22222137451172
2018-03-20,57.6533317565918
2018-03-21,57.565555572509766
2018-03-22,56.88888931274414
2018-03-23,55.68777847290039
2018-03-26,55.97111129760742
2018-03-27,55.00777816772461
2018-03-28,55.42333221435547
2018-03-29,56.15777969360352
2018-04-02,56.5
2018-04-03,56.9022216796875
2018-04-04,57.44333267211914
2018-04-05,57.97444534301758
2018-04-06,56.77777862548828
2018-04-09,57.926666259765625
2018-04-10,57.885555267333984
2018-04-11,58.33444213867188
2018-04-12,59.42222213745117
2018-04-13,60.0
2018-04-16,60.22222137451172
2018-04-17,59.445556640625
2018-04-18,60.52333450317383
2018-04-19,60.68777847290039
2018-04-20,61.0
2018-04-23,60.61111068725586
2018-04-24,59.49333190917969
2018-04-25,60.21222305297852
2018-04-26,60.22222137451172
2018-04-27,60.29333114624024
2018-04-30,60.54222106933594
2018-05-01,65.64221954345703
2018-05-02,68.91555786132812
2018-05-03,69.73999786376953
2018-05-04,69.79222106933594
2018-05-07,72.31222534179688
2018-05-08,71.54222106933594
2018-05-09,71.87777709960938
2018-05-10,72.9366683959961
2018-05-11,71.75555419921875
2018-05-14,68.87999725341797
2018-05-15,69.05777740478516
2018-05-16,72.40666961669922
2018-05-17,76.67666625976562
2018-05-18,75.91999816894531
2018-05-21,78.00555419921875
2018-05-22,76.30889129638672
2018-05-23,76.88333129882812
2018-05-24,77.32221984863281
2018-05-25,76.02222442626953
2018-05-29,75.44444274902344
2018-05-30,76.9911117553711
2018-05-31,78.52222442626953
2018-06-01,79.55999755859375
2018-06-04,78.3066635131836
2018-06-05,76.81222534179688
2018-06-06,76.08777618408203
2018-06-07,77.87333679199219
2018-06-08,78.77666473388672
2018-06-11,77.85221862792969
2018-06-12,77.88888549804688
2018-06-13,77.77333068847656
2018-06-14,77.06111145019531
2018-06-15,75.35111236572266
2018-06-18,76.64555358886719
2018-06-19,78.42666625976562
2018-06-20,78.3477783203125
2018-06-21,77.93222045898438
2018-06-22,78.3499984741211
2018-06-25,77.69667053222656
2018-06-26,79.0
2018-06-27,77.97555541992188
2018-06-28,77.49444580078125
2018-06-29,77.2611083984375
2018-07-02,77.21666717529297
2018-07-03,77.16555786132812
2018-07-05,79.43333435058594
2018-07-06,79.99444580078125
2018-07-09,81.49444580078125
2018-07-10,83.5
2018-07-11,87.11111450195312
2018-07-12,88.27777862548828
2018-07-13,87.9888916015625
2018-07-16,87.70333099365234
2018-07-17,86.65110778808594
2018-07-18,85.71111297607422
2018-07-19,85.05555725097656
2018-07-20,86.10444641113281
2018-07-23,85.8677749633789
2018-07-24,86.5
2018-07-25,85.9888916015625
2018-07-26,83.33333587646484
2018-07-27,82.22222137451172
2018-07-30,81.52222442626953
2018-07-31,82.23110961914062
2018-08-01,87.88888549804688
2018-08-02,89.26555633544922
2018-08-03,88.75777435302734
2018-08-06,89.34444427490234
2018-08-07,90.14888763427734
2018-08-08,89.55110931396484
2018-08-09,89.77333068847656
2018-08-10,89.44444274902344
2018-08-13,88.80000305175781
2018-08-14,86.69999694824219
2018-08-15,86.9000015258789
2018-08-16,87.66666412353516
2018-08-17,88.18444061279297
2018-08-20,89.44444274902344
2018-08-21,88.88888549804688
2018-08-22,89.0
2018-08-23,90.5955581665039
2018-08-24,94.11111450195312
2018-08-27,95.17555236816406
2018-08-28,91.5633316040039
2018-08-29,90.55555725097656
2018-08-30,92.09889221191406
2018-08-31,92.73444366455078
2018-09-04,95.21111297607422
2018-09-05,94.36222076416016
2018-09-06,93.304443359375
2018-09-07,92.88888549804688
2018-09-10,91.60888671875
2018-09-11,93.63333129882812
2018-09-12,92.77777862548828
2018-09-13,93.46221923828124
2018-09-14,91.58333587646484
2018-09-17,92.13555908203124
2018-09-18,92.4655532836914
2018-09-19,92.88888549804688
2018-09-20,93.2155532836914
2018-09-21,93.33777618408205
2018-09-24,92.74222564697266
2018-09-25,94.99888610839844
2018-09-26,96.44444274902344
2018-09-27,96.1177749633789
2018-09-28,95.83999633789062
2018-10-01,96.31444549560548
2018-10-02,95.99333190917967
2018-10-03,96.88777923583984
2018-10-04,95.7911148071289
2018-10-05,95.22333526611328
2018-10-08,93.56222534179688
2018-10-09,93.23332977294922
2018-10-10,89.43222045898438
2018-10-11,87.22222137451172
2018-10-12,88.74444580078125
2018-10-15,86.40888977050781
2018-10-16,88.77777862548828
2018-10-17,88.41222381591797
2018-10-18,87.15666961669922
2018-10-19,86.04000091552734
2018-10-22,82.23444366455078
2018-10-23,81.7388916015625
2018-10-24,78.60221862792969
2018-10-25,80.19889068603516
2018-10-26,79.11111450195312
2018-10-29,76.76222229003906
2018-10-30,78.9000015258789
2018-10-31,84.45777893066406
2018-11-01,74.44444274902344
2018-11-02,75.52555847167969
2018-11-05,74.56888580322266
2018-11-06,75.83555603027344
2018-11-07,77.77777862548828
2018-11-08,74.71888732910156
2018-11-09,72.77777862548828
2018-11-12,68.99444580078125
2018-11-13,64.63555908203125
2018-11-14,61.48333358764648
2018-11-15,62.970001220703125
2018-11-16,67.63444519042969
2018-11-19,66.68888854980469
2018-11-20,62.34222030639648
2018-11-21,65.11444091796875
2018-11-23,61.33222198486328
2018-11-26,60.70777893066406
2018-11-27,61.79999923706055
2018-11-28,62.56222152709961
2018-11-29,66.34222412109375
2018-11-30,64.35444641113281
2018-12-03,66.72000122070312
2018-12-04,64.6544418334961
2018-12-06,64.44444274902344
2018-12-07,63.17222213745117
2018-12-10,61.32222366333008
2018-12-11,59.34111022949219
2018-12-12,61.43000030517578
2018-12-13,60.84222030639648
2018-12-14,59.61555480957031
2018-12-17,57.7944450378418
2018-12-18,54.11000061035156
2018-12-19,53.99111175537109
2018-12-20,51.20333480834961
2018-12-21,47.9988899230957
2018-12-24,49.01333236694336
2018-12-26,53.68777847290039
2018-12-27,56.36555480957031
2018-12-28,60.856666564941406
2018-12-31,60.18111038208008
2019-01-02,62.924442291259766
2019-01-03,63.10444259643555
2019-01-04,65.78888702392578
2019-01-07,68.87889099121094
2019-01-08,69.72222137451172
2019-01-09,67.75777435302734
2019-01-10,68.88888549804688
2019-01-11,68.79444122314453
2019-01-14,68.33444213867188
2019-01-15,68.33444213867188
2019-01-16,70.0
2019-01-17,71.88555908203125
2019-01-18,72.22222137451172
2019-01-22,70.83222198486328
2019-01-23,70.1066665649414
2019-01-24,69.44444274902344
2019-01-25,71.11111450195312
2019-01-28,71.95555877685547
2019-01-29,73.62222290039062
2019-01-30,77.1322250366211
2019-01-31,77.26777648925781
2019-02-01,78.20999908447266
2019-02-04,80.55555725097656
2019-02-05,80.8499984741211
2019-02-06,79.89444732666016
2019-02-07,78.87110900878906
2019-02-08,77.7955551147461
2019-02-11,76.11111450195312
2019-02-12,79.22222137451172
2019-02-13,80.53555297851562
2019-02-14,82.22222137451172
2019-02-15,83.75
2019-02-19,86.66666412353516
2019-02-20,87.75555419921875
2019-02-21,86.58333587646484
2019-02-22,84.81444549560547
2019-02-25,83.445556640625
2019-02-26,83.33333587646484
2019-02-27,85.0
2019-02-28,82.62444305419922
2019-03-01,83.62555694580078
2019-03-04,83.42888641357422
2019-03-05,82.75777435302734
2019-03-06,80.695556640625
2019-03-07,79.77555847167969
2019-03-08,79.11222076416016
2019-03-11,80.58000183105469
2019-03-12,79.85111236572266
2019-03-13,81.39666748046875
2019-03-14,82.46111297607422
2019-03-15,80.88888549804688
2019-03-18,83.0
2019-03-19,85.67444610595703
2019-03-20,85.33999633789062
2019-03-21,83.0
2019-03-22,81.11111450195312
2019-03-25,82.77777862548828
2019-03-26,85.55889129638672
2019-03-27,86.43888854980469
2019-03-28,85.68888854980469
2019-03-29,85.96111297607422
2019-04-01,88.68000030517578
2019-04-02,88.58333587646484
2019-04-03,86.90555572509766
2019-04-04,86.42333221435547
2019-04-05,90.11111450195312
2019-04-08,90.04222106933594
2019-04-09,94.22222137451172
2019-04-10,98.45555877685548
2019-04-11,97.64778137207033
2019-04-12,100.11555480957033
2019-04-15,99.34666442871094
2019-04-16,98.0
2019-04-17,99.81222534179688
2019-04-18,99.77333068847656
2019-04-22,99.88888549804688
2019-04-23,99.57666778564452
2019-04-24,99.54777526855467
2019-04-25,98.6177749633789
2019-04-26,93.72777557373048
2019-04-29,91.33333587646484
2019-04-30,89.14888763427734
2019-05-01,89.06888580322266
2019-05-02,89.69999694824219
2019-05-03,89.6977767944336
2019-05-06,88.7933349609375
2019-05-07,87.80777740478516
2019-05-08,88.77222442626953
2019-05-09,87.56222534179688
2019-05-10,88.94222259521484
2019-05-13,87.2844467163086
2019-05-14,91.56222534179688
2019-05-15,93.59444427490234
2019-05-16,94.2588882446289
2019-05-17,96.2677764892578
2019-05-20,93.945556640625
2019-05-21,94.46666717529295
2019-05-22,92.12999725341795
2019-05-23,87.29222106933594
2019-05-24,87.06222534179688
2019-05-28,89.08777618408203
2019-05-29,89.99222564697266
2019-05-30,86.29000091552734
2019-05-31,81.88999938964844
2019-06-03,80.65777587890625
2019-06-04,83.66666412353516
2019-06-05,81.91777801513672
2019-06-06,82.99666595458984
2019-06-07,84.03333282470703
2019-06-10,83.44000244140625
2019-06-11,83.4566650390625
2019-06-12,80.1322250366211
2019-06-13,80.8822250366211
2019-06-14,82.22222137451172
2019-06-17,80.33333587646484
2019-06-18,83.55555725097656
2019-06-19,85.58555603027344
2019-06-20,87.87777709960938
2019-06-21,85.11555480957031
2019-06-24,88.38111114501953
2019-06-25,88.0522232055664
2019-06-26,88.804443359375
2019-06-27,87.21666717529297
2019-06-28,87.4433364868164
2019-07-01,90.25555419921876
2019-07-02,86.73999786376953
2019-07-03,87.83222198486328
2019-07-05,88.88888549804688
2019-07-08,89.02222442626953
2019-07-09,87.34111022949219
2019-07-10,88.89444732666016
2019-07-11,88.11111450195312
2019-07-12,87.804443359375
2019-07-15,87.33333587646484
2019-07-16,86.09222412109375
2019-07-17,85.04777526855469
2019-07-18,84.73555755615234
2019-07-19,84.61111450195312
2019-07-22,84.32666778564453
2019-07-23,83.77777862548828
2019-07-24,82.9111099243164
2019-07-25,83.08777618408203
2019-07-26,82.44999694824219
2019-07-29,83.16666412353516
2019-07-30,84.44444274902344
2019-07-31,88.5777816772461
2019-08-01,80.83333587646484
2019-08-02,79.11111450195312
2019-08-05,77.27333068847656
2019-08-06,75.554443359375
2019-08-07,72.22222137451172
2019-08-08,75.0
2019-08-09,75.57221984863281
2019-08-12,73.3277816772461
2019-08-13,73.3499984741211
2019-08-14,70.9111099243164
2019-08-15,73.08777618408203
2019-08-16,74.57444763183594
2019-08-19,73.6722183227539
2019-08-20,72.50555419921875
2019-08-21,74.59889221191406
2019-08-22,73.3499984741211
2019-08-23,70.4044418334961
2019-08-26,70.69444274902344
2019-08-27,69.94999694824219
2019-08-28,71.86333465576172
2019-08-29,72.9433364868164
2019-08-30,72.80110931396484
2019-09-03,74.25111389160156
2019-09-04,75.21333312988281
2019-09-05,78.49444580078125
2019-09-06,75.44444274902344
2019-09-09,74.6722183227539
2019-09-10,72.33333587646484
2019-09-11,71.9911117553711
2019-09-12,73.21888732910156
2019-09-13,73.18444061279297
2019-09-16,78.91222381591797
2019-09-17,73.9800033569336
2019-09-18,74.11111450195312
2019-09-19,72.23332977294922
2019-09-20,71.3499984741211
2019-09-23,72.54777526855469
2019-09-24,72.22222137451172
2019-09-25,71.87333679199219
2019-09-26,70.56111145019531
2019-09-27,70.23332977294922
2019-09-30,72.17444610595703
2019-10-01,70.12110900878906
2019-10-02,68.90555572509766
2019-10-03,69.21666717529297
2019-10-04,67.1544418334961
2019-10-07,67.26222229003906
2019-10-08,68.02889251708984
2019-10-09,66.72777557373047
2019-10-10,67.54666900634766
2019-10-11,67.79222106933594
2019-10-14,67.27999877929688
2019-10-15,67.33333587646484
2019-10-16,66.8455581665039
2019-10-17,66.1611099243164
2019-10-18,65.78778076171875
2019-10-21,66.53888702392578
2019-10-22,67.77777862548828
2019-10-23,68.6544418334961
2019-10-24,67.4044418334961
2019-10-25,67.45777893066406
2019-10-28,67.98999786376953
2019-10-29,65.27777862548828
2019-10-30,65.6977767944336
2019-10-31,63.22555541992188
2019-11-01,69.63333129882812
2019-11-04,70.77777862548828
2019-11-05,72.76667022705078
2019-11-06,70.93333435058594
2019-11-07,71.11111450195312
2019-11-08,71.66666412353516
2019-11-11,71.94889068603516
2019-11-12,71.86111450195312
2019-11-13,73.81888580322266
2019-11-14,72.33444213867188
2019-11-15,73.88888549804688
2019-11-18,73.89444732666016
2019-11-19,75.84889221191406
2019-11-20,76.6866683959961
2019-11-21,75.46778106689453
2019-11-22,74.44444274902344
2019-11-25,75.11111450195312
2019-11-26,74.13333129882812
2019-11-27,75.11000061035156
2019-11-29,74.9977798461914
2019-12-02,72.22222137451172
2019-12-03,71.73444366455078
2019-12-04,74.07111358642578
2019-12-05,74.04444122314453
2019-12-06,74.1722183227539
2019-12-09,74.32666778564453
2019-12-10,74.68777465820312
2019-12-11,75.0022201538086
2019-12-12,76.44444274902344
2019-12-13,75.98444366455078
2019-12-16,77.22777557373047
2019-12-17,78.11000061035156
2019-12-18,78.68000030517578
2019-12-19,80.98332977294922
2019-12-20,85.10221862792969
2019-12-23,87.0777816772461
2019-12-24,87.27333068847656
2019-12-26,87.24666595458984
2019-12-27,88.33777618408203
2019-12-30,87.59333038330078
2019-12-31,86.8022232055664
2020-01-02,86.12444305419922
2020-01-03,88.80000305175781
2020-01-06,88.88888549804688
2020-01-07,89.38888549804688
2020-01-08,91.0411148071289
2020-01-09,90.3544464111328
2020-01-10,89.91999816894531
2020-01-13,89.43333435058594
2020-01-14,88.8277816772461
2020-01-15,88.43555450439453
2020-01-16,88.32221984863281
2020-01-17,88.0955581665039
2020-01-21,86.8822250366211
2020-01-22,85.19999694824219
2020-01-23,84.33333587646484
2020-01-24,83.47000122070312
2020-01-27,81.68111419677734
2020-01-28,82.8388900756836
2020-01-29,82.44444274902344
2020-01-30,80.72222137451172
2020-01-31,83.96778106689453
2020-02-03,83.33333587646484
2020-02-04,86.67111206054688
2020-02-05,89.00777435302734
2020-02-06,89.2844467163086
2020-02-07,89.12222290039062
2020-02-10,86.38444519042969
2020-02-11,86.9000015258789
2020-02-12,87.52777862548828
2020-02-13,87.05555725097656
2020-02-14,85.5633316040039
2020-02-18,85.13111114501953
2020-02-19,85.88333129882812
2020-02-20,86.82333374023438
2020-02-21,85.0
2020-02-24,83.47000122070312
2020-02-25,80.55555725097656
2020-02-26,78.97666931152344
2020-02-27,75.35555267333984
2020-02-28,77.31111145019531
2020-03-02,76.74444580078125
2020-03-03,74.56444549560547
2020-03-04,74.78888702392578
2020-03-05,72.8677749633789
2020-03-06,69.11111450195312
2020-03-09,51.91222381591797
2020-03-10,58.55555725097656
2020-03-11,50.77888870239258
2020-03-12,45.55666732788086
2020-03-13,48.5444450378418
2020-03-16,45.55666732788086
2020-03-17,40.91777801513672
2020-03-18,34.54888916015625
2020-03-19,39.34222030639648
2020-03-20,39.206668853759766
2020-03-23,34.2599983215332
2020-03-24,43.21555709838867
2020-03-25,41.66666793823242
2020-03-26,41.11222076416016
2020-03-27,42.14444351196289
2020-03-30,43.33555603027344
2020-03-31,42.223331451416016
2020-04-01,41.83555603027344
2020-04-02,46.89666748046875
2020-04-03,50.87444305419922
2020-04-06,52.78111267089844
2020-04-07,50.782222747802734
2020-04-08,52.33666610717773
2020-04-09,57.026668548583984
2020-04-13,57.23333358764648
2020-04-14,59.50333404541016
2020-04-15,57.22444534301758
2020-04-16,56.61777877807617
2020-04-17,56.95777893066406
2020-04-20,55.83333206176758
2020-04-21,51.46222305297852
2020-04-22,55.473331451416016
2020-04-23,54.856666564941406
2020-04-24,55.424442291259766
2020-04-27,57.106666564941406
2020-04-28,57.72777938842773
2020-04-29,62.22777938842773
2020-04-30,63.2944450378418
2020-05-01,56.473331451416016
2020-05-04,59.258888244628906
2020-05-05,57.3488883972168
2020-05-06,54.56888961791992
2020-05-07,54.78111267089844
2020-05-08,57.95000076293945
2020-05-11,57.79888916015625
2020-05-12,58.223331451416016
2020-05-13,56.856666564941406
2020-05-14,57.774444580078125
2020-05-15,58.261112213134766
2020-05-18,61.48444366455078
2020-05-19,61.206668853759766
2020-05-20,64.97888946533203
2020-05-21,64.28221893310547
2020-05-22,64.01333618164062
2020-05-26,65.32111358642578
2020-05-27,65.29666900634766
2020-05-28,66.77666473388672
2020-05-29,65.1544418334961
2020-06-01,66.11444091796875
2020-06-02,68.01333618164062
2020-06-03,68.88444519042969
2020-06-04,69.445556640625
2020-06-05,73.86666870117188
2020-06-08,78.28778076171875
2020-06-09,74.0
2020-06-10,71.66555786132812
2020-06-11,63.924442291259766
2020-06-12,69.66666412353516
2020-06-15,69.50777435302734
2020-06-16,71.2611083984375
2020-06-17,69.45777893066406
2020-06-18,68.32221984863281
2020-06-19,69.33777618408203
2020-06-22,68.23444366455078
2020-06-23,66.6611099243164
2020-06-24,63.55555725097656
2020-06-25,64.91889190673828
2020-06-26,63.57222366333008
2020-06-29,63.33444213867188
2020-06-30,66.07666778564453
2020-07-01,64.26667022705078
2020-07-02,64.1544418334961
2020-07-06,63.33222198486328
2020-07-07,61.08444213867188
2020-07-08,62.33444213867188
2020-07-09,60.28777694702149
2020-07-10,60.77777862548828
2020-07-13,59.668888092041016
2020-07-14,65.0199966430664
2020-07-15,66.30332946777344
2020-07-16,64.71444702148438
2020-07-17,65.07888793945312
2020-07-20,63.88999938964844
2020-07-21,64.66666412353516
2020-07-22,63.75777816772461
2020-07-23,63.20000076293945
2020-07-24,62.22444534301758
2020-07-27,61.66666793823242
2020-07-28,60.9988899230957
2020-07-29,62.44444274902344
2020-07-30,61.61888885498047
2020-07-31,59.22111129760742
2020-08-03,59.9988899230957
2020-08-04,62.71110916137695
2020-08-05,66.88888549804688
2020-08-06,64.0999984741211
2020-08-07,64.88888549804688
2020-08-10,66.55555725097656
2020-08-11,65.35555267333984
2020-08-12,65.5566635131836
2020-08-13,65.4433364868164
2020-08-14,66.66666412353516
2020-08-17,66.304443359375
2020-08-18,65.2611083984375
2020-08-19,63.567779541015625
2020-08-20,62.163333892822266
2020-08-21,61.38999938964844
2020-08-24,60.34222030639648
2020-08-25,60.57110977172852
2020-08-26,60.30888748168945
2020-08-27,59.7488899230957
2020-08-28,59.065555572509766
2020-08-31,58.524444580078125
2020-09-01,59.635555267333984
2020-09-02,59.75555419921875
2020-09-03,58.59111022949219
2020-09-04,56.74333190917969
2020-09-08,54.8922233581543
2020-09-09,56.52555465698242
2020-09-10,53.44444274902344
2020-09-11,53.12555694580078
2020-09-14,53.44333267211914
2020-09-15,51.511112213134766
2020-09-16,50.95111083984375
2020-09-17,51.04666519165039
2020-09-18,50.88777923583984
2020-09-21,51.06222152709961
2020-09-22,51.22222137451172
2020-09-23,49.07777786254883
2020-09-24,50.77999877929688
2020-09-25,50.11111068725586
2020-09-28,51.27555465698242
2020-09-29,50.22888946533203
2020-09-30,50.17333221435547
2020-10-01,50.022220611572266
2020-10-02,49.78889083862305
2020-10-05,50.567779541015625
2020-10-06,51.135555267333984
2020-10-07,52.5533332824707
2020-10-08,53.85889053344727
2020-10-09,51.84444427490234
2020-10-12,52.44333267211914
2020-10-13,51.07222366333008
2020-10-14,51.66777801513672
2020-10-15,53.49111175537109
2020-10-16,52.15777969360352
2020-10-19,52.44444274902344
2020-10-20,52.220001220703125
2020-10-21,51.45000076293945
2020-10-22,53.24111175537109
2020-10-23,53.10889053344727
2020-10-26,52.5533332824707
2020-10-27,51.46666717529297
2020-10-28,49.94333267211914
2020-10-29,51.62444305419922
2020-10-30,50.045555114746094
2020-11-02,51.71555709838867
2020-11-03,53.776668548583984
2020-11-04,52.723331451416016
2020-11-05,56.31444549560547
2020-11-06,55.28666687011719
2020-11-09,63.88666534423828
2020-11-10,61.77999877929688
2020-11-11,60.02777862548828
2020-11-12,59.69111251831055
2020-11-13,61.09444427490234
2020-11-16,64.4433364868164
2020-11-17,64.98555755615234
2020-11-18,64.37777709960938
2020-11-19,63.88777923583984
2020-11-20,64.13999938964844
2020-11-23,67.12110900878906
2020-11-24,70.16666412353516
2020-11-25,68.5522232055664
2020-11-27,65.44444274902344
2020-11-30,67.76889038085938
2020-12-01,68.22333526611328
2020-12-02,68.9111099243164
2020-12-03,71.16889190673828
2020-12-04,74.44000244140625
2020-12-07,74.37666320800781
2020-12-08,74.66666412353516
2020-12-09,75.87555694580078
2020-12-10,77.0022201538086
2020-12-11,76.88888549804688
2020-12-14,76.0
2020-12-15,77.77777862548828
2020-12-16,79.9888916015625
2020-12-17,80.39221954345703
2020-12-18,82.2911148071289
2020-12-21,80.5
2020-12-22,77.77777862548828
2020-12-23,77.66666412353516
2020-12-24,76.88888549804688
2020-12-28,77.11111450195312
2020-12-29,76.22888946533203
2020-12-30,80.38777923583984
2020-12-31,80.77777862548828
2021-01-04,84.06222534179688
2021-01-05,88.33333587646484
2021-01-06,88.11333465576172
2021-01-07,86.5199966430664
2021-01-08,89.0
2021-01-11,96.61111450195312
2021-01-12,97.8766632080078
2021-01-13,92.68888854980467
2021-01-14,94.88555908203124
2021-01-15,93.4433364868164
2021-01-19,94.31666564941406
2021-01-20,93.81555938720705
2021-01-21,90.10111236572266
2021-01-22,91.36666870117188
2021-01-25,91.554443359375
2021-01-26,92.54777526855467
2021-01-27,89.56666564941406
2021-01-28,92.77777862548828
2021-01-29,92.47110748291016
2021-02-01,92.66666412353516
2021-02-02,95.32666778564452
2021-02-03,100.62222290039062
2021-02-04,106.83222198486328
2021-02-05,110.33222198486328
2021-02-08,113.33333587646484
2021-02-09,112.4088897705078
2021-02-10,118.43777465820312
2021-02-11,119.44222259521484
2021-02-12,124.41999816894533
2021-02-16,129.35888671875
2021-02-17,126.98110961914062
2021-02-18,123.31444549560548
2021-02-19,123.22222137451172
2021-02-22,122.22333526611328
2021-02-23,123.7866668701172
2021-02-24,127.05777740478516
2021-02-25,123.5411148071289
2021-02-26,122.67111206054688
2021-03-01,123.086669921875
2021-03-02,122.03555297851562
2021-03-03,128.57777404785156
2021-03-04,130.5577850341797
2021-03-05,133.3333282470703
2021-03-08,139.77777099609375
2021-03-09,142.47000122070312
2021-03-10,151.04110717773438
2021-03-11,157.21665954589844
2021-03-12,159.6666717529297
2021-03-15,173.1022186279297
2021-03-16,172.63555908203125
2021-03-17,189.3088836669922
2021-03-18,171.25999450683594
2021-03-19,186.1611175537109
2021-03-22,175.94667053222656
2021-03-23,158.4788818359375
2021-03-24,165.1555633544922
2021-03-25,170.22332763671875
2021-03-26,175.3333282470703
2021-03-29,164.03778076171875
2021-03-30,171.55555725097656
2021-03-31,176.60333251953125
2021-04-01,177.77777099609375
2021-04-05,176.44332885742188
2021-04-06,177.27667236328125
2021-04-07,179.1744384765625
2021-04-08,178.92111206054688
2021-04-09,177.57666015625
2021-04-12,177.5977783203125
2021-04-13,171.18222045898438
2021-04-14,179.22222900390625
2021-04-15,174.9088897705078
2021-04-16,175.55555725097656
2021-04-19,171.77777099609375
2021-04-20,163.07333374023438
2021-04-21,161.85000610351562
2021-04-22,163.0
2021-04-23,163.631103515625
2021-04-26,175.1133270263672
2021-04-27,178.2788848876953
2021-04-28,184.2544403076172
2021-04-29,175.00111389160156
2021-04-30,171.12777709960938
2021-05-03,178.74777221679688
2021-05-04,181.99444580078125
2021-05-05,189.09555053710932
2021-05-06,178.65333557128906
2021-05-07,194.80555725097656
2021-05-10,194.50778198242188
2021-05-11,191.99777221679688
2021-05-12,187.6477813720703
2021-05-13,184.1377716064453
2021-05-14,187.574447631836
2021-05-17,183.3333282470703
2021-05-18,174.64443969726562
2021-05-19,168.30111694335938
2021-05-20,172.22222900390625
2021-05-21,171.11111450195312
2021-05-24,167.38221740722656
2021-05-25,165.12445068359375
2021-05-26,163.1666717529297
2021-05-27,162.85556030273438
2021-05-28,161.45777893066406
2021-06-01,166.55999755859375
2021-06-02,165.62445068359375
2021-06-03,163.3333282470703
2021-06-04,165.14889526367188
2021-06-07,167.44444274902344
2021-06-08,170.31443786621094
2021-06-09,169.11111450195312
2021-06-10,165.77667236328125
2021-06-11,170.0
2021-06-14,166.44444274902344
2021-06-15,171.05555725097656
2021-06-16,173.77777099609375
2021-06-17,167.76333618164062
2021-06-18,168.54666137695312
2021-06-21,177.0500030517578
2021-06-22,176.6666717529297
2021-06-23,178.65333557128906
2021-06-24,175.52444458007812
2021-06-25,175.12110900878906
2021-06-28,172.54888916015625
2021-06-29,173.4055633544922
2021-06-30,177.74888610839844
2021-07-01,179.53778076171875
2021-07-02,177.0
2021-07-06,172.1233367919922
2021-07-07,164.3699951171875
2021-07-08,162.22999572753906
2021-07-09,167.7644500732422
2021-07-12,171.7433319091797
2021-07-13,169.78334045410156
2021-07-14,164.18333435058594
2021-07-15,161.47666931152344
2021-07-16,157.3000030517578
2021-07-19,155.37110900878906
2021-07-20,165.72999572753906
2021-07-21,169.33778381347656
2021-07-22,167.631103515625
2021-07-23,166.66555786132812
2021-07-26,166.24444580078125
2021-07-27,160.33555603027344
2021-07-28,164.78555297851562
2021-07-29,162.554443359375
2021-07-30,165.83888244628906
2021-08-02,164.31666564941406
2021-08-03,165.0
2021-08-04,160.6811065673828
2021-08-05,163.25778198242188
2021-08-06,164.42333984375
2021-08-09,165.13333129882812
2021-08-10,167.2211151123047
2021-08-11,165.70889282226562
2021-08-12,167.61666870117188
2021-08-13,164.82110595703125
2021-08-16,161.0177764892578
2021-08-17,158.3477783203125
2021-08-18,152.1666717529297
2021-08-19,147.13888549804688
2021-08-20,148.07110595703125
2021-08-23,151.55555725097656
2021-08-24,154.71444702148438
2021-08-25,157.43556213378906
2021-08-26,153.44667053222656
2021-08-27,157.22222900390625
2021-08-30,157.2677764892578
2021-08-31,151.0822296142578
2021-09-01,150.5388946533203
2021-09-02,147.5399932861328
2021-09-03,143.98666381835938
2021-09-07,135.4199981689453
2021-09-08,136.1199951171875
2021-09-09,136.30667114257812
2021-09-10,135.6677703857422
2021-09-13,138.05221557617188
2021-09-14,135.00999450683594
2021-09-15,139.17999267578125
2021-09-16,138.0655517578125
2021-09-17,144.4888916015625
2021-09-20,138.11778259277344
2021-09-21,138.98666381835938
2021-09-22,140.80999755859375
2021-09-23,145.22666931152344
2021-09-24,144.6133270263672
2021-09-27,151.88888549804688
2021-09-28,148.4888916015625
2021-09-29,137.8444366455078
2021-09-30,134.3733367919922
2021-10-01,130.33444213867188
2021-10-04,127.97666931152344
2021-10-05,131.6666717529297
2021-10-06,129.1477813720703
2021-10-07,131.7644500732422
2021-10-08,134.82666015625
2021-10-11,133.1122283935547
2021-10-12,131.08999633789062
2021-10-13,132.75999450683594
2021-10-14,134.9788818359375
2021-10-15,135.81777954101562
2021-10-18,136.11111450195312
2021-10-19,139.1522216796875
2021-10-20,141.2133331298828
2021-10-21,137.89222717285156
2021-10-22,140.66444396972656
2021-10-25,143.75222778320312
2021-10-26,144.61000061035156
2021-10-27,138.10000610351562
2021-10-28,140.28778076171875
2021-10-29,141.51889038085938
2021-11-01,145.92222595214844
2021-11-02,143.0155487060547
2021-11-03,141.55555725097656
2021-11-04,137.75889587402344
2021-11-05,151.9522247314453
2021-11-08,153.93556213378906
2021-11-09,157.9522247314453
2021-11-10,148.87777709960938
2021-11-11,148.88999938964844
2021-11-12,144.0588836669922
2021-11-15,143.90333557128906
2021-11-16,144.03778076171875
2021-11-17,139.77999877929688
2021-11-18,142.27000427246094
2021-11-19,138.4344482421875
2021-11-22,139.3111114501953
2021-11-23,144.21556091308594
2021-11-24,145.2755584716797
2021-11-26,138.11000061035156
2021-11-29,140.33444213867188
2021-11-30,134.3077850341797
2021-12-01,131.16555786132812
2021-12-02,135.49667358398438
2021-12-03,133.96221923828125
2021-12-06,140.40110778808594
2021-12-07,147.18666076660156
2021-12-08,143.12889099121094
2021-12-09,140.70443725585938
2021-12-10,140.8844451904297
2021-12-13,138.3866729736328
2021-12-14,136.7866668701172
2021-12-15,137.37110900878906
2021-12-16,137.1666717529297
2021-12-17,134.08111572265625
2021-12-20,134.43777465820312
2021-12-21,140.1522216796875
2021-12-22,136.64443969726562
2021-12-23,137.72999572753906
2021-12-27,142.6199951171875
2021-12-28,140.35667419433594
2021-12-29,139.0833282470703
2021-12-30,138.4422149658203
2021-12-31,138.76333618164062
2022-01-03,141.57110595703125
2022-01-04,143.663330078125
2022-01-05,139.67666625976562
2022-01-06,139.7677764892578
2022-01-07,140.0111083984375
2022-01-10,134.78555297851562
2022-01-11,135.73333740234375
2022-01-12,135.99667358398438
2022-01-13,125.31999969482422
2022-01-14,123.52999877929688
2022-01-18,118.5999984741211
2022-01-19,117.71778106689452
2022-01-20,112.3066635131836
2022-01-21,111.48332977294922
2022-01-24,115.47444152832033
2022-01-25,116.0500030517578
2022-01-26,113.76889038085938
2022-01-27,111.97222137451172
2022-01-28,114.9822235107422
2022-01-31,119.44444274902344
2022-02-01,124.695556640625
2022-02-02,123.8222198486328
2022-02-03,121.1455535888672
2022-02-04,121.42555236816406
2022-02-07,119.59333038330078
2022-02-08,118.163330078125
2022-02-09,118.54666900634766
2022-02-10,119.57666778564452
2022-02-11,122.8277816772461
2022-02-14,117.77889251708984
2022-02-15,114.90555572509766
2022-02-16,113.37555694580078
2022-02-17,111.64221954345705
2022-02-18,111.74222564697266
2022-02-22,111.02666473388672
2022-02-23,112.45555877685548
2022-02-24,122.03333282470705
2022-02-25,118.43333435058594
2022-02-28,132.08111572265625
2022-03-01,133.96556091308594
2022-03-02,138.0833282470703
2022-03-03,136.36111450195312
2022-03-04,144.35000610351562
2022-03-07,142.9744415283203
2022-03-08,142.82444763183594
2022-03-09,142.88555908203125
2022-03-10,143.69000244140625
2022-03-11,146.2355499267578
2022-03-14,142.67666625976562
2022-03-15,138.13221740722656
2022-03-16,141.6300048828125
2022-03-17,150.61111450195312
2022-03-18,149.82777404785156
2022-03-21,155.0822296142578
2022-03-22,154.39443969726562
2022-03-23,157.7788848876953
2022-03-24,156.87889099121094
2022-03-25,161.61111450195312
2022-03-28,155.76666259765625
2022-03-29,158.99667358398438
2022-03-30,161.14999389648438
2022-03-31,150.2344512939453
2022-04-01,157.92889404296875
2022-04-04,164.36666870117188
2022-04-05,157.5255584716797
2022-04-06,157.0833282470703
2022-04-07,158.97332763671875
2022-04-08,158.477783203125
2022-04-11,154.5366668701172
2022-04-12,156.28555297851562
2022-04-13,162.0611114501953
2022-04-14,162.47222900390625
2022-04-18,165.42333984375
2022-04-19,164.27777099609375
2022-04-20,167.3655548095703
2022-04-21,159.195556640625
2022-04-22,153.1477813720703
2022-04-25,152.3955535888672
2022-04-26,148.24000549316406
2022-04-27,148.07000732421875
2022-04-28,152.8866729736328
2022-04-29,151.8444366455078
2022-05-02,150.83555603027344
2022-05-03,153.34889221191406
2022-05-04,158.32333374023438
2022-05-05,156.01666259765625
2022-05-06,158.20443725585938
2022-05-09,144.11000061035156
2022-05-10,146.21221923828125
2022-05-11,141.74110412597656
2022-05-12,143.96556091308594
2022-05-13,150.21444702148438
2022-05-16,152.14666748046875
2022-05-17,155.4344482421875
2022-05-18,150.4711151123047
2022-05-19,150.72000122070312
2022-05-20,152.477783203125
2022-05-23,156.27999877929688
2022-05-24,158.51889038085938
2022-05-25,165.20443725585938
2022-05-26,169.66111755371094
2022-05-27,174.89111328125
2022-05-31,173.99888610839844
2022-06-01,177.53778076171875
2022-06-02,181.40777587890625
2022-06-03,186.42889404296875
2022-06-06,186.8633270263672
2022-06-07,194.0255584716797
2022-06-08,191.09555053710932
2022-06-09,191.0500030517578
2022-06-10,190.324447631836
2022-06-13,178.1666717529297
2022-06-14,181.81333923339844
2022-06-15,180.44444274902344
2022-06-16,172.45111083984375
2022-06-17,161.7977752685547
2022-06-21,171.3955535888672
2022-06-22,161.89111328125
2022-06-23,162.01333618164062
2022-06-24,168.8844451904297
2022-06-27,170.9600067138672
2022-06-28,181.41555786132807
2022-06-29,167.30999755859375
2022-06-30,165.33555603027344
2022-07-01,169.663330078125
2022-07-05,163.14999389648438
2022-07-06,160.6133270263672
2022-07-07,170.24888610839844
2022-07-08,171.37222290039062
2022-07-11,171.88888549804688
2022-07-12,172.054443359375
2022-07-13,177.70777893066406
2022-07-14,183.3333282470703
2022-07-15,185.18556213378903
2022-07-18,188.06333923339844
2022-07-19,192.8000030517578
2022-07-20,201.32666015625
2022-07-21,194.9266662597656
2022-07-22,191.11111450195312
2022-07-25,196.6588897705078
2022-07-26,197.0399932861328
2022-07-27,203.2133331298828
2022-07-28,203.3877716064453
2022-07-29,203.7611083984375
2022-08-01,202.43777465820312
2022-08-02,202.4744415283203
2022-08-03,196.60110473632807
2022-08-04,182.3944396972656
2022-08-05,184.0911102294922
2022-08-08,190.1044464111328
2022-08-09,190.11111450195312
2022-08-10,192.25
2022-08-11,193.8444366455078
2022-08-12,186.2711181640625
2022-08-15,187.477783203125
2022-08-16,184.3166656494141
2022-08-17,191.6666717529297
2022-08-18,198.93777465820312
2022-08-19,191.1844482421875
2022-08-22,193.2777709960937
2022-08-23,196.92333984375
2022-08-24,201.5911102294922
2022-08-25,198.5011138916016
2022-08-26,203.8088836669922
2022-08-29,205.8099975585937
2022-08-30,190.75555419921875
2022-08-31,204.4955596923828
2022-09-01,198.8600006103516
2022-09-02,209.7788848876953
2022-09-06,206.57666015625
2022-09-07,203.8322296142578
2022-09-08,200.82110595703125
2022-09-09,202.5333404541016
2022-09-12,203.0177764892578
2022-09-13,194.58999633789065
2022-09-14,206.4788818359375
2022-09-15,196.3488922119141
2022-09-16,197.0111083984375
2022-09-19,201.82000732421875
2022-09-20,202.05555725097656
2022-09-21,197.08778381347656
2022-09-22,197.74110412597656
2022-09-23,182.2433319091797
2022-09-26,180.7611083984375
2022-09-27,187.3166656494141
2022-09-28,196.27999877929688
2022-09-29,197.522216796875
2022-09-30,197.47000122070312
2022-10-03,207.3333282470703
2022-10-04,218.8877716064453
2022-10-05,223.72000122070312
2022-10-06,224.94888305664065
2022-10-07,220.15444946289065
2022-10-10,222.37554931640625
2022-10-11,228.5277709960937
2022-10-12,228.3744506835937
2022-10-13,233.1055603027344
2022-10-14,222.74888610839844
2022-10-17,227.292221069336
2022-10-18,227.77999877929688
2022-10-19,232.5366668701172
2022-10-20,227.7833404541016
2022-10-21,237.55111694335932
2022-10-24,241.151107788086
2022-10-25,229.65777587890625
2022-10-26,239.0777740478516
2022-10-27,247.6677703857422
2022-10-28,257.67999267578125
2022-10-31,255.9855499267578
2022-11-01,260.2466735839844
2022-11-02,258.7822265625
2022-11-03,266.1377868652344
2022-11-04,285.1111145019531
2022-11-07,301.67333984375
2022-11-08,299.1777648925781
2022-11-09,290.1833190917969
2022-11-10,298.4277648925781
2022-11-11,297.33111572265625
2022-11-14,293.3155517578125
2022-11-15,299.9888916015625
2022-11-16,291.7844543457031
2022-11-17,294.064453125
2022-11-18,300.4322204589844
2022-11-21,280.8155517578125
2022-11-22,292.9788818359375
2022-11-23,286.3099975585937
2022-11-25,289.2477722167969
2022-11-28,278.2466735839844
2022-11-29,278.4866638183594
2022-11-30,288.0599975585937
2022-12-01,284.25555419921875
2022-12-02,288.9566650390625
2022-12-05,282.0
2022-12-06,274.7477722167969
2022-12-07,270.8677673339844
2022-12-08,268.0744323730469
2022-12-09,264.4533386230469
2022-12-12,279.6244506835937
2022-12-13,285.9100036621094
2022-12-14,288.00665283203125
2022-12-15,294.1533203125
2022-12-16,279.6655578613281
2022-12-19,274.9855651855469
2022-12-20,280.46221923828125
2022-12-21,288.8877868652344
2022-12-22,273.33111572265625
2022-12-23,278.7711181640625
2022-12-27,275.5966796875
2022-12-28,260.2266540527344
2022-12-29,259.0400085449219
2022-12-30,260.4700012207031
2023-01-03,233.6233367919922
2023-01-04,228.5677795410156
2023-01-05,224.4677734375
2023-01-06,229.7566680908203
2023-01-09,229.3555603027344
2023-01-10,232.60110473632807
2023-01-11,229.6766662597656
2023-01-12,232.7077789306641
2023-01-13,234.27667236328125
2023-01-17,234.2833404541016
2023-01-18,229.42222595214844
2023-01-19,232.30555725097656
2023-01-20,232.7211151123047
2023-01-23,229.1122283935547
2023-01-24,230.05332946777344
2023-01-25,231.6000061035156
2023-01-26,232.4522247314453
2023-01-27,227.4022216796875
2023-01-30,220.8655548095703
2023-01-31,221.7611083984375
2023-02-01,216.74110412597656
2023-02-02,214.87554931640625
2023-02-03,223.259994506836
2023-02-06,212.7077789306641
2023-02-07,221.05667114257807
2023-02-08,210.9577789306641
2023-02-09,208.509994506836
2023-02-10,213.7533264160156
2023-02-13,211.0677795410156
2023-02-14,214.2844390869141
2023-02-15,210.8788909912109
2023-02-16,208.27999877929688
2023-02-17,199.4166717529297
2023-02-21,199.99888610839844
2023-02-22,198.7611083984375
2023-02-23,196.5833282470703
2023-02-24,196.29888916015625
2023-02-27,197.727783203125
2023-02-28,197.79888916015625
2023-03-01,199.48110961914065
2023-03-02,201.4411163330078
2023-03-03,201.8800048828125
2023-03-06,202.44778442382807
2023-03-07,197.60110473632807
2023-03-08,197.20443725585932
2023-03-09,194.33999633789065
2023-03-10,189.33444213867188
2023-03-13,186.43556213378903
2023-03-14,183.2933349609375
2023-03-15,177.09222412109375
2023-03-16,184.3733367919922
2023-03-17,181.477783203125
2023-03-20,186.69778442382807
2023-03-21,189.61111450195312
2023-03-22,182.89666748046875
2023-03-23,182.2066650390625
2023-03-24,183.48110961914065
2023-03-27,186.00222778320312
2023-03-28,188.64889526367188
2023-03-29,188.00555419921875
2023-03-30,188.3155517578125
2023-03-31,189.00222778320312
2023-04-03,199.45443725585932
2023-04-04,192.9177703857422
2023-04-05,196.10888671875
2023-04-06,192.5044403076172
2023-04-10,195.7655487060547
2023-04-11,200.4644470214844
2023-04-12,192.87777709960932
2023-04-13,191.97222900390625
2023-04-14,190.5044403076172
2023-04-17,183.92222595214844
2023-04-18,179.5944366455078
2023-04-19,175.28443908691406
2023-04-20,173.304443359375
2023-04-21,173.00111389160156
2023-04-24,174.7788848876953
2023-04-25,168.11444091796875
2023-04-26,163.75555419921875
2023-04-27,161.8300018310547
2023-04-28,164.18333435058594
2023-05-01,164.1266632080078
2023-05-02,159.55332946777344
2023-05-03,159.2388916015625
2023-05-04,153.46665954589844
2023-05-05,156.9055633544922
2023-05-08,155.52000427246094
2023-05-09,154.84555053710938
2023-05-10,154.0211181640625
2023-05-11,151.58555603027344
2023-05-12,151.75555419921875
2023-05-15,152.2866668701172
2023-05-16,147.4088897705078
2023-05-17,149.57444763183594
2023-05-18,150.20333862304688
2023-05-19,149.5577850341797
2023-05-22,151.7133331298828
2023-05-23,150.46665954589844
2023-05-24,149.554443359375
2023-05-25,144.95111083984375
2023-05-26,146.1122283935547
2023-05-30,145.1922149658203
2023-05-31,144.85556030273438
2023-06-01,147.6999969482422
2023-06-02,152.44444274902344
2023-06-05,149.47222900390625
2023-06-06,152.86778259277344
2023-06-07,158.663330078125
2023-06-08,156.69778442382812
2023-06-09,154.7711181640625
2023-06-12,149.90444946289062
2023-06-13,148.75889587402344
2023-06-14,147.8188934326172
2023-06-15,151.3444366455078
2023-06-16,150.95555114746094
2023-06-20,147.41888427734375
2023-06-21,147.88888549804688
2023-06-22,144.18556213378906
2023-06-23,142.5177764892578
2023-06-26,144.2244415283203
2023-06-27,142.97666931152344
2023-06-28,144.4166717529297
2023-06-29,146.6344451904297
2023-06-30,146.27777099609375
2023-07-03,149.92555236816406
2023-07-05,148.82666015625
2023-07-06,144.79666137695312
2023-07-07,149.86666870117188
2023-07-10,149.618896484375
2023-07-11,156.82888793945312
2023-07-12,158.78334045410156
2023-07-13,159.57444763183594
2023-07-14,152.11111450195312
2023-07-17,155.695556640625
2023-07-18,158.8222198486328
2023-07-19,160.3444366455078
2023-07-20,160.59222412109375
2023-07-21,163.25111389160156
2023-07-24,165.6922149658203
2023-07-25,168.00555419921875
2023-07-26,167.5822296142578
2023-07-27,166.8766632080078
2023-07-28,167.05667114257812
2023-07-31,167.36666870117188
2023-08-01,165.06222534179688
2023-08-02,162.8111114501953
2023-08-03,179.0255584716797
2023-08-04,190.24888610839844
2023-08-07,194.00222778320312
2023-08-08,196.13999938964844
2023-08-09,197.8188934326172
2023-08-10,202.0111083984375
2023-08-11,209.445556640625
2023-08-14,208.4566650390625
2023-08-15,205.4266662597656
2023-08-16,206.48666381835932
2023-08-17,212.05332946777344
2023-08-18,211.97000122070312
2023-08-21,208.4933319091797
2023-08-22,209.1266632080078
2023-08-23,208.4788818359375
2023-08-24,209.6888885498047
2023-08-25,211.35110473632807
2023-08-28,213.25
2023-08-29,214.8800048828125
2023-08-30,215.8444366455078
2023-08-31,209.4166717529297
2023-09-01,212.0366668701172
2023-09-05,200.88888549804688
2023-09-06,203.4411163330078
2023-09-07,204.0433349609375
2023-09-08,205.49888610839844
2023-09-11,193.67889404296875
2023-09-12,201.2288818359375
2023-09-13,196.99110412597656
2023-09-14,199.324447631836
2023-09-15,196.7911071777344
2023-09-18,202.1766662597656
2023-09-19,203.9555511474609
2023-09-20,207.6922149658203
2023-09-21,207.8300018310547
2023-09-22,204.5211181640625
2023-09-25,206.6588897705078
2023-09-26,205.2933349609375
2023-09-27,207.8222198486328
2023-09-28,210.16221618652344
2023-09-29,202.61778259277344
2023-10-02,194.3255615234375
2023-10-03,198.11444091796875
2023-10-04,195.18556213378903
2023-10-05,196.47666931152344
2023-10-06,196.39111328125
2023-10-09,201.0111083984375
2023-10-10,203.92111206054688
2023-10-11,205.2833404541016
2023-10-12,206.9966735839844
2023-10-13,208.3088836669922
2023-10-16,212.22555541992188
2023-10-17,215.35888671875
2023-10-18,219.81333923339844
2023-10-19,218.33555603027344
2023-10-20,212.63888549804688
2023-10-23,206.259994506836
2023-10-24,201.3500061035156
2023-10-25,206.55667114257807
2023-10-26,206.24777221679688
2023-10-27,202.1744384765625
2023-10-30,204.0399932861328
2023-10-31,205.1055603027344
2023-11-01,204.74888610839844
2023-11-02,199.75555419921875
2023-11-03,201.0011138916016
2023-11-06,195.49777221679688
2023-11-07,188.5344390869141
2023-11-08,183.3944396972656
2023-11-09,184.272216796875
2023-11-10,182.3333282470703
2023-11-13,184.5966644287109
2023-11-14,189.3277740478516
2023-11-15,186.97666931152344
2023-11-16,179.17555236816406
2023-11-17,183.55555725097656
2023-11-20,182.1555633544922
2023-11-21,182.3866729736328
2023-11-22,182.44444274902344
2023-11-24,183.3333282470703
2023-11-27,181.89111328125
2023-11-28,179.79110717773438
2023-11-29,183.56333923339844
2023-11-30,185.772216796875
2023-12-01,194.03111267089844
2023-12-04,177.46221923828125
2023-12-05,165.3111114501953
2023-12-06,165.0755615234375
2023-12-07,168.50222778320312
2023-12-08,171.79110717773438
2023-12-11,172.7388916015625
2023-12-12,171.7455596923828
2023-12-13,174.9344482421875
2023-12-14,178.21665954589844
2023-12-15,177.47000122070312
2023-12-18,178.04110717773438
2023-12-19,180.8188934326172
2023-12-20,179.29888916015625
2023-12-21,179.77999877929688
2023-12-22,179.53334045410156
2023-12-26,182.05667114257807
2023-12-27,181.8922271728516
2023-12-28,177.5688934326172
2023-12-29,174.71665954589844
2024-01-02,178.2899932861328
2024-01-03,177.2866668701172
2024-01-04,172.27777099609375
2024-01-05,172.80555725097656
2024-01-08,170.75222778320312
2024-01-09,170.2133331298828
2024-01-10,168.0322265625
2024-01-11,167.6022186279297
2024-01-12,170.13555908203125
2024-01-16,163.90444946289062
2024-01-17,163.4888916015625
2024-01-18,164.92999267578125
2024-01-19,165.29556274414062
2024-01-22,165.44332885742188
2024-01-23,165.65110778808594
2024-01-24,167.27667236328125
2024-01-25,166.04666137695312
2024-01-26,165.41000366210938
2024-01-29,168.98333740234375
2024-01-30,167.10110473632812
2024-01-31,162.3699951171875
2024-02-01,161.0688934326172
2024-02-02,159.7933349609375
2024-02-05,158.7755584716797
2024-02-06,160.49221801757812
2024-02-07,165.64999389648438
2024-02-08,164.64666748046875
2024-02-09,162.90110778808594
2024-02-12,162.9277801513672
2024-02-13,158.2822265625
2024-02-14,159.631103515625
2024-02-15,165.28443908691406
2024-02-16,167.9788818359375
2024-02-20,165.66444396972656
2024-02-21,169.15333557128906
2024-02-22,173.7133331298828
2024-02-23,173.4844512939453
2024-02-26,173.35888671875
2024-02-27,176.3444366455078
2024-02-28,171.3633270263672
2024-02-29,175.04666137695312
2024-03-01,173.96888732910156
2024-03-04,170.92111206054688
2024-03-05,168.41111755371094
2024-03-06,165.04888916015625
2024-03-07,166.84666442871094
2024-03-08,169.74667358398438
2024-03-11,172.5577850341797
2024-03-12,175.05221557617188
2024-03-13,178.49667358398438
2024-03-14,182.5344390869141
2024-03-15,185.16555786132807
2024-03-18,185.5666656494141
2024-03-19,187.3333282470703
2024-03-20,187.977783203125
2024-03-21,188.8844451904297
2024-03-22,187.3188934326172
2024-03-25,191.61778259277344
2024-03-26,186.5755615234375
2024-03-27,192.1100006103516
2024-03-28,192.836669921875
2024-04-01,190.3633270263672
2024-04-02,191.8866729736328
2024-04-03,195.63333129882807
2024-04-04,199.05332946777344
2024-04-05,198.7400054931641
2024-04-08,193.0399932861328
2024-04-09,196.47000122070312
2024-04-10,198.0733337402344
2024-04-11,200.5066680908203
2024-04-12,201.9066619873047
2024-04-15,194.6366729736328
2024-04-16,195.6433258056641
2024-04-17,194.98666381835932
2024-04-18,194.13333129882807
2024-04-19,194.1999969482422
2024-04-22,195.2700042724609
2024-04-23,195.9366607666016
2024-04-24,196.336669921875
2024-04-25,197.33999633789065
2024-04-26,198.55667114257807
2024-04-29,200.8000030517578
2024-04-30,192.1000061035156
2024-05-01,186.22999572753903
2024-05-02,186.1866607666016
2024-05-03,187.2066650390625
2024-05-06,190.47999572753903
2024-05-07,189.9066619873047
2024-05-08,187.8333282470703
2024-05-09,205.07666015625
2024-05-10,207.9066619873047
2024-05-13,201.759994506836
2024-05-14,202.5599975585937
2024-05-15,200.51333618164065
2024-05-16,202.83999633789065
2024-05-17,203.4066619873047
2024-05-20,205.6999969482422
2024-05-21,206.0933380126953
2024-05-22,202.67333984375
2024-05-23,202.8099975585937
2024-05-24,203.7533264160156
2024-05-28,205.7100067138672
2024-05-29,204.58999633789065
2024-05-30,204.8466644287109
2024-05-31,204.7700042724609
2024-06-03,198.5966644287109
2024-06-04,194.82666015625
2024-06-05,197.67333984375
2024-06-06,197.5833282470703
2024-06-07,194.02333068847656
2024-06-10,241.0933380126953
2024-06-11,255.57000732421875
2024-06-12,259.0899963378906
2024-06-13,254.6666717529297
2024-06-14,250.0
2024-06-17,253.336669921875
2024-06-18,255.9066619873047
2024-06-20,258.7533264160156
2024-06-21,251.60333251953125
2024-06-24,249.2333374023437
2024-06-25,250.0733337402344
2024-06-26,247.67333984375
2024-06-27,244.6133270263672
2024-06-28,244.7566680908203
2024-07-01,241.6199951171875
2024-07-02,245.0
2024-07-03,249.26666259765625
2024-07-05,249.17999267578125
2024-07-08,250.4966735839844
2024-07-09,250.0
2024-07-10,258.9866638183594
2024-07-11,261.7033386230469
2024-07-12,267.086669921875
2024-07-15,274.25665283203125
2024-07-16,274.69000244140625
2024-07-17,272.8399963378906
2024-07-18,272.32000732421875
2024-07-19,271.49334716796875
2024-07-22,269.1300048828125
2024-07-23,266.6499938964844
2024-07-24,264.489990234375
2024-07-25,269.1866760253906
2024-07-26,272.95001220703125
2024-07-29,272.3099975585937
2024-07-30,275.4433288574219
2024-07-31,281.6333312988281
2024-08-01,274.336669921875
2024-08-02,260.92999267578125
2024-08-05,252.01666259765625
2024-08-06,257.6400146484375
2024-08-07,257.663330078125
2024-08-08,275.9266662597656
2024-08-09,274.19000244140625
2024-08-12,277.57000732421875
2024-08-13,273.1933288574219
2024-08-14,273.1000061035156
2024-08-15,276.2733459472656
2024-08-16,273.8299865722656
2024-08-19,280.76666259765625
2024-08-20,272.5033264160156
2024-08-21,275.1199951171875
2024-08-22,276.6433410644531
2024-08-23,286.336669921875
2024-08-26,287.32666015625
2024-08-27,286.1066589355469
2024-08-28,291.0033264160156
2024-08-29,290.25665283203125
2024-08-30,289.6300048828125
2024-09-03,271.67999267578125
2024-09-04,267.9200134277344
2024-09-05,264.24334716796875
2024-09-06,266.1700134277344
2024-09-09,263.8399963378906
2024-09-10,262.54998779296875
2024-09-11,263.0833435058594
2024-09-12,264.89666748046875
2024-09-13,269.663330078125
2024-09-16,279.53668212890625
2024-09-17,291.1700134277344
2024-09-18,293.9333190917969
2024-09-19,305.2200012207031
2024-09-20,312.09332275390625
2024-09-23,317.3766784667969
2024-09-24,313.5333251953125
2024-09-25,309.24334716796875
2024-09-26,291.29998779296875
2024-09-27,295.6933288574219
2024-09-30,294.913330078125
2024-10-01,304.7799987792969
2024-10-02,310.0033264160156
2024-10-03,323.4866638183594
2024-10-04,327.1233215332031
2024-10-07,328.5233459472656
2024-10-08,323.6199951171875
2024-10-09,326.7166748046875
2024-10-10,334.0666809082031
2024-10-11,352.8066711425781
2024-10-14,355.39666748046875
2024-10-15,345.5566711425781
2024-10-16,349.32000732421875
2024-10-17,355.3399963378906
2024-10-18,352.84332275390625
2024-10-21,358.19000244140625
2024-10-22,363.9100036621094
2024-10-23,361.4200134277344
2024-10-24,363.3233337402344
2024-10-25,366.0033264160156
2024-10-28,363.4366760253906
2024-10-29,369.6333312988281
2024-10-30,384.5433349609375
2024-10-31,388.6666564941406
2024-11-01,390.8733215332031
2024-11-04,402.5266723632813
2024-11-05,414.3833312988281
2024-11-06,443.2066650390625
2024-11-07,445.1033325195313
2024-11-08,458.0199890136719
2024-11-11,466.6266784667969
2024-11-12,468.9200134277344
2024-11-13,455.4733276367188
2024-11-14,453.73333740234375
2024-11-15,453.3133239746094
2024-11-18,466.25
2024-11-19,473.3766784667969
2024-11-20,483.5666809082031
2024-11-21,505.1766662597656
2024-11-22,576.6666870117188
2024-11-25,538.0
2024-11-26,523.92333984375
2024-11-27,545.5633544921875
2024-11-29,533.3633422851562
2024-12-02,500.1166687011719
2024-12-03,523.3099975585938
2024-12-04,462.6400146484375
2024-12-05,448.8800048828125
2024-12-06,446.1466674804688
2024-12-09,442.3466796875
2024-12-10,432.0299987792969
2024-12-11,402.3333435058594
2024-12-12,398.9533386230469
2024-12-13,399.65667724609375
2024-12-16,405.3133239746094
2024-12-17,401.2200012207031
2024-12-18,371.4866638183594
2024-12-19,365.4433288574219
2024-12-20,377.7066650390625
2024-12-23,379.8166809082031
2024-12-24,387.0666809082031
2024-12-26,389.0033264160156
2024-12-27,381.7066650390625
2024-12-30,369.1433410644531
2024-12-31,368.6533203125
2025-01-02,393.3599853515625
2025-01-03,403.6766662597656
2025-01-06,408.8766784667969
2025-01-07,419.4299926757813
2025-01-08,425.3133239746094
2025-01-10,433.6433410644531
2025-01-13,433.5233459472656
2025-01-14,442.7699890136719
2025-01-15,458.3299865722656
2025-01-16,464.3299865722656
2025-01-17,470.9333190917969
2025-01-21,472.5533447265625
2025-01-22,471.8933410644531
2025-01-23,468.4333190917969
2025-01-24,453.3533325195313
2025-01-27,418.5733337402344
2025-01-28,425.07666015625
2025-01-29,423.9966735839844
2025-01-30,431.46331787109375
2025-01-31,432.3900146484375
2025-02-03,444.26666259765625
2025-02-04,452.4200134277344
2025-02-05,464.7733459472656
2025-02-06,446.1933288574219
2025-02-07,448.4166564941406
2025-02-10,460.3966674804688
2025-02-11,454.7066650390625
2025-02-12,447.7200012207031
2025-02-13,451.05999755859375
2025-02-14,457.4666748046875
2025-02-18,470.2799987792969
2025-02-19,468.2900085449219
2025-02-20,477.0033264160156
2025-02-21,448.5199890136719
2025-02-24,431.3066711425781
2025-02-25,429.7433471679688
2025-02-26,450.489990234375
2025-02-27,452.0066528320313
2025-02-28,475.98333740234375
2025-03-03,452.1266784667969
2025-03-04,455.8133239746094
2025-03-05,456.3766784667969
2025-03-06,434.9933471679688
2025-03-07,458.2466735839844
2025-03-10,443.7566528320313
2025-03-11,442.4766540527344
2025-03-12,449.30999755859375
2025-03-13,418.2799987792969
2025-03-14,440.3566589355469
2025-03-17,446.5299987792969
2025-03-18,447.9100036621094
2025-03-19,461.663330078125
2025-03-20,457.1600036621094
2025-03-21,424.3833312988281
2025-03-24,448.32666015625
2025-03-25,454.1199951171875
2025-03-26,452.9166564941406
2025-03-27,443.9700012207031
2025-03-28,435.2366638183594
2025-03-31,441.663330078125
2025-04-01,450.9466552734375
2025-04-02,463.80999755859375
2025-04-03,406.9933471679688
2025-04-04,359.6666564941406
2025-04-07,384.63665771484375
2025-04-08,372.4966735839844
2025-04-09,421.163330078125
2025-04-10,395.5566711425781
2025-04-11,412.0333251953125
2025-04-14,415.8433227539063
2025-04-15,421.42333984375
2025-04-16,425.8599853515625
2025-04-17,432.8800048828125
2025-04-21,416.3233337402344
2025-04-22,436.80999755859375
2025-04-23,443.5666809082031
2025-04-24,445.2633361816406
2025-04-25,444.8766784667969
2025-04-28,450.1266784667969
2025-04-29,443.4299926757813
2025-04-30,429.6233215332031
2025-05-01,435.3766784667969
2025-05-02,448.7966613769531
2025-05-05,440.5366821289063
2025-05-06,444.71331787109375
2025-05-07,447.7933349609375
2025-05-08,429.163330078125
2025-05-09,433.7999877929688
2025-05-12,447.0400085449219
2025-05-13,459.5466613769531
2025-05-14,468.6400146484375
2025-05-15,472.3666687011719
2025-05-16,476.8500061035156
2025-05-19,473.38665771484375
2025-05-20,456.9033203125
2025-05-21,451.88665771484375
2025-05-22,426.2999877929688
2025-05-23,424.13665771484375
2025-05-27,414.5133361816406
2025-05-28,406.5133361816406
2025-05-29,399.4433288574219
2025-05-30,371.3433227539063
2025-06-02,370.0466613769531
2025-06-03,375.4566650390625
2025-06-04,367.510009765625
2025-06-05,364.3533325195313
2025-06-06,371.086669921875
2025-06-09,368.3466796875
2025-06-10,366.5266723632813
2025-06-11,366.6700134277344
2025-06-12,365.8333435058594
2025-06-13,373.1933288574219
2025-06-16,364.3333435058594
2025-06-17,362.5333251953125
2025-06-18,359.913330078125
2025-06-20,361.4033203125
2025-06-23,350.0
2025-06-24,353.3133239746094
2025-06-25,345.4266662597656
2025-06-26,358.4833374023437
2025-06-27,351.8133239746094
2025-06-30,352.1300048828125
2025-07-01,356.2266540527344
2025-07-02,357.3166809082031
2025-07-03,358.6566772460937
2025-07-07,344.6400146484375
2025-07-08,348.8233337402344
2025-07-09,349.1833190917969
2025-07-10,350.34332275390625
2025-07-11,348.9266662597656
2025-07-14,345.8833312988281
2025-07-15,327.54998779296875
2025-07-16,328.8866577148437
2025-07-17,330.739990234375
2025-07-18,332.3699951171875
2025-07-21,323.32000732421875
2025-07-22,312.4566650390625
2025-07-23,310.4266662597656
2025-07-24,323.14666748046875
2025-07-25,326.42999267578125
2025-07-28,325.5233459472656
2025-07-29,331.2066650390625
2025-07-30,328.6966552734375
2025-07-31,322.7099914550781
2025-08-01,311.6000061035156
2025-08-04,317.3466796875
2025-08-05,319.60333251953125
2025-08-06,316.8733215332031
2025-08-07,289.1533203125
2025-08-08,287.3666687011719
2025-08-11,284.9433288574219
2025-08-12,285.60333251953125
2025-08-13,294.1300048828125
2025-08-14,304.1833190917969
2025-08-15,294.04998779296875
2025-08-18,297.3500061035156
2025-08-19,300.7266540527344
2025-08-20,298.25665283203125
2025-08-21,293.4266662597656
2025-08-22,303.8766784667969
2025-08-25,300.2133178710937
2025-08-26,303.67999267578125
2025-08-27,302.8999938964844
2025-08-28,307.2966613769531
2025-08-29,311.1600036621094
2025-09-02,314.1066589355469
2025-09-03,303.1600036621094
2025-09-04,309.6433410644531
2025-09-05,296.39666748046875
2025-09-08,304.1933288574219
2025-09-09,300.0400085449219
2025-09-10,312.5433349609375
2025-09-11,312.9966735839844
2025-09-12,312.3900146484375
2025-09-15,307.8399963378906
2025-09-16,311.8900146484375
2025-09-17,304.3333435058594
2025-09-18,304.42333984375
2025-09-19,291.70001220703125
2025-09-22,292.32000732421875
2025-09-23,310.4266662597656
2025-09-24,311.6666564941406
2025-09-25,308.5233459472656
2025-09-26,318.09332275390625
2025-09-29,306.8800048828125
2025-09-30,311.2133178710937
2025-10-01,319.32666015625
2025-10-02,322.5799865722656
2025-10-03,315.2966613769531
2025-10-06,325.1333312988281
2025-10-07,319.8699951171875
2025-10-08,317.6400146484375
2025-10-09,303.2633361816406
2025-10-10,296.4166564941406
2025-10-13,297.4100036621094
2025-10-14,302.50665283203125
2025-10-15,308.9166564941406
2025-10-16,312.7266540527344
2025-10-17,312.99334716796875
2025-10-20,311.4866638183594
2025-10-21,309.5433349609375
2025-10-22,308.6199951171875
2025-10-23,312.5466613769531
2025-10-24,309.5433349609375
2025-10-27,309.79998779296875
2025-10-28,305.0033264160156
2025-10-29,308.1333312988281
2025-10-30,309.5
2025-10-31,314.4599914550781
2025-11-03,308.2200012207031
2025-11-04,304.8099975585937
2025-11-05,306.3500061035156
2025-11-06,337.0433349609375
2025-11-07,327.2300109863281
2025-11-10,331.28668212890625
2025-11-11,329.7300109863281
2025-11-12,335.4666748046875
2025-11-13,329.6566772460937
2025-11-14,340.8833312988281
2025-11-17,319.1566772460937
2025-11-18,306.7066650390625
2025-11-19,301.9200134277344
2025-11-20,294.5199890136719
2025-11-21,298.8099975585937
2025-11-24,292.239990234375
2025-11-25,288.1366577148437
2025-11-26,287.6366577148437
2025-11-28,288.0966796875
2025-12-01,284.5799865722656
2025-12-02,288.22332763671875
2025-12-03,304.9066772460937
2025-12-04,306.5833435058594
2025-12-05,308.3599853515625
2025-12-08,301.3833312988281
2025-12-09,293.6066589355469
2025-12-10,297.5
2025-12-11,296.76666259765625
2025-12-12,279.5466613769531
2025-12-15,279.8766784667969
2025-12-16,273.5633239746094
2025-12-17,294.3333435058594
2025-12-18,298.4700012207031
2025-12-19,299.6199951171875
2025-12-22,302.79998779296875
2025-12-23,297.3299865722656
2025-12-24,296.0
2025-12-26,287.5400085449219
2025-12-29,294.5299987792969
2025-12-30,292.67999267578125
2025-12-31,287.2200012207031
2026-01-02,297.9700012207031
2026-01-05,297.5400085449219
2026-01-06,293.8099975585937
2026-01-07,281.3900146484375
2026-01-08,302.95001220703125
2026-01-09,311.8699951171875
2026-01-12,310.0799865722656
2026-01-13,321.8299865722656
2026-01-14,326.92999267578125
2026-01-15,330.94000244140625
2026-01-16,337.4800109863281
2026-01-20,327.8699951171875
2026-01-21,346.2300109863281
2026-01-22,345.7799987792969
2026-01-23,346.94000244140625
2026-01-26,341.739990234375
2026-01-27,345.20001220703125
2026-01-28,354.7799987792969
2026-01-29,353.2099914550781
2026-01-30,348.3599853515625
2026-02-02,336.67999267578125
2026-02-03,336.1199951171875
2026-02-04,346.4700012207031
2026-02-05,345.3500061035156
2026-02-06,366.0299987792969
2026-02-09,374.510009765625
2026-02-10,401.6199951171875
2026-02-11,413.5400085449219
2026-02-12,411.3999938964844
2026-02-13,432.30999755859375
2026-02-17,426.4200134277344
2026-02-18,440.7099914550781
2026-02-19,486.55999755859375
2026-02-20,499.8800048828125
2026-02-23,502.8500061035156
2026-02-24,531.9500122070312
2026-02-25,510.2999877929688
2026-02-26,512.5399780273438
2026-02-27,524.2899780273438
2026-03-02,531.0900268554688
2026-03-03,523.6400146484375
2026-03-04,536.1099853515625
2026-03-05,523.3099975585938
2026-03-06,525.030029296875
2026-03-09,539.7899780273438
2026-03-10,520.760009765625
2026-03-11,524.8300170898438
2026-03-12,528.969970703125
2026-03-13,531.1300048828125
2026-03-16,526.8900146484375
2026-03-17,529.1799926757812
2026-03-18,530.0800170898438
2026-03-19,532.52001953125
2026-03-20,519.4099731445312
2026-03-23,527.8699951171875
2026-03-24,535.260009765625
2026-03-25,530.3599853515625
2026-03-26,522.280029296875
2026-03-27,511.75
2026-03-30,467.3699951171875
2026-03-31,474.55999755859375
2026-04-01,439.2000122070313
2026-04-02,444.239990234375
2026-04-06,448.8599853515625
2026-04-07,449.7900085449219
2026-04-08,448.2799987792969
2026-04-09,377.9700012207031
2026-04-10,409.9700012207031
2026-04-13,416.7699890136719
2026-04-14,412.2000122070313
2026-04-15,417.2999877929688
2026-04-16,426.2699890136719
2026-04-17,422.5799865722656
2026-04-20,434.82000732421875
2026-04-21,437.7200012207031
2026-04-22,439.5
2026-04-23,439.1499938964844
2026-04-24,438.9100036621094
2026-04-27,436.8999938964844
2026-04-28,430.8999938964844
2026-04-29,439.0299987792969
2026-04-30,443.6700134277344
2026-05-01,433.6199951171875
2026-05-04,432.8299865722656
2026-05-05,430.44000244140625
2026-05-06,419.75
2026-05-07,399.0799865722656
2026-05-08,394.20001220703125
2026-05-11,402.6300048828125
2026-05-12,401.3900146484375
2026-05-13,386.510009765625
2026-05-14,388.5
2026-05-15,385.1700134277344
2026-05-18,386.6099853515625
2026-05-19,394.57000732421875
2026-05-20,402.5299987792969
2026-05-21,396.9800109863281
2026-05-22,402.0299987792969
