,TT
2015-01-02,49.076805114746094
2015-01-05,48.22343063354492
2015-01-06,47.21489334106445
2015-01-07,47.47090911865234
2015-01-08,48.43289566040039
2015-01-09,47.90535354614258
2015-01-12,48.25445938110352
2015-01-13,48.01396560668945
2015-01-14,47.65710067749024
2015-01-15,47.75019454956055
2015-01-16,47.804500579833984
2015-01-20,48.38634490966797
2015-01-21,48.96819305419922
2015-01-22,50.224979400634766
2015-01-23,50.16291809082031
2015-01-26,50.68270111083984
2015-01-27,50.24049758911133
2015-01-28,49.53452301025391
2015-01-29,50.16291809082031
2015-01-30,51.51280212402344
2015-02-02,51.32661056518555
2015-02-03,52.32738494873047
2015-02-04,51.83087539672852
2015-02-05,51.85415267944336
2015-02-06,51.66020202636719
2015-02-09,51.51280212402344
2015-02-10,51.97052001953125
2015-02-11,51.71450805664063
2015-02-12,52.4670295715332
2015-02-13,52.51357650756836
2015-02-17,52.5678825378418
2015-02-18,52.68424987792969
2015-02-19,52.73080062866211
2015-02-20,53.38246536254883
2015-02-23,53.25058364868164
2015-02-24,53.33591842651367
2015-02-25,52.924747467041016
2015-02-26,52.70752334594727
2015-02-27,52.12567901611328
2015-03-02,52.58339691162109
2015-03-03,52.32738494873047
2015-03-04,51.97827911376953
2015-03-05,52.50581741333008
2015-03-06,51.869667053222656
2015-03-09,52.49030303955078
2015-03-10,51.38091659545898
2015-03-11,51.357643127441406
2015-03-12,52.28083801269531
2015-03-13,52.14895248413086
2015-03-16,53.21955108642578
2015-03-17,52.58339691162109
2015-03-18,53.17300033569336
2015-03-19,52.65322113037109
2015-03-20,52.916988372802734
2015-03-23,52.412723541259766
2015-03-24,52.71528244018555
2015-03-25,51.79984664916992
2015-03-26,52.342899322509766
2015-03-27,52.57564163208008
2015-03-30,53.10317993164063
2015-03-31,52.81613540649414
2015-04-01,52.017066955566406
2015-04-02,52.38945007324219
2015-04-06,52.63770294189453
2015-04-07,52.24980545043945
2015-04-08,52.373931884765625
2015-04-09,52.65322113037109
2015-04-10,53.2117919921875
2015-04-13,53.2971305847168
2015-04-14,53.20403289794922
2015-04-15,53.6772689819336
2015-04-16,53.37471008300781
2015-04-17,52.24204635620117
2015-04-20,52.50581741333008
2015-04-21,52.13343811035156
2015-04-22,52.35841751098633
2015-04-23,53.576416015625
2015-04-24,53.24282455444336
2015-04-27,53.24282455444336
2015-04-28,53.6772689819336
2015-04-29,52.4825439453125
2015-04-30,51.07835388183594
2015-05-01,51.861907958984375
2015-05-04,51.89294052124024
2015-05-05,51.07059860229492
2015-05-06,51.8386344909668
2015-05-07,52.08688735961914
2015-05-08,52.31962966918945
2015-05-11,52.110164642333984
2015-05-12,52.38169097900391
2015-05-13,52.84716796875
2015-05-14,54.44530487060547
2015-05-15,55.01163864135742
2015-05-18,54.69356155395508
2015-05-19,54.10395812988281
2015-05-20,53.79363632202149
2015-05-21,53.93328094482422
2015-05-22,53.73933410644531
2015-05-26,53.2117919921875
2015-05-27,53.93328094482422
2015-05-28,53.871219635009766
2015-05-29,53.35919189453125
2015-06-01,53.52210998535156
2015-06-02,53.71606063842773
2015-06-03,53.59968948364258
2015-06-04,53.56865692138672
2015-06-05,53.61520767211914
2015-06-08,53.2117919921875
2015-06-09,53.2273063659668
2015-06-10,53.6772689819336
2015-06-11,54.03413391113281
2015-06-12,54.197052001953125
2015-06-15,53.5609016418457
2015-06-16,53.576416015625
2015-06-17,53.51435089111328
2015-06-18,53.86346054077149
2015-06-19,53.52210998535156
2015-06-22,53.73933410644531
2015-06-23,53.42901611328125
2015-06-24,53.1962776184082
2015-06-25,52.88595962524414
2015-06-26,53.08766555786133
2015-06-29,52.42823791503906
2015-06-30,52.30411148071289
2015-07-01,52.443756103515625
2015-07-02,52.373931884765625
2015-07-06,52.00155258178711
2015-07-07,52.21101760864258
2015-07-08,51.34212493896485
2015-07-09,51.28006362915039
2015-07-10,51.52055740356445
2015-07-13,52.15671157836914
2015-07-14,52.32738494873047
2015-07-15,52.265323638916016
2015-07-16,52.50581741333008
2015-07-17,52.4670295715332
2015-07-20,53.34367752075195
2015-07-21,52.746315002441406
2015-07-22,52.90923309326172
2015-07-23,51.95500564575195
2015-07-24,51.202484130859375
2015-07-27,50.42668533325195
2015-07-28,47.09076690673828
2015-07-29,47.711402893066406
2015-07-30,47.40884399414063
2015-07-31,47.63382339477539
2015-08-03,46.95888137817383
2015-08-04,46.06671905517578
2015-08-05,46.51668167114258
2015-08-06,46.55546951293945
2015-08-07,46.741661071777344
2015-08-10,47.78898239135742
2015-08-11,47.37005233764648
2015-08-12,47.82001495361328
2015-08-13,47.618309020996094
2015-08-14,47.75019454956055
2015-08-17,48.19239807128906
2015-08-18,48.20791244506836
2015-08-19,47.26144409179688
2015-08-20,46.22963333129883
2015-08-21,44.82544708251953
2015-08-24,43.10317993164063
2015-08-25,42.13343811035156
2015-08-26,42.95578002929688
2015-08-27,43.39798355102539
2015-08-28,43.23506546020508
2015-08-31,42.89371490478516
2015-09-01,41.56710433959961
2015-09-02,42.07137298583984
2015-09-03,41.63692855834961
2015-09-04,40.99301910400391
2015-09-08,41.80760192871094
2015-09-09,42.09464645385742
2015-09-10,42.117919921875
2015-09-11,42.66873550415039
2015-09-14,42.63770294189453
2015-09-15,43.81691360473633
2015-09-16,44.29790496826172
2015-09-17,43.53762435913086
2015-09-18,42.62994766235352
2015-09-21,42.52133560180664
2015-09-22,41.8386344909668
2015-09-23,41.22575759887695
2015-09-24,40.85337448120117
2015-09-25,40.7447624206543
2015-09-28,39.54228210449219
2015-09-29,39.262996673583984
2015-09-30,39.38712310791016
2015-10-01,39.32505798339844
2015-10-02,39.86811447143555
2015-10-05,40.96974563598633
2015-10-06,41.36539840698242
2015-10-07,41.69898986816406
2015-10-08,42.56012344360352
2015-10-09,42.552364349365234
2015-10-12,42.342899322509766
2015-10-13,41.76105499267578
2015-10-14,41.48952865600586
2015-10-15,42.08688735961914
2015-10-16,41.58262252807617
2015-10-19,41.388671875
2015-10-20,42.14895248413086
2015-10-21,42.14119338989258
2015-10-22,43.18851852416992
2015-10-23,43.894493103027344
2015-10-26,44.07292556762695
2015-10-27,44.52288436889648
2015-10-28,45.50814437866211
2015-10-29,45.75640106201172
2015-10-30,45.9736213684082
2015-11-02,46.71062850952149
2015-11-03,46.40031051635742
2015-11-04,46.19084548950195
2015-11-05,46.47789001464844
2015-11-06,46.58650207519531
2015-11-09,45.88828659057617
2015-11-10,45.67106246948242
2015-11-11,45.64778900146485
2015-11-12,44.26687240600586
2015-11-13,44.11171340942383
2015-11-16,44.76338195800781
2015-11-17,44.41427612304688
2015-11-18,45.01939392089844
2015-11-19,45.51590347290039
2015-11-20,45.53917694091797
2015-11-23,45.3141975402832
2015-11-24,45.38401794433594
2015-11-25,45.39177703857422
2015-11-27,45.40729141235352
2015-11-30,45.51590347290039
2015-12-01,45.75640106201172
2015-12-02,45.02715301513672
2015-12-03,44.716835021972656
2015-12-04,45.3297119140625
2015-12-07,44.41427612304688
2015-12-08,42.948020935058594
2015-12-09,42.62994766235352
2015-12-10,42.58339691162109
2015-12-11,42.32738494873047
2015-12-14,42.017066955566406
2015-12-15,41.50504302978516
2015-12-16,42.17222595214844
2015-12-17,41.44297790527344
2015-12-18,40.82234191894531
2015-12-21,41.22575759887695
2015-12-22,42.07137298583984
2015-12-23,43.16524505615234
2015-12-24,43.15748596191406
2015-12-28,43.06439208984375
2015-12-29,43.62296295166016
2015-12-30,43.312644958496094
2015-12-31,42.89371490478516
2016-01-04,42.77734756469727
2016-01-05,42.31962966918945
2016-01-06,41.41970443725586
2016-01-07,40.18619155883789
2016-01-08,39.80604934692383
2016-01-11,39.93793487548828
2016-01-12,40.589603424072266
2016-01-13,39.86811447143555
2016-01-14,40.38789749145508
2016-01-15,40.139644622802734
2016-01-19,39.23971939086914
2016-01-20,37.95190048217773
2016-01-21,37.882080078125
2016-01-22,39.14662551879883
2016-01-25,37.87432098388672
2016-01-26,39.24747848510742
2016-01-27,38.805274963378906
2016-01-28,38.75096893310547
2016-01-29,39.93017959594727
2016-02-01,39.495731353759766
2016-02-02,37.85880661010742
2016-02-03,38.75096893310547
2016-02-04,39.79829406738281
2016-02-05,39.82932662963867
2016-02-08,38.37083053588867
2016-02-09,38.9061279296875
2016-02-10,38.440650939941406
2016-02-11,38.00620651245117
2016-02-12,39.81380844116211
2016-02-16,40.139644622802734
2016-02-17,40.69045639038086
2016-02-18,40.41893005371094
2016-02-19,40.35686492919922
2016-02-22,41.66020202636719
2016-02-23,41.44297790527344
2016-02-24,43.01784133911133
2016-02-25,43.824668884277344
2016-02-26,43.871219635009766
2016-02-29,43.10317993164063
2016-03-01,44.29790496826172
2016-03-02,44.39875793457031
2016-03-03,44.66252899169922
2016-03-04,44.55391693115234
2016-03-07,45.23661804199219
2016-03-08,44.375484466552734
2016-03-09,44.46082305908203
2016-03-10,44.53840255737305
2016-03-11,45.6089973449707
2016-03-14,45.84949493408203
2016-03-15,45.49263000488281
2016-03-16,45.94259262084961
2016-03-17,47.32350540161133
2016-03-18,47.85880661010742
2016-03-21,48.06051254272461
2016-03-22,47.76570892333984
2016-03-23,47.64158248901367
2016-03-24,47.54072952270508
2016-03-28,47.54072952270508
2016-03-29,48.15360641479492
2016-03-30,48.15360641479492
2016-03-31,48.107059478759766
2016-04-01,48.1613655090332
2016-04-04,47.65710067749024
2016-04-05,46.66408157348633
2016-04-06,46.45461654663086
2016-04-07,46.23739242553711
2016-04-08,46.81924057006836
2016-04-11,47.051979064941406
2016-04-12,47.67261505126953
2016-04-13,49.131107330322266
2016-04-14,49.40263748168945
2016-04-15,49.47245788574219
2016-04-18,49.57331466674805
2016-04-19,49.55779647827149
2016-04-20,49.3560905456543
2016-04-21,49.2862663269043
2016-04-22,49.99224090576172
2016-04-25,49.67416763305664
2016-04-26,50.729248046875
2016-04-27,51.24903106689453
2016-04-28,50.68270111083984
2016-04-29,50.84561538696289
2016-05-02,51.31109237670898
2016-05-03,51.202484130859375
2016-05-04,50.31031799316406
2016-05-05,50.31031799316406
2016-05-06,50.83786010742188
2016-05-09,50.620635986328125
2016-05-10,51.466251373291016
2016-05-11,51.15593338012695
2016-05-12,51.140419006347656
2016-05-13,50.88440704345703
2016-05-16,51.45849609375
2016-05-17,50.91543960571289
2016-05-18,50.581844329833984
2016-05-19,49.65864944458008
2016-05-20,49.80604934692383
2016-05-23,50.100852966308594
2016-05-24,50.85337448120117
2016-05-25,51.42746353149414
2016-05-26,51.41970443725586
2016-05-27,51.57486343383789
2016-05-31,51.83087539672852
2016-06-01,51.59038162231445
2016-06-02,51.64468765258789
2016-06-03,51.047325134277344
2016-06-06,51.12490463256836
2016-06-07,51.07835388183594
2016-06-08,51.07835388183594
2016-06-09,50.96198654174805
2016-06-10,50.03103256225586
2016-06-13,49.30178451538086
2016-06-14,49.38712310791016
2016-06-15,49.899147033691406
2016-06-16,50.077579498291016
2016-06-17,50.53529739379883
2016-06-20,51.1792106628418
2016-06-21,50.737003326416016
2016-06-22,50.70597457885742
2016-06-23,51.42746353149414
2016-06-24,48.77424240112305
2016-06-27,45.91156005859375
2016-06-28,46.7882080078125
2016-06-29,47.97517395019531
2016-06-30,49.40263748168945
2016-07-01,49.65864944458008
2016-07-05,48.93716049194336
2016-07-06,49.69744110107422
2016-07-07,50.05430603027344
2016-07-08,51.00077438354492
2016-07-11,51.1093864440918
2016-07-12,51.93172836303711
2016-07-13,52.38169097900391
2016-07-14,52.7618293762207
2016-07-15,52.70752334594727
2016-07-18,52.079132080078125
2016-07-19,52.06361389160156
2016-07-20,52.38945007324219
2016-07-21,51.98603439331055
2016-07-22,52.53684997558594
2016-07-25,52.64546203613281
2016-07-26,52.88595962524414
2016-07-27,50.90768051147461
2016-07-28,51.559349060058594
2016-07-29,51.40419006347656
2016-08-01,51.48952865600586
2016-08-02,51.44297790527344
2016-08-03,52.24204635620117
2016-08-04,52.591156005859375
2016-08-05,53.02560043334961
2016-08-08,52.57564163208008
2016-08-09,52.87820053100586
2016-08-10,52.61442947387695
2016-08-11,53.01784133911133
2016-08-12,52.75407409667969
2016-08-15,52.986812591552734
2016-08-16,52.28083801269531
2016-08-17,52.17998504638672
2016-08-18,52.18774032592773
2016-08-19,52.31962966918945
2016-08-22,52.14119338989258
2016-08-23,52.66873550415039
2016-08-24,52.40496444702149
2016-08-25,52.591156005859375
2016-08-26,52.47478866577149
2016-08-29,53.25058364868164
2016-08-30,52.916988372802734
2016-08-31,52.746315002441406
2016-09-01,52.87820053100586
2016-09-02,53.16524505615234
2016-09-06,51.84639358520508
2016-09-07,52.05585861206055
2016-09-08,52.29635238647461
2016-09-09,48.952674865722656
2016-09-12,50.66718292236328
2016-09-13,49.48021697998047
2016-09-14,49.44142532348633
2016-09-15,49.51900863647461
2016-09-16,49.11559295654297
2016-09-19,49.66640853881836
2016-09-20,49.69744110107422
2016-09-21,50.8301010131836
2016-09-22,51.24127197265625
2016-09-23,50.15515899658203
2016-09-26,50.729248046875
2016-09-27,51.7377815246582
2016-09-28,52.35841751098633
2016-09-29,52.05585861206055
2016-09-30,52.70752334594727
2016-10-03,52.552364349365234
2016-10-04,51.97052001953125
2016-10-05,52.412723541259766
2016-10-06,53.35919189453125
2016-10-07,52.32738494873047
2016-10-10,52.14895248413086
2016-10-11,50.25601196289063
2016-10-12,51.140419006347656
2016-10-13,50.729248046875
2016-10-14,51.03956604003906
2016-10-17,50.63615036010742
2016-10-18,50.39565658569336
2016-10-19,50.76028060913086
2016-10-20,51.05508041381836
2016-10-21,51.01629257202149
2016-10-24,51.03956604003906
2016-10-25,50.11636734008789
2016-10-26,51.45849609375
2016-10-27,52.00931167602539
2016-10-28,51.93948745727539
2016-10-31,52.2032585144043
2016-11-01,52.22653198242188
2016-11-02,52.2032585144043
2016-11-03,51.97052001953125
2016-11-04,53.33591842651367
2016-11-07,54.864234924316406
2016-11-08,55.75640106201172
2016-11-09,57.61054992675781
2016-11-10,58.74321365356445
2016-11-11,58.82854843139648
2016-11-14,58.23894500732422
2016-11-15,58.89837265014648
2016-11-16,58.36307144165039
2016-11-17,57.93638610839844
2016-11-18,57.76570892333984
2016-11-21,58.26997756958008
2016-11-22,58.66563034057617
2016-11-23,58.63460159301758
2016-11-25,59.05353164672852
2016-11-28,57.97517395019531
2016-11-29,58.23118591308594
2016-11-30,57.82777404785156
2016-12-01,57.86656188964844
2016-12-02,57.7967414855957
2016-12-05,58.09930038452149
2016-12-06,58.8906135559082
2016-12-07,60.51202392578125
2016-12-08,61.0938720703125
2016-12-09,60.86113357543945
2016-12-12,60.31807708740234
2016-12-13,60.38789749145508
2016-12-14,60.263771057128906
2016-12-15,59.9146614074707
2016-12-16,59.84484100341797
2016-12-19,59.705196380615234
2016-12-20,59.96120834350586
2016-12-21,59.526763916015625
2016-12-22,59.27851104736328
2016-12-23,59.62761688232422
2016-12-27,59.751747131347656
2016-12-28,58.8906135559082
2016-12-29,58.6268424987793
2016-12-30,58.21567153930664
2017-01-03,58.9061279296875
2017-01-04,59.05353164672852
2017-01-05,58.36307144165039
2017-01-06,58.23118591308594
2017-01-09,58.107059478759766
2017-01-10,58.96819305419922
2017-01-11,59.86035537719727
2017-01-12,59.45694351196289
2017-01-13,59.94569396972656
2017-01-17,59.418155670166016
2017-01-18,59.84484100341797
2017-01-19,60.70597457885742
2017-01-20,61.0085334777832
2017-01-23,60.83786010742188
2017-01-24,61.74554061889648
2017-01-25,62.373931884765625
2017-01-26,62.195499420166016
2017-01-27,62.06361389160156
2017-01-30,61.71450805664063
2017-01-31,61.559349060058594
2017-02-01,60.51202392578125
2017-02-02,60.51202392578125
2017-02-03,61.30333709716797
2017-02-06,61.99379348754883
2017-02-07,61.94724655151367
2017-02-08,62.12567901611328
2017-02-09,62.69976806640625
2017-02-10,62.986812591552734
2017-02-13,63.59968948364258
2017-02-14,63.35919189453125
2017-02-15,63.320404052734375
2017-02-16,62.916988372802734
2017-02-17,62.8316535949707
2017-02-21,63.23506546020508
2017-02-22,63.2273063659668
2017-02-23,63.02560043334961
2017-02-24,63.08766555786133
2017-02-27,62.87044143676758
2017-02-28,61.56710433959961
2017-03-01,62.83940887451172
2017-03-02,62.079132080078125
2017-03-03,62.0325813293457
2017-03-06,61.55158996582031
2017-03-07,61.74554061889648
2017-03-08,61.41970443725586
2017-03-09,60.977500915527344
2017-03-10,61.66796112060547
2017-03-13,61.79984664916992
2017-03-14,61.29557800292969
2017-03-15,62.69200897216797
2017-03-16,62.49030303955078
2017-03-17,62.8316535949707
2017-03-20,63.04111862182617
2017-03-21,61.56710433959961
2017-03-22,61.76881408691406
2017-03-23,61.91621398925781
2017-03-24,61.42746353149414
2017-03-27,60.94646835327149
2017-03-28,61.8231201171875
2017-03-29,61.923973083496094
2017-03-30,62.7618293762207
2017-03-31,63.08766555786133
2017-04-03,63.01008605957031
2017-04-04,63.2117919921875
2017-04-05,63.51435089111328
2017-04-06,64.1349868774414
2017-04-07,64.09619903564453
2017-04-10,64.58495330810547
2017-04-11,64.89527130126953
2017-04-12,63.84018707275391
2017-04-13,63.506595611572266
2017-04-17,63.801395416259766
2017-04-18,63.5609016418457
2017-04-19,63.498836517333984
2017-04-20,64.19705200195312
2017-04-21,64.41427612304688
2017-04-24,65.31419372558594
2017-04-25,66.4546127319336
2017-04-26,68.79751586914062
2017-04-27,69.2397232055664
2017-04-28,68.85182189941406
2017-05-01,68.8750991821289
2017-05-02,69.27851104736328
2017-05-03,69.12335205078125
2017-05-04,69.68192291259766
2017-05-05,69.8293228149414
2017-05-08,69.35608673095703
2017-05-09,69.32505798339844
2017-05-10,68.67339324951172
2017-05-11,68.60356903076172
2017-05-12,68.2777328491211
2017-05-15,68.68114471435547
2017-05-16,68.89836883544922
2017-05-17,68.04499816894531
2017-05-18,68.40186309814453
2017-05-19,69.23196411132812
2017-05-22,69.22420501708984
2017-05-23,69.06904602050781
2017-05-24,68.67339324951172
2017-05-25,69.28627014160156
2017-05-26,69.31729888916016
2017-05-30,69.19317626953125
2017-05-31,69.51124572753906
2017-06-01,69.51124572753906
2017-06-02,69.41815185546875
2017-06-05,69.31729888916016
2017-06-06,68.9759521484375
2017-06-07,68.3708267211914
2017-06-08,68.2467041015625
2017-06-09,68.35531616210938
2017-06-12,68.1458511352539
2017-06-13,69.5655517578125
2017-06-14,68.8052749633789
2017-06-15,69.71295928955078
2017-06-16,71.63692474365234
2017-06-19,71.83087921142578
2017-06-20,70.79131317138672
2017-06-21,70.1939468383789
2017-06-22,70.38014221191406
2017-06-23,70.659423828125
2017-06-26,70.54306030273438
2017-06-27,70.21722412109375
2017-06-28,71.08611297607422
2017-06-29,70.10861206054688
2017-06-30,70.8999252319336
2017-07-03,70.93871307373047
2017-07-05,71.49728393554688
2017-07-06,71.46625518798828
2017-07-07,72.34290313720703
2017-07-10,72.71528625488281
2017-07-11,72.07913208007812
2017-07-12,72.54460906982422
2017-07-13,72.03258514404297
2017-07-14,72.0170669555664
2017-07-17,72.20325469970703
2017-07-18,71.73002624511719
2017-07-19,72.30411529541016
2017-07-20,71.51280212402344
2017-07-21,71.11714172363281
2017-07-24,70.63615417480469
2017-07-25,70.18618774414062
2017-07-26,67.4476318359375
2017-07-27,68.09930419921875
2017-07-28,68.68890380859375
2017-07-31,68.1768798828125
2017-08-01,67.09852600097656
2017-08-02,67.61054992675781
2017-08-03,67.28471374511719
2017-08-04,68.40962219238281
2017-08-07,68.3475570678711
2017-08-08,67.882080078125
2017-08-09,67.69588470458984
2017-08-10,65.92707824707031
2017-08-11,66.01241302490234
2017-08-14,66.64856719970703
2017-08-15,66.87354278564453
2017-08-16,67.29247283935547
2017-08-17,66.29945373535156
2017-08-18,66.08223724365234
2017-08-21,66.04344177246094
2017-08-22,66.81148529052734
2017-08-23,65.47711181640625
2017-08-24,64.98836517333984
2017-08-25,65.65554809570312
2017-08-28,65.05818176269531
2017-08-29,65.38401794433594
2017-08-30,66.353759765625
2017-08-31,66.24514770507812
2017-09-01,66.00465393066406
2017-09-05,65.77191925048828
2017-09-06,65.46935272216797
2017-09-07,65.9891357421875
2017-09-08,67.85104370117188
2017-09-11,68.67339324951172
2017-09-12,69.8293228149414
2017-09-13,70.10861206054688
2017-09-14,69.83708190917969
2017-09-15,69.38712310791016
2017-09-18,70.21722412109375
2017-09-19,70.17843627929688
2017-09-20,69.27851104736328
2017-09-21,69.23196411132812
2017-09-22,68.98371124267578
2017-09-25,68.92940521240234
2017-09-26,68.85182189941406
2017-09-27,68.30876922607422
2017-09-28,68.40962219238281
2017-09-29,69.17765808105469
2017-10-02,69.79053497314453
2017-10-03,69.93017578125
2017-10-04,70.17843627929688
2017-10-05,70.51202392578125
2017-10-06,71.41194915771484
2017-10-09,71.41970825195312
2017-10-10,70.89216613769531
2017-10-11,70.93095397949219
2017-10-12,70.89216613769531
2017-10-13,70.84561920166016
2017-10-16,70.8301010131836
2017-10-17,70.67494201660156
2017-10-18,70.76803588867188
2017-10-19,70.659423828125
2017-10-20,72.54460906982422
2017-10-23,72.73855590820312
2017-10-24,74.17377471923828
2017-10-25,70.84561920166016
2017-10-26,70.3335952758789
2017-10-27,70.71372985839844
2017-10-30,68.95267486572266
2017-10-31,68.7354507446289
2017-11-01,67.90534973144531
2017-11-02,67.95965576171875
2017-11-03,66.91233825683594
2017-11-06,66.83475494384766
2017-11-07,66.37703704833984
2017-11-08,66.47013092041016
2017-11-09,65.48487091064453
2017-11-10,65.91156005859375
2017-11-13,65.75640106201172
2017-11-14,65.70985412597656
2017-11-15,64.6702880859375
2017-11-16,66.14429473876953
2017-11-17,66.03569030761719
2017-11-20,65.73312377929688
2017-11-21,66.1598129272461
2017-11-22,65.62451171875
2017-11-24,65.34523010253906
2017-11-27,65.73312377929688
2017-11-28,67.22265625
2017-11-29,66.77268981933594
2017-11-30,67.97517395019531
2017-12-01,66.88130187988281
2017-12-04,66.03569030761719
2017-12-05,65.61676025390625
2017-12-06,66.92008972167969
2017-12-07,66.95112609863281
2017-12-08,67.96741485595703
2017-12-11,68.13033294677734
2017-12-12,67.01319122314453
2017-12-13,67.59503173828125
2017-12-14,66.74166107177734
2017-12-15,67.30023193359375
2017-12-18,67.21489715576172
2017-12-19,67.29247283935547
2017-12-20,67.65709686279297
2017-12-21,70.11637115478516
2017-12-22,69.64313507080078
2017-12-26,69.20868682861328
2017-12-27,69.13111114501953
2017-12-28,69.22420501708984
2017-12-29,69.19317626953125
2018-01-02,68.85182189941406
2018-01-03,69.78277587890625
2018-01-04,70.12413024902344
2018-01-05,69.59658813476562
2018-01-08,70.14739990234375
2018-01-09,70.51202392578125
2018-01-10,70.58184814453125
2018-01-11,71.36540222167969
2018-01-12,70.67494201660156
2018-01-16,70.02327728271484
2018-01-17,69.96121215820312
2018-01-18,70.07758331298828
2018-01-19,70.54306030273438
2018-01-22,69.69744110107422
2018-01-23,71.1947250366211
2018-01-24,71.3576431274414
2018-01-25,71.03956604003906
2018-01-26,72.78510284423828
2018-01-29,72.82389068603516
2018-01-30,71.78433227539062
2018-01-31,73.41349792480469
2018-02-01,74.94181823730469
2018-02-02,73.88673400878906
2018-02-05,70.23274230957031
2018-02-06,71.17920684814453
2018-02-07,70.74476623535156
2018-02-08,67.95965576171875
2018-02-09,69.1698989868164
2018-02-12,70.52754211425781
2018-02-13,70.02327728271484
2018-02-14,70.12413024902344
2018-02-15,71.38091278076172
2018-02-16,70.62063598632812
2018-02-20,69.85260009765625
2018-02-21,69.8293228149414
2018-02-22,70.06206512451172
2018-02-23,69.93793487548828
2018-02-26,70.32583618164062
2018-02-27,69.88362884521484
2018-02-28,68.89060974121094
2018-03-01,66.6175308227539
2018-03-02,66.94336700439453
2018-03-05,66.8890609741211
2018-03-06,67.4864273071289
2018-03-07,67.67261505126953
2018-03-08,67.86656188964844
2018-03-09,69.5345230102539
2018-03-12,68.33203887939453
2018-03-13,68.45616912841797
2018-03-14,68.51823425292969
2018-03-15,69.99224090576172
2018-03-16,69.41815185546875
2018-03-19,68.67339324951172
2018-03-20,69.01473999023438
2018-03-21,69.03801727294922
2018-03-22,66.78044891357422
2018-03-23,65.05818176269531
2018-03-26,66.85027313232422
2018-03-27,65.94258880615234
2018-03-28,65.12800598144531
2018-03-29,66.33824920654297
2018-04-02,64.50736999511719
2018-04-03,65.53917694091797
2018-04-04,65.97362518310547
2018-04-05,66.6175308227539
2018-04-06,64.53839874267578
2018-04-09,64.2048110961914
2018-04-10,65.49263000488281
2018-04-11,64.84871673583984
2018-04-12,65.3995361328125
2018-04-13,65.26764678955078
2018-04-16,65.93482971191406
2018-04-17,66.76493072509766
2018-04-18,66.99767303466797
2018-04-19,65.54693603515625
2018-04-20,64.82544708251953
2018-04-23,64.59270477294922
2018-04-24,62.36617660522461
2018-04-25,66.06671905517578
2018-04-26,65.95034790039062
2018-04-27,66.80372619628906
2018-04-30,65.08145904541016
2018-05-01,66.66407775878906
2018-05-02,66.11326599121094
2018-05-03,66.69511413574219
2018-05-04,67.23816680908203
2018-05-07,67.79674530029297
2018-05-08,68.33203887939453
2018-05-09,68.70442199707031
2018-05-10,68.8363037109375
2018-05-11,68.9061279296875
2018-05-14,69.1698989868164
2018-05-15,68.95267486572266
2018-05-16,68.65787506103516
2018-05-17,69.79829406738281
2018-05-18,69.75174713134766
2018-05-21,71.05508422851562
2018-05-22,70.51202392578125
2018-05-23,70.02327728271484
2018-05-24,69.87586975097656
2018-05-25,69.67416381835938
2018-05-29,68.92164611816406
2018-05-30,69.55780029296875
2018-05-31,67.9131088256836
2018-06-01,68.47943878173828
2018-06-04,68.33203887939453
2018-06-05,68.58805084228516
2018-06-06,69.93017578125
2018-06-07,70.28704071044922
2018-06-08,70.35686492919922
2018-06-11,72.17222595214844
2018-06-12,71.70674896240234
2018-06-13,70.71372985839844
2018-06-14,71.30333709716797
2018-06-15,71.48176574707031
2018-06-18,71.388671875
2018-06-19,70.61287689208984
2018-06-20,70.51978302001953
2018-06-21,69.72071075439453
2018-06-22,70.41117095947266
2018-06-25,69.65865325927734
2018-06-26,69.1000747680664
2018-06-27,68.96043395996094
2018-06-28,69.03025817871094
2018-06-29,69.61209869384766
2018-07-02,69.37936401367188
2018-07-03,69.77501678466797
2018-07-05,70.17843627929688
2018-07-06,69.72071075439453
2018-07-09,71.14817810058594
2018-07-10,70.94647216796875
2018-07-11,69.26299285888672
2018-07-12,69.72846984863281
2018-07-13,70.63615417480469
2018-07-16,69.79053497314453
2018-07-17,70.51202392578125
2018-07-18,70.799072265625
2018-07-19,71.2179946899414
2018-07-20,71.2179946899414
2018-07-23,69.93793487548828
2018-07-24,70.659423828125
2018-07-25,74.5694351196289
2018-07-26,75.81846618652344
2018-07-27,75.81070709228516
2018-07-30,75.42280578613281
2018-07-31,76.423583984375
2018-08-01,75.57796478271484
2018-08-02,74.95732879638672
2018-08-03,75.21334075927734
2018-08-06,75.34523010253906
2018-08-07,75.67881774902344
2018-08-08,75.72537231445312
2018-08-09,74.87199401855469
2018-08-10,74.6702880859375
2018-08-13,74.50736999511719
2018-08-14,75.28316497802734
2018-08-15,75.95034790039062
2018-08-16,76.67959594726562
2018-08-17,77.43212127685547
2018-08-20,77.4476318359375
2018-08-21,78.16912078857422
2018-08-22,77.20713806152344
2018-08-23,77.13731384277344
2018-08-24,77.26144409179688
2018-08-27,78.30101013183594
2018-08-28,78.40186309814453
2018-08-29,78.93716430664062
2018-08-30,78.45616912841797
2018-08-31,78.58029174804688
2018-09-04,78.99146270751953
2018-09-05,79.93017578125
2018-09-06,78.54150390625
2018-09-07,77.80449676513672
2018-09-10,79.51900482177734
2018-09-11,79.15438079833984
2018-09-12,79.79053497314453
2018-09-13,80.10861206054688
2018-09-14,80.21722412109375
2018-09-17,79.92241668701172
2018-09-18,80.22498321533203
2018-09-19,79.88362884521484
2018-09-20,80.24825286865234
2018-09-21,80.70597076416016
2018-09-24,79.55004119873047
2018-09-25,79.78277587890625
2018-09-26,79.42591094970703
2018-09-27,79.65865325927734
2018-09-28,79.36384582519531
2018-10-01,80.13964080810547
2018-10-02,80.60511779785156
2018-10-03,81.00077819824219
2018-10-04,80.86112976074219
2018-10-05,80.0
2018-10-08,80.22498321533203
2018-10-09,79.36384582519531
2018-10-10,75.84173583984375
2018-10-11,74.42203521728516
2018-10-12,75.36074829101562
2018-10-15,75.33747100830078
2018-10-16,76.60977172851562
2018-10-17,75.65554809570312
2018-10-18,74.66252899169922
2018-10-19,72.79286193847656
2018-10-22,72.14895629882812
2018-10-23,71.30333709716797
2018-10-24,71.81536102294922
2018-10-25,74.10395812988281
2018-10-26,73.17300415039062
2018-10-29,72.40496826171875
2018-10-30,74.44530487060547
2018-10-31,74.42979431152344
2018-11-01,76.37703704833984
2018-11-02,76.16757202148438
2018-11-05,76.91233825683594
2018-11-06,78.42513275146484
2018-11-07,79.74398803710938
2018-11-08,80.3335952758789
2018-11-09,79.79829406738281
2018-11-12,78.4716796875
2018-11-13,79.49573516845703
2018-11-14,78.84406280517578
2018-11-15,80.4654769897461
2018-11-16,80.95423126220703
2018-11-19,80.10861206054688
2018-11-20,77.71916198730469
2018-11-21,78.96043395996094
2018-11-23,79.0768051147461
2018-11-26,78.3475570678711
2018-11-27,77.96741485595703
2018-11-28,79.86035919189453
2018-11-29,80.1939468383789
2018-11-30,80.31031799316406
2018-12-03,81.9472427368164
2018-12-04,79.47245788574219
2018-12-06,78.51823425292969
2018-12-07,76.01241302490234
2018-12-10,75.81846618652344
2018-12-11,75.41504669189453
2018-12-12,76.09774780273438
2018-12-13,75.46935272216797
2018-12-14,74.45306396484375
2018-12-17,72.69200897216797
2018-12-18,73.37471008300781
2018-12-19,71.83087921142578
2018-12-20,70.63615417480469
2018-12-21,69.01473999023438
2018-12-24,66.9588851928711
2018-12-26,69.51900482177734
2018-12-27,70.77579498291016
2018-12-28,70.64391326904297
2018-12-31,70.77579498291016
2019-01-02,70.98526000976562
2019-01-03,69.84484100341797
2019-01-04,72.22653198242188
2019-01-07,71.47401428222656
2019-01-08,71.79984283447266
2019-01-09,73.23506927490234
2019-01-10,73.9100112915039
2019-01-11,73.66950988769531
2019-01-14,73.7470932006836
2019-01-15,73.1109390258789
2019-01-16,72.75407409667969
2019-01-17,72.66873168945312
2019-01-18,74.56167602539062
2019-01-22,72.14895629882812
2019-01-23,72.50582122802734
2019-01-24,72.84716796875
2019-01-25,73.28937530517578
2019-01-28,73.26609802246094
2019-01-29,75.05818176269531
2019-01-30,78.0062026977539
2019-01-31,77.61054992675781
2019-02-01,78.4173812866211
2019-02-04,78.10706329345703
2019-02-05,78.58029174804688
2019-02-06,78.23894500732422
2019-02-07,78.52598571777344
2019-02-08,79.06904602050781
2019-02-11,79.52676391601562
2019-02-12,80.48875427246094
2019-02-13,81.14041900634766
2019-02-14,80.2947998046875
2019-02-15,81.24903106689453
2019-02-19,81.45849609375
2019-02-20,81.90069580078125
2019-02-21,81.88518524169922
2019-02-22,82.49030303955078
2019-02-25,82.95578002929688
2019-02-26,82.50582122802734
2019-02-27,82.97905731201172
2019-02-28,81.89293670654297
2019-03-01,82.27307891845703
2019-03-04,81.84638977050781
2019-03-05,82.23429107666016
2019-03-06,82.52133178710938
2019-03-07,80.96974182128906
2019-03-08,80.91543579101562
2019-03-11,81.74553680419922
2019-03-12,82.2187728881836
2019-03-13,82.5523681640625
2019-03-14,82.19550323486328
2019-03-15,82.3118667602539
2019-03-18,83.04887390136719
2019-03-19,82.64546203613281
2019-03-20,81.388671875
2019-03-21,82.49030303955078
2019-03-22,80.86112976074219
2019-03-25,81.22575378417969
2019-03-26,82.04034423828125
2019-03-27,82.12567901611328
2019-03-28,83.33592224121094
2019-03-29,83.7470932006836
2019-04-01,85.47711181640625
2019-04-02,85.53917694091797
2019-04-03,85.88053131103516
2019-04-04,87.15283203125
2019-04-05,87.35453796386719
2019-04-08,87.30023193359375
2019-04-09,86.28394317626953
2019-04-10,86.10550689697266
2019-04-11,87.4166030883789
2019-04-12,88.75872802734375
2019-04-15,88.42513275146484
2019-04-16,88.26222229003906
2019-04-17,87.53297424316406
2019-04-18,87.50193786621094
2019-04-22,87.56400299072266
2019-04-23,87.97517395019531
2019-04-24,87.88983917236328
2019-04-25,86.77268981933594
2019-04-26,87.75019073486328
2019-04-29,93.45228576660156
2019-04-30,95.12024688720705
2019-05-01,94.68580627441406
2019-05-02,95.63227081298828
2019-05-03,96.73390197753906
2019-05-06,95.76416015625
2019-05-07,94.64701080322266
2019-05-08,94.25911712646484
2019-05-09,94.29014587402344
2019-05-10,95.27540588378906
2019-05-13,93.42125701904295
2019-05-14,94.0418930053711
2019-05-15,94.11946868896484
2019-05-16,94.5694351196289
2019-05-17,93.73157501220705
2019-05-20,94.1349868774414
2019-05-21,95.84949493408205
2019-05-22,94.87199401855467
2019-05-23,93.68502807617188
2019-05-24,93.2428207397461
2019-05-28,92.00930786132812
2019-05-29,91.7532958984375
2019-05-30,92.85492706298828
2019-05-31,91.80760192871094
2019-06-03,93.66175079345705
2019-06-04,95.54693603515624
2019-06-05,96.26066589355467
2019-06-06,96.93560791015624
2019-06-07,97.24592590332033
2019-06-10,97.24592590332033
2019-06-11,95.67881774902344
2019-06-12,96.18309020996094
2019-06-13,96.47013092041016
2019-06-14,96.72614288330078
2019-06-17,95.24437713623048
2019-06-18,95.62451171875
2019-06-19,95.98138427734376
2019-06-20,97.83553314208984
2019-06-21,97.09852600097656
2019-06-24,97.43212127685548
2019-06-25,96.87354278564452
2019-06-26,96.5942611694336
2019-06-27,96.47013092041016
2019-06-28,98.2699737548828
2019-07-01,99.06128692626952
2019-07-02,97.56400299072266
2019-07-03,97.40108489990234
2019-07-05,96.82699584960938
2019-07-08,97.24592590332033
2019-07-09,96.2296371459961
2019-07-10,96.36151885986328
2019-07-11,96.6252899169922
2019-07-12,98.23118591308594
2019-07-15,98.65787506103516
2019-07-16,99.40264129638672
2019-07-17,97.10628509521484
2019-07-18,97.16835021972656
2019-07-19,96.74166107177734
2019-07-22,96.60977172851562
2019-07-23,96.54771423339844
2019-07-24,96.26842498779295
2019-07-25,94.97284698486328
2019-07-26,95.09697723388672
2019-07-29,94.81768798828124
2019-07-30,98.21566772460938
2019-07-31,95.93482971191406
2019-08-01,94.4375457763672
2019-08-02,93.7781219482422
2019-08-05,91.54383087158205
2019-08-06,92.69976806640624
2019-08-07,92.49030303955078
2019-08-08,93.83242797851562
2019-08-09,92.62218475341795
2019-08-12,91.34212493896484
2019-08-13,93.26609802246094
2019-08-14,90.21722412109376
2019-08-15,90.34910583496094
2019-08-16,91.45073699951172
2019-08-19,91.9860382080078
2019-08-20,91.6524429321289
2019-08-21,92.05585479736328
2019-08-22,91.53607177734376
2019-08-23,89.18541717529297
2019-08-26,89.43367004394531
2019-08-27,90.38790130615234
2019-08-28,91.15593719482422
2019-08-29,93.23506927490234
2019-08-30,93.9410400390625
2019-09-03,92.00154876708984
2019-09-04,92.62218475341795
2019-09-05,94.18929290771484
2019-09-06,94.3366928100586
2019-09-09,94.08843994140624
2019-09-10,94.00310516357422
2019-09-11,95.78742980957033
2019-09-12,95.81070709228516
2019-09-13,96.44686126708984
2019-09-16,96.14429473876952
2019-09-17,96.53219604492188
2019-09-18,96.14429473876952
2019-09-19,96.17533111572266
2019-09-20,95.53917694091795
2019-09-23,95.48487091064452
2019-09-24,95.2288589477539
2019-09-25,95.60124206542967
2019-09-26,95.7951889038086
2019-09-27,95.85725402832033
2019-09-30,95.58572387695312
2019-10-01,93.17300415039062
2019-10-02,90.47323608398438
2019-10-03,91.24127197265624
2019-10-04,91.97827911376952
2019-10-07,90.34134674072266
2019-10-08,87.68037414550781
2019-10-09,88.51823425292969
2019-10-10,88.5104751586914
2019-10-11,89.51124572753906
2019-10-14,89.47245788574219
2019-10-15,90.0310287475586
2019-10-16,90.04654693603516
2019-10-17,90.659423828125
2019-10-18,91.0007781982422
2019-10-21,91.51280212402344
2019-10-22,91.76881408691406
2019-10-23,92.11016082763672
2019-10-24,92.90147399902344
2019-10-25,93.91776275634766
2019-10-28,94.70907592773438
2019-10-29,99.200927734375
2019-10-30,99.1388702392578
2019-10-31,98.4406509399414
2019-11-01,99.97672271728516
2019-11-04,101.78433227539062
2019-11-05,101.44297790527344
2019-11-06,101.97827911376952
2019-11-07,100.15515899658205
2019-11-08,101.1947250366211
2019-11-11,100.8611297607422
2019-11-12,100.50426483154295
2019-11-13,99.16213989257812
2019-11-14,99.05352783203124
2019-11-15,99.84484100341795
2019-11-18,101.10163116455078
2019-11-19,101.05508422851562
2019-11-20,100.729248046875
2019-11-21,100.44219970703124
2019-11-22,100.9309539794922
2019-11-25,101.51280212402344
2019-11-26,101.3576431274414
2019-11-27,102.23429107666016
2019-11-29,101.71450805664062
2019-12-02,100.30255889892578
2019-12-03,99.3716049194336
2019-12-04,99.75174713134766
2019-12-05,100.09309387207033
2019-12-06,102.16446685791016
2019-12-09,101.86966705322266
2019-12-10,101.70674896240234
2019-12-11,103.18851470947266
2019-12-12,104.25911712646484
2019-12-13,103.80915069580078
2019-12-16,103.4445343017578
2019-12-17,103.65399169921876
2019-12-18,103.29712677001952
2019-12-19,103.6074447631836
2019-12-20,104.7401123046875
2019-12-23,104.5771942138672
2019-12-24,104.41427612304688
2019-12-26,103.86345672607422
2019-12-27,104.22808074951172
2019-12-30,103.09542083740234
2019-12-31,103.1186981201172
2020-01-02,104.22808074951172
2020-01-03,103.29712677001952
2020-01-06,102.39720916748048
2020-01-07,101.97827911376952
2020-01-08,101.81536102294922
2020-01-09,101.2567901611328
2020-01-10,101.76881408691406
2020-01-13,101.90069580078124
2020-01-14,101.53607177734376
2020-01-15,101.86966705322266
2020-01-16,103.09542083740234
2020-01-17,103.89449310302734
2020-01-21,102.6764907836914
2020-01-22,102.12567901611328
2020-01-23,102.62994384765624
2020-01-24,101.31885528564452
2020-01-27,100.1008529663086
2020-01-28,101.45849609375
2020-01-29,104.18153381347656
2020-01-30,104.8409652709961
2020-01-31,103.35919189453124
2020-02-03,105.65554809570312
2020-02-04,107.47090911865234
2020-02-05,109.97672271728516
2020-02-06,110.48099517822266
2020-02-07,110.01551818847656
2020-02-10,111.79984283447266
2020-02-11,111.9937973022461
2020-02-12,112.9480209350586
2020-02-13,112.97129821777344
2020-02-14,113.69278717041016
2020-02-18,112.46702575683594
2020-02-19,113.13421630859376
2020-02-20,113.27385711669922
2020-02-21,112.98680877685548
2020-02-24,110.22498321533205
2020-02-25,107.06749725341795
2020-02-26,107.64933776855467
2020-02-27,102.80062103271484
2020-02-28,100.10861206054688
2020-03-02,100.5500030517578
2020-03-03,106.05999755859376
2020-03-04,117.81999969482422
2020-03-05,112.43000030517578
2020-03-06,112.52999877929688
2020-03-09,105.27999877929688
2020-03-10,107.06999969482422
2020-03-11,107.0
2020-03-12,96.33000183105467
2020-03-13,103.44000244140624
2020-03-16,92.19000244140624
2020-03-17,93.20999908447266
2020-03-18,83.01000213623047
2020-03-19,81.7300033569336
2020-03-20,75.68000030517578
2020-03-23,71.26000213623047
2020-03-24,76.80999755859375
2020-03-25,85.12000274658203
2020-03-26,86.87999725341797
2020-03-27,82.66999816894531
2020-03-30,84.30000305175781
2020-03-31,82.58999633789062
2020-04-01,80.88999938964844
2020-04-02,82.86000061035156
2020-04-03,80.02999877929688
2020-04-06,87.04000091552734
2020-04-07,88.16999816894531
2020-04-08,87.87000274658203
2020-04-09,91.5999984741211
2020-04-13,89.80999755859375
2020-04-14,92.12999725341795
2020-04-15,86.72000122070312
2020-04-16,85.7699966430664
2020-04-17,89.91000366210938
2020-04-20,85.0199966430664
2020-04-21,80.5
2020-04-22,81.83999633789062
2020-04-23,83.69000244140625
2020-04-24,84.02999877929688
2020-04-27,86.37000274658203
2020-04-28,87.63999938964844
2020-04-29,90.33999633789062
2020-04-30,87.41999816894531
2020-05-01,86.80999755859375
2020-05-04,85.1500015258789
2020-05-05,82.16000366210938
2020-05-06,79.81999969482422
2020-05-07,81.02999877929688
2020-05-08,84.38999938964844
2020-05-11,80.9800033569336
2020-05-12,76.76000213623047
2020-05-13,76.6500015258789
2020-05-14,78.31999969482422
2020-05-15,77.20999908447266
2020-05-18,81.38999938964844
2020-05-19,80.41000366210938
2020-05-20,79.75
2020-05-21,81.36000061035156
2020-05-22,83.36000061035156
2020-05-26,88.93000030517578
2020-05-27,90.94000244140624
2020-05-28,90.3000030517578
2020-05-29,90.20999908447266
2020-06-01,90.43000030517578
2020-06-02,91.44000244140624
2020-06-03,94.33000183105467
2020-06-04,95.54000091552734
2020-06-05,102.01000213623048
2020-06-08,98.98999786376952
2020-06-09,97.45999908447266
2020-06-10,94.58999633789062
2020-06-11,89.7699966430664
2020-06-12,90.38999938964844
2020-06-15,90.6500015258789
2020-06-16,91.68000030517578
2020-06-17,91.8499984741211
2020-06-18,90.06999969482422
2020-06-19,89.29000091552734
2020-06-22,90.18000030517578
2020-06-23,90.08999633789062
2020-06-24,86.04000091552734
2020-06-25,85.80000305175781
2020-06-26,84.63999938964844
2020-06-29,89.19000244140625
2020-06-30,88.9800033569336
2020-07-01,88.86000061035156
2020-07-02,90.52999877929688
2020-07-06,92.54000091552734
2020-07-07,91.41000366210938
2020-07-08,92.12999725341795
2020-07-09,90.29000091552734
2020-07-10,91.63999938964844
2020-07-13,92.08999633789062
2020-07-14,97.52999877929688
2020-07-15,100.93000030517578
2020-07-16,101.94000244140624
2020-07-17,102.4499969482422
2020-07-20,103.37999725341795
2020-07-21,105.4499969482422
2020-07-22,106.20999908447266
2020-07-23,105.41999816894533
2020-07-24,103.76000213623048
2020-07-27,104.5500030517578
2020-07-28,103.70999908447266
2020-07-29,110.47000122070312
2020-07-30,110.86000061035156
2020-07-31,111.87000274658205
2020-08-03,112.19000244140624
2020-08-04,112.27999877929688
2020-08-05,115.1500015258789
2020-08-06,115.48999786376952
2020-08-07,116.8499984741211
2020-08-10,118.8499984741211
2020-08-11,119.8000030517578
2020-08-12,120.1999969482422
2020-08-13,118.37000274658205
2020-08-14,118.87999725341795
2020-08-17,119.36000061035156
2020-08-18,118.02999877929688
2020-08-19,117.4000015258789
2020-08-20,116.0199966430664
2020-08-21,117.56999969482422
2020-08-24,118.91999816894533
2020-08-25,118.45999908447266
2020-08-26,120.08000183105467
2020-08-27,118.91999816894533
2020-08-28,120.3000030517578
2020-08-31,118.38999938964844
2020-09-01,120.1999969482422
2020-09-02,122.38999938964844
2020-09-03,118.12999725341795
2020-09-04,117.7699966430664
2020-09-08,116.19000244140624
2020-09-09,117.06999969482422
2020-09-10,115.61000061035156
2020-09-11,116.98999786376952
2020-09-14,118.98999786376952
2020-09-15,121.22000122070312
2020-09-16,122.01000213623048
2020-09-17,124.87000274658205
2020-09-18,122.95999908447266
2020-09-21,120.08000183105467
2020-09-22,121.5199966430664
2020-09-23,118.79000091552734
2020-09-24,119.0
2020-09-25,118.91000366210938
2020-09-28,121.51000213623048
2020-09-29,121.22000122070312
2020-09-30,121.25
2020-10-01,121.9499969482422
2020-10-02,123.86000061035156
2020-10-05,126.93000030517578
2020-10-06,126.58999633789062
2020-10-07,127.94000244140624
2020-10-08,129.8000030517578
2020-10-09,129.1199951171875
2020-10-12,131.9600067138672
2020-10-13,129.25
2020-10-14,130.1999969482422
2020-10-15,130.63999938964844
2020-10-16,131.2100067138672
2020-10-19,127.5
2020-10-20,128.72999572753906
2020-10-21,128.8699951171875
2020-10-22,130.4600067138672
2020-10-23,129.22000122070312
2020-10-26,126.1500015258789
2020-10-27,123.68000030517578
2020-10-28,127.83999633789062
2020-10-29,132.0500030517578
2020-10-30,132.75
2020-11-02,137.5500030517578
2020-11-03,141.25999450683594
2020-11-04,137.27999877929688
2020-11-05,141.1199951171875
2020-11-06,144.32000732421875
2020-11-09,145.6699981689453
2020-11-10,143.5800018310547
2020-11-11,142.9600067138672
2020-11-12,143.38999938964844
2020-11-13,147.99000549316406
2020-11-16,152.44000244140625
2020-11-17,148.7899932861328
2020-11-18,144.44000244140625
2020-11-19,146.7899932861328
2020-11-20,144.1999969482422
2020-11-23,145.9199981689453
2020-11-24,147.07000732421875
2020-11-25,144.97000122070312
2020-11-27,143.5
2020-11-30,146.24000549316406
2020-12-01,145.6999969482422
2020-12-02,144.33999633789062
2020-12-03,141.72000122070312
2020-12-04,141.85000610351562
2020-12-07,141.1199951171875
2020-12-08,139.9600067138672
2020-12-09,141.0500030517578
2020-12-10,139.22000122070312
2020-12-11,139.94000244140625
2020-12-14,137.7100067138672
2020-12-15,140.3800048828125
2020-12-16,138.57000732421875
2020-12-17,140.97000122070312
2020-12-18,141.05999755859375
2020-12-21,142.14999389648438
2020-12-22,143.0
2020-12-23,142.5
2020-12-24,143.66000366210938
2020-12-28,144.1999969482422
2020-12-29,142.89999389648438
2020-12-30,144.8300018310547
2020-12-31,145.16000366210938
2021-01-04,143.97999572753906
2021-01-05,145.85000610351562
2021-01-06,149.83999633789062
2021-01-07,153.72000122070312
2021-01-08,152.5800018310547
2021-01-11,152.25
2021-01-12,151.94000244140625
2021-01-13,150.9499969482422
2021-01-14,150.75
2021-01-15,149.50999450683594
2021-01-19,153.49000549316406
2021-01-20,155.24000549316406
2021-01-21,154.44000244140625
2021-01-22,152.6699981689453
2021-01-25,150.9199981689453
2021-01-26,147.88999938964844
2021-01-27,138.8300018310547
2021-01-28,142.8000030517578
2021-01-29,143.35000610351562
2021-02-01,142.75
2021-02-02,144.99000549316406
2021-02-03,146.3800048828125
2021-02-04,148.83999633789062
2021-02-05,149.35000610351562
2021-02-08,148.97999572753906
2021-02-09,145.7100067138672
2021-02-10,148.3300018310547
2021-02-11,150.8699951171875
2021-02-12,150.92999267578125
2021-02-16,151.27999877929688
2021-02-17,151.3000030517578
2021-02-18,149.5
2021-02-19,153.9600067138672
2021-02-22,152.88999938964844
2021-02-23,153.1999969482422
2021-02-24,155.35000610351562
2021-02-25,152.47999572753906
2021-02-26,153.24000549316406
2021-03-01,158.47000122070312
2021-03-02,158.16000366210938
2021-03-03,157.5
2021-03-04,153.39999389648438
2021-03-05,160.4199981689453
2021-03-08,163.72999572753906
2021-03-09,160.47999572753906
2021-03-10,163.42999267578125
2021-03-11,162.94000244140625
2021-03-12,163.67999267578125
2021-03-15,167.99000549316406
2021-03-16,167.1699981689453
2021-03-17,165.9600067138672
2021-03-18,167.5399932861328
2021-03-19,164.10000610351562
2021-03-22,164.3000030517578
2021-03-23,160.3300018310547
2021-03-24,161.2100067138672
2021-03-25,163.92999267578125
2021-03-26,168.08999633789062
2021-03-29,166.5800018310547
2021-03-30,166.9499969482422
2021-03-31,165.55999755859375
2021-04-01,165.44000244140625
2021-04-05,167.4499969482422
2021-04-06,167.63999938964844
2021-04-07,166.5
2021-04-08,166.5800018310547
2021-04-09,169.5500030517578
2021-04-12,170.61000061035156
2021-04-13,170.7899932861328
2021-04-14,169.36000061035156
2021-04-15,170.50999450683594
2021-04-16,171.9600067138672
2021-04-19,172.27999877929688
2021-04-20,168.1999969482422
2021-04-21,170.5
2021-04-22,171.9499969482422
2021-04-23,175.3300018310547
2021-04-26,172.8300018310547
2021-04-27,173.8000030517578
2021-04-28,174.36000061035156
2021-04-29,175.58999633789062
2021-04-30,173.8300018310547
2021-05-03,174.75
2021-05-04,174.72000122070312
2021-05-05,178.72000122070312
2021-05-06,181.9199981689453
2021-05-07,183.67999267578125
2021-05-10,186.66000366210932
2021-05-11,182.75
2021-05-12,178.6199951171875
2021-05-13,182.1100006103516
2021-05-14,184.1999969482422
2021-05-17,183.5399932861328
2021-05-18,179.24000549316406
2021-05-19,178.3699951171875
2021-05-20,180.4499969482422
2021-05-21,182.08999633789065
2021-05-24,182.1000061035156
2021-05-25,182.6000061035156
2021-05-26,183.5500030517578
2021-05-27,185.8000030517578
2021-05-28,186.3999938964844
2021-06-01,187.5399932861328
2021-06-02,185.1100006103516
2021-06-03,183.3600006103516
2021-06-04,181.63999938964844
2021-06-07,182.07000732421875
2021-06-08,183.8999938964844
2021-06-09,182.2899932861328
2021-06-10,183.69000244140625
2021-06-11,185.22999572753903
2021-06-14,182.6100006103516
2021-06-15,184.259994506836
2021-06-16,182.3500061035156
2021-06-17,180.0
2021-06-18,173.41000366210938
2021-06-21,179.55999755859375
2021-06-22,180.1199951171875
2021-06-23,179.72999572753906
2021-06-24,179.83999633789062
2021-06-25,180.0
2021-06-28,182.7400054931641
2021-06-29,182.8300018310547
2021-06-30,184.13999938964844
2021-07-01,186.1999969482422
2021-07-02,187.3000030517578
2021-07-06,184.97999572753903
2021-07-07,189.6499938964844
2021-07-08,187.2400054931641
2021-07-09,190.32000732421875
2021-07-12,192.7700042724609
2021-07-13,191.19000244140625
2021-07-14,190.94000244140625
2021-07-15,192.19000244140625
2021-07-16,192.259994506836
2021-07-19,189.6499938964844
2021-07-20,196.47999572753903
2021-07-21,198.6699981689453
2021-07-22,198.6499938964844
2021-07-23,201.4499969482422
2021-07-26,199.75
2021-07-27,200.7700042724609
2021-07-28,198.22999572753903
2021-07-29,202.6100006103516
2021-07-30,203.6100006103516
2021-08-02,201.1699981689453
2021-08-03,206.5599975585937
2021-08-04,200.27999877929688
2021-08-05,195.42999267578125
2021-08-06,197.0
2021-08-09,193.8999938964844
2021-08-10,192.22000122070312
2021-08-11,193.3300018310547
2021-08-12,191.8099975585937
2021-08-13,191.17999267578125
2021-08-16,195.1999969482422
2021-08-17,193.6300048828125
2021-08-18,192.3000030517578
2021-08-19,193.9499969482422
2021-08-20,193.41000366210932
2021-08-23,194.47999572753903
2021-08-24,196.58999633789065
2021-08-25,199.4499969482422
2021-08-26,199.2400054931641
2021-08-27,198.77999877929688
2021-08-30,200.0399932861328
2021-08-31,198.5
2021-09-01,197.8800048828125
2021-09-02,201.0500030517578
2021-09-03,199.94000244140625
2021-09-07,193.41000366210932
2021-09-08,193.44000244140625
2021-09-09,190.1699981689453
2021-09-10,190.07000732421875
2021-09-13,188.7700042724609
2021-09-14,183.7400054931641
2021-09-15,186.97000122070312
2021-09-16,185.6199951171875
2021-09-17,183.8000030517578
2021-09-20,183.07000732421875
2021-09-21,181.509994506836
2021-09-22,182.3699951171875
2021-09-23,186.08999633789065
2021-09-24,183.2400054931641
2021-09-27,179.3800048828125
2021-09-28,176.3699951171875
2021-09-29,176.41000366210938
2021-09-30,172.64999389648438
2021-10-01,174.74000549316406
2021-10-04,174.9600067138672
2021-10-05,177.44000244140625
2021-10-06,176.91000366210938
2021-10-07,177.2100067138672
2021-10-08,172.02000427246094
2021-10-11,170.0
2021-10-12,169.6300048828125
2021-10-13,170.6300048828125
2021-10-14,175.07000732421875
2021-10-15,174.0
2021-10-18,175.66000366210938
2021-10-19,175.57000732421875
2021-10-20,176.50999450683594
2021-10-21,181.1499938964844
2021-10-22,181.16000366210932
2021-10-25,180.07000732421875
2021-10-26,180.05999755859375
2021-10-27,177.86000061035156
2021-10-28,181.75
2021-10-29,180.92999267578125
2021-11-01,181.3300018310547
2021-11-02,183.0
2021-11-03,178.3300018310547
2021-11-04,180.8999938964844
2021-11-05,184.69000244140625
2021-11-08,187.3000030517578
2021-11-09,189.5399932861328
2021-11-10,189.4499969482422
2021-11-11,188.6699981689453
2021-11-12,192.91000366210932
2021-11-15,191.13999938964844
2021-11-16,193.6300048828125
2021-11-17,194.0200042724609
2021-11-18,193.58999633789065
2021-11-19,195.9900054931641
2021-11-22,196.1000061035156
2021-11-23,195.57000732421875
2021-11-24,195.47999572753903
2021-11-26,194.25
2021-11-29,192.92999267578125
2021-11-30,186.6499938964844
2021-12-01,185.44000244140625
2021-12-02,190.5599975585937
2021-12-03,193.3000030517578
2021-12-06,193.5399932861328
2021-12-07,198.7400054931641
2021-12-08,201.47000122070312
2021-12-09,201.6499938964844
2021-12-10,202.69000244140625
2021-12-13,202.2400054931641
2021-12-14,199.8000030517578
2021-12-15,201.77999877929688
2021-12-16,202.16000366210932
2021-12-17,194.33999633789065
2021-12-20,191.8099975585937
2021-12-21,194.42999267578125
2021-12-22,196.19000244140625
2021-12-23,197.3000030517578
2021-12-27,200.0599975585937
2021-12-28,201.47000122070312
2021-12-29,202.509994506836
2021-12-30,200.82000732421875
2021-12-31,202.02999877929688
2022-01-03,194.8500061035156
2022-01-04,195.0
2022-01-05,192.6699981689453
2022-01-06,195.02999877929688
2022-01-07,189.2700042724609
2022-01-10,190.13999938964844
2022-01-11,193.47999572753903
2022-01-12,195.2400054931641
2022-01-13,188.0
2022-01-14,180.0
2022-01-18,178.42999267578125
2022-01-19,175.6999969482422
2022-01-20,173.75
2022-01-21,174.97999572753906
2022-01-24,176.25
2022-01-25,172.94000244140625
2022-01-26,172.5399932861328
2022-01-27,169.1999969482422
2022-01-28,172.1699981689453
2022-01-31,173.10000610351562
2022-02-01,167.17999267578125
2022-02-02,164.9499969482422
2022-02-03,161.5800018310547
2022-02-04,158.74000549316406
2022-02-07,156.97000122070312
2022-02-08,159.05999755859375
2022-02-09,162.17999267578125
2022-02-10,156.16000366210938
2022-02-11,152.17999267578125
2022-02-14,151.4499969482422
2022-02-15,154.0
2022-02-16,152.6300048828125
2022-02-17,151.42999267578125
2022-02-18,152.3300018310547
2022-02-22,150.74000549316406
2022-02-23,148.97000122070312
2022-02-24,151.22999572753906
2022-02-25,154.72999572753906
2022-02-28,153.92999267578125
2022-03-01,152.05999755859375
2022-03-02,155.22000122070312
2022-03-03,155.11000061035156
2022-03-04,151.30999755859375
2022-03-07,144.5399932861328
2022-03-08,142.77999877929688
2022-03-09,150.97000122070312
2022-03-10,148.85000610351562
2022-03-11,148.8300018310547
2022-03-14,151.17999267578125
2022-03-15,152.2899932861328
2022-03-16,156.5
2022-03-17,157.42999267578125
2022-03-18,158.72000122070312
2022-03-21,156.3300018310547
2022-03-22,157.22999572753906
2022-03-23,152.88999938964844
2022-03-24,154.72999572753906
2022-03-25,155.5800018310547
2022-03-28,156.77999877929688
2022-03-29,158.25
2022-03-30,158.58999633789062
2022-03-31,152.6999969482422
2022-04-01,154.85000610351562
2022-04-04,153.9499969482422
2022-04-05,154.75
2022-04-06,151.99000549316406
2022-04-07,152.3699951171875
2022-04-08,149.8000030517578
2022-04-11,147.86000061035156
2022-04-12,146.91000366210938
2022-04-13,148.99000549316406
2022-04-14,148.0500030517578
2022-04-18,145.9600067138672
2022-04-19,149.72999572753906
2022-04-20,154.5399932861328
2022-04-21,152.80999755859375
2022-04-22,148.88999938964844
2022-04-25,149.44000244140625
2022-04-26,144.7100067138672
2022-04-27,144.6699981689453
2022-04-28,145.6699981689453
2022-04-29,139.88999938964844
2022-05-02,140.52999877929688
2022-05-03,139.5
2022-05-04,141.2100067138672
2022-05-05,136.69000244140625
2022-05-06,134.22000122070312
2022-05-09,134.52999877929688
2022-05-10,133.30999755859375
2022-05-11,131.1699981689453
2022-05-12,134.42999267578125
2022-05-13,137.97999572753906
2022-05-16,135.41000366210938
2022-05-17,136.80999755859375
2022-05-18,130.11000061035156
2022-05-19,130.86000061035156
2022-05-20,130.72000122070312
2022-05-23,131.50999450683594
2022-05-24,131.72999572753906
2022-05-25,133.89999389648438
2022-05-26,136.80999755859375
2022-05-27,140.5
2022-05-31,138.05999755859375
2022-06-01,136.33999633789062
2022-06-02,139.35000610351562
2022-06-03,138.44000244140625
2022-06-06,138.24000549316406
2022-06-07,139.75
2022-06-08,137.8699951171875
2022-06-09,134.2899932861328
2022-06-10,130.2100067138672
2022-06-13,127.61000061035156
2022-06-14,126.68000030517578
2022-06-15,127.81999969482422
2022-06-16,121.93000030517578
2022-06-17,120.97000122070312
2022-06-21,124.1500015258789
2022-06-22,124.95999908447266
2022-06-23,127.5199966430664
2022-06-24,131.49000549316406
2022-06-27,131.47999572753906
2022-06-28,128.91000366210938
2022-06-29,130.0800018310547
2022-06-30,129.8699951171875
2022-07-01,131.3699951171875
2022-07-05,131.72000122070312
2022-07-06,131.4199981689453
2022-07-07,130.77000427246094
2022-07-08,131.0800018310547
2022-07-11,130.63999938964844
2022-07-12,129.97000122070312
2022-07-13,127.61000061035156
2022-07-14,127.33999633789062
2022-07-15,129.55999755859375
2022-07-18,126.47000122070312
2022-07-19,132.63999938964844
2022-07-20,133.14999389648438
2022-07-21,138.35000610351562
2022-07-22,139.22000122070312
2022-07-25,139.1999969482422
2022-07-26,138.99000549316406
2022-07-27,141.8699951171875
2022-07-28,145.3800048828125
2022-07-29,146.99000549316406
2022-08-01,146.05999755859375
2022-08-02,145.2100067138672
2022-08-03,150.91000366210938
2022-08-04,154.8699951171875
2022-08-05,154.33999633789062
2022-08-08,155.99000549316406
2022-08-09,154.5500030517578
2022-08-10,157.9600067138672
2022-08-11,158.63999938964844
2022-08-12,163.55999755859375
2022-08-15,165.3699951171875
2022-08-16,167.25999450683594
2022-08-17,166.4199981689453
2022-08-18,166.9600067138672
2022-08-19,163.7100067138672
2022-08-22,159.6300048828125
2022-08-23,157.86000061035156
2022-08-24,158.05999755859375
2022-08-25,161.22999572753906
2022-08-26,155.57000732421875
2022-08-29,155.85000610351562
2022-08-30,154.83999633789062
2022-08-31,154.07000732421875
2022-09-01,156.82000732421875
2022-09-02,155.42999267578125
2022-09-06,156.52000427246094
2022-09-07,161.13999938964844
2022-09-08,163.2899932861328
2022-09-09,163.8300018310547
2022-09-12,165.3800048828125
2022-09-13,160.6699981689453
2022-09-14,160.1699981689453
2022-09-15,159.22000122070312
2022-09-16,155.69000244140625
2022-09-19,159.1199951171875
2022-09-20,154.74000549316406
2022-09-21,151.92999267578125
2022-09-22,147.64999389648438
2022-09-23,147.5800018310547
2022-09-26,146.0800018310547
2022-09-27,144.86000061035156
2022-09-28,149.44000244140625
2022-09-29,145.9600067138672
2022-09-30,144.80999755859375
2022-10-03,150.99000549316406
2022-10-04,154.66000366210938
2022-10-05,153.7100067138672
2022-10-06,151.57000732421875
2022-10-07,146.36000061035156
2022-10-10,147.8300018310547
2022-10-11,147.30999755859375
2022-10-12,144.99000549316406
2022-10-13,147.0500030517578
2022-10-14,142.0
2022-10-17,147.4199981689453
2022-10-18,149.92999267578125
2022-10-19,145.13999938964844
2022-10-20,140.25999450683594
2022-10-21,144.86000061035156
2022-10-24,147.27999877929688
2022-10-25,153.9600067138672
2022-10-26,154.33999633789062
2022-10-27,156.33999633789062
2022-10-28,160.94000244140625
2022-10-31,159.6300048828125
2022-11-01,159.7899932861328
2022-11-02,160.80999755859375
2022-11-03,164.77999877929688
2022-11-04,166.74000549316406
2022-11-07,167.5800018310547
2022-11-08,169.9199981689453
2022-11-09,165.75
2022-11-10,176.77000427246094
2022-11-11,176.0800018310547
2022-11-14,173.9499969482422
2022-11-15,176.8800048828125
2022-11-16,176.02999877929688
2022-11-17,174.47999572753906
2022-11-18,176.24000549316406
2022-11-21,176.22000122070312
2022-11-22,178.75999450683594
2022-11-23,179.35000610351562
2022-11-25,178.9499969482422
2022-11-28,174.38999938964844
2022-11-29,174.99000549316406
2022-11-30,178.4199981689453
2022-12-01,178.17999267578125
2022-12-02,179.00999450683594
2022-12-05,176.00999450683594
2022-12-06,173.1199951171875
2022-12-07,175.38999938964844
2022-12-08,177.16000366210938
2022-12-09,175.25999450683594
2022-12-12,175.2100067138672
2022-12-13,176.27000427246094
2022-12-14,176.5399932861328
2022-12-15,170.86000061035156
2022-12-16,170.36000061035156
2022-12-19,168.80999755859375
2022-12-20,168.75
2022-12-21,170.9600067138672
2022-12-22,169.3000030517578
2022-12-23,169.9499969482422
2022-12-27,170.1199951171875
2022-12-28,167.3800048828125
2022-12-29,170.42999267578125
2022-12-30,168.08999633789062
2023-01-03,171.52999877929688
2023-01-04,174.30999755859375
2023-01-05,171.9499969482422
2023-01-06,178.5
2023-01-09,178.0800018310547
2023-01-10,178.92999267578125
2023-01-11,180.4499969482422
2023-01-12,180.3699951171875
2023-01-13,183.3099975585937
2023-01-17,179.74000549316406
2023-01-18,173.7899932861328
2023-01-19,167.0500030517578
2023-01-20,169.8800048828125
2023-01-23,170.9499969482422
2023-01-24,174.75999450683594
2023-01-25,174.22999572753906
2023-01-26,175.52999877929688
2023-01-27,177.02999877929688
2023-01-30,175.14999389648438
2023-01-31,179.1199951171875
2023-02-01,178.8000030517578
2023-02-02,185.6499938964844
2023-02-03,186.3000030517578
2023-02-06,185.0200042724609
2023-02-07,180.4499969482422
2023-02-08,182.77999877929688
2023-02-09,181.5599975585937
2023-02-10,183.13999938964844
2023-02-13,186.63999938964844
2023-02-14,185.67999267578125
2023-02-15,187.17999267578125
2023-02-16,184.0399932861328
2023-02-17,184.17999267578125
2023-02-21,179.91000366210938
2023-02-22,180.259994506836
2023-02-23,181.69000244140625
2023-02-24,181.6999969482422
2023-02-27,184.2899932861328
2023-02-28,184.97000122070312
2023-03-01,185.66000366210932
2023-03-02,187.1199951171875
2023-03-03,194.1100006103516
2023-03-06,192.0599975585937
2023-03-07,190.8699951171875
2023-03-08,191.4600067138672
2023-03-09,189.0800018310547
2023-03-10,186.17999267578125
2023-03-13,185.07000732421875
2023-03-14,189.1000061035156
2023-03-15,178.5800018310547
2023-03-16,181.1699981689453
2023-03-17,177.52999877929688
2023-03-20,181.3999938964844
2023-03-21,183.0399932861328
2023-03-22,181.6499938964844
2023-03-23,182.91000366210932
2023-03-24,182.07000732421875
2023-03-27,181.009994506836
2023-03-28,182.69000244140625
2023-03-29,185.1000061035156
2023-03-30,182.91000366210932
2023-03-31,183.97999572753903
2023-04-03,183.6999969482422
2023-04-04,173.77999877929688
2023-04-05,170.49000549316406
2023-04-06,170.67999267578125
2023-04-10,171.08999633789062
2023-04-11,171.0399932861328
2023-04-12,174.89999389648438
2023-04-13,175.77000427246094
2023-04-14,174.97999572753906
2023-04-17,176.47999572753906
2023-04-18,176.08999633789062
2023-04-19,176.44000244140625
2023-04-20,176.4499969482422
2023-04-21,176.92999267578125
2023-04-24,177.72999572753906
2023-04-25,178.83999633789062
2023-04-26,177.69000244140625
2023-04-27,185.5
2023-04-28,185.8099975585937
2023-05-01,187.6999969482422
2023-05-02,188.5599975585937
2023-05-03,177.74000549316406
2023-05-04,176.0
2023-05-05,176.80999755859375
2023-05-08,176.75
2023-05-09,177.80999755859375
2023-05-10,178.67999267578125
2023-05-11,176.83999633789062
2023-05-12,177.72999572753906
2023-05-15,178.14999389648438
2023-05-16,172.8699951171875
2023-05-17,174.99000549316406
2023-05-18,175.1699981689453
2023-05-19,173.27999877929688
2023-05-22,171.22999572753906
2023-05-23,168.02000427246094
2023-05-24,166.2100067138672
2023-05-25,167.50999450683594
2023-05-26,166.8000030517578
2023-05-30,166.5800018310547
2023-05-31,163.22999572753906
2023-06-01,165.91000366210938
2023-06-02,173.00999450683594
2023-06-05,172.41000366210938
2023-06-06,174.74000549316406
2023-06-07,176.16000366210938
2023-06-08,176.8800048828125
2023-06-09,176.22999572753906
2023-06-12,175.77000427246094
2023-06-13,181.0399932861328
2023-06-14,181.3800048828125
2023-06-15,185.25
2023-06-16,187.0599975585937
2023-06-20,185.7100067138672
2023-06-21,185.9600067138672
2023-06-22,184.8600006103516
2023-06-23,186.16000366210932
2023-06-26,186.5
2023-06-27,188.33999633789065
2023-06-28,186.7400054931641
2023-06-29,189.9900054931641
2023-06-30,191.259994506836
2023-07-03,191.1999969482422
2023-07-05,189.7700042724609
2023-07-06,189.8099975585937
2023-07-07,189.19000244140625
2023-07-10,193.6000061035156
2023-07-11,193.9199981689453
2023-07-12,194.47999572753903
2023-07-13,195.44000244140625
2023-07-14,196.3099975585937
2023-07-17,198.8500061035156
2023-07-18,199.1999969482422
2023-07-19,195.8500061035156
2023-07-20,195.6199951171875
2023-07-21,193.88999938964844
2023-07-24,194.47000122070312
2023-07-25,194.42999267578125
2023-07-26,194.27999877929688
2023-07-27,197.1199951171875
2023-07-28,198.5599975585937
2023-07-31,199.44000244140625
2023-08-01,199.02999877929688
2023-08-02,205.0599975585937
2023-08-03,205.25
2023-08-04,204.19000244140625
2023-08-07,208.3500061035156
2023-08-08,205.5399932861328
2023-08-09,202.0500030517578
2023-08-10,202.1300048828125
2023-08-11,203.16000366210932
2023-08-14,204.8500061035156
2023-08-15,203.0399932861328
2023-08-16,203.1300048828125
2023-08-17,197.6300048828125
2023-08-18,196.9499969482422
2023-08-21,198.4199981689453
2023-08-22,197.22999572753903
2023-08-23,201.47000122070312
2023-08-24,199.3500061035156
2023-08-25,202.5800018310547
2023-08-28,203.6100006103516
2023-08-29,205.7700042724609
2023-08-30,205.92999267578125
2023-08-31,205.259994506836
2023-09-01,205.22999572753903
2023-09-05,200.5399932861328
2023-09-06,204.1999969482422
2023-09-07,206.509994506836
2023-09-08,205.94000244140625
2023-09-11,210.3999938964844
2023-09-12,208.4600067138672
2023-09-13,207.32000732421875
2023-09-14,202.0500030517578
2023-09-15,202.4900054931641
2023-09-18,203.72999572753903
2023-09-19,203.1100006103516
2023-09-20,201.2400054931641
2023-09-21,198.0200042724609
2023-09-22,200.4499969482422
2023-09-25,201.1699981689453
2023-09-26,197.3000030517578
2023-09-27,200.0599975585937
2023-09-28,204.19000244140625
2023-09-29,202.91000366210932
2023-10-02,198.1000061035156
2023-10-03,196.259994506836
2023-10-04,200.38999938964844
2023-10-05,200.82000732421875
2023-10-06,204.3000030517578
2023-10-09,204.3099975585937
2023-10-10,208.5500030517578
2023-10-11,211.3000030517578
2023-10-12,206.8600006103516
2023-10-13,204.69000244140625
2023-10-16,208.1000061035156
2023-10-17,209.19000244140625
2023-10-18,195.97999572753903
2023-10-19,191.32000732421875
2023-10-20,187.2700042724609
2023-10-23,187.8999938964844
2023-10-24,186.5599975585937
2023-10-25,184.4199981689453
2023-10-26,187.42999267578125
2023-10-27,184.69000244140625
2023-10-30,188.0800018310547
2023-10-31,190.3099975585937
2023-11-01,213.5
2023-11-02,213.1100006103516
2023-11-03,218.0
2023-11-06,217.1199951171875
2023-11-07,219.6699981689453
2023-11-08,221.83999633789065
2023-11-09,220.9900054931641
2023-11-10,225.47999572753903
2023-11-13,224.44000244140625
2023-11-14,229.0500030517578
2023-11-15,225.7100067138672
2023-11-16,226.5399932861328
2023-11-17,228.6199951171875
2023-11-20,226.9499969482422
2023-11-21,226.02999877929688
2023-11-22,227.4600067138672
2023-11-24,228.5599975585937
2023-11-27,225.97999572753903
2023-11-28,222.7100067138672
2023-11-29,222.6300048828125
2023-11-30,225.41000366210932
2023-12-01,227.52999877929688
2023-12-04,228.47999572753903
2023-12-05,229.5800018310547
2023-12-06,230.47000122070312
2023-12-07,231.3500061035156
2023-12-08,234.0
2023-12-11,237.38999938964844
2023-12-12,239.32000732421875
2023-12-13,238.0500030517578
2023-12-14,238.8999938964844
2023-12-15,239.9199981689453
2023-12-18,240.1000061035156
2023-12-19,241.7899932861328
2023-12-20,238.5500030517578
2023-12-21,243.3999938964844
2023-12-22,242.3999938964844
2023-12-26,243.7400054931641
2023-12-27,243.9499969482422
2023-12-28,243.8099975585937
2023-12-29,243.8999938964844
2024-01-02,240.6300048828125
2024-01-03,235.9600067138672
2024-01-04,239.69000244140625
2024-01-05,240.5599975585937
2024-01-08,243.1300048828125
2024-01-09,244.4900054931641
2024-01-10,245.8800048828125
2024-01-11,245.9900054931641
2024-01-12,246.1499938964844
2024-01-16,245.5200042724609
2024-01-17,244.42999267578125
2024-01-18,247.3300018310547
2024-01-19,248.9199981689453
2024-01-22,252.6300048828125
2024-01-23,253.1499938964844
2024-01-24,251.1300048828125
2024-01-25,252.1199951171875
2024-01-26,251.509994506836
2024-01-29,254.759994506836
2024-01-30,257.75
2024-01-31,252.0500030517578
2024-02-01,270.739990234375
2024-02-02,276.7799987792969
2024-02-05,271.79998779296875
2024-02-06,270.2300109863281
2024-02-07,273.42999267578125
2024-02-08,269.94000244140625
2024-02-09,275.44000244140625
2024-02-12,272.0199890136719
2024-02-13,269.3699951171875
2024-02-14,272.8099975585937
2024-02-15,272.9599914550781
2024-02-16,272.1700134277344
2024-02-20,276.1600036621094
2024-02-21,276.57000732421875
2024-02-22,282.2799987792969
2024-02-23,281.82000732421875
2024-02-26,284.8299865722656
2024-02-27,283.5199890136719
2024-02-28,283.6400146484375
2024-02-29,281.9700012207031
2024-03-01,285.9800109863281
2024-03-04,288.1300048828125
2024-03-05,284.0599975585937
2024-03-06,286.3399963378906
2024-03-07,287.45001220703125
2024-03-08,284.8500061035156
2024-03-11,282.9200134277344
2024-03-12,287.7099914550781
2024-03-13,285.92999267578125
2024-03-14,291.94000244140625
2024-03-15,291.4100036621094
2024-03-18,291.7699890136719
2024-03-19,295.0299987792969
2024-03-20,298.6199951171875
2024-03-21,303.8900146484375
2024-03-22,300.2900085449219
2024-03-25,299.6300048828125
2024-03-26,299.2799987792969
2024-03-27,299.7099914550781
2024-03-28,300.20001220703125
2024-04-01,296.7300109863281
2024-04-02,297.510009765625
2024-04-03,301.3399963378906
2024-04-04,297.510009765625
2024-04-05,304.6700134277344
2024-04-08,303.8399963378906
2024-04-09,301.2200012207031
2024-04-10,298.5400085449219
2024-04-11,297.239990234375
2024-04-12,296.9599914550781
2024-04-15,293.8800048828125
2024-04-16,295.6300048828125
2024-04-17,293.0899963378906
2024-04-18,289.5599975585937
2024-04-19,288.2699890136719
2024-04-22,291.1499938964844
2024-04-23,295.0899963378906
2024-04-24,296.489990234375
2024-04-25,299.3699951171875
2024-04-26,304.5299987792969
2024-04-29,300.8599853515625
2024-04-30,317.3399963378906
2024-05-01,314.9800109863281
2024-05-02,316.7900085449219
2024-05-03,319.2900085449219
2024-05-06,325.739990234375
2024-05-07,325.8900146484375
2024-05-08,327.6000061035156
2024-05-09,332.9200134277344
2024-05-10,331.9800109863281
2024-05-13,326.6400146484375
2024-05-14,330.0599975585937
2024-05-15,332.2900085449219
2024-05-16,324.7200012207031
2024-05-17,328.6400146484375
2024-05-20,330.9100036621094
2024-05-21,335.5799865722656
2024-05-22,333.5299987792969
2024-05-23,332.9200134277344
2024-05-24,337.9200134277344
2024-05-28,328.3099975585937
2024-05-29,322.07000732421875
2024-05-30,325.0
2024-05-31,327.4599914550781
2024-06-03,321.5
2024-06-04,319.5299987792969
2024-06-05,323.25
2024-06-06,318.4599914550781
2024-06-07,319.0299987792969
2024-06-10,325.0799865722656
2024-06-11,325.1199951171875
2024-06-12,332.1300048828125
2024-06-13,333.57000732421875
2024-06-14,329.6400146484375
2024-06-17,335.3099975585937
2024-06-18,345.3800048828125
2024-06-20,335.92999267578125
2024-06-21,334.1199951171875
2024-06-24,338.1400146484375
2024-06-25,335.6000061035156
2024-06-26,329.760009765625
2024-06-27,333.6499938964844
2024-06-28,328.92999267578125
2024-07-01,321.3599853515625
2024-07-02,324.8299865722656
2024-07-03,331.2900085449219
2024-07-05,331.67999267578125
2024-07-08,333.5199890136719
2024-07-09,333.739990234375
2024-07-10,340.82000732421875
2024-07-11,344.5599975585937
2024-07-12,343.8099975585937
2024-07-15,341.0
2024-07-16,346.32000732421875
2024-07-17,335.44000244140625
2024-07-18,330.3699951171875
2024-07-19,330.1400146484375
2024-07-22,337.1000061035156
2024-07-23,344.9599914550781
2024-07-24,332.8399963378906
2024-07-25,322.2200012207031
2024-07-26,329.7099914550781
2024-07-29,331.8399963378906
2024-07-30,328.8299865722656
2024-07-31,334.2799987792969
2024-08-01,333.3299865722656
2024-08-02,318.45001220703125
2024-08-05,314.2099914550781
2024-08-06,322.9100036621094
2024-08-07,323.4800109863281
2024-08-08,327.6300048828125
2024-08-09,332.67999267578125
2024-08-12,332.8900146484375
2024-08-13,339.3999938964844
2024-08-14,345.7200012207031
2024-08-15,347.8500061035156
2024-08-16,341.29998779296875
2024-08-19,346.989990234375
2024-08-20,347.6700134277344
2024-08-21,351.6600036621094
2024-08-22,350.7099914550781
2024-08-23,352.9100036621094
2024-08-26,350.6300048828125
2024-08-27,352.5599975585937
2024-08-28,352.32000732421875
2024-08-29,355.0199890136719
2024-08-30,361.6600036621094
2024-09-03,346.17999267578125
2024-09-04,346.5299987792969
2024-09-05,342.9100036621094
2024-09-06,342.07000732421875
2024-09-09,345.29998779296875
2024-09-10,346.1300048828125
2024-09-11,354.3099975585937
2024-09-12,359.6700134277344
2024-09-13,364.2300109863281
2024-09-16,368.8900146484375
2024-09-17,374.6000061035156
2024-09-18,371.5899963378906
2024-09-19,381.3900146484375
2024-09-20,384.9299926757813
2024-09-23,387.3800048828125
2024-09-24,383.75
2024-09-25,387.7000122070313
2024-09-26,386.5700073242188
2024-09-27,383.9500122070313
2024-09-30,388.7300109863281
2024-10-01,386.6300048828125
2024-10-02,387.8500061035156
2024-10-03,386.9299926757813
2024-10-04,388.3599853515625
2024-10-07,390.3299865722656
2024-10-08,396.5
2024-10-09,399.7200012207031
2024-10-10,393.4599914550781
2024-10-11,399.8599853515625
2024-10-14,404.9700012207031
2024-10-15,397.5
2024-10-16,395.239990234375
2024-10-17,400.1400146484375
2024-10-18,402.5400085449219
2024-10-21,400.7999877929688
2024-10-22,392.2000122070313
2024-10-23,395.8299865722656
2024-10-24,392.5700073242188
2024-10-25,392.5700073242188
2024-10-28,392.760009765625
2024-10-29,390.5899963378906
2024-10-30,375.5199890136719
2024-10-31,370.1600036621094
2024-11-01,376.1499938964844
2024-11-04,376.989990234375
2024-11-05,390.2900085449219
2024-11-06,391.8599853515625
2024-11-07,395.9200134277344
2024-11-08,410.5799865722656
2024-11-11,414.9200134277344
2024-11-12,411.1400146484375
2024-11-13,415.0
2024-11-14,410.1199951171875
2024-11-15,407.489990234375
2024-11-18,409.2699890136719
2024-11-19,413.0299987792969
2024-11-20,411.1600036621094
2024-11-21,415.3900146484375
2024-11-22,417.489990234375
2024-11-25,413.3200073242188
2024-11-26,419.1400146484375
2024-11-27,416.0899963378906
2024-11-29,416.2200012207031
2024-12-02,414.7900085449219
2024-12-03,412.55999755859375
2024-12-04,417.4800109863281
2024-12-05,415.05999755859375
2024-12-06,412.1799926757813
2024-12-09,401.6400146484375
2024-12-10,397.4200134277344
2024-12-11,400.1300048828125
2024-12-12,399.6600036621094
2024-12-13,399.3599853515625
2024-12-16,398.3699951171875
2024-12-17,391.7900085449219
2024-12-18,378.4500122070313
2024-12-19,376.8999938964844
2024-12-20,377.1099853515625
2024-12-23,377.489990234375
2024-12-24,379.9299926757813
2024-12-26,378.0400085449219
2024-12-27,373.5299987792969
2024-12-30,370.8599853515625
2024-12-31,369.3500061035156
2025-01-02,373.8399963378906
2025-01-03,381.1099853515625
2025-01-06,383.5199890136719
2025-01-07,379.9599914550781
2025-01-08,386.1000061035156
2025-01-10,377.1199951171875
2025-01-13,376.9800109863281
2025-01-14,382.7099914550781
2025-01-15,385.5499877929688
2025-01-16,388.8599853515625
2025-01-17,389.1900024414063
2025-01-21,397.1499938964844
2025-01-22,399.55999755859375
2025-01-23,400.2900085449219
2025-01-24,400.8599853515625
2025-01-27,367.6199951171875
2025-01-28,365.760009765625
2025-01-29,364.0
2025-01-30,366.3200073242188
2025-01-31,362.75
2025-02-03,360.5199890136719
2025-02-04,355.489990234375
2025-02-05,357.82000732421875
2025-02-06,357.70001220703125
2025-02-07,356.1400146484375
2025-02-10,360.4400024414063
2025-02-11,364.7699890136719
2025-02-12,361.6600036621094
2025-02-13,361.2799987792969
2025-02-14,363.260009765625
2025-02-18,362.9100036621094
2025-02-19,370.5499877929688
2025-02-20,366.6400146484375
2025-02-21,354.8299865722656
2025-02-24,346.8800048828125
2025-02-25,348.7799987792969
2025-02-26,350.7099914550781
2025-02-27,344.2799987792969
2025-02-28,353.70001220703125
2025-03-03,346.239990234375
2025-03-04,343.20001220703125
2025-03-05,348.6499938964844
2025-03-06,341.7300109863281
2025-03-07,344.760009765625
2025-03-10,338.3599853515625
2025-03-11,333.9599914550781
2025-03-12,339.3699951171875
2025-03-13,338.8999938964844
2025-03-14,347.79998779296875
2025-03-17,350.94000244140625
2025-03-18,344.0599975585937
2025-03-19,350.0599975585937
2025-03-20,349.3299865722656
2025-03-21,347.1400146484375
2025-03-24,357.6000061035156
2025-03-25,364.0
2025-03-26,352.0599975585937
2025-03-27,346.6000061035156
2025-03-28,332.0
2025-03-31,336.9200134277344
2025-04-01,341.6499938964844
2025-04-02,347.94000244140625
2025-04-03,331.0400085449219
2025-04-04,318.1099853515625
2025-04-07,316.1700134277344
2025-04-08,315.2099914550781
2025-04-09,342.79998779296875
2025-04-10,338.3299865722656
2025-04-11,345.8099975585937
2025-04-14,347.489990234375
2025-04-15,343.9599914550781
2025-04-16,330.6400146484375
2025-04-17,333.1600036621094
2025-04-21,322.3699951171875
2025-04-22,332.6199951171875
2025-04-23,335.8699951171875
2025-04-24,343.0400085449219
2025-04-25,347.9700012207031
2025-04-28,351.32000732421875
2025-04-29,353.44000244140625
2025-04-30,383.30999755859375
2025-05-01,392.6199951171875
2025-05-02,399.5899963378906
2025-05-05,402.8999938964844
2025-05-06,406.6799926757813
2025-05-07,407.239990234375
2025-05-08,405.6499938964844
2025-05-09,404.7300109863281
2025-05-12,416.1499938964844
2025-05-13,421.8699951171875
2025-05-14,419.6600036621094
2025-05-15,422.3500061035156
2025-05-16,429.0899963378906
2025-05-19,430.80999755859375
2025-05-20,429.7999877929688
2025-05-21,424.8599853515625
2025-05-22,424.260009765625
2025-05-23,423.2900085449219
2025-05-27,436.2699890136719
2025-05-28,432.9400024414063
2025-05-29,432.2900085449219
2025-05-30,430.2699890136719
2025-06-02,430.3599853515625
2025-06-03,432.75
2025-06-04,432.6199951171875
2025-06-05,430.8200073242188
2025-06-06,428.9299926757813
2025-06-09,427.7699890136719
2025-06-10,421.6799926757813
2025-06-11,422.9599914550781
2025-06-12,424.30999755859375
2025-06-13,421.3900146484375
2025-06-16,426.6099853515625
2025-06-17,421.9500122070313
2025-06-18,419.8599853515625
2025-06-20,419.7000122070313
2025-06-23,426.9200134277344
2025-06-24,429.0199890136719
2025-06-25,427.5299987792969
2025-06-26,429.1900024414063
2025-06-27,432.2900085449219
2025-06-30,437.4100036621094
2025-07-01,434.1700134277344
2025-07-02,432.7099914550781
2025-07-03,437.3900146484375
2025-07-07,434.6000061035156
2025-07-08,426.8900146484375
2025-07-09,433.6099853515625
2025-07-10,434.5299987792969
2025-07-11,437.5
2025-07-14,439.1900024414063
2025-07-15,436.3599853515625
2025-07-16,436.9800109863281
2025-07-17,450.05999755859375
2025-07-18,447.3299865722656
2025-07-21,442.4800109863281
2025-07-22,447.6799926757813
2025-07-23,459.3500061035156
2025-07-24,461.7300109863281
2025-07-25,472.0700073242188
2025-07-28,472.5400085449219
2025-07-29,470.9800109863281
2025-07-30,431.4400024414063
2025-07-31,438.0799865722656
2025-08-01,439.25
2025-08-04,433.9700012207031
2025-08-05,428.760009765625
2025-08-06,427.0299987792969
2025-08-07,428.1099853515625
2025-08-08,430.0899963378906
2025-08-11,428.0700073242188
2025-08-12,438.9500122070313
2025-08-13,434.8699951171875
2025-08-14,428.5299987792969
2025-08-15,423.4299926757813
2025-08-18,428.8800048828125
2025-08-19,428.7900085449219
2025-08-20,426.2999877929688
2025-08-21,422.2699890136719
2025-08-22,424.1099853515625
2025-08-25,419.6300048828125
2025-08-26,426.1900024414063
2025-08-27,424.1900024414063
2025-08-28,424.5
2025-08-29,415.6000061035156
2025-09-02,410.9299926757813
2025-09-03,408.30999755859375
2025-09-04,413.1499938964844
2025-09-05,413.8299865722656
2025-09-08,414.9299926757813
2025-09-09,409.4100036621094
2025-09-10,417.3200073242188
2025-09-11,414.8800048828125
2025-09-12,400.7699890136719
2025-09-15,402.4400024414063
2025-09-16,399.989990234375
2025-09-17,398.9599914550781
2025-09-18,402.489990234375
2025-09-19,406.5799865722656
2025-09-22,407.6300048828125
2025-09-23,405.1600036621094
2025-09-24,404.0899963378906
2025-09-25,406.3999938964844
2025-09-26,415.2300109863281
2025-09-29,414.3800048828125
2025-09-30,421.9599914550781
2025-10-01,425.4100036621094
2025-10-02,423.5299987792969
2025-10-03,424.0899963378906
2025-10-06,424.7699890136719
2025-10-07,423.1099853515625
2025-10-08,426.3699951171875
2025-10-09,418.6400146484375
2025-10-10,414.1400146484375
2025-10-13,418.760009765625
2025-10-14,424.0400085449219
2025-10-15,422.4500122070313
2025-10-16,415.9200134277344
2025-10-17,415.8200073242188
2025-10-20,418.3699951171875
2025-10-21,424.2000122070313
2025-10-22,408.5
2025-10-23,415.8500061035156
2025-10-24,425.8699951171875
2025-10-27,428.2799987792969
2025-10-28,426.3599853515625
2025-10-29,427.4800109863281
2025-10-30,446.3699951171875
2025-10-31,448.6499938964844
2025-11-03,446.30999755859375
2025-11-04,432.989990234375
2025-11-05,436.1600036621094
2025-11-06,435.6000061035156
2025-11-07,434.5
2025-11-10,433.5
2025-11-11,421.6400146484375
2025-11-12,421.75
2025-11-13,414.8500061035156
2025-11-14,418.1600036621094
2025-11-17,413.7799987792969
2025-11-18,407.0400085449219
2025-11-19,406.8299865722656
2025-11-20,400.05999755859375
2025-11-21,410.1000061035156
2025-11-24,409.9400024414063
2025-11-25,418.8200073242188
2025-11-26,419.6400146484375
2025-11-28,421.4800109863281
2025-12-01,410.1600036621094
2025-12-02,411.2200012207031
2025-12-03,409.0700073242188
2025-12-04,405.3500061035156
2025-12-05,401.4299926757813
2025-12-08,397.2699890136719
2025-12-09,399.0
2025-12-10,399.1400146484375
2025-12-11,403.3800048828125
2025-12-12,391.1900024414063
2025-12-15,394.8699951171875
2025-12-16,395.9599914550781
2025-12-17,382.2999877929688
2025-12-18,385.2200012207031
2025-12-19,389.8399963378906
2025-12-22,389.8599853515625
2025-12-23,393.739990234375
2025-12-24,393.1799926757813
2025-12-26,392.5899963378906
2025-12-29,394.1900024414063
2025-12-30,391.7099914550781
2025-12-31,389.2000122070313
2026-01-02,398.0
2026-01-05,390.9700012207031
2026-01-06,381.1000061035156
2026-01-07,376.4299926757813
2026-01-08,378.3599853515625
2026-01-09,381.7000122070313
2026-01-12,385.4700012207031
2026-01-13,391.0799865722656
2026-01-14,385.8399963378906
2026-01-15,387.2699890136719
2026-01-16,389.5299987792969
2026-01-20,387.3299865722656
2026-01-21,395.3299865722656
2026-01-22,390.1300048828125
2026-01-23,386.2200012207031
2026-01-26,394.1600036621094
2026-01-27,392.2999877929688
2026-01-28,394.2000122070313
2026-01-29,426.0700073242188
2026-01-30,420.5799865722656
2026-02-02,425.0899963378906
2026-02-03,435.3599853515625
2026-02-04,441.2000122070313
2026-02-05,436.1499938964844
2026-02-06,454.760009765625
2026-02-09,459.7900085449219
2026-02-10,461.3800048828125
2026-02-11,472.5400085449219
2026-02-12,460.4500122070313
2026-02-13,465.2699890136719
2026-02-17,470.4200134277344
2026-02-18,459.4400024414063
2026-02-19,463.6900024414063
2026-02-20,467.1199951171875
2026-02-23,459.9400024414063
2026-02-24,463.7300109863281
2026-02-25,460.0199890136719
2026-02-26,457.1400146484375
2026-02-27,462.3200073242188
2026-03-02,466.1700134277344
2026-03-03,445.8299865722656
2026-03-04,445.0499877929688
2026-03-05,436.3599853515625
2026-03-06,423.1300048828125
2026-03-09,427.5199890136719
2026-03-10,433.6700134277344
2026-03-11,432.4200134277344
2026-03-12,421.8200073242188
2026-03-13,422.3999938964844
2026-03-16,421.5
2026-03-17,425.3599853515625
2026-03-18,426.7000122070313
2026-03-19,423.0299987792969
2026-03-20,410.3599853515625
2026-03-23,424.9400024414063
2026-03-24,430.0799865722656
2026-03-25,434.0
2026-03-26,407.1300048828125
2026-03-27,410.2300109863281
2026-03-30,403.9299926757813
2026-03-31,416.739990234375
2026-04-01,428.1400146484375
2026-04-02,427.0700073242188
2026-04-06,430.8900146484375
2026-04-07,431.8500061035156
2026-04-08,449.4700012207031
2026-04-09,460.1099853515625
2026-04-10,465.7099914550781
2026-04-13,472.9400024414063
2026-04-14,470.5700073242188
2026-04-15,462.55999755859375
2026-04-16,460.2699890136719
2026-04-17,476.1099853515625
2026-04-20,477.239990234375
2026-04-21,479.1199951171875
2026-04-22,477.19000244140625
2026-04-23,485.5299987792969
2026-04-24,486.4200134277344
2026-04-27,485.8999938964844
2026-04-28,480.75
2026-04-29,479.3699951171875
2026-04-30,492.5400085449219
2026-05-01,486.4800109863281
2026-05-04,486.5
2026-05-05,477.4500122070313
2026-05-06,488.1799926757813
2026-05-07,469.80999755859375
2026-05-08,466.1700134277344
2026-05-11,476.5
2026-05-12,467.6600036621094
2026-05-13,471.0199890136719
2026-05-14,481.6700134277344
2026-05-15,466.6000061035156
2026-05-18,460.4200134277344
2026-05-19,448.010009765625
2026-05-20,451.69000244140625
2026-05-21,447.6400146484375
2026-05-22,451.0199890136719
2026-05-26,461.4299926757813
2026-05-27,457.6799926757813
2026-05-28,452.260009765625
2026-05-29,451.2999877929687
2026-06-01,448.4700012207031
2026-06-02,458.9200134277344
2026-06-03,465.8399963378906
2026-06-04,463.760009765625
2026-06-05,456.8399963378906
2026-06-08,458.9200134277344
2026-06-09,470.760009765625
2026-06-10,449.1199951171875
2026-06-11,460.1400146484375
2026-06-12,458.25
2026-06-15,472.5400085449219
2026-06-16,475.3399963378906
2026-06-17,472.510009765625
2026-06-18,483.3999938964844
2026-06-22,491.5899963378906
2026-06-23,474.3399963378906
2026-06-24,483.1499938964844
2026-06-25,503.4599914550781
2026-06-26,477.8900146484375
