,VTRS
2015-01-02,56.34999847412109
2015-01-05,55.720001220703125
2015-01-06,54.18000030517578
2015-01-07,56.11000061035156
2015-01-08,56.650001525878906
2015-01-09,55.84000015258789
2015-01-12,55.27000045776367
2015-01-13,55.47999954223633
2015-01-14,54.59000015258789
2015-01-15,52.7400016784668
2015-01-16,56.0
2015-01-20,55.130001068115234
2015-01-21,54.59000015258789
2015-01-22,54.43999862670898
2015-01-23,54.209999084472656
2015-01-26,56.79999923706055
2015-01-27,56.29999923706055
2015-01-28,55.2400016784668
2015-01-29,54.88999938964844
2015-01-30,53.150001525878906
2015-02-02,53.18999862670898
2015-02-03,54.59000015258789
2015-02-04,53.220001220703125
2015-02-05,54.29999923706055
2015-02-06,53.88999938964844
2015-02-09,53.0
2015-02-10,53.970001220703125
2015-02-11,53.7599983215332
2015-02-12,54.5099983215332
2015-02-13,55.84999847412109
2015-02-17,56.52999877929688
2015-02-18,56.54999923706055
2015-02-19,57.220001220703125
2015-02-20,57.869998931884766
2015-02-23,57.650001525878906
2015-02-24,57.220001220703125
2015-02-25,56.5
2015-02-26,57.25
2015-02-27,57.33000183105469
2015-03-02,57.88999938964844
2015-03-03,55.43999862670898
2015-03-04,55.61000061035156
2015-03-05,56.68999862670898
2015-03-06,55.43999862670898
2015-03-09,55.7400016784668
2015-03-10,55.310001373291016
2015-03-11,59.0
2015-03-12,62.29999923706055
2015-03-13,59.7599983215332
2015-03-16,61.27000045776367
2015-03-17,62.720001220703125
2015-03-18,64.95999908447266
2015-03-19,63.93999862670898
2015-03-20,63.060001373291016
2015-03-23,63.27999877929688
2015-03-24,63.09000015258789
2015-03-25,61.22999954223633
2015-03-26,61.880001068115234
2015-03-27,61.630001068115234
2015-03-30,60.0
2015-03-31,59.34999847412109
2015-04-01,57.93999862670898
2015-04-02,58.09999847412109
2015-04-06,58.47999954223633
2015-04-07,59.56999969482422
2015-04-08,68.36000061035156
2015-04-09,70.0999984741211
2015-04-10,70.23999786376953
2015-04-13,68.55999755859375
2015-04-14,68.62000274658203
2015-04-15,66.7699966430664
2015-04-16,66.83000183105469
2015-04-17,69.81999969482422
2015-04-20,68.05000305175781
2015-04-21,74.06999969482422
2015-04-22,72.4000015258789
2015-04-23,73.69000244140625
2015-04-24,76.05999755859375
2015-04-27,71.72000122070312
2015-04-28,72.70999908447266
2015-04-29,74.5
2015-04-30,72.26000213623047
2015-05-01,73.88999938964844
2015-05-04,73.05000305175781
2015-05-05,72.88999938964844
2015-05-06,71.05000305175781
2015-05-07,70.38999938964844
2015-05-08,71.30999755859375
2015-05-11,71.62999725341797
2015-05-12,70.33000183105469
2015-05-13,70.8499984741211
2015-05-14,71.52999877929688
2015-05-15,70.66999816894531
2015-05-18,71.37999725341797
2015-05-19,71.3499984741211
2015-05-20,70.44999694824219
2015-05-21,69.94000244140625
2015-05-22,69.66000366210938
2015-05-26,70.55000305175781
2015-05-27,72.04000091552734
2015-05-28,72.68000030517578
2015-05-29,72.62999725341797
2015-06-01,73.31999969482422
2015-06-02,72.27999877929688
2015-06-03,72.38999938964844
2015-06-04,74.29000091552734
2015-06-05,74.13999938964844
2015-06-08,73.6500015258789
2015-06-09,73.80000305175781
2015-06-10,74.05999755859375
2015-06-11,74.11000061035156
2015-06-12,73.69999694824219
2015-06-15,73.58999633789062
2015-06-16,72.05000305175781
2015-06-17,71.2300033569336
2015-06-18,72.55999755859375
2015-06-19,71.62000274658203
2015-06-22,71.41999816894531
2015-06-23,71.0199966430664
2015-06-24,70.86000061035156
2015-06-25,70.36000061035156
2015-06-26,69.05999755859375
2015-06-29,67.62999725341797
2015-06-30,67.86000061035156
2015-07-01,69.69999694824219
2015-07-02,70.12000274658203
2015-07-06,70.75
2015-07-07,71.48999786376953
2015-07-08,68.95999908447266
2015-07-09,70.3499984741211
2015-07-10,71.22000122070312
2015-07-13,71.05999755859375
2015-07-14,71.41999816894531
2015-07-15,70.05999755859375
2015-07-16,68.44000244140625
2015-07-17,68.47000122070312
2015-07-20,66.9800033569336
2015-07-21,67.20999908447266
2015-07-22,67.9000015258789
2015-07-23,66.55999755859375
2015-07-24,65.94000244140625
2015-07-27,56.369998931884766
2015-07-28,56.34999847412109
2015-07-29,57.2400016784668
2015-07-30,56.34999847412109
2015-07-31,55.9900016784668
2015-08-03,55.20000076293945
2015-08-04,54.66999816894531
2015-08-05,54.59999847412109
2015-08-06,55.400001525878906
2015-08-07,56.34999847412109
2015-08-10,57.52999877929688
2015-08-11,57.130001068115234
2015-08-12,55.36000061035156
2015-08-13,54.220001220703125
2015-08-14,54.36000061035156
2015-08-17,55.4900016784668
2015-08-18,55.75
2015-08-19,55.09000015258789
2015-08-20,53.02999877929688
2015-08-21,51.5
2015-08-24,49.810001373291016
2015-08-25,49.11000061035156
2015-08-26,51.130001068115234
2015-08-27,51.4900016784668
2015-08-28,50.369998931884766
2015-08-31,49.59000015258789
2015-09-01,48.290000915527344
2015-09-02,48.619998931884766
2015-09-03,47.41999816894531
2015-09-04,48.04999923706055
2015-09-08,48.720001220703125
2015-09-09,47.560001373291016
2015-09-10,47.79999923706055
2015-09-11,48.650001525878906
2015-09-14,49.060001373291016
2015-09-15,49.560001373291016
2015-09-16,49.0099983215332
2015-09-17,49.369998931884766
2015-09-18,49.59000015258789
2015-09-21,48.15999984741211
2015-09-22,46.650001525878906
2015-09-23,45.40999984741211
2015-09-24,45.560001373291016
2015-09-25,43.61000061035156
2015-09-28,40.86000061035156
2015-09-29,39.79999923706055
2015-09-30,40.2599983215332
2015-10-01,41.40999984741211
2015-10-02,43.65999984741211
2015-10-05,43.900001525878906
2015-10-06,42.84999847412109
2015-10-07,42.22999954223633
2015-10-08,42.66999816894531
2015-10-09,42.54999923706055
2015-10-12,42.900001525878906
2015-10-13,41.41999816894531
2015-10-14,42.2400016784668
2015-10-15,42.72999954223633
2015-10-16,43.54999923706055
2015-10-19,43.7400016784668
2015-10-20,42.54999923706055
2015-10-21,40.88999938964844
2015-10-22,39.15999984741211
2015-10-23,40.959999084472656
2015-10-26,41.84999847412109
2015-10-27,44.09000015258789
2015-10-28,44.88999938964844
2015-10-29,45.77999877929688
2015-10-30,44.09000015258789
2015-11-02,45.810001373291016
2015-11-03,46.56999969482422
2015-11-04,46.58000183105469
2015-11-05,44.790000915527344
2015-11-06,44.959999084472656
2015-11-09,45.13999938964844
2015-11-10,45.43999862670898
2015-11-11,44.4900016784668
2015-11-12,43.20000076293945
2015-11-13,48.77999877929688
2015-11-16,50.0
2015-11-17,50.65999984741211
2015-11-18,52.02000045776367
2015-11-19,51.220001220703125
2015-11-20,51.869998931884766
2015-11-23,50.880001068115234
2015-11-24,50.38999938964844
2015-11-25,51.79999923706055
2015-11-27,51.7400016784668
2015-11-30,51.29999923706055
2015-12-01,53.08000183105469
2015-12-02,52.08000183105469
2015-12-03,51.06999969482422
2015-12-04,51.40999984741211
2015-12-07,51.09000015258789
2015-12-08,51.2599983215332
2015-12-09,50.70000076293945
2015-12-10,52.93000030517578
2015-12-11,52.560001373291016
2015-12-14,53.369998931884766
2015-12-15,53.9900016784668
2015-12-16,54.38999938964844
2015-12-17,52.970001220703125
2015-12-18,53.16999816894531
2015-12-21,53.63999938964844
2015-12-22,54.18999862670898
2015-12-23,54.790000915527344
2015-12-24,54.81999969482422
2015-12-28,54.33000183105469
2015-12-29,55.27999877929688
2015-12-30,54.619998931884766
2015-12-31,54.06999969482422
2016-01-04,53.27999877929688
2016-01-05,54.09000015258789
2016-01-06,53.36000061035156
2016-01-07,51.61000061035156
2016-01-08,49.41999816894531
2016-01-11,49.5
2016-01-12,50.09000015258789
2016-01-13,48.88999938964844
2016-01-14,50.70000076293945
2016-01-15,49.709999084472656
2016-01-19,50.220001220703125
2016-01-20,51.400001525878906
2016-01-21,51.43999862670898
2016-01-22,53.11000061035156
2016-01-25,52.619998931884766
2016-01-26,53.93000030517578
2016-01-27,51.22999954223633
2016-01-28,50.43000030517578
2016-01-29,52.68999862670898
2016-02-01,52.34999847412109
2016-02-02,50.81999969482422
2016-02-03,52.2599983215332
2016-02-04,52.310001373291016
2016-02-05,51.38999938964844
2016-02-08,50.45000076293945
2016-02-09,50.7400016784668
2016-02-10,50.540000915527344
2016-02-11,41.41999816894531
2016-02-12,41.83000183105469
2016-02-16,43.150001525878906
2016-02-17,46.27000045776367
2016-02-18,44.709999084472656
2016-02-19,45.34000015258789
2016-02-22,46.810001373291016
2016-02-23,46.709999084472656
2016-02-24,46.59999847412109
2016-02-25,47.41999816894531
2016-02-26,47.13999938964844
2016-02-29,45.06999969482422
2016-03-01,46.060001373291016
2016-03-02,46.119998931884766
2016-03-03,45.72999954223633
2016-03-04,44.77999877929688
2016-03-07,46.13999938964844
2016-03-08,44.75
2016-03-09,46.54999923706055
2016-03-10,47.290000915527344
2016-03-11,48.59999847412109
2016-03-14,47.869998931884766
2016-03-15,45.91999816894531
2016-03-16,46.400001525878906
2016-03-17,44.220001220703125
2016-03-18,45.04999923706055
2016-03-21,45.459999084472656
2016-03-22,46.209999084472656
2016-03-23,45.40999984741211
2016-03-24,45.880001068115234
2016-03-28,45.20000076293945
2016-03-29,47.0099983215332
2016-03-30,46.400001525878906
2016-03-31,46.34999847412109
2016-04-01,47.5
2016-04-04,47.22999954223633
2016-04-05,45.91999816894531
2016-04-06,48.34000015258789
2016-04-07,48.06999969482422
2016-04-08,47.0
2016-04-11,45.560001373291016
2016-04-12,46.25
2016-04-13,47.220001220703125
2016-04-14,47.59000015258789
2016-04-15,46.88999938964844
2016-04-18,47.59999847412109
2016-04-19,47.77000045776367
2016-04-20,47.93000030517578
2016-04-21,48.79999923706055
2016-04-22,48.290000915527344
2016-04-25,45.02000045776367
2016-04-26,44.9900016784668
2016-04-27,44.47999954223633
2016-04-28,42.59999847412109
2016-04-29,41.709999084472656
2016-05-02,42.709999084472656
2016-05-03,43.68999862670898
2016-05-04,41.93999862670898
2016-05-05,41.400001525878906
2016-05-06,39.650001525878906
2016-05-09,40.77000045776367
2016-05-10,40.810001373291016
2016-05-11,39.63999938964844
2016-05-12,38.619998931884766
2016-05-13,39.15999984741211
2016-05-16,40.45000076293945
2016-05-17,41.02000045776367
2016-05-18,42.040000915527344
2016-05-19,41.119998931884766
2016-05-20,41.5099983215332
2016-05-23,41.209999084472656
2016-05-24,42.43999862670898
2016-05-25,42.68000030517578
2016-05-26,42.86000061035156
2016-05-27,43.060001373291016
2016-05-31,43.34000015258789
2016-06-01,44.459999084472656
2016-06-02,44.959999084472656
2016-06-03,44.52000045776367
2016-06-06,46.52000045776367
2016-06-07,46.61000061035156
2016-06-08,46.5099983215332
2016-06-09,45.7599983215332
2016-06-10,44.52999877929688
2016-06-13,44.77000045776367
2016-06-14,44.869998931884766
2016-06-15,44.7400016784668
2016-06-16,45.04999923706055
2016-06-17,45.0099983215332
2016-06-20,45.380001068115234
2016-06-21,44.880001068115234
2016-06-22,45.0
2016-06-23,46.15999984741211
2016-06-24,43.560001373291016
2016-06-27,41.810001373291016
2016-06-28,42.81999969482422
2016-06-29,43.220001220703125
2016-06-30,43.2400016784668
2016-07-01,43.47999954223633
2016-07-05,42.66999816894531
2016-07-06,43.540000915527344
2016-07-07,43.70000076293945
2016-07-08,44.540000915527344
2016-07-11,44.54999923706055
2016-07-12,45.15999984741211
2016-07-13,45.29999923706055
2016-07-14,45.380001068115234
2016-07-15,45.45000076293945
2016-07-18,45.52999877929688
2016-07-19,44.93000030517578
2016-07-20,47.20000076293945
2016-07-21,46.86000061035156
2016-07-22,46.59000015258789
2016-07-25,47.27999877929688
2016-07-26,46.47999954223633
2016-07-27,46.93000030517578
2016-07-28,46.720001220703125
2016-07-29,46.790000915527344
2016-08-01,46.7400016784668
2016-08-02,46.52999877929688
2016-08-03,48.40999984741211
2016-08-04,48.54999923706055
2016-08-05,48.459999084472656
2016-08-08,48.52999877929688
2016-08-09,49.91999816894531
2016-08-10,48.790000915527344
2016-08-11,48.709999084472656
2016-08-12,48.459999084472656
2016-08-15,48.75
2016-08-16,48.52999877929688
2016-08-17,48.900001525878906
2016-08-18,49.31999969482422
2016-08-19,48.65999984741211
2016-08-22,47.900001525878906
2016-08-23,45.619998931884766
2016-08-24,43.150001525878906
2016-08-25,42.84999847412109
2016-08-26,43.02999877929688
2016-08-29,43.220001220703125
2016-08-30,42.75
2016-08-31,42.36000061035156
2016-09-01,41.91999816894531
2016-09-02,39.970001220703125
2016-09-06,40.400001525878906
2016-09-07,40.310001373291016
2016-09-08,40.56999969482422
2016-09-09,39.88999938964844
2016-09-12,41.33000183105469
2016-09-13,40.90999984741211
2016-09-14,40.84000015258789
2016-09-15,41.4900016784668
2016-09-16,41.790000915527344
2016-09-19,41.4900016784668
2016-09-20,41.2599983215332
2016-09-21,41.90999984741211
2016-09-22,42.59000015258789
2016-09-23,42.060001373291016
2016-09-26,41.18000030517578
2016-09-27,41.310001373291016
2016-09-28,40.220001220703125
2016-09-29,38.470001220703125
2016-09-30,38.119998931884766
2016-10-03,38.20000076293945
2016-10-04,37.970001220703125
2016-10-05,38.02999877929688
2016-10-06,36.84000015258789
2016-10-07,35.939998626708984
2016-10-10,38.869998931884766
2016-10-11,38.310001373291016
2016-10-12,37.06999969482422
2016-10-13,37.880001068115234
2016-10-14,36.4900016784668
2016-10-17,36.43999862670898
2016-10-18,37.38999938964844
2016-10-19,37.20000076293945
2016-10-20,37.61000061035156
2016-10-21,37.02000045776367
2016-10-24,37.560001373291016
2016-10-25,38.68000030517578
2016-10-26,38.08000183105469
2016-10-27,38.02000045776367
2016-10-28,37.18999862670898
2016-10-31,36.5
2016-11-01,37.15999984741211
2016-11-02,36.66999816894531
2016-11-03,34.13999938964844
2016-11-04,35.0
2016-11-07,36.59000015258789
2016-11-08,37.11000061035156
2016-11-09,38.91999816894531
2016-11-10,38.27999877929688
2016-11-11,37.93000030517578
2016-11-14,38.43999862670898
2016-11-15,38.65999984741211
2016-11-16,37.900001525878906
2016-11-17,37.560001373291016
2016-11-18,36.470001220703125
2016-11-21,36.68000030517578
2016-11-22,36.31999969482422
2016-11-23,36.84999847412109
2016-11-25,36.68000030517578
2016-11-28,36.7400016784668
2016-11-29,36.060001373291016
2016-11-30,36.61000061035156
2016-12-01,36.02999877929688
2016-12-02,35.9900016784668
2016-12-05,35.650001525878906
2016-12-06,35.86000061035156
2016-12-07,34.5
2016-12-08,36.060001373291016
2016-12-09,36.5099983215332
2016-12-12,37.130001068115234
2016-12-13,38.29999923706055
2016-12-14,37.68999862670898
2016-12-15,37.7599983215332
2016-12-16,37.81999969482422
2016-12-19,37.4900016784668
2016-12-20,37.290000915527344
2016-12-21,37.52000045776367
2016-12-22,37.310001373291016
2016-12-23,37.5
2016-12-27,37.58000183105469
2016-12-28,37.209999084472656
2016-12-29,37.380001068115234
2016-12-30,38.150001525878906
2017-01-03,39.11000061035156
2017-01-04,39.630001068115234
2017-01-05,39.15999984741211
2017-01-06,38.5
2017-01-09,38.95000076293945
2017-01-10,38.95000076293945
2017-01-11,37.27999877929688
2017-01-12,36.77000045776367
2017-01-13,36.72999954223633
2017-01-17,37.06999969482422
2017-01-18,37.18999862670898
2017-01-19,36.95000076293945
2017-01-20,37.06999969482422
2017-01-23,36.02999877929688
2017-01-24,35.810001373291016
2017-01-25,36.47999954223633
2017-01-26,36.09999847412109
2017-01-27,36.65999984741211
2017-01-30,36.34000015258789
2017-01-31,38.04999923706055
2017-02-01,38.65999984741211
2017-02-02,39.0
2017-02-03,39.209999084472656
2017-02-06,39.97999954223633
2017-02-07,39.38999938964844
2017-02-08,39.18999862670898
2017-02-09,39.29999923706055
2017-02-10,39.310001373291016
2017-02-13,39.77999877929688
2017-02-14,40.75
2017-02-15,42.43999862670898
2017-02-16,42.0
2017-02-17,42.04999923706055
2017-02-21,42.29999923706055
2017-02-22,42.0
2017-02-23,42.33000183105469
2017-02-24,42.15999984741211
2017-02-27,42.43999862670898
2017-02-28,41.84999847412109
2017-03-01,44.869998931884766
2017-03-02,45.27999877929688
2017-03-03,45.18000030517578
2017-03-06,44.040000915527344
2017-03-07,43.33000183105469
2017-03-08,43.470001220703125
2017-03-09,43.22999954223633
2017-03-10,43.400001525878906
2017-03-13,42.97999954223633
2017-03-14,42.77000045776367
2017-03-15,42.83000183105469
2017-03-16,42.4900016784668
2017-03-17,42.02999877929688
2017-03-20,42.16999816894531
2017-03-21,41.66999816894531
2017-03-22,41.70000076293945
2017-03-23,41.61000061035156
2017-03-24,40.959999084472656
2017-03-27,41.709999084472656
2017-03-28,41.720001220703125
2017-03-29,40.34999847412109
2017-03-30,39.59000015258789
2017-03-31,38.9900016784668
2017-04-03,39.0099983215332
2017-04-04,38.70000076293945
2017-04-05,38.81999969482422
2017-04-06,38.959999084472656
2017-04-07,39.59999847412109
2017-04-10,39.25
2017-04-11,38.45000076293945
2017-04-12,38.040000915527344
2017-04-13,37.66999816894531
2017-04-17,37.54999923706055
2017-04-18,37.02999877929688
2017-04-19,36.959999084472656
2017-04-20,37.08000183105469
2017-04-21,36.83000183105469
2017-04-24,37.470001220703125
2017-04-25,36.84999847412109
2017-04-26,37.43999862670898
2017-04-27,37.720001220703125
2017-04-28,37.34999847412109
2017-05-01,37.400001525878906
2017-05-02,38.16999816894531
2017-05-03,37.18999862670898
2017-05-04,38.0099983215332
2017-05-05,37.900001525878906
2017-05-08,37.380001068115234
2017-05-09,38.0099983215332
2017-05-10,38.209999084472656
2017-05-11,39.43000030517578
2017-05-12,38.93999862670898
2017-05-15,38.68000030517578
2017-05-16,39.150001525878906
2017-05-17,38.650001525878906
2017-05-18,38.150001525878906
2017-05-19,37.93999862670898
2017-05-22,38.63999938964844
2017-05-23,39.59000015258789
2017-05-24,39.18000030517578
2017-05-25,39.83000183105469
2017-05-26,39.720001220703125
2017-05-30,39.36000061035156
2017-05-31,38.97999954223633
2017-06-01,39.560001373291016
2017-06-02,39.08000183105469
2017-06-05,38.63999938964844
2017-06-06,38.54999923706055
2017-06-07,39.34000015258789
2017-06-08,39.709999084472656
2017-06-09,40.09000015258789
2017-06-12,38.880001068115234
2017-06-13,37.77000045776367
2017-06-14,37.880001068115234
2017-06-15,36.97999954223633
2017-06-16,36.720001220703125
2017-06-19,37.22999954223633
2017-06-20,37.41999816894531
2017-06-21,38.27000045776367
2017-06-22,39.0099983215332
2017-06-23,39.02999877929688
2017-06-26,39.02999877929688
2017-06-27,38.43000030517578
2017-06-28,39.06999969482422
2017-06-29,38.7599983215332
2017-06-30,38.81999969482422
2017-07-03,38.810001373291016
2017-07-05,38.470001220703125
2017-07-06,37.650001525878906
2017-07-07,37.61000061035156
2017-07-10,37.720001220703125
2017-07-11,37.650001525878906
2017-07-12,38.58000183105469
2017-07-13,39.04999923706055
2017-07-14,39.209999084472656
2017-07-17,38.75
2017-07-18,38.11000061035156
2017-07-19,38.34000015258789
2017-07-20,39.4900016784668
2017-07-21,39.16999816894531
2017-07-24,38.7599983215332
2017-07-25,38.81999969482422
2017-07-26,39.18999862670898
2017-07-27,38.4900016784668
2017-07-28,38.7400016784668
2017-07-31,38.9900016784668
2017-08-01,38.59000015258789
2017-08-02,36.91999816894531
2017-08-03,34.70000076293945
2017-08-04,32.91999816894531
2017-08-07,32.0
2017-08-08,31.790000915527344
2017-08-09,32.08000183105469
2017-08-10,32.290000915527344
2017-08-11,30.8799991607666
2017-08-14,29.6299991607666
2017-08-15,30.1299991607666
2017-08-16,30.46999931335449
2017-08-17,30.559999465942383
2017-08-18,30.71999931335449
2017-08-21,30.440000534057617
2017-08-22,30.729999542236328
2017-08-23,30.31999969482422
2017-08-24,30.209999084472656
2017-08-25,30.530000686645508
2017-08-28,30.82999992370605
2017-08-29,30.5
2017-08-30,30.59000015258789
2017-08-31,31.479999542236328
2017-09-01,31.56999969482422
2017-09-05,31.59000015258789
2017-09-06,32.2400016784668
2017-09-07,31.90999984741211
2017-09-08,32.099998474121094
2017-09-11,33.040000915527344
2017-09-12,33.599998474121094
2017-09-13,33.560001373291016
2017-09-14,32.869998931884766
2017-09-15,32.029998779296875
2017-09-18,31.5
2017-09-19,30.979999542236328
2017-09-20,31.38999938964844
2017-09-21,31.239999771118164
2017-09-22,31.299999237060547
2017-09-25,31.479999542236328
2017-09-26,31.1299991607666
2017-09-27,31.93000030517578
2017-09-28,30.86000061035156
2017-09-29,31.3700008392334
2017-10-02,32.38999938964844
2017-10-03,32.529998779296875
2017-10-04,37.79999923706055
2017-10-05,37.91999816894531
2017-10-06,38.290000915527344
2017-10-09,38.25
2017-10-10,38.45000076293945
2017-10-11,38.290000915527344
2017-10-12,37.7599983215332
2017-10-13,37.95000076293945
2017-10-16,38.18000030517578
2017-10-17,38.540000915527344
2017-10-18,37.5099983215332
2017-10-19,38.290000915527344
2017-10-20,38.5099983215332
2017-10-23,38.470001220703125
2017-10-24,38.91999816894531
2017-10-25,39.02000045776367
2017-10-26,38.56999969482422
2017-10-27,38.34999847412109
2017-10-30,38.2400016784668
2017-10-31,35.709999084472656
2017-11-01,36.84999847412109
2017-11-02,35.34000015258789
2017-11-03,35.720001220703125
2017-11-06,37.38999938964844
2017-11-07,36.66999816894531
2017-11-08,37.2400016784668
2017-11-09,38.08000183105469
2017-11-10,38.15999984741211
2017-11-13,37.56999969482422
2017-11-14,37.84999847412109
2017-11-15,37.79999923706055
2017-11-16,37.5
2017-11-17,37.59000015258789
2017-11-20,36.5
2017-11-21,37.22999954223633
2017-11-22,37.27999877929688
2017-11-24,37.369998931884766
2017-11-27,36.459999084472656
2017-11-28,36.880001068115234
2017-11-29,36.86000061035156
2017-11-30,36.52999877929688
2017-12-01,38.119998931884766
2017-12-04,37.43999862670898
2017-12-05,37.40999984741211
2017-12-06,36.9900016784668
2017-12-07,37.369998931884766
2017-12-08,38.66999816894531
2017-12-11,39.4900016784668
2017-12-12,39.290000915527344
2017-12-13,39.52999877929688
2017-12-14,40.0099983215332
2017-12-15,40.52000045776367
2017-12-18,41.66999816894531
2017-12-19,41.2400016784668
2017-12-20,41.220001220703125
2017-12-21,41.959999084472656
2017-12-22,42.04999923706055
2017-12-26,42.27000045776367
2017-12-27,42.0
2017-12-28,41.86000061035156
2017-12-29,42.310001373291016
2018-01-02,43.11000061035156
2018-01-03,43.13999938964844
2018-01-04,44.310001373291016
2018-01-05,44.540000915527344
2018-01-08,44.560001373291016
2018-01-09,44.290000915527344
2018-01-10,44.38999938964844
2018-01-11,46.709999084472656
2018-01-12,46.900001525878906
2018-01-16,46.63999938964844
2018-01-17,46.77999877929688
2018-01-18,46.5099983215332
2018-01-19,46.72999954223633
2018-01-22,47.63999938964844
2018-01-23,46.84999847412109
2018-01-24,46.119998931884766
2018-01-25,45.9900016784668
2018-01-26,46.20000076293945
2018-01-29,45.97999954223633
2018-01-30,44.02000045776367
2018-01-31,42.84999847412109
2018-02-01,43.04999923706055
2018-02-02,42.09999847412109
2018-02-05,40.33000183105469
2018-02-06,40.97999954223633
2018-02-07,40.45000076293945
2018-02-08,39.25
2018-02-09,39.27999877929688
2018-02-12,40.59999847412109
2018-02-13,40.40999984741211
2018-02-14,41.34000015258789
2018-02-15,41.650001525878906
2018-02-16,42.13999938964844
2018-02-20,41.34000015258789
2018-02-21,41.209999084472656
2018-02-22,41.27999877929688
2018-02-23,41.45000076293945
2018-02-26,41.77999877929688
2018-02-27,41.11000061035156
2018-02-28,40.31999969482422
2018-03-01,40.68999862670898
2018-03-02,40.970001220703125
2018-03-05,41.540000915527344
2018-03-06,43.22999954223633
2018-03-07,42.4900016784668
2018-03-08,42.0099983215332
2018-03-09,42.5099983215332
2018-03-12,42.77999877929688
2018-03-13,42.34999847412109
2018-03-14,42.02000045776367
2018-03-15,41.66999816894531
2018-03-16,41.72999954223633
2018-03-19,40.79999923706055
2018-03-20,40.40999984741211
2018-03-21,41.15999984741211
2018-03-22,39.869998931884766
2018-03-23,38.869998931884766
2018-03-26,39.86000061035156
2018-03-27,39.52999877929688
2018-03-28,40.5
2018-03-29,41.16999816894531
2018-04-02,39.540000915527344
2018-04-03,40.38999938964844
2018-04-04,40.79999923706055
2018-04-05,40.45000076293945
2018-04-06,39.52000045776367
2018-04-09,39.84999847412109
2018-04-10,41.52000045776367
2018-04-11,40.38999938964844
2018-04-12,41.2599983215332
2018-04-13,40.619998931884766
2018-04-16,40.720001220703125
2018-04-17,40.97999954223633
2018-04-18,40.7400016784668
2018-04-19,40.810001373291016
2018-04-20,40.720001220703125
2018-04-23,40.77999877929688
2018-04-24,40.25
2018-04-25,38.93999862670898
2018-04-26,39.5
2018-04-27,39.34000015258789
2018-04-30,38.7599983215332
2018-05-01,38.77999877929688
2018-05-02,36.77000045776367
2018-05-03,36.04999923706055
2018-05-04,35.97999954223633
2018-05-07,36.11000061035156
2018-05-08,35.369998931884766
2018-05-09,36.720001220703125
2018-05-10,37.900001525878906
2018-05-11,38.40999984741211
2018-05-14,38.2599983215332
2018-05-15,38.5
2018-05-16,39.18000030517578
2018-05-17,40.08000183105469
2018-05-18,39.65999984741211
2018-05-21,39.54999923706055
2018-05-22,39.209999084472656
2018-05-23,39.630001068115234
2018-05-24,39.33000183105469
2018-05-25,39.380001068115234
2018-05-29,38.68000030517578
2018-05-30,39.47999954223633
2018-05-31,38.459999084472656
2018-06-01,38.84000015258789
2018-06-04,38.5
2018-06-05,39.97999954223633
2018-06-06,40.47999954223633
2018-06-07,41.0099983215332
2018-06-08,41.36000061035156
2018-06-11,41.77000045776367
2018-06-12,41.86000061035156
2018-06-13,41.66999816894531
2018-06-14,39.5099983215332
2018-06-15,39.0
2018-06-18,38.58000183105469
2018-06-19,38.72999954223633
2018-06-20,38.869998931884766
2018-06-21,38.630001068115234
2018-06-22,38.310001373291016
2018-06-25,38.11000061035156
2018-06-26,38.290000915527344
2018-06-27,37.45000076293945
2018-06-28,36.33000183105469
2018-06-29,36.13999938964844
2018-07-02,36.630001068115234
2018-07-03,35.959999084472656
2018-07-05,36.27999877929688
2018-07-06,36.630001068115234
2018-07-09,37.11000061035156
2018-07-10,36.66999816894531
2018-07-11,36.150001525878906
2018-07-12,36.220001220703125
2018-07-13,36.58000183105469
2018-07-16,36.400001525878906
2018-07-17,36.369998931884766
2018-07-18,35.91999816894531
2018-07-19,35.63999938964844
2018-07-20,35.529998779296875
2018-07-23,35.68000030517578
2018-07-24,36.290000915527344
2018-07-25,36.58000183105469
2018-07-26,36.09999847412109
2018-07-27,36.220001220703125
2018-07-30,36.65999984741211
2018-07-31,37.310001373291016
2018-08-01,37.5
2018-08-02,36.52000045776367
2018-08-03,38.45000076293945
2018-08-06,37.72999954223633
2018-08-07,38.540000915527344
2018-08-08,39.22999954223633
2018-08-09,36.61000061035156
2018-08-10,37.209999084472656
2018-08-13,37.540000915527344
2018-08-14,38.52000045776367
2018-08-15,37.81999969482422
2018-08-16,37.84999847412109
2018-08-17,38.150001525878906
2018-08-20,38.40999984741211
2018-08-21,38.75
2018-08-22,38.56999969482422
2018-08-23,37.86000061035156
2018-08-24,38.68999862670898
2018-08-27,38.880001068115234
2018-08-28,39.18999862670898
2018-08-29,39.27000045776367
2018-08-30,39.33000183105469
2018-08-31,39.130001068115234
2018-09-04,39.15999984741211
2018-09-05,39.47999954223633
2018-09-06,38.93000030517578
2018-09-07,38.2400016784668
2018-09-10,37.9900016784668
2018-09-11,37.63999938964844
2018-09-12,37.709999084472656
2018-09-13,38.040000915527344
2018-09-14,37.47999954223633
2018-09-17,37.209999084472656
2018-09-18,37.810001373291016
2018-09-19,38.2400016784668
2018-09-20,38.72999954223633
2018-09-21,38.9900016784668
2018-09-24,38.18999862670898
2018-09-25,37.619998931884766
2018-09-26,37.11000061035156
2018-09-27,37.06999969482422
2018-09-28,36.59999847412109
2018-10-01,36.47999954223633
2018-10-02,37.13999938964844
2018-10-03,36.59999847412109
2018-10-04,36.02999877929688
2018-10-05,35.290000915527344
2018-10-08,35.310001373291016
2018-10-09,34.61000061035156
2018-10-10,34.58000183105469
2018-10-11,32.599998474121094
2018-10-12,32.11000061035156
2018-10-15,32.369998931884766
2018-10-16,33.11000061035156
2018-10-17,33.02000045776367
2018-10-18,32.41999816894531
2018-10-19,32.209999084472656
2018-10-22,31.65999984741211
2018-10-23,32.11000061035156
2018-10-24,30.530000686645508
2018-10-25,31.01000022888184
2018-10-26,31.290000915527344
2018-10-29,31.18000030517578
2018-10-30,31.309999465942383
2018-10-31,31.25
2018-11-01,32.43000030517578
2018-11-02,31.68000030517578
2018-11-05,31.3700008392334
2018-11-06,36.43000030517578
2018-11-07,36.54999923706055
2018-11-08,37.150001525878906
2018-11-09,36.95000076293945
2018-11-12,35.939998626708984
2018-11-13,35.7599983215332
2018-11-14,34.22999954223633
2018-11-15,35.13999938964844
2018-11-16,34.91999816894531
2018-11-19,34.599998474121094
2018-11-20,33.90999984741211
2018-11-21,33.380001068115234
2018-11-23,33.4900016784668
2018-11-26,33.470001220703125
2018-11-27,33.4900016784668
2018-11-28,34.040000915527344
2018-11-29,34.040000915527344
2018-11-30,33.86000061035156
2018-12-03,34.099998474121094
2018-12-04,32.959999084472656
2018-12-06,31.84000015258789
2018-12-07,30.549999237060547
2018-12-10,30.299999237060547
2018-12-11,29.6200008392334
2018-12-12,30.40999984741211
2018-12-13,30.040000915527344
2018-12-14,29.049999237060547
2018-12-17,28.84000015258789
2018-12-18,28.82999992370605
2018-12-19,27.71999931335449
2018-12-20,27.36000061035156
2018-12-21,26.459999084472656
2018-12-24,26.209999084472656
2018-12-26,27.709999084472656
2018-12-27,27.43000030517578
2018-12-28,27.270000457763672
2018-12-31,27.39999961853028
2019-01-02,27.920000076293945
2019-01-03,27.229999542236328
2019-01-04,28.84000015258789
2019-01-07,29.75
2019-01-08,29.8700008392334
2019-01-09,28.940000534057617
2019-01-10,29.11000061035156
2019-01-11,29.549999237060547
2019-01-14,29.51000022888184
2019-01-15,29.350000381469727
2019-01-16,29.26000022888184
2019-01-17,29.549999237060547
2019-01-18,29.59000015258789
2019-01-22,28.88999938964844
2019-01-23,28.059999465942383
2019-01-24,28.209999084472656
2019-01-25,29.040000915527344
2019-01-28,28.530000686645508
2019-01-29,28.770000457763672
2019-01-30,30.81999969482422
2019-01-31,29.950000762939453
2019-02-01,30.76000022888184
2019-02-04,30.82999992370605
2019-02-05,31.07999992370605
2019-02-06,30.96999931335449
2019-02-07,30.350000381469727
2019-02-08,30.46999931335449
2019-02-11,31.040000915527344
2019-02-12,31.739999771118164
2019-02-13,31.25
2019-02-14,31.520000457763672
2019-02-15,31.84000015258789
2019-02-19,32.099998474121094
2019-02-20,31.6200008392334
2019-02-21,31.059999465942383
2019-02-22,31.26000022888184
2019-02-25,30.96999931335449
2019-02-26,30.6200008392334
2019-02-27,26.01000022888184
2019-02-28,26.38999938964844
2019-03-01,27.450000762939453
2019-03-04,28.07999992370605
2019-03-05,27.38999938964844
2019-03-06,27.059999465942383
2019-03-07,26.81999969482422
2019-03-08,26.61000061035156
2019-03-11,27.15999984741211
2019-03-12,27.3700008392334
2019-03-13,27.46999931335449
2019-03-14,28.0
2019-03-15,28.09000015258789
2019-03-18,28.18000030517578
2019-03-19,28.6200008392334
2019-03-20,28.709999084472656
2019-03-21,29.25
2019-03-22,28.690000534057617
2019-03-25,28.31999969482422
2019-03-26,28.18000030517578
2019-03-27,28.25
2019-03-28,28.239999771118164
2019-03-29,28.34000015258789
2019-04-01,28.46999931335449
2019-04-02,27.61000061035156
2019-04-03,26.979999542236328
2019-04-04,27.420000076293945
2019-04-05,27.6299991607666
2019-04-08,27.770000457763672
2019-04-09,27.1200008392334
2019-04-10,27.21999931335449
2019-04-11,27.01000022888184
2019-04-12,26.96999931335449
2019-04-15,26.93000030517578
2019-04-16,27.06999969482422
2019-04-17,26.729999542236328
2019-04-18,26.850000381469727
2019-04-22,26.71999931335449
2019-04-23,26.600000381469727
2019-04-24,26.440000534057617
2019-04-25,26.68000030517578
2019-04-26,27.040000915527344
2019-04-29,27.25
2019-04-30,26.989999771118164
2019-05-01,27.06999969482422
2019-05-02,27.68000030517578
2019-05-03,28.01000022888184
2019-05-06,28.26000022888184
2019-05-07,21.530000686645508
2019-05-08,21.88999938964844
2019-05-09,22.76000022888184
2019-05-10,22.170000076293945
2019-05-13,20.07999992370605
2019-05-14,20.40999984741211
2019-05-15,20.049999237060547
2019-05-16,20.209999084472656
2019-05-17,19.63999938964844
2019-05-20,19.420000076293945
2019-05-21,19.670000076293945
2019-05-22,19.64999961853028
2019-05-23,19.170000076293945
2019-05-24,18.979999542236328
2019-05-28,17.8700008392334
2019-05-29,18.0
2019-05-30,17.209999084472656
2019-05-31,16.799999237060547
2019-06-03,17.190000534057617
2019-06-04,17.81999969482422
2019-06-05,17.770000457763672
2019-06-06,17.450000762939453
2019-06-07,17.399999618530273
2019-06-10,17.56999969482422
2019-06-11,17.510000228881836
2019-06-12,17.15999984741211
2019-06-13,17.3799991607666
2019-06-14,17.020000457763672
2019-06-17,17.270000457763672
2019-06-18,17.75
2019-06-19,18.100000381469727
2019-06-20,18.209999084472656
2019-06-21,18.31999969482422
2019-06-24,17.959999084472656
2019-06-25,18.64999961853028
2019-06-26,18.65999984741211
2019-06-27,18.96999931335449
2019-06-28,19.040000915527344
2019-07-01,19.440000534057617
2019-07-02,19.350000381469727
2019-07-03,19.68000030517578
2019-07-05,19.489999771118164
2019-07-08,19.270000457763672
2019-07-09,19.6200008392334
2019-07-10,19.1299991607666
2019-07-11,19.040000915527344
2019-07-12,19.21999931335449
2019-07-15,18.96999931335449
2019-07-16,18.43000030517578
2019-07-17,17.90999984741211
2019-07-18,17.850000381469727
2019-07-19,18.100000381469727
2019-07-22,18.049999237060547
2019-07-23,18.34000015258789
2019-07-24,18.90999984741211
2019-07-25,18.440000534057617
2019-07-26,18.459999084472656
2019-07-29,20.780000686645508
2019-07-30,21.43000030517578
2019-07-31,20.89999961853028
2019-08-01,20.31999969482422
2019-08-02,19.84000015258789
2019-08-05,19.350000381469727
2019-08-06,18.200000762939453
2019-08-07,18.489999771118164
2019-08-08,19.09000015258789
2019-08-09,19.479999542236328
2019-08-12,19.1299991607666
2019-08-13,19.71999931335449
2019-08-14,18.040000915527344
2019-08-15,17.610000610351562
2019-08-16,18.530000686645508
2019-08-19,19.190000534057617
2019-08-20,19.09000015258789
2019-08-21,19.09000015258789
2019-08-22,19.040000915527344
2019-08-23,18.34000015258789
2019-08-26,18.790000915527344
2019-08-27,18.670000076293945
2019-08-28,19.14999961853028
2019-08-29,19.89999961853028
2019-08-30,19.46999931335449
2019-09-03,19.270000457763672
2019-09-04,19.739999771118164
2019-09-05,20.21999931335449
2019-09-06,20.520000457763672
2019-09-09,21.190000534057617
2019-09-10,21.8799991607666
2019-09-11,22.530000686645508
2019-09-12,22.239999771118164
2019-09-13,21.690000534057617
2019-09-16,21.799999237060547
2019-09-17,21.43000030517578
2019-09-18,21.290000915527344
2019-09-19,21.0
2019-09-20,21.0
2019-09-23,20.86000061035156
2019-09-24,19.93000030517578
2019-09-25,20.1200008392334
2019-09-26,19.76000022888184
2019-09-27,19.290000915527344
2019-09-30,19.780000686645508
2019-10-01,18.82999992370605
2019-10-02,18.530000686645508
2019-10-03,18.82999992370605
2019-10-04,18.90999984741211
2019-10-07,18.84000015258789
2019-10-08,18.3799991607666
2019-10-09,18.43000030517578
2019-10-10,18.46999931335449
2019-10-11,18.89999961853028
2019-10-14,18.520000457763672
2019-10-15,18.82999992370605
2019-10-16,18.739999771118164
2019-10-17,18.8799991607666
2019-10-18,18.32999992370605
2019-10-21,18.14999961853028
2019-10-22,18.309999465942383
2019-10-23,18.520000457763672
2019-10-24,18.25
2019-10-25,18.700000762939453
2019-10-28,18.96999931335449
2019-10-29,19.59000015258789
2019-10-30,19.40999984741211
2019-10-31,19.14999961853028
2019-11-01,19.68000030517578
2019-11-04,19.739999771118164
2019-11-05,17.790000915527344
2019-11-06,17.170000076293945
2019-11-07,17.010000228881836
2019-11-08,17.610000610351562
2019-11-11,17.239999771118164
2019-11-12,17.530000686645508
2019-11-13,17.270000457763672
2019-11-14,17.260000228881836
2019-11-15,17.700000762939453
2019-11-18,17.229999542236328
2019-11-19,17.270000457763672
2019-11-20,17.239999771118164
2019-11-21,17.3700008392334
2019-11-22,17.34000015258789
2019-11-25,18.059999465942383
2019-11-26,18.299999237060547
2019-11-27,18.780000686645508
2019-11-29,18.780000686645508
2019-12-02,18.65999984741211
2019-12-03,18.530000686645508
2019-12-04,18.8799991607666
2019-12-05,18.89999961853028
2019-12-06,19.290000915527344
2019-12-09,19.020000457763672
2019-12-10,18.700000762939453
2019-12-11,18.809999465942383
2019-12-12,19.68000030517578
2019-12-13,19.13999938964844
2019-12-16,19.030000686645508
2019-12-17,18.82999992370605
2019-12-18,18.8700008392334
2019-12-19,19.3799991607666
2019-12-20,19.790000915527344
2019-12-23,19.920000076293945
2019-12-24,19.84000015258789
2019-12-26,19.57999992370605
2019-12-27,19.71999931335449
2019-12-30,19.43000030517578
2019-12-31,20.100000381469727
2020-01-02,20.64999961853028
2020-01-03,20.200000762939453
2020-01-06,20.8700008392334
2020-01-07,21.170000076293945
2020-01-08,21.21999931335449
2020-01-09,20.93000030517578
2020-01-10,20.850000381469727
2020-01-13,20.780000686645508
2020-01-14,21.200000762939453
2020-01-15,22.049999237060547
2020-01-16,21.96999931335449
2020-01-17,21.65999984741211
2020-01-21,21.64999961853028
2020-01-22,21.790000915527344
2020-01-23,22.13999938964844
2020-01-24,21.850000381469727
2020-01-27,21.15999984741211
2020-01-28,21.84000015258789
2020-01-29,22.100000381469727
2020-01-30,21.920000076293945
2020-01-31,21.420000076293945
2020-02-03,21.6200008392334
2020-02-04,22.26000022888184
2020-02-05,22.850000381469727
2020-02-06,22.850000381469727
2020-02-07,22.770000457763672
2020-02-10,22.6200008392334
2020-02-11,22.350000381469727
2020-02-12,22.15999984741211
2020-02-13,21.63999938964844
2020-02-14,21.89999961853028
2020-02-18,21.280000686645508
2020-02-19,20.89999961853028
2020-02-20,20.93000030517578
2020-02-21,21.14999961853028
2020-02-24,20.309999465942383
2020-02-25,19.89999961853028
2020-02-26,19.540000915527344
2020-02-27,18.68000030517578
2020-02-28,17.190000534057617
2020-03-02,17.479999542236328
2020-03-03,16.290000915527344
2020-03-04,16.829999923706055
2020-03-05,16.030000686645508
2020-03-06,15.399999618530272
2020-03-09,14.380000114440918
2020-03-10,15.079999923706056
2020-03-11,14.470000267028809
2020-03-12,13.260000228881836
2020-03-13,15.050000190734863
2020-03-16,15.039999961853027
2020-03-17,15.56999969482422
2020-03-18,14.18000030517578
2020-03-19,14.869999885559082
2020-03-20,15.25
2020-03-23,15.739999771118164
2020-03-24,15.140000343322754
2020-03-25,14.93000030517578
2020-03-26,15.539999961853027
2020-03-27,14.880000114440918
2020-03-30,15.06999969482422
2020-03-31,14.90999984741211
2020-04-01,14.260000228881836
2020-04-02,13.920000076293944
2020-04-03,13.739999771118164
2020-04-06,14.039999961853027
2020-04-07,14.369999885559082
2020-04-08,15.140000343322754
2020-04-09,16.079999923706055
2020-04-13,16.059999465942383
2020-04-14,16.350000381469727
2020-04-15,15.460000038146973
2020-04-16,15.5
2020-04-17,16.110000610351562
2020-04-20,15.859999656677246
2020-04-21,15.130000114440918
2020-04-22,14.90999984741211
2020-04-23,15.300000190734863
2020-04-24,15.760000228881836
2020-04-27,16.139999389648438
2020-04-28,16.440000534057617
2020-04-29,17.31999969482422
2020-04-30,16.770000457763672
2020-05-01,16.1299991607666
2020-05-04,16.520000457763672
2020-05-05,16.56999969482422
2020-05-06,16.860000610351562
2020-05-07,17.31999969482422
2020-05-08,17.56999969482422
2020-05-11,16.950000762939453
2020-05-12,16.229999542236328
2020-05-13,15.539999961853027
2020-05-14,15.220000267028809
2020-05-15,15.15999984741211
2020-05-18,16.459999084472656
2020-05-19,16.049999237060547
2020-05-20,16.31999969482422
2020-05-21,16.0
2020-05-22,15.640000343322754
2020-05-26,16.139999389648438
2020-05-27,17.15999984741211
2020-05-28,17.25
2020-05-29,17.06999969482422
2020-06-01,17.6200008392334
2020-06-02,17.479999542236328
2020-06-03,17.540000915527344
2020-06-04,17.700000762939453
2020-06-05,17.670000076293945
2020-06-08,18.780000686645508
2020-06-09,18.450000762939453
2020-06-10,17.31999969482422
2020-06-11,16.299999237060547
2020-06-12,15.9399995803833
2020-06-15,15.899999618530272
2020-06-16,16.1299991607666
2020-06-17,15.970000267028809
2020-06-18,16.329999923706055
2020-06-19,16.15999984741211
2020-06-22,16.459999084472656
2020-06-23,16.239999771118164
2020-06-24,16.020000457763672
2020-06-25,16.3799991607666
2020-06-26,15.890000343322754
2020-06-29,15.989999771118164
2020-06-30,16.079999923706055
2020-07-01,15.760000228881836
2020-07-02,15.93000030517578
2020-07-06,16.540000915527344
2020-07-07,16.110000610351562
2020-07-08,16.190000534057617
2020-07-09,15.880000114440918
2020-07-10,16.100000381469727
2020-07-13,16.1299991607666
2020-07-14,16.520000457763672
2020-07-15,16.979999542236328
2020-07-16,16.84000015258789
2020-07-17,16.809999465942383
2020-07-20,16.649999618530273
2020-07-21,16.3700008392334
2020-07-22,16.56999969482422
2020-07-23,16.079999923706055
2020-07-24,15.960000038146973
2020-07-27,16.219999313354492
2020-07-28,16.15999984741211
2020-07-29,17.0
2020-07-30,16.329999923706055
2020-07-31,16.110000610351562
2020-08-03,16.360000610351562
2020-08-04,16.31999969482422
2020-08-05,16.899999618530273
2020-08-06,16.420000076293945
2020-08-07,16.360000610351562
2020-08-10,16.360000610351562
2020-08-11,16.639999389648438
2020-08-12,16.18000030517578
2020-08-13,16.139999389648438
2020-08-14,16.190000534057617
2020-08-17,16.25
2020-08-18,16.190000534057617
2020-08-19,16.510000228881836
2020-08-20,16.34000015258789
2020-08-21,15.989999771118164
2020-08-24,16.329999923706055
2020-08-25,16.030000686645508
2020-08-26,16.309999465942383
2020-08-27,16.18000030517578
2020-08-28,16.229999542236328
2020-08-31,16.3799991607666
2020-09-01,15.5
2020-09-02,15.710000038146973
2020-09-03,15.460000038146973
2020-09-04,15.8100004196167
2020-09-08,15.640000343322754
2020-09-09,15.25
2020-09-10,15.0600004196167
2020-09-11,15.329999923706056
2020-09-14,15.770000457763672
2020-09-15,15.949999809265137
2020-09-16,16.0
2020-09-17,16.15999984741211
2020-09-18,15.729999542236328
2020-09-21,14.779999732971191
2020-09-22,14.81999969482422
2020-09-23,14.369999885559082
2020-09-24,14.210000038146973
2020-09-25,14.420000076293944
2020-09-28,14.640000343322754
2020-09-29,14.56999969482422
2020-09-30,14.829999923706056
2020-10-01,14.800000190734863
2020-10-02,14.890000343322754
2020-10-05,15.09000015258789
2020-10-06,14.869999885559082
2020-10-07,14.90999984741211
2020-10-08,15.720000267028809
2020-10-09,15.640000343322754
2020-10-12,15.979999542236328
2020-10-13,15.59000015258789
2020-10-14,15.550000190734863
2020-10-15,15.739999771118164
2020-10-16,15.710000038146973
2020-10-19,15.420000076293944
2020-10-20,15.3100004196167
2020-10-21,15.140000343322754
2020-10-22,15.600000381469728
2020-10-23,15.6899995803833
2020-10-26,15.050000190734863
2020-10-27,14.460000038146973
2020-10-28,14.300000190734863
2020-10-29,14.369999885559082
2020-10-30,14.539999961853027
2020-11-02,15.140000343322754
2020-11-03,15.140000343322754
2020-11-04,15.079999923706056
2020-11-05,15.140000343322754
2020-11-06,14.649999618530272
2020-11-09,15.119999885559082
2020-11-10,15.640000343322754
2020-11-11,15.699999809265137
2020-11-12,15.510000228881836
2020-11-13,15.550000190734863
2020-11-16,15.859999656677246
2020-11-17,16.34000015258789
2020-11-18,16.190000534057617
2020-11-19,18.11000061035156
2020-11-20,17.1299991607666
2020-11-23,16.770000457763672
2020-11-24,16.899999618530273
2020-11-25,17.06999969482422
2020-11-27,17.049999237060547
2020-11-30,16.81999969482422
2020-12-01,17.010000228881836
2020-12-02,17.1299991607666
2020-12-03,17.3700008392334
2020-12-04,17.600000381469727
2020-12-07,17.56999969482422
2020-12-08,17.84000015258789
2020-12-09,17.520000457763672
2020-12-10,17.690000534057617
2020-12-11,17.34000015258789
2020-12-14,17.329999923706055
2020-12-15,17.729999542236328
2020-12-16,17.860000610351562
2020-12-17,17.719999313354492
2020-12-18,17.75
2020-12-21,17.389999389648438
2020-12-22,17.739999771118164
2020-12-23,17.8799991607666
2020-12-24,17.770000457763672
2020-12-28,17.739999771118164
2020-12-29,17.75
2020-12-30,18.1299991607666
2020-12-31,18.739999771118164
2021-01-04,18.540000915527344
2021-01-05,18.100000381469727
2021-01-06,18.489999771118164
2021-01-07,18.520000457763672
2021-01-08,18.299999237060547
2021-01-11,18.46999931335449
2021-01-12,18.239999771118164
2021-01-13,18.39999961853028
2021-01-14,17.309999465942383
2021-01-15,17.049999237060547
2021-01-19,17.440000534057617
2021-01-20,17.690000534057617
2021-01-21,17.309999465942383
2021-01-22,17.43000030517578
2021-01-25,17.229999542236328
2021-01-26,17.09000015258789
2021-01-27,16.860000610351562
2021-01-28,17.190000534057617
2021-01-29,16.989999771118164
2021-02-01,17.450000762939453
2021-02-02,17.3799991607666
2021-02-03,18.09000015258789
2021-02-04,18.0
2021-02-05,17.899999618530273
2021-02-08,18.0
2021-02-09,18.46999931335449
2021-02-10,18.38999938964844
2021-02-11,18.239999771118164
2021-02-12,18.239999771118164
2021-02-16,18.34000015258789
2021-02-17,18.520000457763672
2021-02-18,18.270000457763672
2021-02-19,18.209999084472656
2021-02-22,15.5
2021-02-23,15.220000267028809
2021-02-24,15.300000190734863
2021-02-25,15.050000190734863
2021-02-26,14.850000381469728
2021-03-01,14.720000267028809
2021-03-02,14.289999961853027
2021-03-03,13.880000114440918
2021-03-04,13.59000015258789
2021-03-05,13.90999984741211
2021-03-08,13.829999923706056
2021-03-09,13.90999984741211
2021-03-10,14.0600004196167
2021-03-11,14.100000381469728
2021-03-12,14.359999656677246
2021-03-15,14.670000076293944
2021-03-16,14.529999732971191
2021-03-17,15.079999923706056
2021-03-18,14.59000015258789
2021-03-19,14.779999732971191
2021-03-22,14.789999961853027
2021-03-23,14.170000076293944
2021-03-24,14.010000228881836
2021-03-25,14.020000457763672
2021-03-26,14.359999656677246
2021-03-29,14.31999969482422
2021-03-30,14.149999618530272
2021-03-31,13.970000267028809
2021-04-01,13.899999618530272
2021-04-05,14.050000190734863
2021-04-06,13.829999923706056
2021-04-07,13.390000343322754
2021-04-08,13.289999961853027
2021-04-09,13.399999618530272
2021-04-12,13.260000228881836
2021-04-13,12.970000267028809
2021-04-14,13.210000038146973
2021-04-15,13.279999732971191
2021-04-16,13.399999618530272
2021-04-19,13.25
2021-04-20,13.109999656677246
2021-04-21,13.300000190734863
2021-04-22,13.359999656677246
2021-04-23,13.359999656677246
2021-04-26,13.550000190734863
2021-04-27,13.279999732971191
2021-04-28,13.460000038146973
2021-04-29,13.359999656677246
2021-04-30,13.300000190734863
2021-05-03,13.5
2021-05-04,13.399999618530272
2021-05-05,13.640000343322754
2021-05-06,13.93000030517578
2021-05-07,14.079999923706056
2021-05-10,15.039999961853027
2021-05-11,15.140000343322754
2021-05-12,15.720000267028809
2021-05-13,15.93000030517578
2021-05-14,16.0
2021-05-17,16.149999618530273
2021-05-18,16.049999237060547
2021-05-19,15.5
2021-05-20,15.59000015258789
2021-05-21,15.3100004196167
2021-05-24,15.359999656677246
2021-05-25,14.979999542236328
2021-05-26,15.15999984741211
2021-05-27,15.140000343322754
2021-05-28,15.239999771118164
2021-06-01,15.260000228881836
2021-06-02,15.460000038146973
2021-06-03,15.40999984741211
2021-06-04,15.390000343322754
2021-06-07,15.390000343322754
2021-06-08,15.489999771118164
2021-06-09,15.449999809265137
2021-06-10,15.789999961853027
2021-06-11,15.729999542236328
2021-06-14,15.630000114440918
2021-06-15,15.300000190734863
2021-06-16,15.220000267028809
2021-06-17,14.670000076293944
2021-06-18,14.260000228881836
2021-06-21,14.350000381469728
2021-06-22,14.220000267028809
2021-06-23,14.170000076293944
2021-06-24,14.359999656677246
2021-06-25,14.56999969482422
2021-06-28,14.380000114440918
2021-06-29,14.520000457763672
2021-06-30,14.289999961853027
2021-07-01,14.75
2021-07-02,14.710000038146973
2021-07-06,14.1899995803833
2021-07-07,14.029999732971191
2021-07-08,13.779999732971191
2021-07-09,14.3100004196167
2021-07-12,14.18000030517578
2021-07-13,13.920000076293944
2021-07-14,14.06999969482422
2021-07-15,13.880000114440918
2021-07-16,13.760000228881836
2021-07-19,13.600000381469728
2021-07-20,13.890000343322754
2021-07-21,14.0600004196167
2021-07-22,13.850000381469728
2021-07-23,13.920000076293944
2021-07-26,13.84000015258789
2021-07-27,13.90999984741211
2021-07-28,14.229999542236328
2021-07-29,14.289999961853027
2021-07-30,14.06999969482422
2021-08-02,14.229999542236328
2021-08-03,14.1899995803833
2021-08-04,13.760000228881836
2021-08-05,13.93000030517578
2021-08-06,14.25
2021-08-09,15.100000381469728
2021-08-10,15.109999656677246
2021-08-11,14.81999969482422
2021-08-12,14.949999809265137
2021-08-13,14.949999809265137
2021-08-16,14.90999984741211
2021-08-17,14.770000457763672
2021-08-18,14.789999961853027
2021-08-19,14.729999542236328
2021-08-20,14.6899995803833
2021-08-23,14.760000228881836
2021-08-24,14.65999984741211
2021-08-25,14.520000457763672
2021-08-26,14.289999961853027
2021-08-27,14.369999885559082
2021-08-30,14.40999984741211
2021-08-31,14.630000114440918
2021-09-01,14.59000015258789
2021-09-02,15.130000114440918
2021-09-03,14.890000343322754
2021-09-07,14.65999984741211
2021-09-08,14.550000190734863
2021-09-09,14.289999961853027
2021-09-10,13.800000190734863
2021-09-13,13.920000076293944
2021-09-14,13.68000030517578
2021-09-15,13.729999542236328
2021-09-16,13.6899995803833
2021-09-17,13.56999969482422
2021-09-20,13.329999923706056
2021-09-21,13.279999732971191
2021-09-22,13.25
2021-09-23,13.34000015258789
2021-09-24,13.380000114440918
2021-09-27,13.81999969482422
2021-09-28,13.699999809265137
2021-09-29,13.859999656677246
2021-09-30,13.550000190734863
2021-10-01,13.600000381469728
2021-10-04,13.43000030517578
2021-10-05,13.5
2021-10-06,13.4399995803833
2021-10-07,13.630000114440918
2021-10-08,13.630000114440918
2021-10-11,13.609999656677246
2021-10-12,13.460000038146973
2021-10-13,13.369999885559082
2021-10-14,13.479999542236328
2021-10-15,13.460000038146973
2021-10-18,13.489999771118164
2021-10-19,13.56999969482422
2021-10-20,13.989999771118164
2021-10-21,14.010000228881836
2021-10-22,13.9399995803833
2021-10-25,13.800000190734863
2021-10-26,13.479999542236328
2021-10-27,13.100000381469728
2021-10-28,13.329999923706056
2021-10-29,13.350000381469728
2021-11-01,13.81999969482422
2021-11-02,13.829999923706056
2021-11-03,13.899999618530272
2021-11-04,13.68000030517578
2021-11-05,13.729999542236328
2021-11-08,14.68000030517578
2021-11-09,14.56999969482422
2021-11-10,14.539999961853027
2021-11-11,14.460000038146973
2021-11-12,14.109999656677246
2021-11-15,13.899999618530272
2021-11-16,13.880000114440918
2021-11-17,13.649999618530272
2021-11-18,13.390000343322754
2021-11-19,13.079999923706056
2021-11-22,13.119999885559082
2021-11-23,13.15999984741211
2021-11-24,13.050000190734863
2021-11-26,12.75
2021-11-29,12.520000457763672
2021-11-30,12.3100004196167
2021-12-01,12.09000015258789
2021-12-02,12.199999809265137
2021-12-03,12.199999809265137
2021-12-06,12.4399995803833
2021-12-07,12.399999618530272
2021-12-08,12.43000030517578
2021-12-09,12.59000015258789
2021-12-10,12.699999809265137
2021-12-13,12.550000190734863
2021-12-14,12.8100004196167
2021-12-15,12.6899995803833
2021-12-16,13.020000457763672
2021-12-17,13.029999732971191
2021-12-20,12.760000228881836
2021-12-21,13.09000015258789
2021-12-22,13.25
2021-12-23,13.630000114440918
2021-12-27,13.670000076293944
2021-12-28,13.640000343322754
2021-12-29,13.5600004196167
2021-12-30,13.550000190734863
2021-12-31,13.529999732971191
2022-01-03,14.210000038146973
2022-01-04,14.369999885559082
2022-01-05,14.4399995803833
2022-01-06,14.5
2022-01-07,14.739999771118164
2022-01-10,15.010000228881836
2022-01-11,15.31999969482422
2022-01-12,15.170000076293944
2022-01-13,15.020000457763672
2022-01-14,15.220000267028809
2022-01-18,15.0600004196167
2022-01-19,14.720000267028809
2022-01-20,14.640000343322754
2022-01-21,14.529999732971191
2022-01-24,14.359999656677246
2022-01-25,14.68000030517578
2022-01-26,14.619999885559082
2022-01-27,14.59000015258789
2022-01-28,14.630000114440918
2022-01-31,14.970000267028809
2022-02-01,15.06999969482422
2022-02-02,15.300000190734863
2022-02-03,15.130000114440918
2022-02-04,15.130000114440918
2022-02-07,15.260000228881836
2022-02-08,15.220000267028809
2022-02-09,15.399999618530272
2022-02-10,15.369999885559082
2022-02-11,15.170000076293944
2022-02-14,15.029999732971191
2022-02-15,15.31999969482422
2022-02-16,15.25
2022-02-17,14.829999923706056
2022-02-18,14.710000038146973
2022-02-22,14.550000190734863
2022-02-23,14.31999969482422
2022-02-24,13.93000030517578
2022-02-25,14.539999961853027
2022-02-28,11.010000228881836
2022-03-01,10.149999618530272
2022-03-02,10.479999542236328
2022-03-03,10.40999984741211
2022-03-04,10.199999809265137
2022-03-07,9.880000114440918
2022-03-08,9.949999809265137
2022-03-09,10.279999732971191
2022-03-10,10.119999885559082
2022-03-11,10.020000457763672
2022-03-14,9.8100004196167
2022-03-15,9.960000038146973
2022-03-16,10.390000343322754
2022-03-17,10.640000343322754
2022-03-18,10.65999984741211
2022-03-21,10.770000457763672
2022-03-22,10.850000381469728
2022-03-23,10.880000114440918
2022-03-24,10.949999809265137
2022-03-25,11.1899995803833
2022-03-28,10.899999618530272
2022-03-29,11.18000030517578
2022-03-30,10.989999771118164
2022-03-31,10.880000114440918
2022-04-01,10.81999969482422
2022-04-04,10.850000381469728
2022-04-05,10.670000076293944
2022-04-06,10.6899995803833
2022-04-07,10.8100004196167
2022-04-08,11.039999961853027
2022-04-11,10.699999809265137
2022-04-12,10.670000076293944
2022-04-13,10.989999771118164
2022-04-14,10.960000038146973
2022-04-18,10.710000038146973
2022-04-19,10.920000076293944
2022-04-20,10.84000015258789
2022-04-21,10.649999618530272
2022-04-22,10.279999732971191
2022-04-25,10.390000343322754
2022-04-26,10.289999961853027
2022-04-27,10.359999656677246
2022-04-28,10.489999771118164
2022-04-29,10.329999923706056
2022-05-02,10.210000038146973
2022-05-03,10.399999618530272
2022-05-04,10.520000457763672
2022-05-05,10.050000190734863
2022-05-06,9.949999809265137
2022-05-09,10.479999542236328
2022-05-10,10.460000038146973
2022-05-11,10.390000343322754
2022-05-12,10.850000381469728
2022-05-13,11.079999923706056
2022-05-16,11.140000343322754
2022-05-17,11.470000267028809
2022-05-18,11.270000457763672
2022-05-19,11.6899995803833
2022-05-20,11.800000190734863
2022-05-23,11.630000114440918
2022-05-24,11.529999732971191
2022-05-25,11.84000015258789
2022-05-26,12.010000228881836
2022-05-27,12.25
2022-05-31,12.270000457763672
2022-06-01,12.06999969482422
2022-06-02,12.109999656677246
2022-06-03,11.710000038146973
2022-06-06,11.770000457763672
2022-06-07,11.890000343322754
2022-06-08,11.859999656677246
2022-06-09,11.619999885559082
2022-06-10,11.199999809265137
2022-06-13,10.770000457763672
2022-06-14,10.31999969482422
2022-06-15,10.699999809265137
2022-06-16,10.279999732971191
2022-06-17,10.460000038146973
2022-06-21,10.600000381469728
2022-06-22,10.630000114440918
2022-06-23,10.729999542236328
2022-06-24,10.960000038146973
2022-06-27,11.06999969482422
2022-06-28,10.899999618530272
2022-06-29,10.8100004196167
2022-06-30,10.470000267028809
2022-07-01,10.710000038146973
2022-07-05,10.5
2022-07-06,10.300000190734863
2022-07-07,10.420000076293944
2022-07-08,10.350000381469728
2022-07-11,10.050000190734863
2022-07-12,10.220000267028809
2022-07-13,9.979999542236328
2022-07-14,9.850000381469728
2022-07-15,9.850000381469728
2022-07-18,9.829999923706056
2022-07-19,10.06999969482422
2022-07-20,9.970000267028809
2022-07-21,9.880000114440918
2022-07-22,9.550000190734863
2022-07-25,9.739999771118164
2022-07-26,9.920000076293944
2022-07-27,10.06999969482422
2022-07-28,9.779999732971191
2022-07-29,9.6899995803833
2022-08-01,9.65999984741211
2022-08-02,9.710000038146973
2022-08-03,9.75
2022-08-04,9.619999885559082
2022-08-05,9.729999542236328
2022-08-08,10.09000015258789
2022-08-09,10.460000038146973
2022-08-10,10.770000457763672
2022-08-11,10.960000038146973
2022-08-12,11.130000114440918
2022-08-15,11.109999656677246
2022-08-16,11.039999961853027
2022-08-17,10.75
2022-08-18,10.59000015258789
2022-08-19,10.56999969482422
2022-08-22,10.350000381469728
2022-08-23,10.149999618530272
2022-08-24,10.15999984741211
2022-08-25,10.170000076293944
2022-08-26,9.880000114440918
2022-08-29,9.869999885559082
2022-08-30,9.699999809265137
2022-08-31,9.550000190734863
2022-09-01,9.56999969482422
2022-09-02,9.449999809265137
2022-09-06,9.40999984741211
2022-09-07,9.720000267028809
2022-09-08,9.68000030517578
2022-09-09,9.880000114440918
2022-09-12,10.109999656677246
2022-09-13,9.489999771118164
2022-09-14,9.43000030517578
2022-09-15,9.550000190734863
2022-09-16,9.300000190734863
2022-09-19,9.289999961853027
2022-09-20,9.039999961853027
2022-09-21,9.039999961853027
2022-09-22,8.9399995803833
2022-09-23,8.6899995803833
2022-09-26,8.529999732971191
2022-09-27,8.479999542236328
2022-09-28,8.729999542236328
2022-09-29,8.600000381469727
2022-09-30,8.520000457763672
2022-10-03,8.720000267028809
2022-10-04,9.210000038146973
2022-10-05,9.18000030517578
2022-10-06,8.9399995803833
2022-10-07,8.739999771118164
2022-10-10,8.75
2022-10-11,9.390000343322754
2022-10-12,9.390000343322754
2022-10-13,9.649999618530272
2022-10-14,9.550000190734863
2022-10-17,9.609999656677246
2022-10-18,9.609999656677246
2022-10-19,9.380000114440918
2022-10-20,9.34000015258789
2022-10-21,9.380000114440918
2022-10-24,9.529999732971191
2022-10-25,9.779999732971191
2022-10-26,9.970000267028809
2022-10-27,9.869999885559082
2022-10-28,10.06999969482422
2022-10-31,10.130000114440918
2022-11-01,10.25
2022-11-02,10.06999969482422
2022-11-03,9.670000076293944
2022-11-04,9.699999809265137
2022-11-07,10.970000267028809
2022-11-08,11.100000381469728
2022-11-09,10.829999923706056
2022-11-10,11.34000015258789
2022-11-11,11.4399995803833
2022-11-14,11.5600004196167
2022-11-15,11.31999969482422
2022-11-16,11.079999923706056
2022-11-17,10.960000038146973
2022-11-18,11.0
2022-11-21,11.09000015258789
2022-11-22,11.06999969482422
2022-11-23,11.020000457763672
2022-11-25,11.140000343322754
2022-11-28,11.0600004196167
2022-11-29,11.18000030517578
2022-11-30,11.029999732971191
2022-12-01,11.239999771118164
2022-12-02,11.170000076293944
2022-12-05,10.920000076293944
2022-12-06,10.93000030517578
2022-12-07,10.899999618530272
2022-12-08,10.960000038146973
2022-12-09,10.779999732971191
2022-12-12,11.140000343322754
2022-12-13,11.34000015258789
2022-12-14,11.31999969482422
2022-12-15,11.140000343322754
2022-12-16,10.960000038146973
2022-12-19,10.90999984741211
2022-12-20,10.739999771118164
2022-12-21,10.850000381469728
2022-12-22,10.75
2022-12-23,11.010000228881836
2022-12-27,11.039999961853027
2022-12-28,10.920000076293944
2022-12-29,11.130000114440918
2022-12-30,11.130000114440918
2023-01-03,11.380000114440918
2023-01-04,11.75
2023-01-05,11.84000015258789
2023-01-06,12.100000381469728
2023-01-09,12.010000228881836
2023-01-10,11.84000015258789
2023-01-11,11.770000457763672
2023-01-12,11.65999984741211
2023-01-13,11.539999961853027
2023-01-17,11.84000015258789
2023-01-18,11.470000267028809
2023-01-19,11.520000457763672
2023-01-20,11.600000381469728
2023-01-23,11.81999969482422
2023-01-24,11.600000381469728
2023-01-25,11.640000343322754
2023-01-26,11.640000343322754
2023-01-27,11.890000343322754
2023-01-30,11.9399995803833
2023-01-31,12.15999984741211
2023-02-01,12.260000228881836
2023-02-02,12.1899995803833
2023-02-03,12.18000030517578
2023-02-06,12.050000190734863
2023-02-07,12.109999656677246
2023-02-08,11.920000076293944
2023-02-09,11.720000267028809
2023-02-10,11.84000015258789
2023-02-13,11.979999542236328
2023-02-14,11.8100004196167
2023-02-15,11.850000381469728
2023-02-16,11.649999618530272
2023-02-17,11.6899995803833
2023-02-21,11.5
2023-02-22,11.489999771118164
2023-02-23,11.539999961853027
2023-02-24,11.510000228881836
2023-02-27,11.199999809265137
2023-02-28,11.399999618530272
2023-03-01,11.3100004196167
2023-03-02,11.130000114440918
2023-03-03,11.130000114440918
2023-03-06,10.859999656677246
2023-03-07,10.729999542236328
2023-03-08,10.5600004196167
2023-03-09,10.130000114440918
2023-03-10,10.0
2023-03-13,9.829999923706056
2023-03-14,9.850000381469728
2023-03-15,9.5
2023-03-16,9.5
2023-03-17,9.43000030517578
2023-03-20,9.4399995803833
2023-03-21,9.649999618530272
2023-03-22,9.399999618530272
2023-03-23,9.199999809265137
2023-03-24,9.329999923706056
2023-03-27,9.470000267028809
2023-03-28,9.529999732971191
2023-03-29,9.529999732971191
2023-03-30,9.5600004196167
2023-03-31,9.619999885559082
2023-04-03,9.609999656677246
2023-04-04,9.529999732971191
2023-04-05,9.800000190734863
2023-04-06,9.920000076293944
2023-04-10,9.850000381469728
2023-04-11,9.90999984741211
2023-04-12,9.81999969482422
2023-04-13,9.920000076293944
2023-04-14,9.869999885559082
2023-04-17,9.90999984741211
2023-04-18,9.880000114440918
2023-04-19,9.829999923706056
2023-04-20,9.68000030517578
2023-04-21,9.649999618530272
2023-04-24,9.329999923706056
2023-04-25,9.18000030517578
2023-04-26,9.100000381469728
2023-04-27,9.260000228881836
2023-04-28,9.329999923706056
2023-05-01,9.359999656677246
2023-05-02,9.119999885559082
2023-05-03,9.140000343322754
2023-05-04,9.020000457763672
2023-05-05,9.279999732971191
2023-05-08,9.81999969482422
2023-05-09,9.739999771118164
2023-05-10,9.59000015258789
2023-05-11,9.359999656677246
2023-05-12,9.279999732971191
2023-05-15,9.369999885559082
2023-05-16,9.149999618530272
2023-05-17,9.300000190734863
2023-05-18,9.369999885559082
2023-05-19,9.329999923706056
2023-05-22,9.470000267028809
2023-05-23,9.239999771118164
2023-05-24,9.029999732971191
2023-05-25,9.029999732971191
2023-05-26,9.109999656677246
2023-05-30,9.18000030517578
2023-05-31,9.149999618530272
2023-06-01,9.18000030517578
2023-06-02,9.329999923706056
2023-06-05,9.329999923706056
2023-06-06,9.510000228881836
2023-06-07,9.710000038146973
2023-06-08,9.520000457763672
2023-06-09,9.380000114440918
2023-06-12,9.399999618530272
2023-06-13,9.630000114440918
2023-06-14,9.760000228881836
2023-06-15,9.9399995803833
2023-06-16,10.289999961853027
2023-06-20,10.1899995803833
2023-06-21,10.109999656677246
2023-06-22,10.050000190734863
2023-06-23,9.760000228881836
2023-06-26,9.850000381469728
2023-06-27,9.850000381469728
2023-06-28,9.720000267028809
2023-06-29,9.90999984741211
2023-06-30,9.979999542236328
2023-07-03,9.890000343322754
2023-07-05,9.90999984741211
2023-07-06,9.84000015258789
2023-07-07,9.859999656677246
2023-07-10,9.93000030517578
2023-07-11,10.25
2023-07-12,10.239999771118164
2023-07-13,10.289999961853027
2023-07-14,10.15999984741211
2023-07-17,10.010000228881836
2023-07-18,10.18000030517578
2023-07-19,10.43000030517578
2023-07-20,10.470000267028809
2023-07-21,10.479999542236328
2023-07-24,10.619999885559082
2023-07-25,10.40999984741211
2023-07-26,10.479999542236328
2023-07-27,10.329999923706056
2023-07-28,10.399999618530272
2023-07-31,10.529999732971191
2023-08-01,10.220000267028809
2023-08-02,10.43000030517578
2023-08-03,10.449999809265137
2023-08-04,10.59000015258789
2023-08-07,11.0
2023-08-08,11.149999618530272
2023-08-09,11.260000228881836
2023-08-10,11.15999984741211
2023-08-11,11.350000381469728
2023-08-14,11.1899995803833
2023-08-15,11.15999984741211
2023-08-16,11.199999809265137
2023-08-17,11.34000015258789
2023-08-18,11.260000228881836
2023-08-21,11.25
2023-08-22,11.15999984741211
2023-08-23,11.0
2023-08-24,10.949999809265137
2023-08-25,10.970000267028809
2023-08-28,10.960000038146973
2023-08-29,11.0
2023-08-30,11.0
2023-08-31,10.75
2023-09-01,10.789999961853027
2023-09-05,10.619999885559082
2023-09-06,10.119999885559082
2023-09-07,10.0
2023-09-08,10.109999656677246
2023-09-11,10.010000228881836
2023-09-12,9.869999885559082
2023-09-13,9.75
2023-09-14,9.829999923706056
2023-09-15,9.770000457763672
2023-09-18,9.81999969482422
2023-09-19,9.890000343322754
2023-09-20,9.880000114440918
2023-09-21,9.6899995803833
2023-09-22,9.640000343322754
2023-09-25,9.720000267028809
2023-09-26,9.720000267028809
2023-09-27,9.59000015258789
2023-09-28,9.8100004196167
2023-09-29,9.859999656677246
2023-10-02,10.050000190734863
2023-10-03,9.649999618530272
2023-10-04,9.699999809265137
2023-10-05,9.6899995803833
2023-10-06,9.65999984741211
2023-10-09,9.65999984741211
2023-10-10,9.619999885559082
2023-10-11,9.6899995803833
2023-10-12,9.460000038146973
2023-10-13,9.329999923706056
2023-10-16,9.470000267028809
2023-10-17,9.43000030517578
2023-10-18,9.369999885559082
2023-10-19,9.3100004196167
2023-10-20,9.300000190734863
2023-10-23,8.920000076293945
2023-10-24,9.109999656677246
2023-10-25,8.970000267028809
2023-10-26,8.989999771118164
2023-10-27,8.770000457763672
2023-10-30,8.84000015258789
2023-10-31,8.899999618530273
2023-11-01,8.920000076293945
2023-11-02,8.930000305175781
2023-11-03,9.270000457763672
2023-11-06,9.210000038146973
2023-11-07,9.130000114440918
2023-11-08,9.220000267028809
2023-11-09,9.0600004196167
2023-11-10,9.199999809265137
2023-11-13,8.949999809265137
2023-11-14,9.220000267028809
2023-11-15,9.359999656677246
2023-11-16,9.170000076293944
2023-11-17,9.449999809265137
2023-11-20,9.470000267028809
2023-11-21,9.380000114440918
2023-11-22,9.369999885559082
2023-11-24,9.43000030517578
2023-11-27,9.34000015258789
2023-11-28,9.140000343322754
2023-11-29,9.130000114440918
2023-11-30,9.18000030517578
2023-12-01,9.369999885559082
2023-12-04,9.68000030517578
2023-12-05,9.609999656677246
2023-12-06,9.6899995803833
2023-12-07,9.760000228881836
2023-12-08,9.829999923706056
2023-12-11,9.829999923706056
2023-12-12,9.869999885559082
2023-12-13,10.130000114440918
2023-12-14,10.390000343322754
2023-12-15,10.270000457763672
2023-12-18,10.100000381469728
2023-12-19,10.390000343322754
2023-12-20,10.449999809265137
2023-12-21,10.649999618530272
2023-12-22,10.649999618530272
2023-12-26,10.710000038146973
2023-12-27,10.770000457763672
2023-12-28,10.850000381469728
2023-12-29,10.829999923706056
2024-01-02,11.390000343322754
2024-01-03,11.369999885559082
2024-01-04,11.550000190734863
2024-01-05,11.979999542236328
2024-01-08,11.710000038146973
2024-01-09,11.600000381469728
2024-01-10,12.100000381469728
2024-01-11,12.06999969482422
2024-01-12,11.68000030517578
2024-01-16,11.75
2024-01-17,11.460000038146973
2024-01-18,11.270000457763672
2024-01-19,11.399999618530272
2024-01-22,11.640000343322754
2024-01-23,11.770000457763672
2024-01-24,11.720000267028809
2024-01-25,11.739999771118164
2024-01-26,11.93000030517578
2024-01-29,11.880000114440918
2024-01-30,11.8100004196167
2024-01-31,11.770000457763672
2024-02-01,11.869999885559082
2024-02-02,11.850000381469728
2024-02-05,11.579999923706056
2024-02-06,11.890000343322754
2024-02-07,11.739999771118164
2024-02-08,11.5600004196167
2024-02-09,11.68000030517578
2024-02-12,11.949999809265137
2024-02-13,11.970000267028809
2024-02-14,12.06999969482422
2024-02-15,12.81999969482422
2024-02-16,13.0600004196167
2024-02-20,13.239999771118164
2024-02-21,13.260000228881836
2024-02-22,13.359999656677246
2024-02-23,13.529999732971191
2024-02-26,13.43000030517578
2024-02-27,13.229999542236328
2024-02-28,12.289999961853027
2024-02-29,12.369999885559082
2024-03-01,12.59000015258789
2024-03-04,12.359999656677246
2024-03-05,12.279999732971191
2024-03-06,12.199999809265137
2024-03-07,12.329999923706056
2024-03-08,12.260000228881836
2024-03-11,11.970000267028809
2024-03-12,12.0600004196167
2024-03-13,12.050000190734863
2024-03-14,11.81999969482422
2024-03-15,11.9399995803833
2024-03-18,11.760000228881836
2024-03-19,11.869999885559082
2024-03-20,11.880000114440918
2024-03-21,12.010000228881836
2024-03-22,11.84000015258789
2024-03-25,11.829999923706056
2024-03-26,11.600000381469728
2024-03-27,11.829999923706056
2024-03-28,11.9399995803833
2024-04-01,11.9399995803833
2024-04-02,11.9399995803833
2024-04-03,12.020000457763672
2024-04-04,11.760000228881836
2024-04-05,11.800000190734863
2024-04-08,11.75
2024-04-09,11.81999969482422
2024-04-10,11.710000038146973
2024-04-11,11.56999969482422
2024-04-12,11.329999923706056
2024-04-15,11.31999969482422
2024-04-16,11.119999885559082
2024-04-17,11.100000381469728
2024-04-18,11.119999885559082
2024-04-19,11.25
2024-04-22,11.25
2024-04-23,11.359999656677246
2024-04-24,11.550000190734863
2024-04-25,11.470000267028809
2024-04-26,11.56999969482422
2024-04-29,11.779999732971191
2024-04-30,11.56999969482422
2024-05-01,11.630000114440918
2024-05-02,11.600000381469728
2024-05-03,11.779999732971191
2024-05-06,11.81999969482422
2024-05-07,11.720000267028809
2024-05-08,11.8100004196167
2024-05-09,11.220000267028809
2024-05-10,11.15999984741211
2024-05-13,11.359999656677246
2024-05-14,11.140000343322754
2024-05-15,11.06999969482422
2024-05-16,11.020000457763672
2024-05-17,10.979999542236328
2024-05-20,11.06999969482422
2024-05-21,10.960000038146973
2024-05-22,10.880000114440918
2024-05-23,10.529999732971191
2024-05-24,10.40999984741211
2024-05-28,10.390000343322754
2024-05-29,10.3100004196167
2024-05-30,10.479999542236328
2024-05-31,10.600000381469728
2024-06-03,10.579999923706056
2024-06-04,10.529999732971191
2024-06-05,10.489999771118164
2024-06-06,10.420000076293944
2024-06-07,10.470000267028809
2024-06-10,10.510000228881836
2024-06-11,10.640000343322754
2024-06-12,10.630000114440918
2024-06-13,10.390000343322754
2024-06-14,10.170000076293944
2024-06-17,10.109999656677246
2024-06-18,10.050000190734863
2024-06-20,10.260000228881836
2024-06-21,10.470000267028809
2024-06-24,10.470000267028809
2024-06-25,10.3100004196167
2024-06-26,10.43000030517578
2024-06-27,10.479999542236328
2024-06-28,10.630000114440918
2024-07-01,10.59000015258789
2024-07-02,10.43000030517578
2024-07-03,10.380000114440918
2024-07-05,10.31999969482422
2024-07-08,10.609999656677246
2024-07-09,10.800000190734863
2024-07-10,10.890000343322754
2024-07-11,11.1899995803833
2024-07-12,11.239999771118164
2024-07-15,11.0
2024-07-16,11.380000114440918
2024-07-17,11.84000015258789
2024-07-18,11.770000457763672
2024-07-19,11.84000015258789
2024-07-22,11.670000076293944
2024-07-23,11.5
2024-07-24,11.699999809265137
2024-07-25,11.760000228881836
2024-07-26,12.079999923706056
2024-07-29,11.899999618530272
2024-07-30,12.130000114440918
2024-07-31,12.0600004196167
2024-08-01,11.960000038146973
2024-08-02,11.869999885559082
2024-08-05,11.5600004196167
2024-08-06,11.350000381469728
2024-08-07,11.359999656677246
2024-08-08,12.100000381469728
2024-08-09,11.779999732971191
2024-08-12,11.56999969482422
2024-08-13,11.56999969482422
2024-08-14,11.399999618530272
2024-08-15,11.670000076293944
2024-08-16,11.65999984741211
2024-08-19,11.829999923706056
2024-08-20,11.65999984741211
2024-08-21,11.720000267028809
2024-08-22,11.699999809265137
2024-08-23,11.760000228881836
2024-08-26,11.75
2024-08-27,11.6899995803833
2024-08-28,11.899999618530272
2024-08-29,11.890000343322754
2024-08-30,12.079999923706056
2024-09-03,11.890000343322754
2024-09-04,11.779999732971191
2024-09-05,11.670000076293944
2024-09-06,11.270000457763672
2024-09-09,11.130000114440918
2024-09-10,11.170000076293944
2024-09-11,11.34000015258789
2024-09-12,11.75
2024-09-13,11.65999984741211
2024-09-16,11.8100004196167
2024-09-17,11.81999969482422
2024-09-18,11.899999618530272
2024-09-19,11.899999618530272
2024-09-20,11.390000343322754
2024-09-23,11.470000267028809
2024-09-24,11.449999809265137
2024-09-25,11.270000457763672
2024-09-26,11.619999885559082
2024-09-27,11.550000190734863
2024-09-30,11.609999656677246
2024-10-01,11.489999771118164
2024-10-02,11.470000267028809
2024-10-03,11.43000030517578
2024-10-04,11.59000015258789
2024-10-07,11.329999923706056
2024-10-08,11.31999969482422
2024-10-09,11.40999984741211
2024-10-10,11.329999923706056
2024-10-11,11.380000114440918
2024-10-14,11.390000343322754
2024-10-15,11.84000015258789
2024-10-16,11.81999969482422
2024-10-17,11.710000038146973
2024-10-18,11.760000228881836
2024-10-21,11.56999969482422
2024-10-22,11.670000076293944
2024-10-23,11.550000190734863
2024-10-24,11.479999542236328
2024-10-25,11.4399995803833
2024-10-28,11.760000228881836
2024-10-29,11.739999771118164
2024-10-30,11.890000343322754
2024-10-31,11.600000381469728
2024-11-01,11.619999885559082
2024-11-04,11.449999809265137
2024-11-05,11.609999656677246
2024-11-06,11.609999656677246
2024-11-07,13.18000030517578
2024-11-08,12.960000038146973
2024-11-11,13.09000015258789
2024-11-12,12.93000030517578
2024-11-13,13.0
2024-11-14,12.619999885559082
2024-11-15,12.829999923706056
2024-11-18,13.0
2024-11-19,13.050000190734863
2024-11-20,13.130000114440918
2024-11-21,13.25
2024-11-22,13.369999885559082
2024-11-25,13.359999656677246
2024-11-26,13.079999923706056
2024-11-27,13.220000267028809
2024-11-29,13.09000015258789
2024-12-02,13.199999809265137
2024-12-03,13.0
2024-12-04,13.039999961853027
2024-12-05,12.890000343322754
2024-12-06,12.720000267028809
2024-12-09,12.800000190734863
2024-12-10,12.510000228881836
2024-12-11,12.75
2024-12-12,12.81999969482422
2024-12-13,12.630000114440918
2024-12-16,12.529999732971191
2024-12-17,12.59000015258789
2024-12-18,12.260000228881836
2024-12-19,12.130000114440918
2024-12-20,12.520000457763672
2024-12-23,12.489999771118164
2024-12-24,12.399999618530272
2024-12-26,12.5600004196167
2024-12-27,12.479999542236328
2024-12-30,12.380000114440918
2024-12-31,12.449999809265137
2025-01-02,12.420000076293944
2025-01-03,12.279999732971191
2025-01-06,11.949999809265137
2025-01-07,12.0
2025-01-08,11.960000038146973
2025-01-10,11.670000076293944
2025-01-13,11.800000190734863
2025-01-14,11.720000267028809
2025-01-15,11.390000343322754
2025-01-16,11.34000015258789
2025-01-17,11.300000190734863
2025-01-21,11.329999923706056
2025-01-22,11.140000343322754
2025-01-23,11.140000343322754
2025-01-24,11.199999809265137
2025-01-27,11.420000076293944
2025-01-28,11.199999809265137
2025-01-29,11.329999923706056
2025-01-30,11.420000076293944
2025-01-31,11.279999732971191
2025-02-03,11.039999961853027
2025-02-04,10.890000343322754
2025-02-05,10.949999809265137
2025-02-06,10.899999618530272
2025-02-07,10.729999542236328
2025-02-10,10.619999885559082
2025-02-11,10.609999656677246
2025-02-12,10.600000381469728
2025-02-13,10.800000190734863
2025-02-14,10.800000190734863
2025-02-18,10.859999656677246
2025-02-19,10.93000030517578
2025-02-20,11.0600004196167
2025-02-21,11.25
2025-02-24,11.390000343322754
2025-02-25,11.479999542236328
2025-02-26,11.239999771118164
2025-02-27,9.529999732971191
2025-02-28,9.229999542236328
2025-03-03,9.329999923706056
2025-03-04,9.369999885559082
2025-03-05,9.479999542236328
2025-03-06,9.510000228881836
2025-03-07,9.649999618530272
2025-03-10,9.5
2025-03-11,9.34000015258789
2025-03-12,9.239999771118164
2025-03-13,8.979999542236328
2025-03-14,9.100000381469728
2025-03-17,9.25
2025-03-18,9.520000457763672
2025-03-19,9.420000076293944
2025-03-20,9.4399995803833
2025-03-21,9.149999618530272
2025-03-24,9.300000190734863
2025-03-25,8.949999809265137
2025-03-26,8.960000038146973
2025-03-27,8.84000015258789
2025-03-28,8.680000305175781
2025-03-31,8.710000038146973
2025-04-01,8.600000381469727
2025-04-02,8.65999984741211
2025-04-03,8.15999984741211
2025-04-04,7.619999885559082
2025-04-07,7.610000133514404
2025-04-08,7.360000133514404
2025-04-09,7.789999961853027
2025-04-10,7.260000228881836
2025-04-11,7.539999961853027
2025-04-14,7.630000114440918
2025-04-15,7.480000019073486
2025-04-16,7.389999866485596
2025-04-17,7.559999942779541
2025-04-21,7.570000171661377
2025-04-22,7.690000057220459
2025-04-23,7.809999942779541
2025-04-24,8.029999732971191
2025-04-25,8.130000114440918
2025-04-28,8.25
2025-04-29,8.34000015258789
2025-04-30,8.420000076293945
2025-05-01,8.470000267028809
2025-05-02,8.649999618530273
2025-05-05,8.59000015258789
2025-05-06,8.479999542236328
2025-05-07,8.600000381469727
2025-05-08,9.09000015258789
2025-05-09,8.770000457763672
2025-05-12,8.960000038146973
2025-05-13,8.789999961853027
2025-05-14,8.420000076293945
2025-05-15,8.789999961853027
2025-05-16,8.84000015258789
2025-05-19,8.760000228881836
2025-05-20,8.880000114440918
2025-05-21,8.479999542236328
2025-05-22,8.5
2025-05-23,8.289999961853027
2025-05-27,8.600000381469727
2025-05-28,8.59000015258789
2025-05-29,8.829999923706055
2025-05-30,8.789999961853027
2025-06-02,8.6899995803833
2025-06-03,8.710000038146973
2025-06-04,8.59000015258789
2025-06-05,8.460000038146973
2025-06-06,8.710000038146973
2025-06-09,8.8100004196167
2025-06-10,9.039999961853027
2025-06-11,8.979999542236328
2025-06-12,9.09000015258789
2025-06-13,8.920000076293945
2025-06-16,8.989999771118164
2025-06-17,8.760000228881836
2025-06-18,8.770000457763672
2025-06-20,8.869999885559082
2025-06-23,8.850000381469727
2025-06-24,8.949999809265137
2025-06-25,8.890000343322754
2025-06-26,9.119999885559082
2025-06-27,9.010000228881836
2025-06-30,8.930000305175781
2025-07-01,9.18000030517578
2025-07-02,9.34000015258789
2025-07-03,9.31999969482422
2025-07-07,9.199999809265137
2025-07-08,9.260000228881836
2025-07-09,9.229999542236328
2025-07-10,9.25
2025-07-11,9.119999885559082
2025-07-14,9.140000343322754
2025-07-15,8.930000305175781
2025-07-16,9.079999923706056
2025-07-17,9.270000457763672
2025-07-18,8.880000114440918
2025-07-21,8.899999618530273
2025-07-22,9.239999771118164
2025-07-23,9.369999885559082
2025-07-24,9.350000381469728
2025-07-25,9.40999984741211
2025-07-28,9.260000228881836
2025-07-29,9.1899995803833
2025-07-30,9.0
2025-07-31,8.739999771118164
2025-08-01,8.8100004196167
2025-08-04,8.9399995803833
2025-08-05,8.979999542236328
2025-08-06,8.75
2025-08-07,9.390000343322754
2025-08-08,9.699999809265137
2025-08-11,9.859999656677246
2025-08-12,10.119999885559082
2025-08-13,10.40999984741211
2025-08-14,10.6899995803833
2025-08-15,10.609999656677246
2025-08-18,10.630000114440918
2025-08-19,10.68000030517578
2025-08-20,10.649999618530272
2025-08-21,10.6899995803833
2025-08-22,10.649999618530272
2025-08-25,10.550000190734863
2025-08-26,10.40999984741211
2025-08-27,10.420000076293944
2025-08-28,10.40999984741211
2025-08-29,10.550000190734863
2025-09-02,10.5600004196167
2025-09-03,10.550000190734863
2025-09-04,10.329999923706056
2025-09-05,10.5
2025-09-08,10.479999542236328
2025-09-09,10.449999809265137
2025-09-10,10.239999771118164
2025-09-11,10.170000076293944
2025-09-12,9.960000038146973
2025-09-15,9.600000381469728
2025-09-16,9.5600004196167
2025-09-17,9.619999885559082
2025-09-18,9.859999656677246
2025-09-19,9.899999618530272
2025-09-22,9.789999961853027
2025-09-23,9.600000381469728
2025-09-24,9.710000038146973
2025-09-25,9.489999771118164
2025-09-26,9.520000457763672
2025-09-29,9.619999885559082
2025-09-30,9.899999618530272
2025-10-01,10.09000015258789
2025-10-02,10.109999656677246
2025-10-03,10.1899995803833
2025-10-06,10.130000114440918
2025-10-07,10.140000343322754
2025-10-08,9.970000267028809
2025-10-09,9.989999771118164
2025-10-10,9.739999771118164
2025-10-13,9.859999656677246
2025-10-14,9.93000030517578
2025-10-15,9.979999542236328
2025-10-16,10.100000381469728
2025-10-17,10.170000076293944
2025-10-20,10.3100004196167
2025-10-21,10.390000343322754
2025-10-22,10.40999984741211
2025-10-23,10.3100004196167
2025-10-24,10.350000381469728
2025-10-27,10.420000076293944
2025-10-28,10.289999961853027
2025-10-29,10.270000457763672
2025-10-30,10.359999656677246
2025-10-31,10.359999656677246
2025-11-03,10.529999732971191
2025-11-04,10.489999771118164
2025-11-05,10.75
2025-11-06,10.109999656677246
2025-11-07,10.119999885559082
2025-11-10,10.170000076293944
2025-11-11,11.199999809265137
2025-11-12,11.010000228881836
2025-11-13,10.90999984741211
2025-11-14,10.720000267028809
2025-11-17,10.65999984741211
2025-11-18,10.710000038146973
2025-11-19,10.460000038146973
2025-11-20,10.1899995803833
2025-11-21,10.460000038146973
2025-11-24,10.56999969482422
2025-11-25,10.5600004196167
2025-11-26,10.640000343322754
2025-11-28,10.6899995803833
2025-12-01,10.699999809265137
2025-12-02,10.710000038146973
2025-12-03,10.84000015258789
2025-12-04,10.760000228881836
2025-12-05,10.93000030517578
2025-12-08,11.09000015258789
2025-12-09,11.1899995803833
2025-12-10,11.600000381469728
2025-12-11,11.59000015258789
2025-12-12,11.649999618530272
2025-12-15,11.65999984741211
2025-12-16,11.460000038146973
2025-12-17,11.699999809265137
2025-12-18,11.9399995803833
2025-12-19,11.93000030517578
2025-12-22,12.010000228881836
2025-12-23,12.020000457763672
2025-12-24,12.239999771118164
2025-12-26,12.31999969482422
2025-12-29,12.369999885559082
2025-12-30,12.539999961853027
2025-12-31,12.449999809265137
2026-01-02,12.460000038146973
2026-01-05,12.369999885559082
2026-01-06,12.399999618530272
2026-01-07,12.460000038146973
2026-01-08,12.600000381469728
2026-01-09,12.760000228881836
2026-01-12,12.68000030517578
2026-01-13,13.369999885559082
2026-01-14,13.149999618530272
2026-01-15,12.84000015258789
2026-01-16,12.859999656677246
2026-01-20,12.65999984741211
2026-01-21,13.050000190734863
2026-01-22,13.239999771118164
2026-01-23,13.210000038146973
2026-01-26,13.170000076293944
2026-01-27,13.119999885559082
2026-01-28,12.970000267028809
2026-01-29,13.06999969482422
2026-01-30,13.09000015258789
2026-02-02,13.68000030517578
2026-02-03,13.68000030517578
2026-02-04,14.359999656677246
2026-02-05,14.34000015258789
2026-02-06,14.579999923706056
2026-02-09,15.5600004196167
2026-02-10,15.949999809265137
2026-02-11,16.1299991607666
2026-02-12,15.789999961853027
2026-02-13,15.770000457763672
2026-02-17,15.739999771118164
2026-02-18,16.049999237060547
2026-02-19,15.979999542236328
2026-02-20,15.920000076293944
2026-02-23,15.949999809265137
2026-02-24,16.06999969482422
2026-02-25,16.079999923706055
2026-02-26,15.25
2026-02-27,14.93000030517578
2026-03-02,15.699999809265137
2026-03-03,14.890000343322754
2026-03-04,14.710000038146973
2026-03-05,14.529999732971191
2026-03-06,14.15999984741211
2026-03-09,14.220000267028809
2026-03-10,14.079999923706056
2026-03-11,13.970000267028809
2026-03-12,13.800000190734863
2026-03-13,13.510000228881836
2026-03-16,13.510000228881836
2026-03-17,13.800000190734863
2026-03-18,13.739999771118164
2026-03-19,13.5
2026-03-20,13.199999809265137
2026-03-23,13.289999961853027
2026-03-24,13.359999656677246
2026-03-25,13.5
2026-03-26,13.369999885559082
2026-03-27,13.050000190734863
2026-03-30,12.960000038146973
2026-03-31,13.510000228881836
2026-04-01,13.630000114440918
2026-04-02,13.4399995803833
2026-04-06,13.40999984741211
2026-04-07,13.15999984741211
2026-04-08,13.56999969482422
2026-04-09,13.609999656677246
2026-04-10,13.470000267028809
2026-04-13,13.829999923706056
2026-04-14,13.90999984741211
2026-04-15,13.859999656677246
2026-04-16,14.010000228881836
2026-04-17,14.68000030517578
2026-04-20,14.869999885559082
2026-04-21,14.729999542236328
2026-04-22,14.520000457763672
2026-04-23,14.75
2026-04-24,14.59000015258789
2026-04-27,14.8100004196167
2026-04-28,14.81999969482422
2026-04-29,14.970000267028809
2026-04-30,14.9399995803833
2026-05-01,15.039999961853027
2026-05-04,15.199999809265137
2026-05-05,15.520000457763672
2026-05-06,15.949999809265137
2026-05-07,17.389999389648438
2026-05-08,17.170000076293945
2026-05-11,16.920000076293945
2026-05-12,17.170000076293945
2026-05-13,17.3700008392334
2026-05-14,17.260000228881836
2026-05-15,16.479999542236328
2026-05-18,16.5
2026-05-19,16.170000076293945
2026-05-20,16.59000015258789
2026-05-21,16.459999084472656
2026-05-22,16.649999618530273
2026-05-26,16.260000228881836
2026-05-27,16.290000915527344
2026-05-28,16.110000610351562
2026-05-29,16.260000228881836
2026-06-01,15.8100004196167
2026-06-02,15.6899995803833
2026-06-03,15.5600004196167
2026-06-04,15.899999618530273
2026-06-05,15.880000114440918
