,WSM
2015-01-02,37.42499923706055
2015-01-05,37.244998931884766
2015-01-06,37.06999969482422
2015-01-07,38.41999816894531
2015-01-08,38.93000030517578
2015-01-09,38.38999938964844
2015-01-12,38.334999084472656
2015-01-13,37.935001373291016
2015-01-14,38.494998931884766
2015-01-15,37.595001220703125
2015-01-16,38.16999816894531
2015-01-20,38.369998931884766
2015-01-21,39.1349983215332
2015-01-22,39.20000076293945
2015-01-23,39.72499847412109
2015-01-26,40.470001220703125
2015-01-27,39.790000915527344
2015-01-28,39.8849983215332
2015-01-29,40.38999938964844
2015-01-30,39.125
2015-02-02,39.32500076293945
2015-02-03,39.90999984741211
2015-02-04,40.255001068115234
2015-02-05,40.23500061035156
2015-02-06,40.095001220703125
2015-02-09,39.525001525878906
2015-02-10,40.310001373291016
2015-02-11,40.28499984741211
2015-02-12,40.68999862670898
2015-02-13,41.05500030517578
2015-02-17,40.84999847412109
2015-02-18,40.04999923706055
2015-02-19,39.59000015258789
2015-02-20,39.88999938964844
2015-02-23,40.13999938964844
2015-02-24,40.56999969482422
2015-02-25,40.584999084472656
2015-02-26,39.915000915527344
2015-02-27,40.22499847412109
2015-03-02,40.72499847412109
2015-03-03,40.04999923706055
2015-03-04,39.6349983215332
2015-03-05,39.60499954223633
2015-03-06,39.33000183105469
2015-03-09,40.01499938964844
2015-03-10,39.915000915527344
2015-03-11,40.30500030517578
2015-03-12,40.79499816894531
2015-03-13,41.07500076293945
2015-03-16,41.59999847412109
2015-03-17,41.935001373291016
2015-03-18,40.47999954223633
2015-03-19,39.709999084472656
2015-03-20,39.34999847412109
2015-03-23,39.755001068115234
2015-03-24,40.2599983215332
2015-03-25,39.76499938964844
2015-03-26,38.58000183105469
2015-03-27,38.95000076293945
2015-03-30,39.55500030517578
2015-03-31,39.85499954223633
2015-04-01,39.369998931884766
2015-04-02,39.80500030517578
2015-04-06,39.71500015258789
2015-04-07,39.27000045776367
2015-04-08,39.27000045776367
2015-04-09,38.685001373291016
2015-04-10,38.97999954223633
2015-04-13,39.165000915527344
2015-04-14,38.86000061035156
2015-04-15,38.834999084472656
2015-04-16,38.60499954223633
2015-04-17,38.255001068115234
2015-04-20,38.39500045776367
2015-04-21,38.369998931884766
2015-04-22,38.040000915527344
2015-04-23,38.345001220703125
2015-04-24,38.45500183105469
2015-04-27,37.86000061035156
2015-04-28,37.525001525878906
2015-04-29,37.244998931884766
2015-04-30,36.76499938964844
2015-05-01,37.505001068115234
2015-05-04,37.94499969482422
2015-05-05,37.69499969482422
2015-05-06,37.77999877929688
2015-05-07,37.935001373291016
2015-05-08,38.505001068115234
2015-05-11,38.720001220703125
2015-05-12,38.34000015258789
2015-05-13,37.89500045776367
2015-05-14,37.86000061035156
2015-05-15,38.06999969482422
2015-05-18,39.17499923706055
2015-05-19,39.1150016784668
2015-05-20,38.94499969482422
2015-05-21,39.28499984741211
2015-05-22,39.47999954223633
2015-05-26,38.88999938964844
2015-05-27,39.5
2015-05-28,39.5
2015-05-29,39.30500030517578
2015-06-01,39.505001068115234
2015-06-02,39.5
2015-06-03,39.665000915527344
2015-06-04,39.459999084472656
2015-06-05,39.345001220703125
2015-06-08,39.244998931884766
2015-06-09,38.875
2015-06-10,39.34999847412109
2015-06-11,39.6150016784668
2015-06-12,40.22999954223633
2015-06-15,40.209999084472656
2015-06-16,40.415000915527344
2015-06-17,40.744998931884766
2015-06-18,41.03499984741211
2015-06-19,40.5
2015-06-22,40.540000915527344
2015-06-23,40.595001220703125
2015-06-24,40.494998931884766
2015-06-25,40.560001373291016
2015-06-26,41.4900016784668
2015-06-29,40.54499816894531
2015-06-30,41.1349983215332
2015-07-01,41.630001068115234
2015-07-02,41.459999084472656
2015-07-06,41.52999877929688
2015-07-07,41.755001068115234
2015-07-08,41.334999084472656
2015-07-09,41.375
2015-07-10,42.02000045776367
2015-07-13,42.36000061035156
2015-07-14,42.10499954223633
2015-07-15,42.09999847412109
2015-07-16,42.45000076293945
2015-07-17,42.0
2015-07-20,41.77999877929688
2015-07-21,41.25
2015-07-22,41.3849983215332
2015-07-23,41.415000915527344
2015-07-24,40.60499954223633
2015-07-27,40.275001525878906
2015-07-28,40.8849983215332
2015-07-29,42.209999084472656
2015-07-30,42.119998931884766
2015-07-31,42.33000183105469
2015-08-03,42.21500015258789
2015-08-04,42.63999938964844
2015-08-05,42.935001373291016
2015-08-06,42.400001525878906
2015-08-07,42.5099983215332
2015-08-10,43.209999084472656
2015-08-11,43.03499984741211
2015-08-12,43.26499938964844
2015-08-13,43.400001525878906
2015-08-14,43.75
2015-08-17,44.255001068115234
2015-08-18,44.334999084472656
2015-08-19,43.79499816894531
2015-08-20,43.11000061035156
2015-08-21,41.65499877929688
2015-08-24,40.40499877929688
2015-08-25,40.53499984741211
2015-08-26,41.560001373291016
2015-08-27,38.34999847412109
2015-08-28,37.90499877929688
2015-08-31,38.01499938964844
2015-09-01,37.31999969482422
2015-09-02,37.845001220703125
2015-09-03,38.14500045776367
2015-09-04,38.005001068115234
2015-09-08,39.150001525878906
2015-09-09,38.26499938964844
2015-09-10,38.084999084472656
2015-09-11,37.91999816894531
2015-09-14,37.8650016784668
2015-09-15,37.685001373291016
2015-09-16,38.23500061035156
2015-09-17,38.744998931884766
2015-09-18,38.4900016784668
2015-09-21,38.505001068115234
2015-09-22,39.05500030517578
2015-09-23,39.619998931884766
2015-09-24,39.11000061035156
2015-09-25,38.97499847412109
2015-09-28,37.9900016784668
2015-09-29,37.8650016784668
2015-09-30,38.17499923706055
2015-10-01,38.165000915527344
2015-10-02,38.47999954223633
2015-10-05,39.400001525878906
2015-10-06,39.17499923706055
2015-10-07,39.334999084472656
2015-10-08,39.25
2015-10-09,39.09000015258789
2015-10-12,38.52000045776367
2015-10-13,37.81499862670898
2015-10-14,37.400001525878906
2015-10-15,37.709999084472656
2015-10-16,38.18999862670898
2015-10-19,38.18000030517578
2015-10-20,38.084999084472656
2015-10-21,37.38999938964844
2015-10-22,36.95000076293945
2015-10-23,36.040000915527344
2015-10-26,36.7400016784668
2015-10-27,36.2400016784668
2015-10-28,36.775001525878906
2015-10-29,36.53499984741211
2015-10-30,36.875
2015-11-02,37.32500076293945
2015-11-03,37.415000915527344
2015-11-04,37.27000045776367
2015-11-05,37.79499816894531
2015-11-06,37.52000045776367
2015-11-09,37.29499816894531
2015-11-10,36.27000045776367
2015-11-11,35.72999954223633
2015-11-12,35.375
2015-11-13,33.650001525878906
2015-11-16,33.95500183105469
2015-11-17,32.6150016784668
2015-11-18,33.369998931884766
2015-11-19,33.10499954223633
2015-11-20,31.96999931335449
2015-11-23,31.815000534057617
2015-11-24,32.09000015258789
2015-11-25,32.005001068115234
2015-11-27,32.45000076293945
2015-11-30,31.665000915527344
2015-12-01,31.979999542236328
2015-12-02,31.7549991607666
2015-12-03,31.55500030517578
2015-12-04,31.76000022888184
2015-12-07,31.43000030517578
2015-12-08,31.59000015258789
2015-12-09,31.32999992370605
2015-12-10,31.315000534057617
2015-12-11,30.48500061035156
2015-12-14,29.52499961853028
2015-12-15,30.19499969482422
2015-12-16,30.56999969482422
2015-12-17,29.96500015258789
2015-12-18,29.165000915527344
2015-12-21,29.229999542236328
2015-12-22,29.5
2015-12-23,29.5049991607666
2015-12-24,29.26499938964844
2015-12-28,29.489999771118164
2015-12-29,29.790000915527344
2015-12-30,29.44499969482422
2015-12-31,29.20499992370605
2016-01-04,28.73500061035156
2016-01-05,28.7450008392334
2016-01-06,27.834999084472656
2016-01-07,28.2450008392334
2016-01-08,27.334999084472656
2016-01-11,26.70499992370605
2016-01-12,26.71999931335449
2016-01-13,26.07999992370605
2016-01-14,25.80500030517578
2016-01-15,25.225000381469727
2016-01-19,25.0049991607666
2016-01-20,24.4950008392334
2016-01-21,25.36000061035156
2016-01-22,26.145000457763672
2016-01-25,25.655000686645508
2016-01-26,25.795000076293945
2016-01-27,25.3700008392334
2016-01-28,24.75
2016-01-29,25.82999992370605
2016-02-01,25.82999992370605
2016-02-02,25.545000076293945
2016-02-03,25.065000534057617
2016-02-04,25.75
2016-02-05,26.084999084472656
2016-02-08,26.30500030517578
2016-02-09,26.05500030517578
2016-02-10,25.875
2016-02-11,25.6299991607666
2016-02-12,26.03499984741211
2016-02-16,27.084999084472656
2016-02-17,28.82999992370605
2016-02-18,28.95499992370605
2016-02-19,28.06999969482422
2016-02-22,28.415000915527344
2016-02-23,28.14999961853028
2016-02-24,28.405000686645508
2016-02-25,26.674999237060547
2016-02-26,27.48500061035156
2016-02-29,26.05500030517578
2016-03-01,27.084999084472656
2016-03-02,27.18000030517578
2016-03-03,27.895000457763672
2016-03-04,28.104999542236328
2016-03-07,28.71999931335449
2016-03-08,28.684999465942383
2016-03-09,28.375
2016-03-10,28.950000762939453
2016-03-11,28.934999465942383
2016-03-14,28.86000061035156
2016-03-15,29.104999542236328
2016-03-16,29.729999542236328
2016-03-17,27.8700008392334
2016-03-18,28.364999771118164
2016-03-21,28.375
2016-03-22,27.82999992370605
2016-03-23,27.655000686645508
2016-03-24,27.11000061035156
2016-03-28,27.1200008392334
2016-03-29,27.18000030517578
2016-03-30,27.864999771118164
2016-03-31,27.3700008392334
2016-04-01,27.39999961853028
2016-04-04,27.05500030517578
2016-04-05,27.95499992370605
2016-04-06,28.11000061035156
2016-04-07,27.700000762939453
2016-04-08,27.63999938964844
2016-04-11,27.90999984741211
2016-04-12,28.59000015258789
2016-04-13,29.59000015258789
2016-04-14,30.18000030517578
2016-04-15,30.45499992370605
2016-04-18,30.1299991607666
2016-04-19,29.84499931335449
2016-04-20,29.6200008392334
2016-04-21,29.350000381469727
2016-04-22,29.76000022888184
2016-04-25,29.350000381469727
2016-04-26,30.479999542236328
2016-04-27,30.77499961853028
2016-04-28,29.39999961853028
2016-04-29,29.38999938964844
2016-05-02,29.979999542236328
2016-05-03,29.38500022888184
2016-05-04,29.299999237060547
2016-05-05,28.96500015258789
2016-05-06,28.7450008392334
2016-05-09,28.790000915527344
2016-05-10,29.0049991607666
2016-05-11,27.4950008392334
2016-05-12,27.2549991607666
2016-05-13,26.30500030517578
2016-05-16,25.549999237060547
2016-05-17,25.125
2016-05-18,24.01000022888184
2016-05-19,24.559999465942383
2016-05-20,25.040000915527344
2016-05-23,25.065000534057617
2016-05-24,25.440000534057617
2016-05-25,26.049999237060547
2016-05-26,25.9950008392334
2016-05-27,26.89999961853028
2016-05-31,26.520000457763672
2016-06-01,26.575000762939453
2016-06-02,26.959999084472656
2016-06-03,26.625
2016-06-06,26.979999542236328
2016-06-07,27.350000381469727
2016-06-08,27.59000015258789
2016-06-09,26.06999969482422
2016-06-10,25.655000686645508
2016-06-13,25.51499938964844
2016-06-14,25.709999084472656
2016-06-15,25.98500061035156
2016-06-16,25.989999771118164
2016-06-17,26.309999465942383
2016-06-20,26.5
2016-06-21,26.1200008392334
2016-06-22,26.81999969482422
2016-06-23,27.200000762939453
2016-06-24,26.2549991607666
2016-06-27,24.780000686645508
2016-06-28,25.584999084472656
2016-06-29,26.059999465942383
2016-06-30,26.065000534057617
2016-07-01,26.559999465942383
2016-07-05,25.565000534057617
2016-07-06,25.93000030517578
2016-07-07,25.80500030517578
2016-07-08,27.06999969482422
2016-07-11,27.600000381469727
2016-07-12,28.040000915527344
2016-07-13,27.64999961853028
2016-07-14,27.584999084472656
2016-07-15,26.770000457763672
2016-07-18,26.979999542236328
2016-07-19,26.834999084472656
2016-07-20,27.05500030517578
2016-07-21,26.64999961853028
2016-07-22,26.7549991607666
2016-07-25,27.040000915527344
2016-07-26,26.415000915527344
2016-07-27,26.0049991607666
2016-07-28,27.01000022888184
2016-07-29,27.040000915527344
2016-08-01,26.795000076293945
2016-08-02,25.915000915527344
2016-08-03,25.815000534057617
2016-08-04,25.68000030517578
2016-08-05,26.3700008392334
2016-08-08,26.69499969482422
2016-08-09,26.14999961853028
2016-08-10,25.36000061035156
2016-08-11,26.30500030517578
2016-08-12,27.0049991607666
2016-08-15,27.05500030517578
2016-08-16,26.5
2016-08-17,25.8700008392334
2016-08-18,26.11000061035156
2016-08-19,26.290000915527344
2016-08-22,26.395000457763672
2016-08-23,27.13500022888184
2016-08-24,27.06999969482422
2016-08-25,27.57999992370605
2016-08-26,26.364999771118164
2016-08-29,26.63500022888184
2016-08-30,26.65999984741211
2016-08-31,26.31999969482422
2016-09-01,26.049999237060547
2016-09-02,26.01499938964844
2016-09-06,25.59499931335449
2016-09-07,25.864999771118164
2016-09-08,26.155000686645508
2016-09-09,24.475000381469727
2016-09-12,24.95499992370605
2016-09-13,24.690000534057617
2016-09-14,24.405000686645508
2016-09-15,24.795000076293945
2016-09-16,24.950000762939453
2016-09-19,25.02499961853028
2016-09-20,24.850000381469727
2016-09-21,24.975000381469727
2016-09-22,25.229999542236328
2016-09-23,25.145000457763672
2016-09-26,24.88999938964844
2016-09-27,25.280000686645508
2016-09-28,25.200000762939453
2016-09-29,25.209999084472656
2016-09-30,25.540000915527344
2016-10-03,25.645000457763672
2016-10-04,25.489999771118164
2016-10-05,25.545000076293945
2016-10-06,25.13999938964844
2016-10-07,24.670000076293945
2016-10-10,24.770000457763672
2016-10-11,24.38500022888184
2016-10-12,24.48500061035156
2016-10-13,24.375
2016-10-14,23.770000457763672
2016-10-17,23.45499992370605
2016-10-18,23.48500061035156
2016-10-19,23.475000381469727
2016-10-20,23.48500061035156
2016-10-21,23.4950008392334
2016-10-24,23.604999542236328
2016-10-25,23.34000015258789
2016-10-26,23.325000762939453
2016-10-27,23.165000915527344
2016-10-28,23.26000022888184
2016-10-31,23.11000061035156
2016-11-01,23.2549991607666
2016-11-02,23.34000015258789
2016-11-03,23.475000381469727
2016-11-04,23.77499961853028
2016-11-07,23.790000915527344
2016-11-08,23.70499992370605
2016-11-09,24.59499931335449
2016-11-10,25.729999542236328
2016-11-11,26.059999465942383
2016-11-14,26.475000381469727
2016-11-15,25.924999237060547
2016-11-16,25.95499992370605
2016-11-17,26.809999465942383
2016-11-18,26.46999931335449
2016-11-21,26.78499984741211
2016-11-22,27.46500015258789
2016-11-23,27.434999465942383
2016-11-25,27.334999084472656
2016-11-28,27.315000534057617
2016-11-29,27.34499931335449
2016-11-30,27.38999938964844
2016-12-01,27.38999938964844
2016-12-02,27.20499992370605
2016-12-05,27.549999237060547
2016-12-06,27.45499992370605
2016-12-07,28.145000457763672
2016-12-08,28.450000762939453
2016-12-09,27.9950008392334
2016-12-12,27.530000686645508
2016-12-13,27.520000457763672
2016-12-14,27.450000762939453
2016-12-15,28.030000686645508
2016-12-16,27.3700008392334
2016-12-19,27.229999542236328
2016-12-20,27.315000534057617
2016-12-21,26.90999984741211
2016-12-22,24.88500022888184
2016-12-23,24.325000762939453
2016-12-27,24.424999237060547
2016-12-28,24.104999542236328
2016-12-29,24.065000534057617
2016-12-30,24.19499969482422
2017-01-03,24.739999771118164
2017-01-04,25.13500022888184
2017-01-05,24.64999961853028
2017-01-06,24.44499969482422
2017-01-09,24.350000381469727
2017-01-10,24.940000534057617
2017-01-11,24.71500015258789
2017-01-12,24.559999465942383
2017-01-13,24.725000381469727
2017-01-17,25.07999992370605
2017-01-18,25.09000015258789
2017-01-19,24.14999961853028
2017-01-20,24.31999969482422
2017-01-23,24.229999542236328
2017-01-24,24.424999237060547
2017-01-25,24.78499984741211
2017-01-26,24.364999771118164
2017-01-27,23.75
2017-01-30,23.77499961853028
2017-01-31,24.104999542236328
2017-02-01,23.71500015258789
2017-02-02,23.86000061035156
2017-02-03,23.7549991607666
2017-02-06,23.51000022888184
2017-02-07,23.450000762939453
2017-02-08,23.299999237060547
2017-02-09,23.71500015258789
2017-02-10,24.0
2017-02-13,23.559999465942383
2017-02-14,24.38999938964844
2017-02-15,24.57999992370605
2017-02-16,23.875
2017-02-17,24.02499961853028
2017-02-21,24.280000686645508
2017-02-22,24.09000015258789
2017-02-23,23.670000076293945
2017-02-24,24.190000534057617
2017-02-27,25.19499969482422
2017-02-28,24.295000076293945
2017-03-01,24.77499961853028
2017-03-02,25.045000076293945
2017-03-03,25.170000076293945
2017-03-06,24.13999938964844
2017-03-07,23.854999542236328
2017-03-08,24.434999465942383
2017-03-09,23.75
2017-03-10,24.045000076293945
2017-03-13,23.809999465942383
2017-03-14,23.76000022888184
2017-03-15,24.059999465942383
2017-03-16,24.625
2017-03-17,24.799999237060547
2017-03-20,24.25
2017-03-21,23.93000030517578
2017-03-22,24.20499992370605
2017-03-23,24.2450008392334
2017-03-24,23.979999542236328
2017-03-27,24.309999465942383
2017-03-28,24.7450008392334
2017-03-29,25.875
2017-03-30,26.21500015258789
2017-03-31,26.809999465942383
2017-04-03,26.90999984741211
2017-04-04,27.13999938964844
2017-04-05,26.8700008392334
2017-04-06,27.19499969482422
2017-04-07,27.21999931335449
2017-04-10,27.68000030517578
2017-04-11,27.795000076293945
2017-04-12,27.125
2017-04-13,27.190000534057617
2017-04-17,27.059999465942383
2017-04-18,26.94499969482422
2017-04-19,27.200000762939453
2017-04-20,27.459999084472656
2017-04-21,27.354999542236328
2017-04-24,27.299999237060547
2017-04-25,27.51000022888184
2017-04-26,27.32999992370605
2017-04-27,27.36000061035156
2017-04-28,27.02499961853028
2017-05-01,26.1299991607666
2017-05-02,26.770000457763672
2017-05-03,26.809999465942383
2017-05-04,26.86000061035156
2017-05-05,26.809999465942383
2017-05-08,26.51000022888184
2017-05-09,26.8799991607666
2017-05-10,27.28499984741211
2017-05-11,26.3700008392334
2017-05-12,25.68000030517578
2017-05-15,25.600000381469727
2017-05-16,25.11000061035156
2017-05-17,25.040000915527344
2017-05-18,24.86000061035156
2017-05-19,24.729999542236328
2017-05-22,24.81999969482422
2017-05-23,24.53499984741211
2017-05-24,24.80500030517578
2017-05-25,24.559999465942383
2017-05-26,24.565000534057617
2017-05-30,24.270000457763672
2017-05-31,24.32999992370605
2017-06-01,24.34000015258789
2017-06-02,24.23500061035156
2017-06-05,23.31999969482422
2017-06-06,23.27499961853028
2017-06-07,22.88500022888184
2017-06-08,23.30500030517578
2017-06-09,24.2549991607666
2017-06-12,24.700000762939453
2017-06-13,24.5
2017-06-14,24.55500030517578
2017-06-15,24.38999938964844
2017-06-16,23.98500061035156
2017-06-19,24.114999771118164
2017-06-20,23.44499969482422
2017-06-21,23.350000381469727
2017-06-22,23.59000015258789
2017-06-23,23.739999771118164
2017-06-26,23.78499984741211
2017-06-27,24.200000762939453
2017-06-28,24.415000915527344
2017-06-29,24.299999237060547
2017-06-30,24.25
2017-07-03,24.5049991607666
2017-07-05,24.03499984741211
2017-07-06,23.90999984741211
2017-07-07,23.645000457763672
2017-07-10,22.875
2017-07-11,22.809999465942383
2017-07-12,22.825000762939453
2017-07-13,23.21500015258789
2017-07-14,22.65999984741211
2017-07-17,22.5
2017-07-18,22.2549991607666
2017-07-19,22.38999938964844
2017-07-20,22.584999084472656
2017-07-21,22.57999992370605
2017-07-24,22.13500022888184
2017-07-25,22.545000076293945
2017-07-26,22.540000915527344
2017-07-27,23.299999237060547
2017-07-28,23.15999984741211
2017-07-31,23.21500015258789
2017-08-01,23.11000061035156
2017-08-02,23.02499961853028
2017-08-03,22.3700008392334
2017-08-04,22.88999938964844
2017-08-07,23.604999542236328
2017-08-08,23.48500061035156
2017-08-09,23.30500030517578
2017-08-10,22.674999237060547
2017-08-11,22.8700008392334
2017-08-14,23.145000457763672
2017-08-15,22.11000061035156
2017-08-16,22.34000015258789
2017-08-17,22.2450008392334
2017-08-18,21.78499984741211
2017-08-21,21.89999961853028
2017-08-22,21.424999237060547
2017-08-23,21.700000762939453
2017-08-24,22.479999542236328
2017-08-25,22.690000534057617
2017-08-28,22.915000915527344
2017-08-29,23.045000076293945
2017-08-30,22.979999542236328
2017-08-31,23.0
2017-09-01,23.25
2017-09-05,23.48500061035156
2017-09-06,23.63500022888184
2017-09-07,23.690000534057617
2017-09-08,23.64999961853028
2017-09-11,23.815000534057617
2017-09-12,24.59000015258789
2017-09-13,24.440000534057617
2017-09-14,24.225000381469727
2017-09-15,24.545000076293945
2017-09-18,24.31999969482422
2017-09-19,24.059999465942383
2017-09-20,23.65999984741211
2017-09-21,23.30500030517578
2017-09-22,23.38999938964844
2017-09-25,24.684999465942383
2017-09-26,25.0
2017-09-27,25.684999465942383
2017-09-28,25.334999084472656
2017-09-29,24.93000030517578
2017-10-02,24.8700008392334
2017-10-03,25.239999771118164
2017-10-04,25.26499938964844
2017-10-05,25.63500022888184
2017-10-06,26.09499931335449
2017-10-09,25.795000076293945
2017-10-10,25.70499992370605
2017-10-11,25.350000381469727
2017-10-12,24.44499969482422
2017-10-13,25.0
2017-10-16,24.940000534057617
2017-10-17,25.3700008392334
2017-10-18,25.39999961853028
2017-10-19,25.63500022888184
2017-10-20,26.459999084472656
2017-10-23,26.440000534057617
2017-10-24,26.84000015258789
2017-10-25,26.40999984741211
2017-10-26,26.229999542236328
2017-10-27,26.209999084472656
2017-10-30,26.040000915527344
2017-10-31,25.799999237060547
2017-11-01,25.7549991607666
2017-11-02,25.11000061035156
2017-11-03,24.934999465942383
2017-11-06,24.96500015258789
2017-11-07,23.924999237060547
2017-11-08,24.14999961853028
2017-11-09,24.479999542236328
2017-11-10,25.125
2017-11-13,25.674999237060547
2017-11-14,25.75
2017-11-15,25.38999938964844
2017-11-16,26.434999465942383
2017-11-17,22.88999938964844
2017-11-20,23.309999465942383
2017-11-21,22.795000076293945
2017-11-22,23.13999938964844
2017-11-24,23.09499931335449
2017-11-27,22.934999465942383
2017-11-28,23.51000022888184
2017-11-29,25.729999542236328
2017-11-30,25.57999992370605
2017-12-01,25.80500030517578
2017-12-04,27.125
2017-12-05,26.89999961853028
2017-12-06,26.71999931335449
2017-12-07,26.75
2017-12-08,26.6200008392334
2017-12-11,26.0
2017-12-12,25.450000762939453
2017-12-13,26.14999961853028
2017-12-14,25.19499969482422
2017-12-15,25.350000381469727
2017-12-18,26.36000061035156
2017-12-19,26.780000686645508
2017-12-20,26.95499992370605
2017-12-21,26.11000061035156
2017-12-22,26.2549991607666
2017-12-26,26.655000686645508
2017-12-27,26.6299991607666
2017-12-28,26.290000915527344
2017-12-29,25.850000381469727
2018-01-02,26.350000381469727
2018-01-03,26.530000686645508
2018-01-04,26.34000015258789
2018-01-05,26.64999961853028
2018-01-08,26.96500015258789
2018-01-09,26.7450008392334
2018-01-10,26.61000061035156
2018-01-11,27.225000381469727
2018-01-12,27.7450008392334
2018-01-16,26.924999237060547
2018-01-17,27.19499969482422
2018-01-18,27.299999237060547
2018-01-19,27.645000457763672
2018-01-22,27.729999542236328
2018-01-23,27.559999465942383
2018-01-24,26.834999084472656
2018-01-25,26.575000762939453
2018-01-26,26.70499992370605
2018-01-29,26.46999931335449
2018-01-30,26.045000076293945
2018-01-31,25.614999771118164
2018-02-01,25.46500015258789
2018-02-02,24.815000534057617
2018-02-05,24.565000534057617
2018-02-06,25.64999961853028
2018-02-07,25.89999961853028
2018-02-08,25.38500022888184
2018-02-09,25.905000686645508
2018-02-12,26.200000762939453
2018-02-13,26.3700008392334
2018-02-14,27.315000534057617
2018-02-15,26.934999465942383
2018-02-16,27.05500030517578
2018-02-20,26.2450008392334
2018-02-21,26.30500030517578
2018-02-22,26.625
2018-02-23,27.084999084472656
2018-02-26,26.565000534057617
2018-02-27,25.63999938964844
2018-02-28,25.8799991607666
2018-03-01,25.979999542236328
2018-03-02,26.434999465942383
2018-03-05,26.280000686645508
2018-03-06,26.71999931335449
2018-03-07,26.239999771118164
2018-03-08,26.145000457763672
2018-03-09,26.43000030517578
2018-03-12,26.02499961853028
2018-03-13,26.3700008392334
2018-03-14,26.850000381469727
2018-03-15,27.51499938964844
2018-03-16,27.65999984741211
2018-03-19,26.950000762939453
2018-03-20,26.63999938964844
2018-03-21,26.5
2018-03-22,25.375
2018-03-23,25.05500030517578
2018-03-26,25.799999237060547
2018-03-27,25.700000762939453
2018-03-28,25.920000076293945
2018-03-29,26.3799991607666
2018-04-02,24.8799991607666
2018-04-03,25.01000022888184
2018-04-04,25.61000061035156
2018-04-05,25.989999771118164
2018-04-06,25.14999961853028
2018-04-09,24.725000381469727
2018-04-10,25.239999771118164
2018-04-11,25.07999992370605
2018-04-12,24.434999465942383
2018-04-13,24.02499961853028
2018-04-16,24.209999084472656
2018-04-17,24.3799991607666
2018-04-18,24.795000076293945
2018-04-19,24.63500022888184
2018-04-20,24.48500061035156
2018-04-23,24.56999969482422
2018-04-24,24.424999237060547
2018-04-25,24.56999969482422
2018-04-26,24.420000076293945
2018-04-27,24.59000015258789
2018-04-30,23.89999961853028
2018-05-01,24.01499938964844
2018-05-02,24.104999542236328
2018-05-03,24.26000022888184
2018-05-04,24.7450008392334
2018-05-07,24.52499961853028
2018-05-08,24.475000381469727
2018-05-09,24.440000534057617
2018-05-10,24.0049991607666
2018-05-11,24.065000534057617
2018-05-14,24.315000534057617
2018-05-15,24.075000762939453
2018-05-16,24.190000534057617
2018-05-17,24.395000457763672
2018-05-18,24.334999084472656
2018-05-21,24.030000686645508
2018-05-22,23.64999961853028
2018-05-23,24.59000015258789
2018-05-24,25.979999542236328
2018-05-25,26.549999237060547
2018-05-29,27.354999542236328
2018-05-30,27.7549991607666
2018-05-31,27.684999465942383
2018-06-01,27.309999465942383
2018-06-04,29.30500030517578
2018-06-05,30.299999237060547
2018-06-06,30.81999969482422
2018-06-07,30.73500061035156
2018-06-08,31.0049991607666
2018-06-11,30.530000686645508
2018-06-12,31.020000457763672
2018-06-13,30.395000457763672
2018-06-14,30.424999237060547
2018-06-15,31.155000686645508
2018-06-18,31.670000076293945
2018-06-19,31.645000457763672
2018-06-20,32.275001525878906
2018-06-21,32.10499954223633
2018-06-22,31.71500015258789
2018-06-25,30.895000457763672
2018-06-26,31.040000915527344
2018-06-27,30.64999961853028
2018-06-28,30.655000686645508
2018-06-29,30.690000534057617
2018-07-02,30.4950008392334
2018-07-03,30.739999771118164
2018-07-05,30.70499992370605
2018-07-06,30.4950008392334
2018-07-09,30.725000381469727
2018-07-10,30.790000915527344
2018-07-11,30.25
2018-07-12,30.239999771118164
2018-07-13,30.61000061035156
2018-07-16,30.64999961853028
2018-07-17,30.96500015258789
2018-07-18,30.875
2018-07-19,31.3700008392334
2018-07-20,30.790000915527344
2018-07-23,30.23500061035156
2018-07-24,29.709999084472656
2018-07-25,30.104999542236328
2018-07-26,30.0049991607666
2018-07-27,29.07999992370605
2018-07-30,29.39999961853028
2018-07-31,29.2450008392334
2018-08-01,28.325000762939453
2018-08-02,28.84499931335449
2018-08-03,28.940000534057617
2018-08-06,28.96500015258789
2018-08-07,29.315000534057617
2018-08-08,29.604999542236328
2018-08-09,29.75
2018-08-10,29.114999771118164
2018-08-13,28.98500061035156
2018-08-14,29.809999465942383
2018-08-15,29.405000686645508
2018-08-16,28.96999931335449
2018-08-17,29.65999984741211
2018-08-20,30.0
2018-08-21,30.1299991607666
2018-08-22,31.30500030517578
2018-08-23,36.470001220703125
2018-08-24,35.68000030517578
2018-08-27,34.415000915527344
2018-08-28,34.310001373291016
2018-08-29,34.08000183105469
2018-08-30,34.14500045776367
2018-08-31,35.1150016784668
2018-09-04,36.15499877929688
2018-09-05,35.689998626708984
2018-09-06,35.46500015258789
2018-09-07,34.96500015258789
2018-09-10,34.724998474121094
2018-09-11,34.30500030517578
2018-09-12,34.775001525878906
2018-09-13,33.900001525878906
2018-09-14,33.94499969482422
2018-09-17,33.39500045776367
2018-09-18,33.67499923706055
2018-09-19,33.38999938964844
2018-09-20,33.244998931884766
2018-09-21,33.0099983215332
2018-09-24,32.755001068115234
2018-09-25,32.75
2018-09-26,32.974998474121094
2018-09-27,32.7400016784668
2018-09-28,32.86000061035156
2018-10-01,32.505001068115234
2018-10-02,31.540000915527344
2018-10-03,31.565000534057617
2018-10-04,31.059999465942383
2018-10-05,31.315000534057617
2018-10-08,31.614999771118164
2018-10-09,30.780000686645508
2018-10-10,30.280000686645508
2018-10-11,30.309999465942383
2018-10-12,30.44499969482422
2018-10-15,30.63500022888184
2018-10-16,31.30500030517578
2018-10-17,30.700000762939453
2018-10-18,30.07999992370605
2018-10-19,29.40999984741211
2018-10-22,29.26000022888184
2018-10-23,29.21999931335449
2018-10-24,28.07999992370605
2018-10-25,28.434999465942383
2018-10-26,28.450000762939453
2018-10-29,28.31999969482422
2018-10-30,29.920000076293945
2018-10-31,29.690000534057617
2018-11-01,30.6200008392334
2018-11-02,31.56999969482422
2018-11-05,31.325000762939453
2018-11-06,31.850000381469727
2018-11-07,31.3700008392334
2018-11-08,32.025001525878906
2018-11-09,32.0
2018-11-12,32.130001068115234
2018-11-13,32.4900016784668
2018-11-14,30.88999938964844
2018-11-15,30.280000686645508
2018-11-16,26.8799991607666
2018-11-19,26.364999771118164
2018-11-20,25.63500022888184
2018-11-21,26.309999465942383
2018-11-23,26.739999771118164
2018-11-26,27.63500022888184
2018-11-27,27.64999961853028
2018-11-28,28.48500061035156
2018-11-29,27.95499992370605
2018-11-30,28.315000534057617
2018-12-03,29.375
2018-12-04,27.549999237060547
2018-12-06,27.75
2018-12-07,26.9950008392334
2018-12-10,26.6200008392334
2018-12-11,26.21999931335449
2018-12-12,26.57999992370605
2018-12-13,26.19499969482422
2018-12-14,26.09000015258789
2018-12-17,24.84499931335449
2018-12-18,25.02499961853028
2018-12-19,24.645000457763672
2018-12-20,23.920000076293945
2018-12-21,23.5
2018-12-24,22.770000457763672
2018-12-26,24.905000686645508
2018-12-27,24.90999984741211
2018-12-28,24.940000534057617
2018-12-31,25.225000381469727
2019-01-02,25.084999084472656
2019-01-03,24.920000076293945
2019-01-04,25.280000686645508
2019-01-07,25.950000762939453
2019-01-08,26.64999961853028
2019-01-09,26.770000457763672
2019-01-10,26.125
2019-01-11,26.405000686645508
2019-01-14,26.670000076293945
2019-01-15,27.05500030517578
2019-01-16,26.239999771118164
2019-01-17,26.489999771118164
2019-01-18,26.94499969482422
2019-01-22,26.26000022888184
2019-01-23,25.7549991607666
2019-01-24,25.934999465942383
2019-01-25,26.459999084472656
2019-01-28,26.350000381469727
2019-01-29,26.27499961853028
2019-01-30,26.489999771118164
2019-01-31,27.21500015258789
2019-02-01,27.0
2019-02-04,27.51000022888184
2019-02-05,27.71999931335449
2019-02-06,27.520000457763672
2019-02-07,27.18000030517578
2019-02-08,26.440000534057617
2019-02-11,26.96999931335449
2019-02-12,27.81999969482422
2019-02-13,27.84000015258789
2019-02-14,27.75
2019-02-15,27.86000061035156
2019-02-19,27.84000015258789
2019-02-20,28.21500015258789
2019-02-21,27.709999084472656
2019-02-22,27.76499938964844
2019-02-25,28.59499931335449
2019-02-26,28.44499969482422
2019-02-27,29.459999084472656
2019-02-28,29.07999992370605
2019-03-01,29.424999237060547
2019-03-04,29.02499961853028
2019-03-05,29.165000915527344
2019-03-06,29.20499992370605
2019-03-07,28.90999984741211
2019-03-08,28.51499938964844
2019-03-11,28.80500030517578
2019-03-12,28.76499938964844
2019-03-13,28.4950008392334
2019-03-14,28.104999542236328
2019-03-15,28.09499931335449
2019-03-18,28.21999931335449
2019-03-19,28.3700008392334
2019-03-20,28.424999237060547
2019-03-21,29.61000061035156
2019-03-22,28.5
2019-03-25,28.96999931335449
2019-03-26,28.665000915527344
2019-03-27,28.59000015258789
2019-03-28,28.63500022888184
2019-03-29,28.13500022888184
2019-04-01,28.51000022888184
2019-04-02,28.81999969482422
2019-04-03,29.21500015258789
2019-04-04,29.68000030517578
2019-04-05,30.1200008392334
2019-04-08,30.075000762939453
2019-04-09,29.530000686645508
2019-04-10,29.905000686645508
2019-04-11,29.350000381469727
2019-04-12,28.86000061035156
2019-04-15,28.26499938964844
2019-04-16,28.540000915527344
2019-04-17,28.809999465942383
2019-04-18,28.655000686645508
2019-04-22,28.165000915527344
2019-04-23,28.36000061035156
2019-04-24,29.0
2019-04-25,28.14999961853028
2019-04-26,28.09000015258789
2019-04-29,28.375
2019-04-30,28.584999084472656
2019-05-01,27.674999237060547
2019-05-02,28.38999938964844
2019-05-03,28.31999969482422
2019-05-06,28.0049991607666
2019-05-07,27.045000076293945
2019-05-08,27.375
2019-05-09,27.520000457763672
2019-05-10,27.43000030517578
2019-05-13,26.1299991607666
2019-05-14,26.600000381469727
2019-05-15,26.600000381469727
2019-05-16,26.864999771118164
2019-05-17,26.63500022888184
2019-05-20,26.799999237060547
2019-05-21,27.290000915527344
2019-05-22,27.114999771118164
2019-05-23,25.84499931335449
2019-05-24,26.040000915527344
2019-05-28,26.2549991607666
2019-05-29,25.565000534057617
2019-05-30,25.795000076293945
2019-05-31,29.25
2019-06-03,29.14999961853028
2019-06-04,29.71999931335449
2019-06-05,29.459999084472656
2019-06-06,28.770000457763672
2019-06-07,28.38999938964844
2019-06-10,28.13999938964844
2019-06-11,29.190000534057617
2019-06-12,29.225000381469727
2019-06-13,30.63999938964844
2019-06-14,30.63500022888184
2019-06-17,30.4950008392334
2019-06-18,30.8799991607666
2019-06-19,31.01000022888184
2019-06-20,30.75
2019-06-21,30.65999984741211
2019-06-24,30.81999969482422
2019-06-25,31.350000381469727
2019-06-26,31.489999771118164
2019-06-27,32.130001068115234
2019-06-28,32.5
2019-07-01,32.28499984741211
2019-07-02,32.17499923706055
2019-07-03,32.21500015258789
2019-07-05,32.41999816894531
2019-07-08,31.88999938964844
2019-07-09,30.98500061035156
2019-07-10,31.575000762939453
2019-07-11,31.875
2019-07-12,32.720001220703125
2019-07-15,34.54999923706055
2019-07-16,35.130001068115234
2019-07-17,34.779998779296875
2019-07-18,34.79999923706055
2019-07-19,34.630001068115234
2019-07-22,34.5
2019-07-23,34.54499816894531
2019-07-24,35.10499954223633
2019-07-25,33.849998474121094
2019-07-26,34.0099983215332
2019-07-29,33.71500015258789
2019-07-30,33.665000915527344
2019-07-31,33.34000015258789
2019-08-01,32.07500076293945
2019-08-02,32.02000045776367
2019-08-05,31.915000915527344
2019-08-06,32.474998474121094
2019-08-07,32.41999816894531
2019-08-08,32.85499954223633
2019-08-09,32.07500076293945
2019-08-12,32.6150016784668
2019-08-13,33.04999923706055
2019-08-14,31.09499931335449
2019-08-15,31.44499969482422
2019-08-16,31.64999961853028
2019-08-19,32.54999923706055
2019-08-20,32.349998474121094
2019-08-21,32.72999954223633
2019-08-22,34.15999984741211
2019-08-23,33.654998779296875
2019-08-26,33.709999084472656
2019-08-27,34.20000076293945
2019-08-28,34.38999938964844
2019-08-29,32.08000183105469
2019-08-30,32.900001525878906
2019-09-03,31.354999542236328
2019-09-04,31.479999542236328
2019-09-05,32.415000915527344
2019-09-06,32.630001068115234
2019-09-09,33.41999816894531
2019-09-10,34.625
2019-09-11,34.2400016784668
2019-09-12,33.630001068115234
2019-09-13,33.994998931884766
2019-09-16,33.685001373291016
2019-09-17,33.595001220703125
2019-09-18,32.63999938964844
2019-09-19,32.53499984741211
2019-09-20,32.55500030517578
2019-09-23,33.650001525878906
2019-09-24,33.59000015258789
2019-09-25,33.71500015258789
2019-09-26,33.48500061035156
2019-09-27,33.96500015258789
2019-09-30,33.9900016784668
2019-10-01,33.904998779296875
2019-10-02,32.54999923706055
2019-10-03,32.474998474121094
2019-10-04,32.775001525878906
2019-10-07,32.404998779296875
2019-10-08,31.98500061035156
2019-10-09,32.51499938964844
2019-10-10,32.880001068115234
2019-10-11,34.30500030517578
2019-10-14,34.02000045776367
2019-10-15,34.959999084472656
2019-10-16,34.92499923706055
2019-10-17,35.14500045776367
2019-10-18,34.630001068115234
2019-10-21,35.244998931884766
2019-10-22,35.6150016784668
2019-10-23,34.8849983215332
2019-10-24,33.880001068115234
2019-10-25,34.52000045776367
2019-10-28,34.125
2019-10-29,34.310001373291016
2019-10-30,33.8650016784668
2019-10-31,33.39500045776367
2019-11-01,33.39500045776367
2019-11-04,33.7400016784668
2019-11-05,34.04499816894531
2019-11-06,34.26499938964844
2019-11-07,34.6150016784668
2019-11-08,34.619998931884766
2019-11-11,35.685001373291016
2019-11-12,35.23500061035156
2019-11-13,35.584999084472656
2019-11-14,36.22999954223633
2019-11-15,36.43000030517578
2019-11-18,36.470001220703125
2019-11-19,35.02000045776367
2019-11-20,34.29999923706055
2019-11-21,34.375
2019-11-22,33.709999084472656
2019-11-25,34.6150016784668
2019-11-26,35.66999816894531
2019-11-27,35.35499954223633
2019-11-29,34.70000076293945
2019-12-02,33.98500061035156
2019-12-03,33.73500061035156
2019-12-04,34.02000045776367
2019-12-05,34.07500076293945
2019-12-06,35.189998626708984
2019-12-09,34.91999816894531
2019-12-10,34.73500061035156
2019-12-11,35.029998779296875
2019-12-12,35.05500030517578
2019-12-13,34.6150016784668
2019-12-16,35.11000061035156
2019-12-17,35.65999984741211
2019-12-18,36.30500030517578
2019-12-19,36.43999862670898
2019-12-20,36.40999984741211
2019-12-23,36.80500030517578
2019-12-24,36.59000015258789
2019-12-26,37.005001068115234
2019-12-27,36.5099983215332
2019-12-30,36.720001220703125
2019-12-31,36.720001220703125
2020-01-02,36.31999969482422
2020-01-03,36.05500030517578
2020-01-06,36.18999862670898
2020-01-07,36.880001068115234
2020-01-08,37.125
2020-01-09,37.54999923706055
2020-01-10,37.185001373291016
2020-01-13,37.7599983215332
2020-01-14,38.005001068115234
2020-01-15,37.78499984741211
2020-01-16,38.2599983215332
2020-01-17,38.29499816894531
2020-01-21,38.08000183105469
2020-01-22,37.86000061035156
2020-01-23,37.73500061035156
2020-01-24,37.494998931884766
2020-01-27,36.67499923706055
2020-01-28,37.36000061035156
2020-01-29,36.82500076293945
2020-01-30,36.375
2020-01-31,35.040000915527344
2020-02-03,35.095001220703125
2020-02-04,35.630001068115234
2020-02-05,37.1150016784668
2020-02-06,36.0099983215332
2020-02-07,35.529998779296875
2020-02-10,35.755001068115234
2020-02-11,36.39500045776367
2020-02-12,37.2400016784668
2020-02-13,36.994998931884766
2020-02-14,37.0099983215332
2020-02-18,37.06499862670898
2020-02-19,36.540000915527344
2020-02-20,37.06999969482422
2020-02-21,36.834999084472656
2020-02-24,34.369998931884766
2020-02-25,33.27000045776367
2020-02-26,32.470001220703125
2020-02-27,31.700000762939453
2020-02-28,31.19499969482422
2020-03-02,32.29999923706055
2020-03-03,31.229999542236328
2020-03-04,32.57500076293945
2020-03-05,30.559999465942383
2020-03-06,30.075000762939453
2020-03-09,27.0
2020-03-10,27.315000534057617
2020-03-11,25.489999771118164
2020-03-12,21.309999465942383
2020-03-13,22.709999084472656
2020-03-16,17.790000915527344
2020-03-17,17.524999618530273
2020-03-18,15.329999923706056
2020-03-19,19.1299991607666
2020-03-20,18.184999465942383
2020-03-23,18.6299991607666
2020-03-24,21.2450008392334
2020-03-25,21.8700008392334
2020-03-26,21.96500015258789
2020-03-27,21.02499961853028
2020-03-30,21.684999465942383
2020-03-31,21.26000022888184
2020-04-01,18.799999237060547
2020-04-02,19.02499961853028
2020-04-03,19.09499931335449
2020-04-06,23.174999237060547
2020-04-07,22.565000534057617
2020-04-08,23.82999992370605
2020-04-09,25.540000915527344
2020-04-13,25.674999237060547
2020-04-14,26.71999931335449
2020-04-15,24.625
2020-04-16,24.299999237060547
2020-04-17,25.81999969482422
2020-04-20,25.38500022888184
2020-04-21,26.165000915527344
2020-04-22,26.475000381469727
2020-04-23,27.424999237060547
2020-04-24,28.989999771118164
2020-04-27,30.75
2020-04-28,31.065000534057617
2020-04-29,32.689998626708984
2020-04-30,30.920000076293945
2020-05-01,30.125
2020-05-04,31.30500030517578
2020-05-05,32.505001068115234
2020-05-06,33.08000183105469
2020-05-07,33.40999984741211
2020-05-08,34.154998779296875
2020-05-11,34.14500045776367
2020-05-12,33.94499969482422
2020-05-13,32.380001068115234
2020-05-14,32.58000183105469
2020-05-15,33.2599983215332
2020-05-18,35.13999938964844
2020-05-19,34.07500076293945
2020-05-20,33.18000030517578
2020-05-21,33.27000045776367
2020-05-22,33.244998931884766
2020-05-26,34.82500076293945
2020-05-27,36.67499923706055
2020-05-28,36.51499938964844
2020-05-29,41.60499954223633
2020-06-01,40.625
2020-06-02,43.0099983215332
2020-06-03,42.66999816894531
2020-06-04,42.505001068115234
2020-06-05,42.76499938964844
2020-06-08,42.665000915527344
2020-06-09,42.91999816894531
2020-06-10,42.20500183105469
2020-06-11,39.75
2020-06-12,40.09999847412109
2020-06-15,41.34999847412109
2020-06-16,42.63999938964844
2020-06-17,43.334999084472656
2020-06-18,43.07500076293945
2020-06-19,42.81999969482422
2020-06-22,42.52999877929688
2020-06-23,42.380001068115234
2020-06-24,41.81499862670898
2020-06-25,41.84999847412109
2020-06-26,41.61000061035156
2020-06-29,40.994998931884766
2020-06-30,41.005001068115234
2020-07-01,42.40999984741211
2020-07-02,41.59999847412109
2020-07-06,42.0
2020-07-07,41.83000183105469
2020-07-08,42.9900016784668
2020-07-09,42.31499862670898
2020-07-10,42.5099983215332
2020-07-13,41.45500183105469
2020-07-14,41.65999984741211
2020-07-15,42.42499923706055
2020-07-16,42.18999862670898
2020-07-17,41.900001525878906
2020-07-20,40.77000045776367
2020-07-21,41.26499938964844
2020-07-22,43.38999938964844
2020-07-23,42.65499877929688
2020-07-24,42.45500183105469
2020-07-27,43.29499816894531
2020-07-28,41.75
2020-07-29,42.79999923706055
2020-07-30,43.82500076293945
2020-07-31,43.560001373291016
2020-08-03,43.47999954223633
2020-08-04,43.94499969482422
2020-08-05,44.334999084472656
2020-08-06,44.869998931884766
2020-08-07,46.584999084472656
2020-08-10,46.91999816894531
2020-08-11,46.470001220703125
2020-08-12,46.84999847412109
2020-08-13,46.85499954223633
2020-08-14,47.290000915527344
2020-08-17,48.7400016784668
2020-08-18,48.255001068115234
2020-08-19,47.900001525878906
2020-08-20,47.6349983215332
2020-08-21,49.54999923706055
2020-08-24,49.630001068115234
2020-08-25,47.68000030517578
2020-08-26,49.47999954223633
2020-08-27,45.56499862670898
2020-08-28,44.77999877929688
2020-08-31,43.880001068115234
2020-09-01,44.02999877929688
2020-09-02,44.165000915527344
2020-09-03,42.85499954223633
2020-09-04,42.27999877929688
2020-09-08,43.18999862670898
2020-09-09,44.935001373291016
2020-09-10,45.34999847412109
2020-09-11,45.709999084472656
2020-09-14,46.709999084472656
2020-09-15,46.52000045776367
2020-09-16,45.73500061035156
2020-09-17,44.810001373291016
2020-09-18,43.584999084472656
2020-09-21,43.05500030517578
2020-09-22,43.93999862670898
2020-09-23,44.20000076293945
2020-09-24,43.375
2020-09-25,43.43000030517578
2020-09-28,44.18000030517578
2020-09-29,44.625
2020-09-30,45.220001220703125
2020-10-01,46.880001068115234
2020-10-02,47.255001068115234
2020-10-05,49.51499938964844
2020-10-06,48.59999847412109
2020-10-07,48.3650016784668
2020-10-08,49.41999816894531
2020-10-09,50.084999084472656
2020-10-12,49.84999847412109
2020-10-13,52.880001068115234
2020-10-14,52.18000030517578
2020-10-15,52.63999938964844
2020-10-16,52.5
2020-10-19,52.48500061035156
2020-10-20,51.38999938964844
2020-10-21,49.290000915527344
2020-10-22,48.83000183105469
2020-10-23,49.68999862670898
2020-10-26,48.39500045776367
2020-10-27,48.084999084472656
2020-10-28,47.36000061035156
2020-10-29,47.11000061035156
2020-10-30,45.60499954223633
2020-11-02,46.060001373291016
2020-11-03,48.125
2020-11-04,49.39500045776367
2020-11-05,49.47499847412109
2020-11-06,49.89500045776367
2020-11-09,44.90999984741211
2020-11-10,45.48500061035156
2020-11-11,47.88999938964844
2020-11-12,46.18000030517578
2020-11-13,46.77999877929688
2020-11-16,47.95500183105469
2020-11-17,48.29999923706055
2020-11-18,48.58000183105469
2020-11-19,50.52000045776367
2020-11-20,53.85499954223633
2020-11-23,56.290000915527344
2020-11-24,56.47999954223633
2020-11-25,56.005001068115234
2020-11-27,54.970001220703125
2020-11-30,54.73500061035156
2020-12-01,55.369998931884766
2020-12-02,55.07500076293945
2020-12-03,55.55500030517578
2020-12-04,55.88999938964844
2020-12-07,53.185001373291016
2020-12-08,53.78499984741211
2020-12-09,54.09999847412109
2020-12-10,52.435001373291016
2020-12-11,52.5
2020-12-14,53.505001068115234
2020-12-15,55.22499847412109
2020-12-16,56.17499923706055
2020-12-17,56.45000076293945
2020-12-18,54.81999969482422
2020-12-21,54.47999954223633
2020-12-22,53.91999816894531
2020-12-23,53.900001525878906
2020-12-24,53.84000015258789
2020-12-28,52.060001373291016
2020-12-29,52.18000030517578
2020-12-30,51.73500061035156
2020-12-31,50.91999816894531
2021-01-04,51.47499847412109
2021-01-05,52.08000183105469
2021-01-06,53.45500183105469
2021-01-07,54.275001525878906
2021-01-08,53.94499969482422
2021-01-11,55.59000015258789
2021-01-12,59.125
2021-01-13,59.96500015258789
2021-01-14,62.56499862670898
2021-01-15,62.43000030517578
2021-01-19,62.494998931884766
2021-01-20,64.2699966430664
2021-01-21,63.35499954223633
2021-01-22,66.16000366210938
2021-01-25,66.27999877929688
2021-01-26,68.19999694824219
2021-01-27,73.80000305175781
2021-01-28,66.95999908447266
2021-01-29,64.45999908447266
2021-02-01,62.70000076293945
2021-02-02,62.869998931884766
2021-02-03,63.39500045776367
2021-02-04,63.91999816894531
2021-02-05,64.375
2021-02-08,64.31999969482422
2021-02-09,64.54000091552734
2021-02-10,63.56999969482422
2021-02-11,63.81999969482422
2021-02-12,63.30500030517578
2021-02-16,62.380001068115234
2021-02-17,62.16999816894531
2021-02-18,63.71500015258789
2021-02-19,64.91500091552734
2021-02-22,63.78499984741211
2021-02-23,64.30000305175781
2021-02-24,64.55000305175781
2021-02-25,64.12999725341797
2021-02-26,65.6449966430664
2021-03-01,67.72000122070312
2021-03-02,67.86000061035156
2021-03-03,66.27999877929688
2021-03-04,63.23500061035156
2021-03-05,64.08499908447266
2021-03-08,65.75499725341797
2021-03-09,64.57499694824219
2021-03-10,66.375
2021-03-11,67.2300033569336
2021-03-12,67.54000091552734
2021-03-15,68.5
2021-03-16,69.25
2021-03-17,68.19499969482422
2021-03-18,80.78500366210938
2021-03-19,87.41999816894531
2021-03-22,90.0
2021-03-23,90.00499725341797
2021-03-24,82.91500091552734
2021-03-25,86.12000274658203
2021-03-26,89.38999938964844
2021-03-29,89.7699966430664
2021-03-30,92.0
2021-03-31,89.5999984741211
2021-04-01,91.04000091552734
2021-04-05,91.44000244140624
2021-04-06,93.44499969482422
2021-04-07,89.30500030517578
2021-04-08,92.65499877929688
2021-04-09,91.61000061035156
2021-04-12,88.44999694824219
2021-04-13,87.38500213623047
2021-04-14,86.31500244140625
2021-04-15,86.04000091552734
2021-04-16,87.15499877929688
2021-04-19,84.47000122070312
2021-04-20,84.13500213623047
2021-04-21,85.68499755859375
2021-04-22,84.29499816894531
2021-04-23,86.34500122070312
2021-04-26,88.95500183105469
2021-04-27,89.41999816894531
2021-04-28,88.0250015258789
2021-04-29,87.875
2021-04-30,85.375
2021-05-03,87.67500305175781
2021-05-04,86.07499694824219
2021-05-05,87.76000213623047
2021-05-06,91.5749969482422
2021-05-07,93.3499984741211
2021-05-10,93.5199966430664
2021-05-11,90.5749969482422
2021-05-12,84.04499816894531
2021-05-13,83.80500030517578
2021-05-14,85.88500213623047
2021-05-17,85.6449966430664
2021-05-18,85.1449966430664
2021-05-19,81.80000305175781
2021-05-20,81.6500015258789
2021-05-21,81.5
2021-05-24,82.47000122070312
2021-05-25,83.49500274658203
2021-05-26,85.6449966430664
2021-05-27,85.55500030517578
2021-05-28,84.7699966430664
2021-06-01,85.4749984741211
2021-06-02,86.69499969482422
2021-06-03,82.1050033569336
2021-06-04,83.25499725341797
2021-06-07,84.93000030517578
2021-06-08,85.17500305175781
2021-06-09,83.66000366210938
2021-06-10,83.33999633789062
2021-06-11,84.875
2021-06-14,82.62000274658203
2021-06-15,80.75
2021-06-16,79.875
2021-06-17,78.0199966430664
2021-06-18,75.46499633789062
2021-06-21,77.69000244140625
2021-06-22,77.50499725341797
2021-06-23,78.9000015258789
2021-06-24,79.1500015258789
2021-06-25,79.625
2021-06-28,79.74500274658203
2021-06-29,80.62000274658203
2021-06-30,79.82499694824219
2021-07-01,80.12999725341797
2021-07-02,80.79000091552734
2021-07-06,80.66500091552734
2021-07-07,81.7750015258789
2021-07-08,79.68499755859375
2021-07-09,82.37999725341797
2021-07-12,82.81500244140625
2021-07-13,81.75499725341797
2021-07-14,80.40499877929688
2021-07-15,78.97000122070312
2021-07-16,77.08999633789062
2021-07-19,77.29499816894531
2021-07-20,79.49500274658203
2021-07-21,79.46499633789062
2021-07-22,77.19499969482422
2021-07-23,78.52999877929688
2021-07-26,78.16999816894531
2021-07-27,76.99500274658203
2021-07-28,78.2750015258789
2021-07-29,78.58000183105469
2021-07-30,75.8499984741211
2021-08-02,77.41500091552734
2021-08-03,79.3499984741211
2021-08-04,78.26000213623047
2021-08-05,78.95500183105469
2021-08-06,77.32499694824219
2021-08-09,76.41999816894531
2021-08-10,79.3949966430664
2021-08-11,81.80000305175781
2021-08-12,81.75
2021-08-13,79.65499877929688
2021-08-16,82.19499969482422
2021-08-17,80.56500244140625
2021-08-18,81.40499877929688
2021-08-19,79.32499694824219
2021-08-20,81.76000213623047
2021-08-23,81.05500030517578
2021-08-24,84.77999877929688
2021-08-25,85.37000274658203
2021-08-26,93.33999633789062
2021-08-27,91.93000030517578
2021-08-30,92.91000366210938
2021-08-31,93.3499984741211
2021-09-01,91.625
2021-09-02,91.01000213623048
2021-09-03,89.6050033569336
2021-09-07,86.52999877929688
2021-09-08,87.5999984741211
2021-09-09,90.4749984741211
2021-09-10,89.70500183105469
2021-09-13,89.03500366210938
2021-09-14,89.19999694824219
2021-09-15,92.125
2021-09-16,94.1449966430664
2021-09-17,92.68000030517578
2021-09-20,91.45999908447266
2021-09-21,92.36499786376952
2021-09-22,94.95500183105467
2021-09-23,94.25499725341795
2021-09-24,95.62000274658205
2021-09-27,97.2300033569336
2021-09-28,95.87999725341795
2021-09-29,95.83000183105467
2021-09-30,88.66500091552734
2021-10-01,87.44999694824219
2021-10-04,85.04499816894531
2021-10-05,84.87000274658203
2021-10-06,83.43000030517578
2021-10-07,86.32499694824219
2021-10-08,85.51000213623047
2021-10-11,85.70500183105469
2021-10-12,86.4749984741211
2021-10-13,87.0199966430664
2021-10-14,89.41999816894531
2021-10-15,91.12999725341795
2021-10-18,92.8249969482422
2021-10-19,92.6449966430664
2021-10-20,93.56500244140624
2021-10-21,94.30999755859376
2021-10-22,94.79000091552734
2021-10-25,92.61499786376952
2021-10-26,91.16000366210938
2021-10-27,90.95999908447266
2021-10-28,92.0749969482422
2021-10-29,92.86499786376952
2021-11-01,93.88999938964844
2021-11-02,97.0500030517578
2021-11-03,101.94000244140624
2021-11-04,103.69000244140624
2021-11-05,103.61499786376952
2021-11-08,101.68499755859376
2021-11-09,102.29499816894533
2021-11-10,100.6999969482422
2021-11-11,103.16999816894533
2021-11-12,105.24500274658205
2021-11-15,106.0
2021-11-16,110.81500244140624
2021-11-17,104.9749984741211
2021-11-18,109.44499969482422
2021-11-19,107.8249969482422
2021-11-22,108.70999908447266
2021-11-23,105.75
2021-11-24,104.90499877929688
2021-11-26,102.86000061035156
2021-11-29,103.0
2021-11-30,97.41999816894533
2021-12-01,93.34500122070312
2021-12-02,92.33000183105467
2021-12-03,90.5
2021-12-06,88.73500061035156
2021-12-07,91.45999908447266
2021-12-08,91.33000183105467
2021-12-09,90.41000366210938
2021-12-10,87.71499633789062
2021-12-13,84.81999969482422
2021-12-14,85.0
2021-12-15,85.80000305175781
2021-12-16,82.48999786376953
2021-12-17,84.72000122070312
2021-12-20,81.2750015258789
2021-12-21,83.96499633789062
2021-12-22,85.94499969482422
2021-12-23,84.4800033569336
2021-12-27,84.30500030517578
2021-12-28,83.83000183105469
2021-12-29,84.83499908447266
2021-12-30,84.69499969482422
2021-12-31,84.56500244140625
2022-01-03,84.43499755859375
2022-01-04,82.94000244140625
2022-01-05,77.03500366210938
2022-01-06,78.30500030517578
2022-01-07,75.43000030517578
2022-01-10,75.95999908447266
2022-01-11,76.72000122070312
2022-01-12,75.84500122070312
2022-01-13,74.37000274658203
2022-01-14,73.5199966430664
2022-01-18,73.45999908447266
2022-01-19,73.94999694824219
2022-01-20,71.29000091552734
2022-01-21,71.29000091552734
2022-01-24,77.46499633789062
2022-01-25,78.11000061035156
2022-01-26,74.9000015258789
2022-01-27,73.18499755859375
2022-01-28,77.40499877929688
2022-01-31,80.2699966430664
2022-02-01,82.4000015258789
2022-02-02,81.88500213623047
2022-02-03,80.78500366210938
2022-02-04,81.1500015258789
2022-02-07,81.0
2022-02-08,82.05000305175781
2022-02-09,81.83499908447266
2022-02-10,79.00499725341797
2022-02-11,77.08999633789062
2022-02-14,76.58999633789062
2022-02-15,77.16500091552734
2022-02-16,74.75499725341797
2022-02-17,71.29000091552734
2022-02-18,70.18000030517578
2022-02-22,66.43499755859375
2022-02-23,66.95999908447266
2022-02-24,70.42500305175781
2022-02-25,72.26499938964844
2022-02-28,72.43000030517578
2022-03-01,73.3550033569336
2022-03-02,74.875
2022-03-03,75.83000183105469
2022-03-04,75.91000366210938
2022-03-07,70.71499633789062
2022-03-08,72.80999755859375
2022-03-09,73.0999984741211
2022-03-10,73.22000122070312
2022-03-11,70.56500244140625
2022-03-14,72.30999755859375
2022-03-15,74.25499725341797
2022-03-16,76.2249984741211
2022-03-17,80.34500122070312
2022-03-18,82.08999633789062
2022-03-21,79.31500244140625
2022-03-22,78.83499908447266
2022-03-23,74.44499969482422
2022-03-24,73.375
2022-03-25,72.79000091552734
2022-03-28,74.2750015258789
2022-03-29,77.90499877929688
2022-03-30,72.44000244140625
2022-03-31,72.5
2022-04-01,70.94999694824219
2022-04-04,73.53500366210938
2022-04-05,74.38999938964844
2022-04-06,70.45500183105469
2022-04-07,71.50499725341797
2022-04-08,73.45999908447266
2022-04-11,75.7300033569336
2022-04-12,76.1500015258789
2022-04-13,76.56999969482422
2022-04-14,74.48999786376953
2022-04-18,70.625
2022-04-19,73.58999633789062
2022-04-20,71.80000305175781
2022-04-21,70.17500305175781
2022-04-22,67.62999725341797
2022-04-25,70.19999694824219
2022-04-26,67.68499755859375
2022-04-27,67.30999755859375
2022-04-28,69.12999725341797
2022-04-29,65.23999786376953
2022-05-02,68.88999938964844
2022-05-03,69.75
2022-05-04,71.08499908447266
2022-05-05,66.17500305175781
2022-05-06,61.845001220703125
2022-05-09,62.130001068115234
2022-05-10,63.52999877929688
2022-05-11,61.97999954223633
2022-05-12,62.525001525878906
2022-05-13,63.05500030517578
2022-05-16,62.03499984741211
2022-05-17,64.26499938964844
2022-05-18,55.23500061035156
2022-05-19,56.16999816894531
2022-05-20,54.07500076293945
2022-05-23,54.150001525878906
2022-05-24,52.73500061035156
2022-05-25,57.4900016784668
2022-05-26,65.0
2022-05-27,65.45500183105469
2022-05-31,63.959999084472656
2022-06-01,62.51499938964844
2022-06-02,64.95500183105469
2022-06-03,62.13999938964844
2022-06-06,63.72499847412109
2022-06-07,62.8650016784668
2022-06-08,63.040000915527344
2022-06-09,63.07500076293945
2022-06-10,60.619998931884766
2022-06-13,59.81499862670898
2022-06-14,60.34999847412109
2022-06-15,60.64500045776367
2022-06-16,57.82500076293945
2022-06-17,59.43000030517578
2022-06-21,59.80500030517578
2022-06-22,59.92499923706055
2022-06-23,60.625
2022-06-24,63.04499816894531
2022-06-27,61.15999984741211
2022-06-28,59.20500183105469
2022-06-29,58.04999923706055
2022-06-30,55.47499847412109
2022-07-01,56.40499877929688
2022-07-05,61.67499923706055
2022-07-06,60.525001525878906
2022-07-07,63.97999954223633
2022-07-08,65.23500061035156
2022-07-11,63.40499877929688
2022-07-12,64.15499877929688
2022-07-13,65.1050033569336
2022-07-14,63.375
2022-07-15,65.94999694824219
2022-07-18,66.00499725341797
2022-07-19,68.75499725341797
2022-07-20,68.76499938964844
2022-07-21,70.36499786376953
2022-07-22,68.62999725341797
2022-07-25,68.2249984741211
2022-07-26,66.83999633789062
2022-07-27,69.04000091552734
2022-07-28,70.25
2022-07-29,72.20999908447266
2022-08-01,72.69999694824219
2022-08-02,70.72000122070312
2022-08-03,72.34500122070312
2022-08-04,72.375
2022-08-05,73.48999786376953
2022-08-08,77.37999725341797
2022-08-09,74.12999725341797
2022-08-10,77.25
2022-08-11,77.87000274658203
2022-08-12,79.41500091552734
2022-08-15,80.73500061035156
2022-08-16,84.43499755859375
2022-08-17,82.40499877929688
2022-08-18,83.48500061035156
2022-08-19,81.41500091552734
2022-08-22,79.7249984741211
2022-08-23,82.22000122070312
2022-08-24,81.22000122070312
2022-08-25,82.99500274658203
2022-08-26,77.31500244140625
2022-08-29,77.54000091552734
2022-08-30,77.08999633789062
2022-08-31,74.375
2022-09-01,73.45999908447266
2022-09-02,72.91999816894531
2022-09-06,70.5
2022-09-07,73.26000213623047
2022-09-08,74.48999786376953
2022-09-09,75.16999816894531
2022-09-12,76.83000183105469
2022-09-13,71.72000122070312
2022-09-14,71.54499816894531
2022-09-15,69.19999694824219
2022-09-16,67.16999816894531
2022-09-19,68.77999877929688
2022-09-20,65.92500305175781
2022-09-21,66.02999877929688
2022-09-22,64.50499725341797
2022-09-23,62.744998931884766
2022-09-26,60.595001220703125
2022-09-27,61.65499877929688
2022-09-28,63.85499954223633
2022-09-29,61.22499847412109
2022-09-30,58.92499923706055
2022-10-03,61.10499954223633
2022-10-04,64.28500366210938
2022-10-05,63.59000015258789
2022-10-06,63.02999877929688
2022-10-07,59.22499847412109
2022-10-10,60.14500045776367
2022-10-11,61.875
2022-10-12,61.97999954223633
2022-10-13,61.119998931884766
2022-10-14,58.64500045776367
2022-10-17,60.72499847412109
2022-10-18,60.470001220703125
2022-10-19,57.96500015258789
2022-10-20,56.755001068115234
2022-10-21,58.80500030517578
2022-10-24,58.34999847412109
2022-10-25,60.7599983215332
2022-10-26,61.52999877929688
2022-10-27,61.3650016784668
2022-10-28,61.375
2022-10-31,61.915000915527344
2022-11-01,62.400001525878906
2022-11-02,57.76499938964844
2022-11-03,58.560001373291016
2022-11-04,59.56499862670898
2022-11-07,61.73500061035156
2022-11-08,59.48500061035156
2022-11-09,57.6150016784668
2022-11-10,64.3550033569336
2022-11-11,67.66500091552734
2022-11-14,66.80000305175781
2022-11-15,67.68000030517578
2022-11-16,63.34999847412109
2022-11-17,65.19499969482422
2022-11-18,61.185001373291016
2022-11-21,59.595001220703125
2022-11-22,61.915000915527344
2022-11-23,61.86000061035156
2022-11-25,61.209999084472656
2022-11-28,58.244998931884766
2022-11-29,57.77999877929688
2022-11-30,58.45000076293945
2022-12-01,58.36000061035156
2022-12-02,58.22499847412109
2022-12-05,56.709999084472656
2022-12-06,55.85499954223633
2022-12-07,55.900001525878906
2022-12-08,56.6349983215332
2022-12-09,57.61000061035156
2022-12-12,58.36000061035156
2022-12-13,58.85499954223633
2022-12-14,58.125
2022-12-15,58.2599983215332
2022-12-16,55.85499954223633
2022-12-19,57.790000915527344
2022-12-20,57.66999816894531
2022-12-21,59.31499862670898
2022-12-22,58.994998931884766
2022-12-23,60.11000061035156
2022-12-27,58.52000045776367
2022-12-28,57.46500015258789
2022-12-29,58.275001525878906
2022-12-30,57.459999084472656
2023-01-03,57.03499984741211
2023-01-04,59.084999084472656
2023-01-05,58.40499877929688
2023-01-06,61.880001068115234
2023-01-09,61.084999084472656
2023-01-10,62.85499954223633
2023-01-11,65.05000305175781
2023-01-12,64.30000305175781
2023-01-13,64.25499725341797
2023-01-17,63.41999816894531
2023-01-18,62.20000076293945
2023-01-19,59.58000183105469
2023-01-20,61.84999847412109
2023-01-23,61.875
2023-01-24,60.244998931884766
2023-01-25,62.20000076293945
2023-01-26,63.04999923706055
2023-01-27,63.334999084472656
2023-01-30,64.80999755859375
2023-01-31,67.47000122070312
2023-02-01,69.7300033569336
2023-02-02,71.77999877929688
2023-02-03,70.24500274658203
2023-02-06,67.31999969482422
2023-02-07,66.87000274658203
2023-02-08,64.44999694824219
2023-02-09,63.32500076293945
2023-02-10,61.994998931884766
2023-02-13,65.25499725341797
2023-02-14,64.69499969482422
2023-02-15,65.62000274658203
2023-02-16,66.16000366210938
2023-02-17,65.29499816894531
2023-02-21,64.08499908447266
2023-02-22,64.32499694824219
2023-02-23,63.1349983215332
2023-02-24,62.34000015258789
2023-02-27,63.470001220703125
2023-02-28,62.459999084472656
2023-03-01,61.755001068115234
2023-03-02,61.65999984741211
2023-03-03,61.45500183105469
2023-03-06,60.43000030517578
2023-03-07,62.33000183105469
2023-03-08,61.94499969482422
2023-03-09,61.900001525878906
2023-03-10,60.29999923706055
2023-03-13,59.1349983215332
2023-03-14,59.470001220703125
2023-03-15,59.30500030517578
2023-03-16,59.97499847412109
2023-03-17,58.43000030517578
2023-03-20,59.540000915527344
2023-03-21,61.61000061035156
2023-03-22,59.505001068115234
2023-03-23,59.45500183105469
2023-03-24,58.84999847412109
2023-03-27,59.435001373291016
2023-03-28,59.28499984741211
2023-03-29,59.07500076293945
2023-03-30,59.09999847412109
2023-03-31,60.83000183105469
2023-04-03,60.72499847412109
2023-04-04,59.54499816894531
2023-04-05,58.91999816894531
2023-04-06,58.47999954223633
2023-04-10,59.15999984741211
2023-04-11,59.75
2023-04-12,58.9900016784668
2023-04-13,59.095001220703125
2023-04-14,59.244998931884766
2023-04-17,59.29999923706055
2023-04-18,60.5
2023-04-19,61.14500045776367
2023-04-20,61.07500076293945
2023-04-21,60.6349983215332
2023-04-24,60.18999862670898
2023-04-25,58.7400016784668
2023-04-26,58.63999938964844
2023-04-27,61.130001068115234
2023-04-28,60.52000045776367
2023-05-01,59.27999877929688
2023-05-02,58.7400016784668
2023-05-03,57.71500015258789
2023-05-04,57.54499816894531
2023-05-05,59.165000915527344
2023-05-08,58.27000045776367
2023-05-09,57.584999084472656
2023-05-10,56.584999084472656
2023-05-11,56.6349983215332
2023-05-12,56.96500015258789
2023-05-15,58.220001220703125
2023-05-16,55.83000183105469
2023-05-17,57.435001373291016
2023-05-18,59.04999923706055
2023-05-19,57.39500045776367
2023-05-22,56.08000183105469
2023-05-23,55.92499923706055
2023-05-24,57.095001220703125
2023-05-25,55.58000183105469
2023-05-26,56.80500030517578
2023-05-30,57.875
2023-05-31,56.755001068115234
2023-06-01,56.970001220703125
2023-06-02,59.27999877929688
2023-06-05,58.80500030517578
2023-06-06,61.93999862670898
2023-06-07,64.79499816894531
2023-06-08,63.08000183105469
2023-06-09,62.77999877929688
2023-06-12,62.525001525878906
2023-06-13,64.7249984741211
2023-06-14,62.80500030517578
2023-06-15,63.625
2023-06-16,62.31999969482422
2023-06-20,60.84000015258789
2023-06-21,60.48500061035156
2023-06-22,60.02000045776367
2023-06-23,60.08000183105469
2023-06-26,61.7599983215332
2023-06-27,63.185001373291016
2023-06-28,62.69499969482422
2023-06-29,61.53499984741211
2023-06-30,62.56999969482422
2023-07-03,63.52000045776367
2023-07-05,63.665000915527344
2023-07-06,62.119998931884766
2023-07-07,60.46500015258789
2023-07-10,63.16999816894531
2023-07-11,64.66000366210938
2023-07-12,65.26000213623047
2023-07-13,64.9000015258789
2023-07-14,63.415000915527344
2023-07-17,62.56999969482422
2023-07-18,64.45500183105469
2023-07-19,65.875
2023-07-20,65.2750015258789
2023-07-21,64.38500213623047
2023-07-24,65.16999816894531
2023-07-25,67.37000274658203
2023-07-26,68.48500061035156
2023-07-27,68.76499938964844
2023-07-28,70.33000183105469
2023-07-31,69.31999969482422
2023-08-01,69.2300033569336
2023-08-02,69.08999633789062
2023-08-03,70.94999694824219
2023-08-04,69.66999816894531
2023-08-07,69.77999877929688
2023-08-08,69.78500366210938
2023-08-09,68.5999984741211
2023-08-10,67.80999755859375
2023-08-11,67.06500244140625
2023-08-14,66.5999984741211
2023-08-15,66.25499725341797
2023-08-16,66.3499984741211
2023-08-17,65.80500030517578
2023-08-18,67.20999908447266
2023-08-21,64.41500091552734
2023-08-22,62.57500076293945
2023-08-23,71.01000213623047
2023-08-24,69.7699966430664
2023-08-25,70.23500061035156
2023-08-28,70.93000030517578
2023-08-29,71.19999694824219
2023-08-30,71.19499969482422
2023-08-31,70.5999984741211
2023-09-01,72.24500274658203
2023-09-05,71.9800033569336
2023-09-06,70.3949966430664
2023-09-07,71.99500274658203
2023-09-08,71.82499694824219
2023-09-11,71.61000061035156
2023-09-12,69.52999877929688
2023-09-13,71.2300033569336
2023-09-14,72.56500244140625
2023-09-15,71.99500274658203
2023-09-18,72.19999694824219
2023-09-19,71.63999938964844
2023-09-20,71.38500213623047
2023-09-21,70.625
2023-09-22,70.00499725341797
2023-09-25,78.13999938964844
2023-09-26,76.83499908447266
2023-09-27,78.58999633789062
2023-09-28,77.20500183105469
2023-09-29,77.69999694824219
2023-10-02,77.1050033569336
2023-10-03,75.33999633789062
2023-10-04,75.82499694824219
2023-10-05,75.55000305175781
2023-10-06,77.71499633789062
2023-10-09,80.05500030517578
2023-10-10,79.625
2023-10-11,81.21499633789062
2023-10-12,81.28500366210938
2023-10-13,80.76000213623047
2023-10-16,81.13999938964844
2023-10-17,81.7300033569336
2023-10-18,80.16500091552734
2023-10-19,78.99500274658203
2023-10-20,78.56500244140625
2023-10-23,78.2300033569336
2023-10-24,78.15499877929688
2023-10-25,76.38500213623047
2023-10-26,72.11499786376953
2023-10-27,72.91000366210938
2023-10-30,74.11000061035156
2023-10-31,75.12000274658203
2023-11-01,74.7699966430664
2023-11-02,76.26000213623047
2023-11-03,77.15499877929688
2023-11-06,76.08000183105469
2023-11-07,74.96499633789062
2023-11-08,74.91000366210938
2023-11-09,73.76000213623047
2023-11-10,74.18000030517578
2023-11-13,74.37999725341797
2023-11-14,79.06999969482422
2023-11-15,80.69499969482422
2023-11-16,85.7249984741211
2023-11-17,89.42500305175781
2023-11-20,90.9749984741211
2023-11-21,89.97000122070312
2023-11-22,90.73500061035156
2023-11-24,91.7699966430664
2023-11-27,91.76000213623048
2023-11-28,92.01000213623048
2023-11-29,93.56999969482422
2023-11-30,93.7699966430664
2023-12-01,97.9250030517578
2023-12-04,99.1500015258789
2023-12-05,97.62000274658205
2023-12-06,96.94499969482422
2023-12-07,97.66000366210938
2023-12-08,97.40499877929688
2023-12-11,97.6050033569336
2023-12-12,94.80500030517578
2023-12-13,98.78500366210938
2023-12-14,103.2300033569336
2023-12-15,102.37999725341795
2023-12-18,99.87999725341795
2023-12-19,101.6050033569336
2023-12-20,100.73999786376952
2023-12-21,102.37999725341795
2023-12-22,101.78500366210938
2023-12-26,101.38500213623048
2023-12-27,101.6999969482422
2023-12-28,101.65499877929688
2023-12-29,100.88999938964844
2024-01-02,101.65499877929688
2024-01-03,97.2750015258789
2024-01-04,97.59500122070312
2024-01-05,98.06500244140624
2024-01-08,99.70500183105467
2024-01-09,99.36000061035156
2024-01-10,99.04000091552734
2024-01-11,101.16999816894533
2024-01-12,101.9800033569336
2024-01-16,101.5
2024-01-17,101.95999908447266
2024-01-18,103.44499969482422
2024-01-19,103.20999908447266
2024-01-22,104.79499816894533
2024-01-23,105.29499816894533
2024-01-24,103.86000061035156
2024-01-25,105.06999969482422
2024-01-26,104.2750015258789
2024-01-29,100.74500274658205
2024-01-30,100.29000091552734
2024-01-31,96.69499969482422
2024-02-01,98.48999786376952
2024-02-02,100.16999816894533
2024-02-05,99.84500122070312
2024-02-06,102.34500122070312
2024-02-07,102.76000213623048
2024-02-08,107.93000030517578
2024-02-09,109.99500274658205
2024-02-12,113.38500213623048
2024-02-13,111.0199966430664
2024-02-14,111.1999969482422
2024-02-15,111.45999908447266
2024-02-16,113.0500030517578
2024-02-20,111.91000366210938
2024-02-21,109.9800033569336
2024-02-22,112.75
2024-02-23,113.30500030517578
2024-02-26,114.86499786376952
2024-02-27,116.72000122070312
2024-02-28,116.37000274658205
2024-02-29,117.76499938964844
2024-03-01,118.31999969482422
2024-03-04,118.8249969482422
2024-03-05,120.16500091552734
2024-03-06,119.8550033569336
2024-03-07,123.74500274658205
2024-03-08,117.4499969482422
2024-03-11,118.1750030517578
2024-03-12,120.5250015258789
2024-03-13,141.93499755859375
2024-03-14,142.8249969482422
2024-03-15,141.88499450683594
2024-03-18,142.6300048828125
2024-03-19,146.67999267578125
2024-03-20,147.52499389648438
2024-03-21,156.56500244140625
2024-03-22,156.31500244140625
2024-03-25,155.6199951171875
2024-03-26,154.2050018310547
2024-03-27,157.00999450683594
2024-03-28,158.76499938964844
2024-04-01,157.46499633789062
2024-04-02,155.14999389648438
2024-04-03,154.49000549316406
2024-04-04,153.19000244140625
2024-04-05,154.7050018310547
2024-04-08,154.125
2024-04-09,154.4949951171875
2024-04-10,146.6199951171875
2024-04-11,147.23500061035156
2024-04-12,144.4250030517578
2024-04-15,144.26499938964844
2024-04-16,141.27499389648438
2024-04-17,141.0850067138672
2024-04-18,139.76499938964844
2024-04-19,139.60000610351562
2024-04-22,140.11000061035156
2024-04-23,142.53500366210938
2024-04-24,142.7550048828125
2024-04-25,140.83999633789062
2024-04-26,141.0800018310547
2024-04-29,143.1999969482422
2024-04-30,143.38999938964844
2024-05-01,141.80499267578125
2024-05-02,146.1199951171875
2024-05-03,152.35000610351562
2024-05-06,154.14500427246094
2024-05-07,150.80999755859375
2024-05-08,152.4600067138672
2024-05-09,159.22500610351562
2024-05-10,157.97000122070312
2024-05-13,157.80999755859375
2024-05-14,158.5749969482422
2024-05-15,160.1199951171875
2024-05-16,156.52999877929688
2024-05-17,154.75
2024-05-20,158.2899932861328
2024-05-21,157.19000244140625
2024-05-22,139.96499633789062
2024-05-23,142.27999877929688
2024-05-24,143.90499877929688
2024-05-28,142.16000366210938
2024-05-29,141.27999877929688
2024-05-30,144.1649932861328
2024-05-31,146.61000061035156
2024-06-03,148.83999633789062
2024-06-04,141.375
2024-06-05,149.02499389648438
2024-06-06,148.2550048828125
2024-06-07,146.25999450683594
2024-06-10,148.47000122070312
2024-06-11,149.6750030517578
2024-06-12,155.5
2024-06-13,160.6649932861328
2024-06-14,150.80999755859375
2024-06-17,152.57000732421875
2024-06-18,159.9250030517578
2024-06-20,151.97000122070312
2024-06-21,151.67999267578125
2024-06-24,153.77499389648438
2024-06-25,147.23500061035156
2024-06-26,148.34500122070312
2024-06-27,143.64999389648438
2024-06-28,141.18499755859375
2024-07-01,138.44500732421875
2024-07-02,139.76499938964844
2024-07-03,140.47000122070312
2024-07-05,139.9600067138672
2024-07-08,142.58999633789062
2024-07-09,142.22000122070312
2024-07-10,146.24000549316406
2024-07-11,153.5800018310547
2024-07-12,158.60000610351562
2024-07-15,154.8699951171875
2024-07-16,162.99000549316406
2024-07-17,150.0800018310547
2024-07-18,148.77000427246094
2024-07-19,146.8800048828125
2024-07-22,152.1999969482422
2024-07-23,156.0399932861328
2024-07-24,151.14999389648438
2024-07-25,150.6699981689453
2024-07-26,155.5
2024-07-29,153.75999450683594
2024-07-30,149.22000122070312
2024-07-31,154.67999267578125
2024-08-01,144.94000244140625
2024-08-02,139.82000732421875
2024-08-05,134.39999389648438
2024-08-06,139.07000732421875
2024-08-07,137.7899932861328
2024-08-08,139.5500030517578
2024-08-09,140.99000549316406
2024-08-12,138.8300018310547
2024-08-13,142.63999938964844
2024-08-14,138.6199951171875
2024-08-15,141.02999877929688
2024-08-16,137.85000610351562
2024-08-19,140.3699951171875
2024-08-20,137.6300048828125
2024-08-21,143.85000610351562
2024-08-22,130.5
2024-08-23,139.50999450683594
2024-08-26,134.89999389648438
2024-08-27,134.3300018310547
2024-08-28,135.07000732421875
2024-08-29,132.86000061035156
2024-08-30,134.3300018310547
2024-09-03,131.1199951171875
2024-09-04,131.75999450683594
2024-09-05,128.47000122070312
2024-09-06,130.42999267578125
2024-09-09,132.3300018310547
2024-09-10,130.3300018310547
2024-09-11,134.24000549316406
2024-09-12,135.86000061035156
2024-09-13,144.50999450683594
2024-09-16,145.02000427246094
2024-09-17,147.22000122070312
2024-09-18,147.5500030517578
2024-09-19,150.0800018310547
2024-09-20,148.80999755859375
2024-09-23,153.42999267578125
2024-09-24,152.77999877929688
2024-09-25,148.89999389648438
2024-09-26,151.25
2024-09-27,154.35000610351562
2024-09-30,154.9199981689453
2024-10-01,151.0399932861328
2024-10-02,152.52000427246094
2024-10-03,152.13999938964844
2024-10-04,151.49000549316406
2024-10-07,149.6199951171875
2024-10-08,149.52999877929688
2024-10-09,144.6999969482422
2024-10-10,141.74000549316406
2024-10-11,144.35000610351562
2024-10-14,146.1199951171875
2024-10-15,148.1199951171875
2024-10-16,150.92999267578125
2024-10-17,142.38999938964844
2024-10-18,144.02999877929688
2024-10-21,139.75999450683594
2024-10-22,139.89999389648438
2024-10-23,138.3699951171875
2024-10-24,137.52000427246094
2024-10-25,134.75999450683594
2024-10-28,132.5
2024-10-29,132.47000122070312
2024-10-30,132.42999267578125
2024-10-31,134.1300048828125
2024-11-01,132.1999969482422
2024-11-04,135.2100067138672
2024-11-05,134.8300018310547
2024-11-06,129.47000122070312
2024-11-07,133.91000366210938
2024-11-08,129.8000030517578
2024-11-11,129.83999633789062
2024-11-12,129.1300048828125
2024-11-13,129.50999450683594
2024-11-14,130.82000732421875
2024-11-15,130.64999389648438
2024-11-18,133.88999938964844
2024-11-19,137.24000549316406
2024-11-20,175.0399932861328
2024-11-21,172.49000549316406
2024-11-22,171.97999572753906
2024-11-25,177.85000610351562
2024-11-26,174.0
2024-11-27,171.38999938964844
2024-11-29,172.02000427246094
2024-12-02,177.3800048828125
2024-12-03,181.9900054931641
2024-12-04,186.9900054931641
2024-12-05,182.92999267578125
2024-12-06,188.82000732421875
2024-12-09,190.16000366210932
2024-12-10,186.75
2024-12-11,190.57000732421875
2024-12-12,191.3800048828125
2024-12-13,195.6300048828125
2024-12-16,194.02999877929688
2024-12-17,198.2100067138672
2024-12-18,186.07000732421875
2024-12-19,179.58999633789062
2024-12-20,183.67999267578125
2024-12-23,186.5200042724609
2024-12-24,187.72999572753903
2024-12-26,187.6300048828125
2024-12-27,186.0500030517578
2024-12-30,186.509994506836
2024-12-31,185.17999267578125
2025-01-02,187.5500030517578
2025-01-03,192.6999969482422
2025-01-06,200.32000732421875
2025-01-07,195.3699951171875
2025-01-08,194.58999633789065
2025-01-10,196.97000122070312
2025-01-13,195.259994506836
2025-01-14,192.6000061035156
2025-01-15,198.52999877929688
2025-01-16,199.1300048828125
2025-01-17,202.8300018310547
2025-01-21,209.82000732421875
2025-01-22,212.1100006103516
2025-01-23,211.7400054931641
2025-01-24,213.6000061035156
2025-01-27,211.63999938964844
2025-01-28,214.6999969482422
2025-01-29,216.6999969482422
2025-01-30,217.5399932861328
2025-01-31,211.3699951171875
2025-02-03,204.47999572753903
2025-02-04,208.19000244140625
2025-02-05,209.4900054931641
2025-02-06,211.0
2025-02-07,207.2400054931641
2025-02-10,209.3600006103516
2025-02-11,206.3999938964844
2025-02-12,203.8699951171875
2025-02-13,207.0599975585937
2025-02-14,214.6000061035156
2025-02-18,217.7100067138672
2025-02-19,213.6499938964844
2025-02-20,209.3300018310547
2025-02-21,195.17999267578125
2025-02-24,194.6699981689453
2025-02-25,196.3600006103516
2025-02-26,198.3300018310547
2025-02-27,192.27999877929688
2025-02-28,194.5800018310547
2025-03-03,187.69000244140625
2025-03-04,183.5399932861328
2025-03-05,187.6199951171875
2025-03-06,182.42999267578125
2025-03-07,188.41000366210932
2025-03-10,185.22000122070312
2025-03-11,174.9199981689453
2025-03-12,174.89999389648438
2025-03-13,165.07000732421875
2025-03-14,167.5
2025-03-17,175.0
2025-03-18,172.27999877929688
2025-03-19,166.27000427246094
2025-03-20,164.99000549316406
2025-03-21,163.64999389648438
2025-03-24,170.3000030517578
2025-03-25,169.1699981689453
2025-03-26,165.36000061035156
2025-03-27,164.4199981689453
2025-03-28,158.97999572753906
2025-03-31,158.10000610351562
2025-04-01,158.8699951171875
2025-04-02,165.00999450683594
2025-04-03,138.86000061035156
2025-04-04,141.67999267578125
2025-04-07,145.08999633789062
2025-04-08,139.2100067138672
2025-04-09,158.25
2025-04-10,147.88999938964844
2025-04-11,148.25
2025-04-14,145.25999450683594
2025-04-15,142.89999389648438
2025-04-16,137.6199951171875
2025-04-17,139.2100067138672
2025-04-21,137.8699951171875
2025-04-22,141.92999267578125
2025-04-23,145.8800048828125
2025-04-24,151.39999389648438
2025-04-25,151.19000244140625
2025-04-28,152.5399932861328
2025-04-29,153.39999389648438
2025-04-30,154.47000122070312
2025-05-01,155.82000732421875
2025-05-02,160.55999755859375
2025-05-05,158.38999938964844
2025-05-06,154.41000366210938
2025-05-07,157.63999938964844
2025-05-08,160.88999938964844
2025-05-09,160.30999755859375
2025-05-12,173.8000030517578
2025-05-13,174.44000244140625
2025-05-14,171.6199951171875
2025-05-15,171.6699981689453
2025-05-16,173.83999633789062
2025-05-19,174.27999877929688
2025-05-20,172.52000427246094
2025-05-21,167.9199981689453
2025-05-22,160.38999938964844
2025-05-23,157.85000610351562
2025-05-27,166.8300018310547
2025-05-28,164.50999450683594
2025-05-29,164.50999450683594
2025-05-30,161.75999450683594
2025-06-02,158.22000122070312
2025-06-03,161.5399932861328
2025-06-04,159.97000122070312
2025-06-05,157.97999572753906
2025-06-06,157.8000030517578
2025-06-09,156.74000549316406
2025-06-10,158.10000610351562
2025-06-11,155.5800018310547
2025-06-12,154.80999755859375
2025-06-13,153.9600067138672
2025-06-16,158.14999389648438
2025-06-17,156.92999267578125
2025-06-18,160.44000244140625
2025-06-20,158.83999633789062
2025-06-23,157.88999938964844
2025-06-24,157.8800048828125
2025-06-25,158.89999389648438
2025-06-26,161.92999267578125
2025-06-27,164.22000122070312
2025-06-30,163.3699951171875
2025-07-01,169.19000244140625
2025-07-02,173.17999267578125
2025-07-03,173.19000244140625
2025-07-07,169.2100067138672
2025-07-08,169.2100067138672
2025-07-09,173.72999572753906
2025-07-10,176.5
2025-07-11,174.82000732421875
2025-07-14,170.4600067138672
2025-07-15,163.6199951171875
2025-07-16,165.00999450683594
2025-07-17,170.1999969482422
2025-07-18,170.38999938964844
2025-07-21,172.1999969482422
2025-07-22,178.61000061035156
2025-07-23,183.6499938964844
2025-07-24,180.5399932861328
2025-07-25,181.7100067138672
2025-07-28,188.22999572753903
2025-07-29,187.1100006103516
2025-07-30,190.52999877929688
2025-07-31,187.0500030517578
2025-08-01,187.6699981689453
2025-08-04,200.5200042724609
2025-08-05,203.77999877929688
2025-08-06,200.75
2025-08-07,199.6000061035156
2025-08-08,199.4199981689453
2025-08-11,200.0
2025-08-12,206.97000122070312
2025-08-13,210.1999969482422
2025-08-14,205.44000244140625
2025-08-15,203.22999572753903
2025-08-18,201.6499938964844
2025-08-19,202.69000244140625
2025-08-20,199.2700042724609
2025-08-21,197.2100067138672
2025-08-22,203.4199981689453
2025-08-25,197.9600067138672
2025-08-26,197.92999267578125
2025-08-27,192.1699981689453
2025-08-28,188.0599975585937
2025-08-29,188.19000244140625
2025-09-02,191.9600067138672
2025-09-03,192.1300048828125
2025-09-04,202.91000366210932
2025-09-05,202.4199981689453
2025-09-08,203.259994506836
2025-09-09,202.63999938964844
2025-09-10,202.6699981689453
2025-09-11,203.5200042724609
2025-09-12,196.9499969482422
2025-09-15,201.07000732421875
2025-09-16,196.0599975585937
2025-09-17,196.6100006103516
2025-09-18,199.6199951171875
2025-09-19,198.25
2025-09-22,196.66000366210932
2025-09-23,200.3800048828125
2025-09-24,200.38999938964844
2025-09-25,201.1100006103516
2025-09-26,201.3500061035156
2025-09-29,191.97999572753903
2025-09-30,195.4499969482422
2025-10-01,195.3000030517578
2025-10-02,196.13999938964844
2025-10-03,199.42999267578125
2025-10-06,196.1499938964844
2025-10-07,189.0599975585937
2025-10-08,191.1100006103516
2025-10-09,189.2899932861328
2025-10-10,181.4499969482422
2025-10-13,190.0
2025-10-14,191.5
2025-10-15,190.0599975585937
2025-10-16,187.5
2025-10-17,185.3600006103516
2025-10-20,189.8300018310547
2025-10-21,190.91000366210932
2025-10-22,187.9900054931641
2025-10-23,188.02999877929688
2025-10-24,189.08999633789065
2025-10-27,192.8600006103516
2025-10-28,199.6300048828125
2025-10-29,195.4900054931641
2025-10-30,198.27999877929688
2025-10-31,194.33999633789065
2025-11-03,192.6199951171875
2025-11-04,193.9900054931641
2025-11-05,198.9600067138672
2025-11-06,191.8699951171875
2025-11-07,196.9499969482422
2025-11-10,194.6499938964844
2025-11-11,191.4900054931641
2025-11-12,191.88999938964844
2025-11-13,186.47000122070312
2025-11-14,182.2400054931641
2025-11-17,181.32000732421875
2025-11-18,180.75
2025-11-19,174.6199951171875
2025-11-20,172.5500030517578
2025-11-21,177.92999267578125
2025-11-24,173.72999572753906
2025-11-25,179.5800018310547
2025-11-26,181.1199951171875
2025-11-28,180.00999450683594
2025-12-01,182.44000244140625
2025-12-02,178.05999755859375
2025-12-03,178.33999633789062
2025-12-04,176.66000366210938
2025-12-05,179.36000061035156
2025-12-08,179.4499969482422
2025-12-09,180.47999572753903
2025-12-10,187.1000061035156
2025-12-11,189.27999877929688
2025-12-12,187.58999633789065
2025-12-15,185.42999267578125
2025-12-16,185.509994506836
2025-12-17,185.69000244140625
2025-12-18,189.3600006103516
2025-12-19,190.8800048828125
2025-12-22,191.08999633789065
2025-12-23,188.1100006103516
2025-12-24,189.47000122070312
2025-12-26,188.58999633789065
2025-12-29,187.13999938964844
2025-12-30,181.3999938964844
2025-12-31,178.58999633789062
2026-01-02,187.8500061035156
2026-01-05,191.759994506836
2026-01-06,197.0
2026-01-07,191.83999633789065
2026-01-08,197.8099975585937
2026-01-09,199.0399932861328
2026-01-12,206.259994506836
2026-01-13,208.0800018310547
2026-01-14,206.6499938964844
2026-01-15,210.0
2026-01-16,211.509994506836
2026-01-20,205.88999938964844
2026-01-21,215.5399932861328
2026-01-22,210.0
2026-01-23,204.5
2026-01-26,204.6699981689453
2026-01-27,208.25
2026-01-28,205.72000122070312
2026-01-29,205.66000366210932
2026-01-30,204.6499938964844
2026-02-02,214.02999877929688
2026-02-03,216.02999877929688
2026-02-04,215.8300018310547
2026-02-05,212.4900054931641
2026-02-06,220.6699981689453
2026-02-09,217.57000732421875
2026-02-10,216.77999877929688
2026-02-11,213.16000366210932
2026-02-12,206.7899932861328
2026-02-13,214.57000732421875
2026-02-17,211.82000732421875
2026-02-18,213.9600067138672
2026-02-19,210.82000732421875
2026-02-20,214.8600006103516
2026-02-23,201.8800048828125
2026-02-24,208.97000122070312
2026-02-25,209.22000122070312
2026-02-26,211.3800048828125
2026-02-27,205.6499938964844
2026-03-02,201.33999633789065
2026-03-03,199.5800018310547
2026-03-04,196.33999633789065
2026-03-05,193.58999633789065
2026-03-06,186.5200042724609
2026-03-09,188.3000030517578
2026-03-10,188.38999938964844
2026-03-11,185.7700042724609
2026-03-12,179.3000030517578
2026-03-13,179.99000549316406
2026-03-16,182.3600006103516
2026-03-17,182.1699981689453
2026-03-18,184.1000061035156
2026-03-19,182.5800018310547
2026-03-20,178.4199981689453
2026-03-23,183.72000122070312
2026-03-24,181.08999633789065
2026-03-25,181.92999267578125
2026-03-26,180.5599975585937
2026-03-27,175.2899932861328
2026-03-30,176.83999633789062
2026-03-31,182.3300018310547
2026-04-01,180.3699951171875
2026-04-02,180.1699981689453
2026-04-06,182.6199951171875
2026-04-07,179.92999267578125
2026-04-08,187.52999877929688
2026-04-09,191.3099975585937
2026-04-10,189.1300048828125
2026-04-13,193.5200042724609
2026-04-14,193.83999633789065
2026-04-15,192.8699951171875
2026-04-16,191.5
2026-04-17,198.69000244140625
2026-04-20,202.02000427246097
2026-04-21,202.27999877929688
2026-04-22,197.2899932861328
2026-04-23,192.38999938964844
2026-04-24,190.5500030517578
2026-04-27,192.0500030517578
2026-04-28,187.3999938964844
2026-04-29,181.17999267578125
2026-04-30,181.2100067138672
2026-05-01,179.99000549316406
2026-05-04,175.69000244140625
2026-05-05,180.27000427246097
2026-05-06,186.47000122070312
2026-05-07,183.4199981689453
2026-05-08,182.1000061035156
2026-05-11,176.10000610351562
2026-05-12,175.38999938964844
2026-05-13,172.05999755859375
2026-05-14,173.64999389648438
2026-05-15,168.63999938964844
2026-05-18,169.16000366210938
2026-05-19,171.75999450683594
2026-05-20,180.25
2026-05-21,191.94000244140625
2026-05-22,192.5
2026-05-26,198.3800048828125
2026-05-27,203.17999267578125
2026-05-28,205.6000061035156
2026-05-29,203.57000732421875
2026-06-01,202.13999938964844
2026-06-02,203.83999633789065
2026-06-03,207.11000061035156
2026-06-04,208.08999633789065
2026-06-05,204.97999572753903
2026-06-08,202.49000549316406
2026-06-09,213.1699981689453
2026-06-10,206.94000244140625
2026-06-11,218.74000549316406
2026-06-12,223.5399932861328
